ID,Reporting Agency,Report Number,Date,Street Address,Town,Number,Number1,Number2,Number3,Intersection,Distance From Intersection,Distance Unit,Posted Speed,Direction of Collision,Direction from Intersection,Easting,Northing,Mile Marker,Mile Marker 1,Mile Marker 2,AOT Roadway,AOT Route,AOT Actual Mile,LRS Number,How Mapped,Crash Type,Location 1
676,VTVSP1000,12D202394,08/25/2012,Interstate 91 North,Putney,NO DATA,NO DATA,NO DATA,91,Mile Marker 20,NO DATA,NO DATA,65,3 - Same Direction Sideswipe,NO DATA,502374,58583,910,1313,2000,State System (State Highways and Class I TH links),I-91,20,I091-0000,LRS,Property Damage Only,"(42.97329500, -72.48739764)"
677,VTVSP1000,12D200117,01/12/2012,Interstate 91┬á NB,Putney,NO DATA,NO DATA,NO DATA,91,MM 19/80,NO DATA,NO DATA,65,6 - Single Vehicle Crash,NO DATA,500792,52304,910,1313,1980,State System (State Highways and Class I TH links),I-91,19.8,I091-0000,LRS,Property Damage Only,"(42.97108749, -72.48988115)"
678,VTVSP1000,12D200127,01/13/2012,Interstate 91 NB,Putney,NO DATA,NO DATA,NO DATA,91,Mile Marker 19/20,NO DATA,NO DATA,65,6 - Single Vehicle Crash,NO DATA,500023,51988,NO DATA,NO DATA,NO DATA,State System (State Highways and Class I TH links),I-91,19.2,I091-0000,LRS,Property Damage Only,"(42.96774316, -72.50091888)"
679,VTVSP1000,12D202527,09/08/2012,I-91 NB MM 17/40,Dummerston,NO DATA,NO DATA,NO DATA,91,Exit 4 I-91,1,Miles,65,6 - Single Vehicle Crash,South,497458,50885,910,1305,1740,State System (State Highways and Class I TH links),I-91,17.4,I091-0000,LRS,Injury,"(42.95791054, -72.53130309)"
687,VTVSP1000,12D202311,08/17/2012,Interstate 91 MM 9/85,Brattleboro,NO DATA,NO DATA,NO DATA,91,Exit 2 NB On Ramp,1,Miles,65,6 - Single Vehicle Crash,North,493403,39580,910,1302,985,State System (State Highways and Class I TH links),I-91,9.85,I091-0000,LRS,Property Damage Only,"(42.86665270, -72.57945561)"
688,VTVSP1000,12D200502,02/17/2012,Interstate 91 North,Brattleboro,NO DATA,NO DATA,NO DATA,91,Exit 2 NB On Ramp,NO DATA,NO DATA,65,"8 - No Turns, Thru moves only, Broadside ^<",North,493493,39050,NO DATA,NO DATA,NO DATA,State System (State Highways and Class I TH links),I-91,9.38,I091-0000,LRS,Property Damage Only,"(42.85995679, -72.58091172)"
689,VTVSP1000,12D203408,12/09/2012,1-91 N,Brattleboro,NO DATA,NO DATA,NO DATA,91,Exit 2,0,Miles,65,6 - Single Vehicle Crash,North,493365,39775,910,1302,880,State System (State Highways and Class I TH links),I-91,9.35,I091-0000,LRS,Property Damage Only,"(42.85952197, -72.58095303)"
690,VTVSP1000,12D200139,01/13/2012,Interstate 91 N,Brattleboro,NO DATA,NO DATA,NO DATA,91,Exit 2,0,Miles,65,4 - Opp Direction Sideswipe,North,493392,39899,910,1302,950,State System (State Highways and Class I TH links),I-91,9.33,I091-0000,LRS,Property Damage Only,"(42.85923171, -72.58097361)"
691,VTVSP1000,12D201661,06/16/2012,Interstate 91N @ MM9,Brattleboro,NO DATA,NO DATA,NO DATA,91,Exit 2 Off Ramp,NO DATA,NO DATA,65,6 - Single Vehicle Crash,North,493458,39455,910,1302,90,State System (State Highways and Class I TH links),I-91,9,I091-0000,LRS,Injury,"(42.85447830, -72.58030633)"
692,VTVSP1000,12D201088,04/19/2012,Interstate 91 NB,Brattleboro,NO DATA,NO DATA,NO DATA,91,Exit 2 Off Ramp,NO DATA,NO DATA,65,6 - Single Vehicle Crash,NO DATA,493448,39362,910,1302,900,State System (State Highways and Class I TH links),I-91,9,I091-0000,LRS,Property Damage Only,"(42.85447830, -72.58030633)"
700,VTVSP1000,12D203477,12/16/2012,I-91 NB,Guilford,NO DATA,NO DATA,NO DATA,91,MM 5.9,NO DATA,NO DATA,65,6 - Single Vehicle Crash,NO DATA,494341,35761,910,1307,509,State System (State Highways and Class I TH links),I-91,5.9,I091-0000,LRS,Injury,"(42.81379832, -72.56840431)"
701,VTVSP1000,12D203473,12/16/2012,I-91 N MM5/85,Guilford,NO DATA,NO DATA,NO DATA,91,MM 5/85 NB,100,Feet,65,6 - Single Vehicle Crash,North,494381,34943,910,1307,585,State System (State Highways and Class I TH links),I-91,5.87,I091-0000,LRS,Property Damage Only,"(42.81339902, -72.56825861)"
702,VTVSP1000,12D202016,07/21/2012,I91 MM 4.6 NB,Vernon,NO DATA,NO DATA,NO DATA,91,Welcome Center,0,Miles,65,6 - Single Vehicle Crash,South,495017,32908,NO DATA,NO DATA,NO DATA,State System (State Highways and Class I TH links),I-91,4.6,I091-0000,LRS,Property Damage Only,"(42.79622486, -72.56154577)"
703,VTVSP1000,12D201508,06/01/2012,I-91 NB,Vernon,NO DATA,NO DATA,NO DATA,91,Exit 1,3,Miles,65,6 - Single Vehicle Crash,South,495049,32168,910,1318,415,State System (State Highways and Class I TH links),I-91,4.15,I091-0000,LRS,Property Damage Only,"(42.78951911, -72.56061514)"
704,VTVSP1000,12D203552,12/23/2012,I-91NB,Guilford,NO DATA,NO DATA,NO DATA,91,MM 1.80,NO DATA,NO DATA,65,7 - Other - Explain in Narrative,North,494565,26914,910,1318,180,State System (State Highways and Class I TH links),I-91,1.8,I091-0000,LRS,Injury,"(42.75587110, -72.56588955)"
705,VTVSP0400,12D100856,03/16/2012,FAS 126 (946 Saxtons River Rd),Rockingham,NO DATA,121,NO DATA,NO DATA,Schoolhouse Road,0,Miles,30,6 - Single Vehicle Crash,East,495603,72162,NO DATA,NO DATA,NO DATA,Federal Aid Secondary System (Class 2 TH),FAS 0126 (VT 121 TH),0.25,S01261314,LRS,Property Damage Only,"(43.14957308, -72.55393221)"
713,VTVSP0400,12D100265,01/20/2012,FAS-123 (VT Route 121),Windham,NO DATA,121,NO DATA,NO DATA,Windham Hill Rd,1200,Feet,99,6 - Single Vehicle Crash,East,482397,77359,NO DATA,NO DATA,NO DATA,Federal Aid Secondary System (Class 2 TH),FAS 0123 (VT 121 TH),5.41,S01231323,LRS,Property Damage Only,"(43.19842487, -72.72385042)"
714,VTVSP0400,12D103190,09/30/2012,FAS-123 (7406 Windham Hill Rd),Windham,1,NO DATA,NO DATA,NO DATA,NO DATA,NO DATA,NO DATA,40,6 - Single Vehicle Crash,NO DATA,482020,76094,NO DATA,NO DATA,NO DATA,Federal Aid Secondary System (Class 2 TH),FAS 0123 (VT 121 TH),4.31,S01231323,LRS,Injury,"(43.18549419, -72.72114932)"
715,VTVSP1000,12D200051,01/05/2012,FAS-123 Windham Hill Rd,Townshend,3,NO DATA,NO DATA,NO DATA,Vt Rt 30,1,Miles,35,6 - Single Vehicle Crash,North,483010,67330,NO DATA,NO DATA,NO DATA,Federal Aid Secondary System (Class 2 TH),FAS 0123 (VT 121 TH),0.5,S01231317,LRS,Property Damage Only,"(43.09034336, -72.70774457)"
716,VTVSP1000,12D203626,12/29/2012,FAS-123 Windham Hill Rd,Townshend,3,NO DATA,NO DATA,NO DATA,#505,500,Feet,35,6 - Single Vehicle Crash,NO DATA,482949,66176,NO DATA,NO DATA,NO DATA,Federal Aid Secondary System (Class 2 TH),FAS 0123 (VT 121 TH),0.43,S01231317,LRS,Injury,"(43.08941297, -72.70811168)"
717,VTVSP0900,12C300840,03/27/2012,FAS 122 (5298 Vt Rt 315),Rupert,NO DATA,315,NO DATA,NO DATA,Dorset West Rd,0,Miles,40,6 - Single Vehicle Crash,West,448570,86282,122,210,520,Federal Aid Secondary System (Class 2 TH),FAS 0122 (VT-315 TH),5.28,S01220210,LRS,Property Damage Only,"(43.27556258, -73.13470004)"
718,VTVSP0900,12C300205,01/21/2012,FAS-122 (4563 Vt Rt 315),Rupert,NO DATA,315,NO DATA,NO DATA,Derby Hill Rd,200,Feet,50,6 - Single Vehicle Crash,West,447322,87194,NO DATA,NO DATA,NO DATA,Federal Aid Secondary System (Class 2 TH),FAS 0122 (VT-315 TH),4.56,S01220210,LRS,Injury,"(43.28205461, -73.14555716)"
725,VT0130100,12BF01519,06/02/2012,FAS-117 Rockingham Street,Rockingham,452,NO DATA,NO DATA,NO DATA,Cumberland Farms,NO DATA,NO DATA,25,1 - Rear End,NO DATA,NO DATA,NO DATA,NO DATA,NO DATA,NO DATA,Federal Aid Secondary System (Class 2 TH),FAS 0117 (WEST ST.),0.85,S01171314,LRS,Property Damage Only,"(43.13792426, -72.45181734)"
726,VT0130100,12BF03181,10/13/2012,FAS-117 Rockingham St,Rockingham,452,NO DATA,NO DATA,NO DATA,Cumberland Farms,NO DATA,NO DATA,25,2 - Head On,South,NO DATA,NO DATA,NO DATA,NO DATA,NO DATA,Federal Aid Secondary System (Class 2 TH),FAS 0117 (WEST ST.),0.85,S01171314,LRS,Property Damage Only,"(43.13792426, -72.45181734)"
727,VT0130100,12BF00690,03/19/2012,FAS-117 (124 Rockingham Street),Rockingham,NO DATA,NO DATA,NO DATA,NO DATA,Penguin Mart,NO DATA,NO DATA,25,6 - Single Vehicle Crash,NO DATA,NO DATA,NO DATA,NO DATA,NO DATA,NO DATA,Federal Aid Secondary System (Class 2 TH),FAS 0117 (WEST ST.),0.67,S01171314,LRS,Property Damage Only,"(43.13685339, -72.44850396)"
728,VT0130100,12BF00049,01/07/2012,FAS-117 Rockingham Street,Rockingham,NO DATA,NO DATA,NO DATA,NO DATA,Williams St,NO DATA,NO DATA,25,1 - Rear End,South,NO DATA,NO DATA,NO DATA,NO DATA,NO DATA,Federal Aid Secondary System (Class 2 TH),FAS 0117 (WEST ST.),0.64,S01171314,LRS,Property Damage Only,"(43.13654514, -72.44807091)"
729,VT0130100,12BF01915,07/03/2012,FAS-117 (5 Square),Rockingham,NO DATA,NO DATA,NO DATA,NO DATA,Flex Fitness,NO DATA,NO DATA,25,3 - Same Direction Sideswipe,NO DATA,NO DATA,NO DATA,NO DATA,NO DATA,NO DATA,Federal Aid Secondary System (Class 2 TH),FAS 0117 (WEST ST.),0.43,S01171314,LRS,Property Damage Only,"(43.13446126, -72.44494394)"
737,VT0020400,12MC01627,08/16/2012,FAS-116 Center Hill,Manchester,NO DATA,NO DATA,NO DATA,NO DATA,Spruce St,NO DATA,NO DATA,25,"9 - Left and Right Turns, Simultaneous Turn Crash --vv--",NO DATA,455251,75163,NO DATA,NO DATA,NO DATA,Federal Aid Secondary System (Class 2 TH),FAS 0116,0.17,S01160206,LRS,Property Damage Only,"(43.17532074, -73.05057768)"
738,VT0130300,12WM00722,06/13/2012,FAS-115 Coldbrook RD,Wilmington,1,NO DATA,NO DATA,NO DATA,Mann RD,300,Feet,45,6 - Single Vehicle Crash,North,004-69-144,000-45-773,NO DATA,NO DATA,NO DATA,Federal Aid Secondary System (Class 2 TH),FAS 0115,1.61,S01151322,LRS,Property Damage Only,"(42.91176760, -72.87862270)"
739,VT0130500,12DV00017,01/04/2012,FAS-115 Upper Handle Road,Dover,NO DATA,NO DATA,NO DATA,NO DATA,North Access Road,0,Miles,35,2 - Head On,North,004-68-056E,000-52-610N,NO DATA,NO DATA,NO DATA,Federal Aid Secondary System (Class 2 TH),FAS 0115,3.45,S01151304,LRS,Property Damage Only,"(42.97301820, -72.89180516)"
740,VT0130500,12DV01049,12/30/2012,FAS-115 Handle Rd,Dover,NO DATA,NO DATA,NO DATA,NO DATA,Crosstown Trail,10,Feet,35,7 - Other - Explain in Narrative,South,004-68-212E,000-48-834N,NO DATA,NO DATA,NO DATA,Federal Aid Secondary System (Class 2 TH),FAS 0115,1,S01151304,LRS,Property Damage Only,"(42.93905221, -72.88941267)"
741,VT0130500,12DV00005,01/01/2012,FAS-115 Handle Road,Dover,NO DATA,NO DATA,NO DATA,NO DATA,76 Handle Road,NO DATA,NO DATA,35,6 - Single Vehicle Crash,NO DATA,004-68-191E,000-48-352N,NO DATA,NO DATA,NO DATA,Federal Aid Secondary System (Class 2 TH),FAS 0115,0.75,S01151304,LRS,Injury,"(42.93550018, -72.88925931)"
742,VTVSP0900,12C303359,11/01/2012,2115 White Creek Road,Shaftsbury,3,NO DATA,NO DATA,NO DATA,State Line Road,500,Feet,35,6 - Single Vehicle Crash,East,436935,51650,NO DATA,NO DATA,NO DATA,Federal Aid Secondary System (Class 2 TH),FAS 0112,2.16,S01120213,LRS,Property Damage Only,"(42.96222979, -73.27288157)"
750,VT0130500,12DV00795,09/28/2012,FAS-106 Dover Hill Road,Dover,NO DATA,NO DATA,NO DATA,NO DATA,37 Dover Hill Road,NO DATA,NO DATA,35,6 - Single Vehicle Crash,NO DATA,004-77-830E,000-49-901N,NO DATA,NO DATA,NO DATA,Federal Aid Secondary System (Class 2 TH),FAS 0106,4.01,S01061304,LRS,Property Damage Only,"(42.94885083, -72.77165490)"
751,VT0130500,12DV00376,04/08/2012,FAS-106 Dover Hill Road,Dover,NO DATA,NO DATA,NO DATA,NO DATA,Taft Brook Road,NO DATA,NO DATA,35,6 - Single Vehicle Crash,NO DATA,004-77-660E,000-49-458N,NO DATA,NO DATA,NO DATA,Federal Aid Secondary System (Class 2 TH),FAS 0106,3.72,S01061304,LRS,Injury,"(42.94504931, -72.77351523)"
752,VT0130500,12DV00253,02/29/2012,FAS 106 (Dover Hill Road),Dover,NO DATA,NO DATA,NO DATA,NO DATA,Yeaw Road,0,Miles,35,6 - Single Vehicle Crash,East,004-77-734E,000-49-628N,NO DATA,NO DATA,NO DATA,Federal Aid Secondary System (Class 2 TH),FAS 0106,3.6,S01061304,LRS,Property Damage Only,"(42.94498581, -72.77576060)"
753,VT0130500,12DV00226,02/24/2012,FAS 106 (Dover Hill Road),Dover,NO DATA,NO DATA,NO DATA,NO DATA,Captain Copeland Road,100,Feet,50,6 - Single Vehicle Crash,West,004-75-050E,000-48-714N,NO DATA,NO DATA,NO DATA,Federal Aid Secondary System (Class 2 TH),FAS 0106,1.81,S01061304,LRS,Property Damage Only,"(42.93809484, -72.80547818)"
754,VT0130500,12DV00806,10/01/2012,FAS-106 Dover Hill Road,Dover,NO DATA,NO DATA,NO DATA,NO DATA,395 Dover Hill Road,300,Feet,50,6 - Single Vehicle Crash,West,004-73-570E,000-47-546N,NO DATA,NO DATA,NO DATA,Federal Aid Secondary System (Class 2 TH),FAS 0106,0.68,S01061304,LRS,Injury,"(42.92795827, -72.82228480)"
762,VTVSP0900,12C300129,01/14/2012,FAS-1030 (2578 South Stream Rd),Pownal,3,NO DATA,NO DATA,NO DATA,Maple Grove Rd,0,Miles,35,"8 - No Turns, Thru moves only, Broadside ^<",South,445332,36702,NO DATA,NO DATA,NO DATA,Federal Aid Secondary System (Class 2 TH),FAS 0103,7.5,S01030208,LRS,Property Damage Only,"(42.82841422, -73.16846597)"
763,VTVSP0900,12C300941,04/07/2012,FAS-103 (971 South Stream Road),Pownal,3,NO DATA,NO DATA,NO DATA,County Road,1,Miles,35,6 - Single Vehicle Crash,North,444615,34260,NO DATA,NO DATA,NO DATA,Federal Aid Secondary System (Class 2 TH),FAS 0103,5.87,S01030208,LRS,Injury,"(42.80632900, -73.17722893)"
764,VTVSP0900,12C301818,06/29/2012,1200 Barber Pond Rd,Pownal,3,NO DATA,NO DATA,NO DATA,Old Military Rd,35,Feet,35,6 - Single Vehicle Crash,East,443227,33092,NO DATA,NO DATA,NO DATA,Federal Aid Secondary System (Class 2 TH),FAS 0103,4.31,S01030208,LRS,Injury,"(42.79597433, -73.19560705)"
765,VT0020100,12BN00476,01/22/2012,FAS-103 South Stream Road,Bennington,NO DATA,NO DATA,NO DATA,NO DATA,Morgan Street Extention,1,Miles,35,NO DATA,North,444922,39688,NO DATA,NO DATA,NO DATA,Federal Aid Secondary System (Class 2 TH),FAS 0103,1.55,S01030202,LRS,Property Damage Only,"(42.85857087, -73.17536730)"
766,VT0020100,12BN00418,01/16/2012,FAS-103 (1188 South Stream Road),Bennington,NO DATA,NO DATA,NO DATA,NO DATA,NO DATA,NO DATA,NO DATA,30,6 - Single Vehicle Crash,NO DATA,444920,39708,NO DATA,NO DATA,NO DATA,Federal Aid Secondary System (Class 2 TH),FAS 0103,1.3,S01030202,LRS,Injury,"(42.85526609, -73.17385136)"
767,VT0020100,12BN03579,05/30/2012,FAS-103 (1202 South Stream Road),Bennington,NO DATA,NO DATA,NO DATA,NO DATA,NO DATA,NO DATA,NO DATA,30,6 - Single Vehicle Crash,NO DATA,444920,39676,NO DATA,NO DATA,NO DATA,Federal Aid Secondary System (Class 2 TH),FAS 0103,1.29,S01030202,LRS,Property Damage Only,"(42.85512385, -73.17388792)"
775,VTVSP0100,12A101042,03/21/2012,I 189 West Ramp C,South Burlington,NO DATA,NO DATA,NO DATA,189,US Route 7,NO DATA,NO DATA,55,1 - Rear End,NO DATA,443561,216713,NO DATA,NO DATA,NO DATA,Ramp or Spur,I-189,0.017,I189-0000WR001C,LRS,Property Damage Only,"(44.44825776, -73.20513855)"
776,VTVSP0100,12A103978,10/10/2012,I-189 WB,South Burlington,NO DATA,189,NO DATA,NO DATA,189 West On Ramp,25,Feet,55,6 - Single Vehicle Crash,East,445598,217103,NO DATA,NO DATA,NO DATA,State System (State Highways and Class I TH links),I-189,1.48,I189-0000W,LRS,Property Damage Only,"(44.45236859, -73.18212222)"
777,VTVSP0100,12A103739,09/23/2012,I 189 W,South Burlington,NO DATA,NO DATA,NO DATA,189,I-89 Ramps,0,Miles,55,3 - Same Direction Sideswipe,West,445329,217097,NO DATA,NO DATA,NO DATA,State System (State Highways and Class I TH links),I-189,1.24,I189-0000W,LRS,Property Damage Only,"(44.45196618, -73.18684456)"
778,VTVSP0100,12A103066,08/10/2012,I-189 WB,South Burlington,NO DATA,NO DATA,NO DATA,189,MM 0/45,NO DATA,NO DATA,55,1 - Rear End,NO DATA,444681,216876,NO DATA,NO DATA,NO DATA,State System (State Highways and Class I TH links),I-189,0.45,I189-0000W,LRS,Injury,"(44.44900491, -73.20193389)"
779,VTVSP0100,12A105091,12/26/2012,I-189 W,South Burlington,NO DATA,NO DATA,NO DATA,189,U-turn,200,Feet,55,1 - Rear End,East,444459,216871,NO DATA,NO DATA,NO DATA,State System (State Highways and Class I TH links),I-189,0.39,I189-0000W,LRS,Injury,"(44.44873191, -73.20306116)"
780,VTVSP0100,12A100711,02/24/2012,I-189 WB Ramp E,South Burlington,NO DATA,NO DATA,NO DATA,189,Rt 7 Intersection,NO DATA,Feet,55,"18 - Right Turn and Thru, Broadside ^<--",NO DATA,443534,216547,NO DATA,NO DATA,NO DATA,Ramp or Spur,I-189,0.04,I189-0000ER001E,LRS,Property Damage Only,"(44.44579479, -73.20992838)"
788,VTVSP0200,12B100137,01/13/2012,I93 SB,Waterford,NO DATA,NO DATA,NO DATA,93,Mile Marker,70,Feet,65,6 - Single Vehicle Crash,North,545981,209796,930,316,345,State System (State Highways and Class I TH links),I-93,3.46,I093-0000S,LRS,Property Damage Only,"(44.38563725, -71.92319196)"
789,VTVSP0200,12B103100,09/22/2012,I 93 S,Waterford,NO DATA,NO DATA,NO DATA,93,"New Hamphire Border, VT Rt 18",0,Miles,65,6 - Single Vehicle Crash,North,547870,206880,930,316,120,State System (State Highways and Class I TH links),I-93,1.29,I093-0000S,LRS,Property Damage Only,"(44.36063879, -71.89957612)"
790,VTVSP0200,12B104162,12/18/2012,I93 South,Waterford,NO DATA,NO DATA,NO DATA,93,NH Border,NO DATA,NO DATA,65,6 - Single Vehicle Crash,NO DATA,548455,205252,930,316,24,State System (State Highways and Class I TH links),I-93,0.19,I093-0000S,LRS,Property Damage Only,"(44.34585818, -71.89232364)"
791,VTVSP0200,12B103627,11/03/2012,I93 SB,Waterford,NO DATA,NO DATA,NO DATA,93,Exit 1 Off Ramp,10,Feet,65,6 - Single Vehicle Crash,North,543516,214032,930,316,52,Ramp or Spur,I-93,0.32,I093-0000NR001A,LRS,Property Damage Only,"(44.42642247, -71.95748973)"
792,VTVSP0200,12B100448,02/13/2012,I93 NB,Waterford,NO DATA,NO DATA,NO DATA,93,Exit 1,1,Miles,65,1 - Rear End,South,544600,214051,930,316,55,State System (State Highways and Class I TH links),I-93,5.5,I093-0000,LRS,Property Damage Only,"(44.41418702, -71.92284464)"
793,VTVSP0200,12B100167,01/15/2012,I93 NB,Waterford,NO DATA,NO DATA,NO DATA,93,Mile Marker 4.10,NO DATA,NO DATA,65,6 - Single Vehicle Crash,NO DATA,546190,210675,930,316,410,State System (State Highways and Class I TH links),I-93,4.1,I093-0000,LRS,Injury,"(44.39455469, -71.92042491)"
794,VTVSP0200,12B102885,09/03/2012,I93N,Waterford,NO DATA,NO DATA,NO DATA,93,MM 3/2,NO DATA,NO DATA,65,6 - Single Vehicle Crash,NO DATA,547861,207117,930,316,32,State System (State Highways and Class I TH links),I-93,3.2,I093-0000,LRS,Property Damage Only,"(44.38167749, -71.92190669)"
802,VTVSP0600,12C202192,07/23/2012,FAS-175 Lake Dunmore Road,Salisbury,NO DATA,53,NO DATA,NO DATA,Mountain Road (Private),0,Miles,25,6 - Single Vehicle Crash,North,454341,157303,NO DATA,NO DATA,NO DATA,Federal Aid Secondary System (Class 2 TH),FAS 0175 (VT 53 TH),1.39,S01750117,LRS,Property Damage Only,"(43.91719239, -73.06898723)"
803,VTVSP0900,12C303595,11/26/2012,FAS-173 (1544 Buck Hill Road),Shaftsbury,6,NO DATA,NO DATA,NO DATA,1544 Buck Hill Road,150,Feet,35,6 - Single Vehicle Crash,West,444248,50155,NO DATA,NO DATA,NO DATA,Federal Aid Secondary System (Class 2 TH),FAS 0173,1.6,S01730213,LRS,Injury,"(42.94934170, -73.18299184)"
804,VT0020100,12BN00789,02/06/2012,FAS 173 (East Road),Bennington,NO DATA,NO DATA,NO DATA,NO DATA,Mt Anthony Middle School,NO DATA,NO DATA,25,2 - Head On,NO DATA,473604,45087,NO DATA,NO DATA,NO DATA,Federal Aid Secondary System (Class 2 TH),FAS 0173,0.04,S01730202,LRS,Injury,"(42.90374831, -73.19072891)"
805,VT0020400,12MC00564,03/24/2012,FAS-171 Richvillr RD,Manchester,NO DATA,NO DATA,NO DATA,NO DATA,Depot ST,500,Feet,25,6 - Single Vehicle Crash,South,455393,74905,NO DATA,NO DATA,NO DATA,Federal Aid Secondary System (Class 2 TH),FAS 0171,4.8,S01710206,LRS,Property Damage Only,"(43.17167036, -73.04871928)"
806,VT0020400,12MC00354,02/25/2012,FAS-171 (658 Richville Rd),Manchester,NO DATA,NO DATA,NO DATA,NO DATA,South Hill Rd,0,Miles,35,"14 - Left Turn and Thru, Broadside v<--",North,453619,70500,NO DATA,NO DATA,NO DATA,Federal Aid Secondary System (Class 2 TH),FAS 0171,1.69,S01710206,LRS,Property Damage Only,"(43.13357434, -73.06966767)"
807,VTVSP0900,12C303502,11/16/2012,FAS-171 (608 Warm Brook Road),Arlington,4,NO DATA,NO DATA,NO DATA,Vt Rt 313,NO DATA,NO DATA,35,1 - Rear End,NO DATA,446933,61787,3130,201,719,Federal Aid Secondary System (Class 2 TH),FAS 0171,0.06,S01710201,LRS,Property Damage Only,"(43.05471745, -73.15151998)"
815,VTVSP0300,12C101792,04/05/2012,FAS-165 (28),Chittenden,1,NO DATA,NO DATA,NO DATA,Night Pasture Lane,200,Feet,35,6 - Single Vehicle Crash,North,464080,130827,NO DATA,NO DATA,NO DATA,Federal Aid Secondary System (Class 2 TH),FAS 0165,0.51,S01651104,LRS,Property Damage Only,"(43.68403977, -72.94984624)"
816,VTVSP0600,12C200919,04/07/2012,FAS-160 Richville Road,Shoreham,1,NO DATA,NO DATA,NO DATA,3143 Shoreham Depot Road TH48,300,Feet,50,6 - Single Vehicle Crash,West,439203,152416,NO DATA,NO DATA,NO DATA,Federal Aid Secondary System (Class 2 TH),FAS 0160,3.15,S01600118,LRS,Property Damage Only,"(43.86941462, -73.25583189)"
817,VTVSP0600,12C203990,12/29/2012,FAS-160 (2791 Richville Road),Shoreham,1,NO DATA,NO DATA,NO DATA,Shoreham Depot Road TH #48,1,Miles,35,6 - Single Vehicle Crash,West,438625,152679,NO DATA,NO DATA,NO DATA,Federal Aid Secondary System (Class 2 TH),FAS 0160,2.73,S01600118,LRS,Property Damage Only,"(43.87160737, -73.26286048)"
818,VTVSP0600,12C202234,07/26/2012,FAS-160 (1558 Leicester-Whiting Rd),Leicester,NO DATA,NO DATA,NO DATA,NO DATA,Swinington Hill Road,200,Feet,45,6 - Single Vehicle Crash,East,449639,150806,NO DATA,NO DATA,NO DATA,Federal Aid Secondary System (Class 2 TH),FAS 0160,1.62,S01600109,LRS,Property Damage Only,"(43.85671914, -73.12827298)"
819,VTVSP0600,12C202039,07/10/2012,FAS-160 Leicester Whiting Road,Leicester,1,NO DATA,NO DATA,NO DATA,Swinnington Hill Road,NO DATA,NO DATA,40,6 - Single Vehicle Crash,NO DATA,449502,150877,NO DATA,NO DATA,NO DATA,Federal Aid Secondary System (Class 2 TH),FAS 0160,1.6,S01600109,LRS,Injury,"(43.85643734, -73.12816928)"
820,VTVSP0300,12C101151,03/04/2012,FAS-159 Killington Rd,Killington,2,NO DATA,NO DATA,NO DATA,E Mountain Rd #TH 15,NO DATA,NO DATA,35,1 - Rear End,NO DATA,475959,125565,NO DATA,NO DATA,NO DATA,Federal Aid Secondary System (Class 2 TH),FAS 0159,2.78,S01591121,LRS,Property Damage Only,"(43.66588791, -72.80187073)"
828,VTVSP0300,12C101907,04/12/2012,FAS-138,Wallingford,NO DATA,140,NO DATA,NO DATA,US 7,10,Feet,25,6 - Single Vehicle Crash,West,461367,108062,NO DATA,NO DATA,NO DATA,Federal Aid Secondary System (Class 2 TH),FAS 0138 (VT 140 TH),2.41,S01381125,LRS,Property Damage Only,"(43.47171158, -72.97742829)"
829,VTVSP0300,12C100332,01/18/2012,FAS-138,Wallingford,NO DATA,140,NO DATA,NO DATA,Mooney Rd,0,Miles,40,1 - Rear End,East,459815,106800,NO DATA,NO DATA,NO DATA,Federal Aid Secondary System (Class 2 TH),FAS 0138 (VT 140 TH),0.92,S01381125,LRS,Property Damage Only,"(43.46042711, -72.99627578)"
830,VTVSP0300,12C105095,09/22/2012,FAS-138,Tinmouth,NO DATA,140,NO DATA,NO DATA,Northrup Rd,200,Feet,45,6 - Single Vehicle Crash,West,454086,108807,NO DATA,NO DATA,NO DATA,Federal Aid Secondary System (Class 2 TH),FAS 0138 (VT 140 TH),0.61,S01381124,LRS,Property Damage Only,"(43.47796049, -73.06728913)"
831,VTVSP0300,12C106305,11/18/2012,FAS-138,Poultney,NO DATA,140,NO DATA,NO DATA,Dayton Hill Rd,0,Miles,35,6 - Single Vehicle Crash,West,445388,111166,NO DATA,NO DATA,NO DATA,Federal Aid Secondary System (Class 2 TH),FAS 0138 (VT 140 TH),4.76,S01381117,LRS,Injury,"(43.49801516, -73.17370396)"
832,VTVSP0300,12C102832,06/03/2012,FAS-138,Poultney,NO DATA,140,NO DATA,NO DATA,Morse Hollow Rd,NO DATA,NO DATA,40,NO DATA,NO DATA,445218,112151,1400,1117,407,Federal Aid Secondary System (Class 2 TH),FAS 0138 (VT 140 TH),4.01,S01381117,LRS,Property Damage Only,"(43.50776138, -73.17776723)"
833,VTVSP0300,12C107195,12/31/2012,FAS-138,Poultney,NO DATA,140,NO DATA,NO DATA,Finel Hollow Rd,500,Feet,40,6 - Single Vehicle Crash,East,444048,114343,NO DATA,NO DATA,NO DATA,Federal Aid Secondary System (Class 2 TH),FAS 0138 (VT 140 TH),2.28,S01381117,LRS,Property Damage Only,"(43.52713623, -73.19214109)"
841,VTVSP0300,12C100870,02/17/2012,FAS-138,Middletown Springs,NO DATA,140,NO DATA,NO DATA,TH 7,20,Feet,40,6 - Single Vehicle Crash,West,446072,110863,NO DATA,NO DATA,NO DATA,Federal Aid Secondary System (Class 2 TH),FAS 0138 (VT 140 TH),0.25,S01381111,LRS,Property Damage Only,"(43.49610526, -73.16657233)"
842,VT0140200,12SF05111,12/09/2012,FAS-136 Skitchewaug Trail,Springfield,NO DATA,NO DATA,NO DATA,NO DATA,1726 Skitchewaug Trail,0,Miles,35,2 - Head On,South,NO DATA,NO DATA,NO DATA,NO DATA,NO DATA,Federal Aid Secondary System (Class 2 TH),FAS 0136 (VT-143 TH),5.06,S01361418,LRS,Injury,"(43.32162983, -72.41295634)"