ID,Reporting Agency,Report Number,Date,Street Address,Town,Number,Number1,Number2,Number3,Intersection,Distance From Intersection,Distance Unit,Posted Speed,Direction of Collision,Direction from Intersection,Easting,Northing,Mile Marker,Mile Marker 1,Mile Marker 2,AOT Roadway,AOT Route,AOT Actual Mile,LRS Number,How Mapped,Crash Type,Location 1
843,VT0140200,12SF05214,12/17/2012,FAS-136 Skitchewaug Trail,Springfield,NO DATA,143,NO DATA,NO DATA,Eureka Road,NO DATA,NO DATA,35,6 - Single Vehicle Crash,East,504516,88519,NO DATA,NO DATA,NO DATA,Federal Aid Secondary System (Class 2 TH),FAS 0136 (VT-143 TH),2.45,S01361418,LRS,Property Damage Only,"(43.29686372, -72.44428372)"
844,VT0140200,12SF04237,10/08/2012,FAS-136 Skitchewaug Trail,Springfield,NO DATA,143,NO DATA,NO DATA,Maple Dell Road,25,Feet,35,6 - Single Vehicle Crash,East,503255,87994,NO DATA,NO DATA,NO DATA,Federal Aid Secondary System (Class 2 TH),FAS 0136 (VT-143 TH),1.19,S01361418,LRS,Property Damage Only,"(43.29168881, -72.46385190)"
845,VT0140200,12SF00644,02/28/2012,FAS-136 Summer Street,Springfield,NO DATA,NO DATA,NO DATA,NO DATA,49 Summer Street,NO DATA,NO DATA,25,1 - Rear End,NO DATA,501566,88633,NO DATA,NO DATA,NO DATA,Federal Aid Secondary System (Class 2 TH),FAS 0136 (VT-143 TH),0.12,S01361418,LRS,Injury,"(43.29767733, -72.48018871)"
853,VT0140200,12SF02790,07/21/2012,FAS-135 (48 Valley Street),Springfield,5,NO DATA,NO DATA,NO DATA,48 Valley Street,1,Feet,25,7 - Other - Explain in Narrative,South,501623,88956,NO DATA,NO DATA,NO DATA,Federal Aid Secondary System (Class 2 TH),FAS 0135,0.15,S01351418,LRS,Property Damage Only,"(43.30077069, -72.48001825)"
854,VT0140200,12SF00135,01/12/2012,FAS-135 Valley Street,Springfield,NO DATA,NO DATA,NO DATA,NO DATA,Main Street,300,Feet,25,2 - Head On,North,501575,88864,NO DATA,NO DATA,NO DATA,Federal Aid Secondary System (Class 2 TH),FAS 0135,0.06,S01351418,LRS,Property Damage Only,"(43.29979178, -72.48107956)"
855,VT0140200,12SF01608,05/07/2012,FAS-135 (12 Valley Street),Springfield,NO DATA,NO DATA,NO DATA,NO DATA,NO DATA,NO DATA,NO DATA,25,3 - Same Direction Sideswipe,NO DATA,501481,88830,NO DATA,NO DATA,NO DATA,Federal Aid Secondary System (Class 2 TH),FAS 0135,0.04,S01351418,LRS,Property Damage Only,"(43.29974716, -72.48146916)"
856,VTVSP0900,12C303495,11/16/2012,FAS-131 (6814 VT RT 153),Rupert,NO DATA,153,NO DATA,NO DATA,Hollys Way,0,Miles,50,6 - Single Vehicle Crash,South,439761,90040,NO DATA,NO DATA,NO DATA,Federal Aid Secondary System (Class 2 TH),FAS 0131 (VT 153 TH),3.87,S01310210,LRS,Property Damage Only,"(43.31024695, -73.24299327)"
857,VTVSP0300,12C100527,01/28/2012,FAS-130 Danby Pawlet Rd.,Pawlet,4,NO DATA,NO DATA,NO DATA,Vt Rt 133,2,Miles,50,6 - Single Vehicle Crash,East,449425,95529,NO DATA,NO DATA,NO DATA,Federal Aid Secondary System (Class 2 TH),FAS 0130,1.57,S01301114,LRS,Property Damage Only,"(43.35826124, -73.12393004)"
858,VTVSP0300,12C105697,10/20/2012,FAS-130 Danby Pawlet Rd,Danby,4,NO DATA,NO DATA,NO DATA,Short Cut Rd (TH 11),100,Feet,40,6 - Single Vehicle Crash,East,451622,96489,NO DATA,NO DATA,NO DATA,Federal Aid Secondary System (Class 2 TH),FAS 0130,1.41,S01301106,LRS,Property Damage Only,"(43.36677841, -73.09829104)"
866,VTVSP0400,12D102858,09/03/2012,FAS-126 (861 VT Route 121),Rockingham,NO DATA,121,NO DATA,NO DATA,Brook Road,NO DATA,NO DATA,40,6 - Single Vehicle Crash,NO DATA,496504,71654,NO DATA,NO DATA,NO DATA,Federal Aid Secondary System (Class 2 TH),FAS 0126 (VT 121 TH),0.85,S01261314,LRS,Injury,"(43.14517864, -72.54391107)"
867,VTVSP0100,12A102183,06/15/2012,FAS-209 Browns Trace Rd,Jericho,NO DATA,NO DATA,NO DATA,NO DATA,Governor Peck Rd,0,Feet,35,6 - Single Vehicle Crash,West,461951,215916,NO DATA,NO DATA,NO DATA,Federal Aid Secondary System (Class 2 TH),FAS 0209,0.7,S02090409,LRS,Property Damage Only,"(44.44109625, -72.97813431)"
868,VT0041200,12HB01266,11/20/2012,82 Richmond Rd,Hinesburg,NO DATA,NO DATA,NO DATA,NO DATA,Jourdan St,210,Feet,35,6 - Single Vehicle Crash,North,455869,189504,NO DATA,NO DATA,NO DATA,Federal Aid Secondary System (Class 2 TH),FAS 0209,1.76,S02090407,LRS,Injury,"(44.34589543, -73.08937665)"
869,VT0041200,12HB01221,11/10/2012,FAS-209 Richmond Rd,Hinesburg,NO DATA,NO DATA,NO DATA,NO DATA,Pond Rd,210,Feet,35,1 - Rear End,East,481877,3419238,NO DATA,NO DATA,NO DATA,Federal Aid Secondary System (Class 2 TH),FAS 0209,0.95,S02090407,LRS,Property Damage Only,"(44.34355679, -73.10468417)"
870,VT0041200,12HB00381,04/16/2012,FAS-209 (827 Mechanicsvile Rd),Hinesburg,NO DATA,NO DATA,NO DATA,NO DATA,Mill Rd,50,Feet,35,1 - Rear End,South,455073,189368,NO DATA,NO DATA,NO DATA,Federal Aid Secondary System (Class 2 TH),FAS 0209,0.83,S02090407,LRS,Injury,"(44.34232668, -73.10575733)"
871,VT0041200,12HB01361,12/17/2012,FAS-208 Charlotte Rd,Hinesburg,NO DATA,NO DATA,NO DATA,NO DATA,Baldwin Rd,NO DATA,NO DATA,35,6 - Single Vehicle Crash,NO DATA,449591,203098,NO DATA,NO DATA,NO DATA,Federal Aid Secondary System (Class 2 TH),FAS 0208,1.21,S02080407,LRS,Property Damage Only,"(44.32335868, -73.13215106)"
879,VT0120500,12BT01867,07/11/2012,FAS-205 Graniteville Rd,Barre Town,NO DATA,NO DATA,NO DATA,NO DATA,Crest St,NO DATA,NO DATA,25,1 - Rear End,NO DATA,005-00-720E,001-83-420N,NO DATA,NO DATA,NO DATA,Federal Aid Secondary System (Class 2 TH),FAS 0205,1.26,S02051202,LRS,Injury,"(44.15105292, -72.49066849)"
880,VT0120500,12BT01477,06/07/2012,FAS-205 (652 Graniteville Rd),Barre Town,NO DATA,NO DATA,NO DATA,NO DATA,Graniteville Store,300,Feet,25,5 - Rear-to-rear,West,005-00-846E,001-83-389N,NO DATA,NO DATA,NO DATA,Federal Aid Secondary System (Class 2 TH),FAS 0205,1.17,S02051202,LRS,Property Damage Only,"(44.15062652, -72.48909065)"
881,VTVSP1200,12A301322,03/28/2012,FAS-205 Graniteville RD,Williamstown,1,NO DATA,NO DATA,NO DATA,House 236,75,Feet,35,6 - Single Vehicle Crash,South,497508,180505,NO DATA,NO DATA,NO DATA,Federal Aid Secondary System (Class 2 TH),FAS 0205,0.55,S02050917,LRS,Injury,"(44.12459990, -72.53134830)"
882,VT0120600,12BL00275,02/01/2012,FAS-201 (213 PAINE TURNPIKE N),Berlin,NO DATA,NO DATA,NO DATA,NO DATA,MAPLEWOOD CONVIENCE STORE,NO DATA,NO DATA,30,3 - Same Direction Sideswipe,NO DATA,494017,190296,NO DATA,NO DATA,NO DATA,Federal Aid Secondary System (Class 2 TH),FAS 0201,1.9,S02011203,LRS,Property Damage Only,"(44.21313199, -72.57474392)"
883,VT0120600,12BL02442,10/02/2012,FAS-201 (213 Paine Turnpike North),Berlin,1,NO DATA,NO DATA,NO DATA,Paine Turnpike North & VT RT 62,1000,Feet,30,"12 - Left Turn and Thru, Same Direction Sideswipe/Angle Crash vv--",South,NO DATA,NO DATA,NO DATA,NO DATA,NO DATA,Federal Aid Secondary System (Class 2 TH),FAS 0201,1.89,S02011203,LRS,Property Damage Only,"(44.21326091, -72.57467266)"
891,VT0041200,12HB01359,12/17/2012,FAS-199 Silver St,Hinesburg,NO DATA,NO DATA,NO DATA,NO DATA,Lewis Creek Rd,400,Feet,40,4 - Opp Direction Sideswipe,South,454983,185736,NO DATA,NO DATA,NO DATA,Federal Aid Secondary System (Class 2 TH),FAS 0199,0.58,S01990407,LRS,Property Damage Only,"(44.28656773, -73.10743145)"
892,VTVSP0600,12C201663,06/13/2012,FAS-199 Silver Street,Monkton,1,NO DATA,NO DATA,NO DATA,Murray Road TH#37,660,Feet,40,6 - Single Vehicle Crash,South,451107,196755,NO DATA,NO DATA,NO DATA,Federal Aid Secondary System (Class 2 TH),FAS 0199,6.42,S01990112,LRS,Injury,"(44.26932812, -73.11256531)"
893,VTVSP0600,12C202275,07/29/2012,FAS-199 (231 Monkton Ridge Road),Monkton,1,NO DATA,NO DATA,NO DATA,State Prison Hollow Road TH#4,NO DATA,NO DATA,30,"8 - No Turns, Thru moves only, Broadside ^<",NO DATA,450162,195075,NO DATA,NO DATA,NO DATA,Federal Aid Secondary System (Class 2 TH),FAS 0199,5.2,S01990112,LRS,Property Damage Only,"(44.25455125, -73.12405717)"
894,VTVSP0600,12C203327,10/26/2012,FAS-199 (631 Bristol Road),Monkton,1,NO DATA,NO DATA,NO DATA,686 Bristol Road,900,Feet,40,6 - Single Vehicle Crash,North,450421,193779,NO DATA,NO DATA,NO DATA,Federal Aid Secondary System (Class 2 TH),FAS 0199,4.57,S01990112,LRS,Property Damage Only,"(44.24567447, -73.12105404)"
895,VTVSP0600,12C203850,12/17/2012,FAS-199 (3020 Bristol Road),Monkton,1,NO DATA,NO DATA,NO DATA,Driveway Of 3020 Bristol Road,50,Feet,40,6 - Single Vehicle Crash,North,450906,190197,NO DATA,NO DATA,NO DATA,Federal Aid Secondary System (Class 2 TH),FAS 0199,2.08,S01990112,LRS,Property Damage Only,"(44.21009618, -73.11428784)"
896,VTVSP0600,12C200523,03/02/2012,FAS-199 (3082 Bristol Road),Monkton,3,NO DATA,NO DATA,NO DATA,Hardscrabble Road TH#5,50,Feet,40,6 - Single Vehicle Crash,South,450860,190059,NO DATA,NO DATA,NO DATA,Federal Aid Secondary System (Class 2 TH),FAS 0199,2.01,S01990112,LRS,Property Damage Only,"(44.20908437, -73.11443858)"
904,VTVSP0600,12C200721,03/21/2012,FAS-197 (3656 Monkton Road),Monkton,1,NO DATA,NO DATA,NO DATA,Nichols Road TH#21,50,Feet,40,4 - Opp Direction Sideswipe,North,446942,190693,NO DATA,NO DATA,NO DATA,Federal Aid Secondary System (Class 2 TH),FAS 0197,2.08,S01970112,LRS,Injury,"(44.21215888, -73.16383656)"
905,VTVSP0600,12C203845,12/16/2012,FAS-197 Monkton Road,Ferrisburgh,2,NO DATA,NO DATA,NO DATA,"Deans Road, Town Highway #36",0,Miles,40,6 - Single Vehicle Crash,West,445315,187585,NO DATA,NO DATA,NO DATA,Federal Aid Secondary System (Class 2 TH),FAS 0197,3.19,S01970105,LRS,Property Damage Only,"(44.18670641, -73.18349537)"
906,VTVSP0900,12C301256,05/09/2012,FAS-114 Morse Hill Road,Dorset,3,NO DATA,NO DATA,NO DATA,East View Lane,100,Feet,35,6 - Single Vehicle Crash,East,457864,80842,NO DATA,NO DATA,NO DATA,Federal Aid Secondary System (Class 2 TH),FAS 0194,3.21,S01940203,LRS,Property Damage Only,"(43.22665629, -73.01924482)"
907,VTVSP0900,12C303417,11/08/2012,FAS-194 Morse Hill Road,Dorset,3,NO DATA,NO DATA,NO DATA,VT RT 30,300,Feet,35,6 - Single Vehicle Crash,East,453692,80417,NO DATA,NO DATA,NO DATA,Federal Aid Secondary System (Class 2 TH),FAS 0194,0.06,S01940203,LRS,Injury,"(43.22261642, -73.07157893)"
908,VTVSP1300,12B301776,08/10/2012,FAS-193 Topsham Corinth Road,Topsham,1,NO DATA,NO DATA,NO DATA,Gulusha Hill Road,NO DATA,Feet,50,6 - Single Vehicle Crash,West,521367,180164,NO DATA,NO DATA,NO DATA,Federal Aid Secondary System (Class 2 TH),FAS 0193,3.76,S01930912,LRS,Injury,"(44.12125205, -72.23289103)"
909,VTVSP1300,12B301554,07/17/2012,FAS-193 (932 Village Road),Corinth,1,NO DATA,NO DATA,NO DATA,Thompson Road,0,Miles,25,6 - Single Vehicle Crash,South,522269,174092,NO DATA,NO DATA,NO DATA,Federal Aid Secondary System (Class 2 TH),FAS 0193,0.91,S01930905,LRS,Property Damage Only,"(44.06736117, -72.22215254)"
917,VTVSP0600,12C201152,04/29/2012,FAS-188 (1388 West River Road),Lincoln,NO DATA,NO DATA,NO DATA,NO DATA,Forge Hill Road,NO DATA,NO DATA,30,1 - Rear End,North,458658,179796,NO DATA,NO DATA,NO DATA,Federal Aid Secondary System (Class 2 TH),FAS 0188,0.88,S01880110,LRS,Property Damage Only,"(44.11721102, -73.01644782)"
918,VTVSP0600,12C203651,11/24/2012,FAS-188 (1458 West River Road),Lincoln,1,NO DATA,NO DATA,NO DATA,Forge Hill Road TH#8,500,Feet,30,6 - Single Vehicle Crash,East,458560,179880,NO DATA,NO DATA,NO DATA,Federal Aid Secondary System (Class 2 TH),FAS 0188,0.8,S01880110,LRS,Property Damage Only,"(44.11800950, -73.01772984)"
919,VT0010300,12VG00144,01/31/2012,FAS-186 (100 Panton Rd),Vergennes,NO DATA,NO DATA,NO DATA,NO DATA,West Street,210,Feet,10,"8 - No Turns, Thru moves only, Broadside ^<",North,NO DATA,NO DATA,NO DATA,NO DATA,NO DATA,Federal Aid Secondary System (Class 2 TH),FAS 0186,0.4,S01860120,LRS,Property Damage Only,"(44.16313233, -73.26221244)"
920,VTVSP0600,12C203195,10/16/2012,FAS-186 Basin Harbor Road,Ferrisburgh,3,NO DATA,NO DATA,NO DATA,Jersey Street TH #39,100,Feet,40,6 - Single Vehicle Crash,South,434921,187861,NO DATA,NO DATA,NO DATA,Federal Aid Secondary System (Class 2 TH),FAS 0186,2.64,S01860105,LRS,Injury,"(44.18800283, -73.31405328)"
921,VTVSP1200,12A302527,06/16/2012,FAS-185 Sugarbush Access RD,Warren,5,NO DATA,NO DATA,NO DATA,Fortna Road,0,Miles,40,6 - Single Vehicle Crash,East,470535,182448,NO DATA,NO DATA,NO DATA,Federal Aid Secondary System (Class 2 TH),FAS 0185,1.44,S01851217,LRS,Injury,"(44.14234213, -72.87221473)"
922,VTVSP1200,12A301185,03/15/2012,FAS-185 Sugarbush Access RD,Warren,5,NO DATA,NO DATA,NO DATA,Wheeler Brook RD,0,Miles,40,4 - Opp Direction Sideswipe,West,470021,182657,NO DATA,NO DATA,NO DATA,Federal Aid Secondary System (Class 2 TH),FAS 0185,1.12,S01851217,LRS,Property Damage Only,"(44.14088798, -72.86616352)"
930,VT0140300,12HF01677,05/22/2012,FAS-179 Quechee-West Hartford Road,Hartford,NO DATA,NO DATA,NO DATA,NO DATA,Westfield Drive,50,Feet,35,6 - Single Vehicle Crash,East,506244,134469,NO DATA,NO DATA,NO DATA,Federal Aid Secondary System (Class 2 TH),FAS 0179,5.72,S01791408,LRS,Property Damage Only,"(43.71000727, -72.42287087)"
931,VT0140300,12HF01733,05/26/2012,FAS-179 Quechee West Hartford Road,Hartford,NO DATA,NO DATA,NO DATA,NO DATA,4226 Quechee West Hartford Road,100,Feet,35,6 - Single Vehicle Crash,North,506590,133553,NO DATA,NO DATA,NO DATA,Federal Aid Secondary System (Class 2 TH),FAS 0179,5.06,S01791408,LRS,Property Damage Only,"(43.70186401, -72.41829465)"
932,VT0140300,12HF02013,06/16/2012,FAS-179 Quechee Hartland Road,Hartford,NO DATA,NO DATA,NO DATA,NO DATA,Clay Road,150,Feet,35,6 - Single Vehicle Crash,North,504817,132512,NO DATA,NO DATA,NO DATA,Federal Aid Secondary System (Class 2 TH),FAS 0179,3.7,S01791408,LRS,Property Damage Only,"(43.69297411, -72.43998938)"
933,VT0140300,12HF02008,06/16/2012,FAS-179 Quechee West Hartford Road,Hartford,NO DATA,NO DATA,NO DATA,NO DATA,Grouse Lane,10,Feet,35,6 - Single Vehicle Crash,South,505268,129299,NO DATA,NO DATA,NO DATA,Federal Aid Secondary System (Class 2 TH),FAS 0179,1.45,S01791408,LRS,Injury,"(43.66323622, -72.43408369)"
934,VT0140300,12HF01907,06/09/2012,FAS-179 Quechee Main Street,Hartford,NO DATA,NO DATA,NO DATA,NO DATA,Quechee West Hartford Road,250,Feet,25,1 - Rear End,East,505690,128372,NO DATA,NO DATA,NO DATA,Federal Aid Secondary System (Class 2 TH),FAS 0179,0.84,S01791408,LRS,Property Damage Only,"(43.65527626, -72.42932919)"
935,VT0140300,12HF03846,11/05/2012,FAS-179 Quechee Main Street,Hartford,NO DATA,NO DATA,NO DATA,NO DATA,Pheasant Trace,5,Feet,25,6 - Single Vehicle Crash,NO DATA,505769,128187,NO DATA,NO DATA,NO DATA,Federal Aid Secondary System (Class 2 TH),FAS 0179,0.72,S01791408,LRS,Injury,"(43.65365658, -72.42834512)"
943,VT0030100,12HW00768,06/07/2012,FAS-257 North Main St,Hardwick,NO DATA,NO DATA,NO DATA,NO DATA,West Church St,NO DATA,NO DATA,30,"8 - No Turns, Thru moves only, Broadside ^<",NO DATA,NO DATA,NO DATA,NO DATA,NO DATA,NO DATA,Federal Aid Secondary System (Class 2 TH),FAS 0257,0.12,S02570305,LRS,Property Damage Only,"(44.50583898, -72.36481094)"
944,VT0030100,12HW00345,03/22/2012,FAS-257 (4 South Main St),Hardwick,NO DATA,NO DATA,NO DATA,NO DATA,North Main Street,5,Feet,30,7 - Other - Explain in Narrative,North,510637,222694,NO DATA,NO DATA,NO DATA,Federal Aid Secondary System (Class 2 TH),FAS 0257,0.01,S02570305,LRS,Property Damage Only,"(44.50462880, -72.36606441)"
945,VT0030100,12HW00882,06/28/2012,FAS-255 The Bend Road,Greensboro,NO DATA,NO DATA,NO DATA,NO DATA,Ling Road,300,Feet,50,6 - Single Vehicle Crash,West,517582,229020,NO DATA,NO DATA,NO DATA,Federal Aid Secondary System (Class 2 TH),FAS 0255,6.69,S02551009,LRS,Fatal,"(44.55981905, -72.27770803)"
946,VT0030100,12HW01652,11/28/2012,FAS-255 Craftsbury Rd,Greensboro,NO DATA,NO DATA,NO DATA,NO DATA,Gray's Street,100,Feet,50,6 - Single Vehicle Crash,North,525487,206233,NO DATA,NO DATA,NO DATA,Federal Aid Secondary System (Class 2 TH),FAS 0255,3.83,S02551009,LRS,Property Damage Only,"(44.59376639, -72.30079611)"
947,VTVSP0800,12B200507,02/24/2012,FAS-255 (110 E Craftsbury Rd),Craftsbury,NO DATA,NO DATA,NO DATA,NO DATA,NO DATA,NO DATA,NO DATA,50,6 - Single Vehicle Crash,NO DATA,510942,236470,NO DATA,NO DATA,NO DATA,Federal Aid Secondary System (Class 2 TH),FAS 0255,0.11,S02551006,LRS,Property Damage Only,"(44.62828174, -72.36195424)"
955,VT0080100,12MR01623,06/23/2012,FAS-239 (2045 Cadys Falls Rd.),Morristown,NO DATA,NO DATA,NO DATA,NO DATA,NO DATA,NO DATA,NO DATA,0,1 - Rear End,NO DATA,490875,231532,NO DATA,NO DATA,NO DATA,Federal Aid Secondary System (Class 2 TH),FAS 0239,2.13,S02390807,LRS,Property Damage Only,"(44.58376352, -72.61485008)"
956,VT0080100,12MR02080,08/04/2012,FAS-239 CADYS FALLS ROAD,Morristown,NO DATA,NO DATA,NO DATA,NO DATA,BRIDGE STREET,0,Miles,40,6 - Single Vehicle Crash,South,490851,229620,NO DATA,NO DATA,NO DATA,Federal Aid Secondary System (Class 2 TH),FAS 0239,0.9,S02390807,LRS,Property Damage Only,"(44.56686809, -72.61498261)"
957,VT0080100,12MR02279,08/23/2012,FAS-239 Cadys Falls Rd.,Morristown,NO DATA,NO DATA,NO DATA,NO DATA,Family Center,NO DATA,NO DATA,40,1 - Rear End,NO DATA,490892,229138,NO DATA,NO DATA,NO DATA,Federal Aid Secondary System (Class 2 TH),FAS 0239,0.59,S02390807,LRS,Injury,"(44.56237061, -72.61457557)"
958,VT0080000,12LC01633,06/13/2012,FAS-239 (124 Church Street),Hyde Park,NO DATA,NO DATA,NO DATA,NO DATA,Rt 15,0,Miles,25,NO DATA,East,NO DATA,NO DATA,NO DATA,NO DATA,NO DATA,Federal Aid Secondary System (Class 2 TH),FAS 0239,0.58,S02390805,LRS,Property Damage Only,"(44.59555742, -72.61624307)"
959,VT0080000,12LC00092,01/12/2012,FAS-239 Main Street,Hyde Park,NO DATA,NO DATA,NO DATA,NO DATA,Church Street,NO DATA,Feet,35,7 - Other - Explain in Narrative,NO DATA,490704,232585,NO DATA,NO DATA,NO DATA,Federal Aid Secondary System (Class 2 TH),FAS 0239,0.44,S02390805,LRS,Property Damage Only,"(44.59351614, -72.61702472)"
960,VT0080000,12LC01538,06/07/2012,FAS-239 (229 Main Street),Hyde Park,NO DATA,NO DATA,NO DATA,NO DATA,Depot Street,100,Feet,25,3 - Same Direction Sideswipe,West,490822,232529,NO DATA,NO DATA,NO DATA,Federal Aid Secondary System (Class 2 TH),FAS 0239,0.33,S02390805,LRS,Property Damage Only,"(44.59285899, -72.61561017)"
968,VT0080200,12ST02972,11/26/2012,FAS-237 (5217 Stagecoach Road),Morristown,NO DATA,NO DATA,NO DATA,NO DATA,NO DATA,NO DATA,NO DATA,40,6 - Single Vehicle Crash,NO DATA,487804,222660,NO DATA,NO DATA,NO DATA,Federal Aid Secondary System (Class 2 TH),FAS 0237,0.12,S02370807,LRS,Property Damage Only,"(44.50404890, -72.65348631)"
969,VT0080200,12ST03095,12/10/2012,FAS-236 Luce HIll Road,Stowe,NO DATA,NO DATA,NO DATA,NO DATA,Mountain Road,20,Feet,35,NO DATA,West,482794,219350,NO DATA,NO DATA,NO DATA,Federal Aid Secondary System (Class 2 TH),FAS 0236,3.86,S02360808,LRS,Property Damage Only,"(44.47420014, -72.71603268)"
970,VT0080200,12ST02485,09/30/2012,Luce Hill Rd,Stowe,NO DATA,NO DATA,NO DATA,NO DATA,Barrows Rd Intersection,NO DATA,Feet,35,1 - Rear End,NO DATA,481956,219114,NO DATA,NO DATA,NO DATA,Federal Aid Secondary System (Class 2 TH),FAS 0236,3.32,S02360808,LRS,Property Damage Only,"(44.47206023, -72.72650169)"
971,VT0080200,12ST00592,03/01/2012,FAS-236 Barrows Road,Stowe,NO DATA,NO DATA,NO DATA,NO DATA,Mcallister Road,NO DATA,NO DATA,35,6 - Single Vehicle Crash,NO DATA,481782,217680,NO DATA,NO DATA,NO DATA,Federal Aid Secondary System (Class 2 TH),FAS 0236,2.4,S02360808,LRS,Property Damage Only,"(44.45905650, -72.72895387)"
972,VT0080200,12ST00768,03/22/2012,FAS-236 Barrows Road,Stowe,5,NO DATA,NO DATA,NO DATA,Moscow Road,NO DATA,NO DATA,35,4 - Opp Direction Sideswipe,NO DATA,481433,216404,NO DATA,NO DATA,NO DATA,Federal Aid Secondary System (Class 2 TH),FAS 0236,1.52,S02360808,LRS,Property Damage Only,"(44.44754852, -72.73333703)"
973,VT0080200,12ST02952,11/24/2012,FAS-236 (856 Moscow Road),Stowe,1,NO DATA,NO DATA,NO DATA,River Road,500,Feet,25,1 - Rear End,North,482298,215865,NO DATA,NO DATA,NO DATA,Federal Aid Secondary System (Class 2 TH),FAS 0236,0.91,S02360808,LRS,Property Damage Only,"(44.44292388, -72.72318017)"
981,VT0140300,12HF00610,02/27/2012,North Main Street,Hartford,NO DATA,NO DATA,5,NO DATA,Church Street,25,Feet,25,"10 - Left Turn and Thru, Angle Broadside -->v--",West,514461,127688,NO DATA,NO DATA,NO DATA,Federal Aid Secondary System (Class 2 TH),FAS 0230,0.15,S02301408,LRS,Property Damage Only,"(43.64953340, -72.32101133)"
982,VT0110100,12BD02035,09/16/2012,FAS-227 Mcconnell Road,Brandon,NO DATA,NO DATA,NO DATA,NO DATA,Wood Lane,0,Miles,40,2 - Head On,South,NO DATA,NO DATA,NO DATA,NO DATA,NO DATA,Federal Aid Secondary System (Class 2 TH),FAS 0227,0.79,S02271102,LRS,Property Damage Only,"(43.78528964, -73.05344637)"
983,VT0130100,12BF01439,05/25/2012,FAS-224 Bridge St,Rockingham,NO DATA,NO DATA,NO DATA,NO DATA,Post Office,NO DATA,NO DATA,25,7 - Other - Explain in Narrative,NO DATA,NO DATA,NO DATA,NO DATA,NO DATA,NO DATA,Federal Aid Secondary System (Class 2 TH),FAS 0224 BRIDGE ST.,0.05,S02241314,LRS,Property Damage Only,"(43.13376593, -72.44308788)"
984,VT0130100,12BF00659,03/17/2012,FAS 224┬á (7 Bridge Street),Rockingham,6,NO DATA,NO DATA,NO DATA,Post Office,NO DATA,NO DATA,25,"18 - Right Turn and Thru, Broadside ^<--",NO DATA,NO DATA,NO DATA,NO DATA,NO DATA,NO DATA,Federal Aid Secondary System (Class 2 TH),FAS 0224 BRIDGE ST.,0.05,S02241314,LRS,Property Damage Only,"(43.13376593, -72.44308788)"
985,VTVSP0100,12A100021,01/02/2012,Bolton Valley Access Rd,Bolton,NO DATA,NO DATA,NO DATA,NO DATA,NO DATA,NO DATA,NO DATA,40,1 - Rear End,NO DATA,470542,212176,NO DATA,NO DATA,NO DATA,Federal Aid Secondary System (Class 2 TH),FAS 0223,2.98,S02230401,LRS,Injury,"(44.40916473, -72.86986594)"
986,VTVSP0200,12B101738,06/06/2012,FAS-220 Lower Waterford Road,Waterford,NO DATA,NO DATA,NO DATA,NO DATA,Barnet Town Line,0,Miles,99,6 - Single Vehicle Crash,North,540735,204960,NO DATA,NO DATA,NO DATA,Federal Aid Secondary System (Class 2 TH),FAS 0220,0.1,S02200316,LRS,Injury,"(44.34447648, -71.99055337)"
994,VTVSP1300,12B302680,12/10/2012,FAS-215 Minard Hill Road,Groton,5,NO DATA,NO DATA,NO DATA,480 Minard Hill Road,15,Feet,50,6 - Single Vehicle Crash,North,525286,193131,NO DATA,NO DATA,NO DATA,Federal Aid Secondary System (Class 2 TH),FAS 0215,0.48,S02150304,LRS,Property Damage Only,"(44.21584908, -72.19170152)"
995,VTVSP0200,12B100281,01/27/2012,FAS 215 (2811 Bruce Badger Memorial Hwy),Danville,2,NO DATA,NO DATA,NO DATA,Cormier Rd,5,Feet,35,6 - Single Vehicle Crash,North,529876,217378,215,303,670,Federal Aid Secondary System (Class 2 TH),FAS 0215,6.67,S02150303,LRS,Injury,"(44.45601315, -72.12473411)"
996,VTVSP0200,12B100580,02/27/2012,FAS-215 Hill St,Danville,1,NO DATA,NO DATA,NO DATA,US Route 2,150,Feet,30,6 - Single Vehicle Crash,North,528659,212439,NO DATA,NO DATA,NO DATA,Federal Aid Secondary System (Class 2 TH),FAS 0215,3.29,S02150303,LRS,Injury,"(44.41193195, -72.14022379)"
997,VTVSP0200,12B100548,02/23/2012,FAS-215 Peacham Rd,Danville,NO DATA,NO DATA,NO DATA,NO DATA,Cedar Lane,200,Feet,25,2 - Head On,South,528540,211840,NO DATA,NO DATA,NO DATA,Federal Aid Secondary System (Class 2 TH),FAS 0215,2.94,S02150303,LRS,Property Damage Only,"(44.40621469, -72.14173444)"
998,VTVSP0200,12B104422,12/21/2012,FAS-215 (1968 Peacham Rd),Danville,3,NO DATA,NO DATA,NO DATA,Brook Rd,500,Feet,35,6 - Single Vehicle Crash,South,528346,209192,NO DATA,NO DATA,NO DATA,Federal Aid Secondary System (Class 2 TH),FAS 0215,1.28,S02150303,LRS,Property Damage Only,"(44.38391640, -72.14454743)"
999,VTVSP0200,12B102506,08/03/2012,FAS-215 (2567 Peacham Rd),Danville,3,NO DATA,NO DATA,NO DATA,Currier Rd,1,Miles,99,1 - Rear End,North,528343,197363,NO DATA,NO DATA,NO DATA,Federal Aid Secondary System (Class 2 TH),FAS 0215,0.68,S02150303,LRS,Injury,"(44.37566737, -72.14513248)"
1007,VTVSP0100,12A102560,07/10/2012,FAS-211 Main Rd,Huntington,NO DATA,NO DATA,NO DATA,NO DATA,Sherman Hollow Rd,0,Miles,45,6 - Single Vehicle Crash,North,460687,205075,NO DATA,NO DATA,NO DATA,Federal Aid Secondary System (Class 2 TH),FAS 0211,9.49,S02110408,LRS,Injury,"(44.35077473, -72.99245139)"
1008,VTVSP0100,12A102346,06/26/2012,FAS-211 (1000 Main Rd),Huntington,1,NO DATA,NO DATA,NO DATA,NO DATA,NO DATA,NO DATA,40,6 - Single Vehicle Crash,NO DATA,460662,205061,NO DATA,NO DATA,NO DATA,Federal Aid Secondary System (Class 2 TH),FAS 0211,8.71,S02110408,LRS,Property Damage Only,"(44.34083006, -72.99818900)"
1009,VTVSP0100,12A100062,01/06/2012,FAS-211 Maid Rd,Huntington,NO DATA,NO DATA,NO DATA,NO DATA,Texas Hill Rd,900,Feet,45,6 - Single Vehicle Crash,South,460408,204066,NO DATA,NO DATA,NO DATA,Federal Aid Secondary System (Class 2 TH),FAS 0211,8.32,S02110408,LRS,Injury,"(44.33563189, -72.99622021)"