ID,Reporting Agency,Report Number,Date,Street Address,Town,Number,Number1,Number2,Number3,Intersection,Distance From Intersection,Distance Unit,Posted Speed,Direction of Collision,Direction from Intersection,Easting,Northing,Mile Marker,Mile Marker 1,Mile Marker 2,AOT Roadway,AOT Route,AOT Actual Mile,LRS Number,How Mapped,Crash Type,Location 1
1140,VT0020100,12BN03788,06/08/2012,FAU-1020 Dewey Street,Bennington,NO DATA,NO DATA,NO DATA,NO DATA,Weeks Street,NO DATA,NO DATA,30,"10 - Left Turn and Thru, Angle Broadside -->v--",NO DATA,442480,41867,NO DATA,NO DATA,NO DATA,Federal Aid Urban System (Class 2 TH's and 3 TH's,"DEWEY ST., BENNINGTON",0.66,S10200202,LRS,Fatal,"(42.87470149, -73.20401996)"
1141,VT0020100,12BN05151,07/28/2012,FAU-1020 (375 Dewey Street),Bennington,NO DATA,NO DATA,NO DATA,NO DATA,Pine Road,100,Feet,30,6 - Single Vehicle Crash,South,442442,41495,NO DATA,NO DATA,NO DATA,Federal Aid Urban System (Class 2 TH's and 3 TH's,"DEWEY ST., BENNINGTON",0.43,S10200202,LRS,Property Damage Only,"(42.87158538, -73.20481488)"
1142,VT0020100,12BN01816,03/22/2012,FAU 1018 (Depot Street),Bennington,NO DATA,NO DATA,NO DATA,NO DATA,County Street,NO DATA,NO DATA,30,1 - Rear End,NO DATA,442941,42917,NO DATA,NO DATA,NO DATA,Federal Aid Urban System (Class 2 TH's and 3 TH's,"DEPOT ST., BENNINGTON",0.36,S10180202,LRS,Injury,"(42.88443971, -73.19858955)"
1143,VT0020100,12BN03673,06/04/2012,FAU-1018 (211 Depot Street),Bennington,NO DATA,NO DATA,NO DATA,NO DATA,211 Dspot Street,200,Feet,30,1 - Rear End,South,442928,42782,NO DATA,NO DATA,NO DATA,Federal Aid Urban System (Class 2 TH's and 3 TH's,"DEPOT ST., BENNINGTON",0.26,S10180202,LRS,Injury,"(42.88302871, -73.19866189)"
1144,VT0020100,12BN05301,08/01/2012,FAU-1018 (135 Depot Street),Bennington,NO DATA,NO DATA,NO DATA,NO DATA,River Street,NO DATA,NO DATA,25,"8 - No Turns, Thru moves only, Broadside ^<",East,442929,42666,NO DATA,NO DATA,NO DATA,Federal Aid Urban System (Class 2 TH's and 3 TH's,"DEPOT ST., BENNINGTON",0.17,S10180202,LRS,Injury,"(42.88175864, -73.19872272)"
1151,VT0020100,12BN06504,09/13/2012,FAU-1012 County Street,Bennington,NO DATA,NO DATA,NO DATA,NO DATA,Park Street,NO DATA,NO DATA,30,1 - Rear End,NO DATA,443381,42938,NO DATA,NO DATA,NO DATA,Federal Aid Urban System (Class 2 TH's and 3 TH's,"COUNTY RD., BENNINGTON",0.47,S10120202,LRS,Property Damage Only,"(42.88430404, -73.19314181)"
1152,VT0020100,12BN02957,05/09/2012,FAU-1012 County Street,Bennington,NO DATA,NO DATA,NO DATA,NO DATA,Park Street,NO DATA,NO DATA,30,1 - Rear End,NO DATA,443419,42913,NO DATA,NO DATA,NO DATA,Federal Aid Urban System (Class 2 TH's and 3 TH's,"COUNTY RD., BENNINGTON",0.47,S10120202,LRS,Property Damage Only,"(42.88430404, -73.19314181)"
1153,VT0020100,12BN01686,03/13/2012,FAU-1012 (415 County Street),Bennington,NO DATA,NO DATA,NO DATA,NO DATA,Potters Yard,NO DATA,NO DATA,30,1 - Rear End,NO DATA,443243,42927,NO DATA,NO DATA,NO DATA,Federal Aid Urban System (Class 2 TH's and 3 TH's,"COUNTY RD., BENNINGTON",0.44,S10120202,LRS,Injury,"(42.88433573, -73.19370060)"
1154,VT0020100,12BN05009,07/22/2012,FAU1012 (310 County Street),Bennington,NO DATA,NO DATA,NO DATA,NO DATA,NO DATA,NO DATA,NO DATA,30,2 - Head On,NO DATA,443123,42933,NO DATA,NO DATA,NO DATA,Federal Aid Urban System (Class 2 TH's and 3 TH's,"COUNTY RD., BENNINGTON",0.33,S10120202,LRS,Injury,"(42.88438134, -73.19575442)"
1155,VT0020100,12BN03737,06/06/2012,FAU-1012 County Street,Bennington,NO DATA,NO DATA,NO DATA,NO DATA,North Street,NO DATA,NO DATA,30,7 - Other - Explain in Narrative,West,443040,42940,NO DATA,NO DATA,NO DATA,Federal Aid Urban System (Class 2 TH's and 3 TH's,"COUNTY RD., BENNINGTON",0.27,S10120202,LRS,Property Damage Only,"(42.88440259, -73.19687495)"
1156,VT0020100,12BN08755,12/13/2012,FAU-1012 (247 Depot Street),Bennington,NO DATA,NO DATA,NO DATA,NO DATA,Near County Street,NO DATA,NO DATA,30,3 - Same Direction Sideswipe,NO DATA,442927,42914,NO DATA,NO DATA,NO DATA,Federal Aid Urban System (Class 2 TH's and 3 TH's,"COUNTY RD., BENNINGTON",0.19,S10120202,LRS,Property Damage Only,"(42.88445402, -73.19836782)"
1163,VT0020100,12BN03077,05/13/2012,FAU-1009 (611 North Branch Street),Bennington,NO DATA,NO DATA,NO DATA,NO DATA,NO DATA,NO DATA,NO DATA,30,6 - Single Vehicle Crash,NO DATA,444147,43738,NO DATA,NO DATA,NO DATA,Federal Aid Urban System (Class 2 TH's and 3 TH's,"BROOKLYN DR., BENNINGTON",0.58,S10090202,LRS,Property Damage Only,"(42.89085634, -73.18252396)"
1164,VT0020100,12BN04623,07/09/2012,FAU-1009 (406 North Branch Street),Bennington,NO DATA,NO DATA,NO DATA,NO DATA,NO DATA,NO DATA,NO DATA,30,4 - Opp Direction Sideswipe,NO DATA,444031,43817,NO DATA,NO DATA,NO DATA,Federal Aid Urban System (Class 2 TH's and 3 TH's,"BROOKLYN DR., BENNINGTON",0.42,S10090202,LRS,Property Damage Only,"(42.88925183, -73.18059699)"
1165,VT0020100,12BN04040,06/17/2012,FAU1009 (113 Branch Street),Bennington,NO DATA,NO DATA,NO DATA,NO DATA,NO DATA,50,Feet,30,6 - Single Vehicle Crash,West,444375,42477,NO DATA,NO DATA,NO DATA,Federal Aid Urban System (Class 2 TH's and 3 TH's,"BROOKLYN DR., BENNINGTON",0.17,S10090202,LRS,Injury,"(42.88570634, -73.18075920)"
1166,VT0020100,12BN01030,02/17/2012,FAU 1009 (North Branch Street),Bennington,NO DATA,NO DATA,NO DATA,NO DATA,Near County Street/Brooklyn Bridge,NO DATA,NO DATA,30,4 - Opp Direction Sideswipe,NO DATA,444315,42900,NO DATA,NO DATA,NO DATA,Federal Aid Urban System (Class 2 TH's and 3 TH's,"BROOKLYN DR., BENNINGTON",0.04,S10090202,LRS,Property Damage Only,"(42.88402854, -73.18155165)"
1167,VT0020100,12BN01602,03/15/2012,FAU-1006 Benmont Avenue,Bennington,NO DATA,NO DATA,NO DATA,NO DATA,Hunt Street,NO DATA,NO DATA,30,1 - Rear End,NO DATA,442700,43745,NO DATA,NO DATA,NO DATA,Federal Aid Urban System (Class 2 TH's and 3 TH's,"BENMONT AVE., BENNINGTON",0.75,S10060202,LRS,Property Damage Only,"(42.89159442, -73.20143505)"
1168,VT0020100,12BN02206,04/08/2012,FAU 1006 (Benmont Avenue),Bennington,NO DATA,NO DATA,NO DATA,NO DATA,Northside Drive,NO DATA,NO DATA,30,1 - Rear End,NO DATA,442602,44043,NO DATA,NO DATA,NO DATA,Federal Aid Urban System (Class 2 TH's and 3 TH's,"BENMONT AVE., BENNINGTON",0.75,S10060202,LRS,Property Damage Only,"(42.89159442, -73.20143505)"
1169,VT0020100,12BN01982,03/29/2012,FAU 1006 (250 Benmont Avenue),Bennington,NO DATA,NO DATA,NO DATA,NO DATA,CTC Color,NO DATA,NO DATA,35,"8 - No Turns, Thru moves only, Broadside ^<",NO DATA,442697,43542,NO DATA,NO DATA,NO DATA,Federal Aid Urban System (Class 2 TH's and 3 TH's,"BENMONT AVE., BENNINGTON",0.62,S10060202,LRS,Property Damage Only,"(42.88969646, -73.20147070)"
1170,VT0020100,12BN04902,07/19/2012,FAU 1006 Benmont Avenue,Bennington,NO DATA,NO DATA,NO DATA,NO DATA,Leonard Street,NO DATA,NO DATA,30,1 - Rear End,South,442689,43218,NO DATA,NO DATA,NO DATA,Federal Aid Urban System (Class 2 TH's and 3 TH's,"BENMONT AVE., BENNINGTON",0.48,S10060202,LRS,Injury,"(42.88765218, -73.20152550)"
1171,VT0020100,12BN07813,11/05/2012,FAU-1006 Benmont Avenue,Bennington,NO DATA,NO DATA,NO DATA,NO DATA,Leonard Street,100,Feet,30,1 - Rear End,South,442691,43244,NO DATA,NO DATA,NO DATA,Federal Aid Urban System (Class 2 TH's and 3 TH's,"BENMONT AVE., BENNINGTON",0.42,S10060202,LRS,Injury,"(42.88677624, -73.20155303)"
1172,VT0020100,12BN03258,05/20/2012,FAU-1006 (219 Benmont Avenue),Bennington,NO DATA,NO DATA,NO DATA,NO DATA,NO DATA,NO DATA,NO DATA,30,6 - Single Vehicle Crash,NO DATA,442693,43379,NO DATA,NO DATA,NO DATA,Federal Aid Urban System (Class 2 TH's and 3 TH's,"BENMONT AVE., BENNINGTON",0.4,S10060202,LRS,Injury,"(42.88648595, -73.20159523)"
1173,VT0020100,12BN08032,11/14/2012,FAU-1006 Benmont Avenue,Bennington,NO DATA,NO DATA,NO DATA,NO DATA,CVPS Substation,NO DATA,NO DATA,30,6 - Single Vehicle Crash,NO DATA,442682,43131,NO DATA,NO DATA,NO DATA,Federal Aid Urban System (Class 2 TH's and 3 TH's,"BENMONT AVE., BENNINGTON",0.36,S10060202,LRS,Property Damage Only,"(42.88591708, -73.20177554)"
1174,VT0020100,12BN07358,10/18/2012,FAU-1006 Benmont Avenue,Bennington,NO DATA,NO DATA,NO DATA,NO DATA,County Street,NO DATA,NO DATA,30,4 - Opp Direction Sideswipe,NO DATA,442656,42949,NO DATA,NO DATA,NO DATA,Federal Aid Urban System (Class 2 TH's and 3 TH's,"BENMONT AVE., BENNINGTON",0.28,S10060202,LRS,Property Damage Only,"(42.88475594, -73.20190926)"
1175,VT0020100,12BN05014,07/23/2012,FAU-1006 Benmont Avenue,Bennington,NO DATA,NO DATA,NO DATA,NO DATA,County Street,NO DATA,NO DATA,30,"8 - No Turns, Thru moves only, Broadside ^<",NO DATA,442650,42956,NO DATA,NO DATA,NO DATA,Federal Aid Urban System (Class 2 TH's and 3 TH's,"BENMONT AVE., BENNINGTON",0.28,S10060202,LRS,Injury,"(42.88475594, -73.20190926)"
1176,VT0020100,12BN06546,09/14/2012,FAU-1006 Benmont Avenue,Bennington,NO DATA,NO DATA,NO DATA,NO DATA,Benmont Avenue & County Street Intersection,2,Feet,30,"8 - No Turns, Thru moves only, Broadside ^<",West,442657,42945,NO DATA,NO DATA,NO DATA,Federal Aid Urban System (Class 2 TH's and 3 TH's,"BENMONT AVE., BENNINGTON",0.28,S10060202,LRS,Property Damage Only,"(42.88475594, -73.20190926)"
1177,VT0020100,12BN07125,10/08/2012,FAU-1006 Benmont Avenue,Bennington,NO DATA,NO DATA,NO DATA,NO DATA,Holden Street,100,Feet,30,1 - Rear End,South,442646,42882,NO DATA,NO DATA,NO DATA,Federal Aid Urban System (Class 2 TH's and 3 TH's,"BENMONT AVE., BENNINGTON",0.22,S10060202,LRS,Property Damage Only,"(42.88388021, -73.20195207)"
1178,VT0020100,12BN01551,03/13/2012,FAU-1006 Benmont Avenue,Bennington,NO DATA,NO DATA,7,NO DATA,Main Street,75,Feet,30,4 - Opp Direction Sideswipe,North,442649,42579,NO DATA,NO DATA,NO DATA,Federal Aid Urban System (Class 2 TH's and 3 TH's,"BENMONT AVE., BENNINGTON",0.01,S10060202,LRS,Injury,"(42.88087592, -73.20243120)"
1186,VT0041200,12HB01303,12/01/2012,FAS-327 Pond Rd,Hinesburg,NO DATA,NO DATA,NO DATA,NO DATA,Pond Brook Rd,200,Feet,35,6 - Single Vehicle Crash,South,455700,190337,NO DATA,NO DATA,NO DATA,Federal Aid Secondary System (Class 2 TH),FAS 0327,1.11,S03270407,LRS,Property Damage Only,"(44.35537984, -73.09507239)"
1187,VT0041200,12HB00204,02/24/2012,FAS-327 Pond Rd,Hinesburg,NO DATA,NO DATA,NO DATA,NO DATA,Aube Ridge Rd,685,Feet,35,6 - Single Vehicle Crash,North,452397,206231,NO DATA,NO DATA,NO DATA,Federal Aid Secondary System (Class 2 TH),FAS 0327,1,S03270407,LRS,Property Damage Only,"(44.35479144, -73.09705587)"
1188,VT0041200,12HB00023,01/05/2012,FAS-327 (924 Pond Rd),Hinesburg,NO DATA,NO DATA,NO DATA,NO DATA,Aube Ridge Rd,460,Feet,35,6 - Single Vehicle Crash,North,452350,206186,NO DATA,NO DATA,NO DATA,Federal Aid Secondary System (Class 2 TH),FAS 0327,0.96,S03270407,LRS,Property Damage Only,"(44.35441970, -73.09764526)"
1189,VT0041200,12HB00555,06/01/2012,FAS-327 Pond Road,Hinesburg,NO DATA,NO DATA,NO DATA,NO DATA,White Tail Ridge,50,Feet,35,1 - Rear End,NO DATA,455586,190256,NO DATA,NO DATA,NO DATA,Federal Aid Secondary System (Class 2 TH),FAS 0327,0.82,S03270407,LRS,Property Damage Only,"(44.35306956, -73.09964631)"
1190,VT0040700,12SH00247,02/04/2012,FAS-327 Pond Road,Hinesburg,NO DATA,NO DATA,NO DATA,NO DATA,Place Road East,300,Feet,35,6 - Single Vehicle Crash,South,451865,205645,NO DATA,NO DATA,NO DATA,Federal Aid Secondary System (Class 2 TH),FAS 0327,0.54,S03270407,LRS,Property Damage Only,"(44.35095188, -73.10395631)"
1191,VTVSP0100,12A100472,02/07/2012,FAS-326 Browns Trace Rd,Jericho,24,NO DATA,NO DATA,NO DATA,Route 15,0,Miles,35,1 - Rear End,North,463900,223258,NO DATA,NO DATA,NO DATA,Federal Aid Secondary System (Class 2 TH),FAS 0326,2.17,S03260409,LRS,Injury,"(44.50824505, -72.95403411)"
1198,VT0110200,12RL11249,11/02/2012,FAU-3034 ( 60 Library Avenue),Rutland City,NO DATA,NO DATA,NO DATA,NO DATA,Chestnut Avenue,NO DATA,NO DATA,30,7 - Other - Explain in Narrative,NO DATA,461252,123728,NO DATA,NO DATA,NO DATA,Federal Aid Urban System (Class 2 TH's and 3 TH's,"LIBRARY AVE., RUTLAND CITY",0.09,S30341119,LRS,Property Damage Only,"(43.61271943, -72.97988234)"
1199,VT0110200,12RL11054,10/27/2012,FAU-3030 Kendall Avenue,Rutland City,NO DATA,NO DATA,NO DATA,NO DATA,NO DATA,20,Feet,30,"11 - Left Turn and Thru, Head On ^v--",West,461792,123794,NO DATA,NO DATA,NO DATA,Federal Aid Urban System (Class 2 TH's and 3 TH's,"KENDALL AVE., RUTLAND CITY",0.3,S30301119,LRS,Property Damage Only,"(43.61337896, -72.97319214)"
1200,VT0110200,12RL04292,05/15/2012,FAU 3030 (26 Kendall Avenue),Rutland City,NO DATA,NO DATA,NO DATA,NO DATA,Lincoln Avenue,200,Feet,30,1 - Rear End,East,461533,125758,NO DATA,NO DATA,NO DATA,Federal Aid Urban System (Class 2 TH's and 3 TH's,"KENDALL AVE., RUTLAND CITY",0.17,S30301119,LRS,Property Damage Only,"(43.61312122, -72.97571016)"
1201,VT0110200,12RL12773,12/19/2012,FAU-3028 Jackson Avenue,Rutland City,NO DATA,NO DATA,NO DATA,NO DATA,East Street,NO DATA,NO DATA,30,"16 - Right Turn and Thru, Same Direction Sideswipe/Angle Crash ^^--",NO DATA,462292,122629,NO DATA,NO DATA,NO DATA,Federal Aid Urban System (Class 2 TH's and 3 TH's,"JACKSON AVE., RUTLAND CITY",0.2,S30281119,LRS,Property Damage Only,"(43.60291608, -72.96731757)"
1202,VT0110200,12RL07888,08/07/2012,FAU-3026 Hillside Drive,Rutland City,NO DATA,NO DATA,NO DATA,NO DATA,Woodstock Avenue,10,Feet,30,1 - Rear End,North,463096,124157,NO DATA,NO DATA,NO DATA,Federal Aid Urban System (Class 2 TH's and 3 TH's,"HILLSIDE ROAD, RUTLAND CITY",0,S30261119,LRS,Property Damage Only,"(43.61689884, -72.95908455)"
1209,VT0110200,12RL07685,08/13/2012,FAU-3018 Forest Street,Rutland City,NO DATA,NO DATA,NO DATA,NO DATA,Union Street,NO DATA,NO DATA,30,7 - Other - Explain in Narrative,NO DATA,460901,122980,NO DATA,NO DATA,NO DATA,Federal Aid Urban System (Class 2 TH's and 3 TH's,"FOREST ST., RUTLAND CITY",0.85,S30181119,LRS,Injury,"(43.60488956, -72.98417240)"
1210,VT0110200,12RL03001,04/07/2012,FAU 3018 (Forest Street),Rutland City,NO DATA,NO DATA,NO DATA,NO DATA,South Street,NO DATA,NO DATA,30,"8 - No Turns, Thru moves only, Broadside ^<",NO DATA,460948,122353,NO DATA,NO DATA,NO DATA,Federal Aid Urban System (Class 2 TH's and 3 TH's,"FOREST ST., RUTLAND CITY",0.52,S30181119,LRS,Property Damage Only,"(43.60025151, -72.98362092)"
1211,VTVSP0300,12C102496,05/18/2012,FAU 3016 (Field Ave),Rutland City,NO DATA,NO DATA,NO DATA,NO DATA,Church St,NO DATA,NO DATA,30,"8 - No Turns, Thru moves only, Broadside ^<",NO DATA,461239,125237,NO DATA,NO DATA,NO DATA,Federal Aid Urban System (Class 2 TH's and 3 TH's,"FIELD AVE., RUTLAND CITY",0.28,S30161119,LRS,Property Damage Only,"(43.62628498, -72.98044527)"
1212,VT0110200,12RL12898,12/22/2012,FAU-3016 Field Avenue,Rutland City,NO DATA,NO DATA,NO DATA,NO DATA,Grove Street,NO DATA,NO DATA,30,6 - Single Vehicle Crash,West,460793,125189,NO DATA,NO DATA,NO DATA,Federal Aid Urban System (Class 2 TH's and 3 TH's,"FIELD AVE., RUTLAND CITY",0,S30161119,LRS,Injury,"(43.62604243, -72.98590845)"
1213,VT0110200,12RL10304,10/08/2012,FAU-3012 Evelyn Street,Rutland City,NO DATA,NO DATA,NO DATA,NO DATA,16 Evelyn Street,NO DATA,NO DATA,30,"12 - Left Turn and Thru, Same Direction Sideswipe/Angle Crash vv--",NO DATA,461199,123024,NO DATA,NO DATA,NO DATA,Federal Aid Urban System (Class 2 TH's and 3 TH's,"EVELYN ST., RUTLAND CITY",0.09,S30121119,LRS,Property Damage Only,"(43.60706165, -72.98171990)"
1220,VT0110200,12RL06609,07/10/2012,FAU-3006 Crescent Street,Rutland City,NO DATA,NO DATA,NO DATA,NO DATA,Lincoln Avenue,NO DATA,NO DATA,30,"8 - No Turns, Thru moves only, Broadside ^<",North,461297,124081,NO DATA,NO DATA,NO DATA,Federal Aid Urban System (Class 2 TH's and 3 TH's,"CRESCENT ST., RUTLAND CITY",0.75,S30061119,LRS,Property Damage Only,"(43.61601702, -72.97696734)"
1221,VT0110200,12RL12253,12/03/2012,FAU-3006 Crescent Street,Rutland City,NO DATA,NO DATA,NO DATA,NO DATA,80 Crescent Street,NO DATA,NO DATA,30,7 - Other - Explain in Narrative,NO DATA,461297,124057,NO DATA,NO DATA,NO DATA,Federal Aid Urban System (Class 2 TH's and 3 TH's,"CRESCENT ST., RUTLAND CITY",0.54,S30061119,LRS,Property Damage Only,"(43.61561298, -72.98121226)"
1222,VT0110200,12RL05315,06/11/2012,FAU 3006 (93 Crescent Street),Rutland City,NO DATA,NO DATA,NO DATA,NO DATA,Grove Street,200,Feet,30,1 - Rear End,East,NO DATA,NO DATA,NO DATA,NO DATA,NO DATA,Federal Aid Urban System (Class 2 TH's and 3 TH's,"CRESCENT ST., RUTLAND CITY",0.47,S30061119,LRS,Property Damage Only,"(43.61546914, -72.98262555)"
1223,VT0110200,12RL04798,05/27/2012,FAU 3006 (Crescent Street),Rutland City,NO DATA,NO DATA,NO DATA,NO DATA,Preville Avenue,NO DATA,NO DATA,30,"14 - Left Turn and Thru, Broadside v<--",NO DATA,460434,123928,NO DATA,NO DATA,NO DATA,Federal Aid Urban System (Class 2 TH's and 3 TH's,"CRESCENT ST., RUTLAND CITY",0.08,S30061119,LRS,Injury,"(43.61433701, -72.99037644)"
1224,VT0110200,12RL13017,12/27/2012,FAU-3004 Church Street,Rutland City,NO DATA,NO DATA,NO DATA,NO DATA,Crescent Street,NO DATA,NO DATA,30,7 - Other - Explain in Narrative,North,461297,124057,NO DATA,NO DATA,NO DATA,Federal Aid Urban System (Class 2 TH's and 3 TH's,"CHURCH ST., RUTLAND CITY",0.56,S30041119,LRS,Property Damage Only,"(43.61577457, -72.97946966)"
1231,VT0110200,12RL05179,06/07/2012,FAU-3002 Allen Street,Rutland City,NO DATA,NO DATA,NO DATA,NO DATA,Rutland Pharmacy,NO DATA,NO DATA,30,1 - Rear End,NO DATA,462580,122030,NO DATA,NO DATA,NO DATA,Federal Aid Urban System (Class 2 TH's and 3 TH's,"ALLEN ST., RUTLAND CITY",0.38,S30021119,LRS,Property Damage Only,"(43.59757977, -72.96281876)"
1232,VT0110200,12RL08586,08/24/2012,Allen Street,Rutland City,NO DATA,NO DATA,NO DATA,NO DATA,49 Allen Street,NO DATA,NO DATA,30,4 - Opp Direction Sideswipe,NO DATA,462612,121981,NO DATA,NO DATA,NO DATA,Federal Aid Urban System (Class 2 TH's and 3 TH's,"ALLEN ST., RUTLAND CITY",0.23,S30021119,LRS,Property Damage Only,"(43.59694796, -72.96563056)"
1233,VT0110200,12RL05166,06/07/2012,FAU 3002 (30 Allen Street),Rutland City,NO DATA,NO DATA,NO DATA,NO DATA,Heritage Credit Union,NO DATA,NO DATA,30,1 - Rear End,West,462044,121850,NO DATA,NO DATA,NO DATA,Federal Aid Urban System (Class 2 TH's and 3 TH's,"ALLEN ST., RUTLAND CITY",0.15,S30021119,LRS,Property Damage Only,"(43.59659946, -72.96712545)"
1234,VT0110200,12RL07643,08/02/2012,FAU-3002 Allen Street,Rutland City,NO DATA,NO DATA,NO DATA,NO DATA,Comfort Inn,100,Feet,30,1 - Rear End,East,462044,121850,NO DATA,NO DATA,NO DATA,Federal Aid Urban System (Class 2 TH's and 3 TH's,"ALLEN ST., RUTLAND CITY",0.13,S30021119,LRS,Property Damage Only,"(43.59651012, -72.96749819)"
1235,VT0110200,12RL04590,05/22/2012,FAU 3002 (Allen Street),Rutland City,NO DATA,NO DATA,NO DATA,NO DATA,Graybar Electric,NO DATA,NO DATA,30,1 - Rear End,NO DATA,462321,121913,NO DATA,NO DATA,NO DATA,Federal Aid Urban System (Class 2 TH's and 3 TH's,"ALLEN ST., RUTLAND CITY",0.12,S30021119,LRS,Property Damage Only,"(43.59646544, -72.96768455)"
1236,VT0110200,12RL12162,11/30/2012,FAU-3002 Allen Street,Rutland City,NO DATA,NO DATA,NO DATA,NO DATA,Comfort Inn #19,NO DATA,NO DATA,30,1 - Rear End,NO DATA,462268,121981,NO DATA,NO DATA,NO DATA,Federal Aid Urban System (Class 2 TH's and 3 TH's,"ALLEN ST., RUTLAND CITY",0.1,S30021119,LRS,Property Damage Only,"(43.59637631, -72.96805739)"
1243,VT0130200,12BB00566,01/23/2012,FAU-2042 South Main St,Brattleboro,NO DATA,NO DATA,NO DATA,NO DATA,Oak Grove Ave,NO DATA,NO DATA,25,NO DATA,NO DATA,NO DATA,NO DATA,NO DATA,NO DATA,NO DATA,Federal Aid Urban System (Class 2 TH's and 3 TH's,"SOUTH MAIN ST., BRATTLEBORO",0.31,S20421302,LRS,Property Damage Only,"(42.84178241, -72.55623632)"
1244,VT0130200,12BB09857,12/31/2012,FAU-2042 (379 S Main St),Brattleboro,NO DATA,NO DATA,NO DATA,NO DATA,Oak Grove Ave,NO DATA,NO DATA,25,1 - Rear End,South,004-95-310,000-38-900,NO DATA,NO DATA,NO DATA,Federal Aid Urban System (Class 2 TH's and 3 TH's,"SOUTH MAIN ST., BRATTLEBORO",0.22,S20421302,LRS,Property Damage Only,"(42.84056951, -72.55545536)"
1245,VT0130200,12BB07101,09/13/2012,FAU-2042(404 S. Main St),Brattleboro,NO DATA,NO DATA,NO DATA,NO DATA,Cross St,NO DATA,NO DATA,25,3 - Same Direction Sideswipe,NO DATA,004-95-251,000-38-993,NO DATA,NO DATA,NO DATA,Federal Aid Urban System (Class 2 TH's and 3 TH's,"SOUTH MAIN ST., BRATTLEBORO",0.17,S20421302,LRS,Property Damage Only,"(42.83986690, -72.55511470)"
1246,VT0130200,12BB00303,01/13/2012,FAU 5042(South Main St),Brattleboro,NO DATA,NO DATA,5,NO DATA,Cotton Mill Hill,NO DATA,NO DATA,25,1 - Rear End,NO DATA,004-95-582,000-37-626,NO DATA,NO DATA,NO DATA,Federal Aid Urban System (Class 2 TH's and 3 TH's,"SOUTH MAIN ST., BRATTLEBORO",0.08,S20421302,LRS,Property Damage Only,"(42.83859723, -72.55452825)"
1247,VT0130200,12BB00069,01/04/2012,FAU-2034 Oak Grove St,Brattleboro,NO DATA,NO DATA,NO DATA,NO DATA,Fuller Drive,NO DATA,NO DATA,25,3 - Same Direction Sideswipe,NO DATA,004-92-051,000-44-045,NO DATA,NO DATA,NO DATA,Federal Aid Urban System (Class 2 TH's and 3 TH's,"OAK GROVE AVE., BRATTLEBORO",0.1,S20341302,LRS,Property Damage Only,"(42.84211505, -72.56191299)"
1248,VT0130200,12BB02232,03/27/2012,FAU-2030 Maple St,Brattleboro,NO DATA,NO DATA,NO DATA,NO DATA,Canal St,NO DATA,NO DATA,25,"8 - No Turns, Thru moves only, Broadside ^<",South,004-59-898,001-66-762,NO DATA,NO DATA,NO DATA,Federal Aid Urban System (Class 2 TH's and 3 TH's,"MAPLE ST., BRATTLEBORO",1.11,S20301302,LRS,Injury,"(42.84378502, -72.56324599)"
1249,VT0130200,12BB02930,04/23/2012,FAU 2030 (Maple Street),Brattleboro,NO DATA,NO DATA,NO DATA,NO DATA,Canal St,NO DATA,NO DATA,25,NO DATA,NO DATA,NO DATA,NO DATA,NO DATA,NO DATA,NO DATA,Federal Aid Urban System (Class 2 TH's and 3 TH's,"MAPLE ST., BRATTLEBORO",1.11,S20301302,LRS,Property Damage Only,"(42.84378502, -72.56324599)"
1250,VT0130200,12BB06968,09/09/2012,FAU-2030 (81 Maple St),Brattleboro,NO DATA,NO DATA,NO DATA,NO DATA,Thompson House,NO DATA,NO DATA,25,NO DATA,NO DATA,NO DATA,NO DATA,NO DATA,NO DATA,NO DATA,Federal Aid Urban System (Class 2 TH's and 3 TH's,"MAPLE ST., BRATTLEBORO",0.95,S20301302,LRS,Injury,"(42.84457526, -72.56617292)"
1251,VT0130200,12BB01406,02/24/2012,FAU 2030 (Maple Street),Brattleboro,NO DATA,NO DATA,NO DATA,NO DATA,Guilford St,NO DATA,NO DATA,25,6 - Single Vehicle Crash,NO DATA,000-41-974,000-38-449,NO DATA,NO DATA,NO DATA,Federal Aid Urban System (Class 2 TH's and 3 TH's,"MAPLE ST., BRATTLEBORO",0,S20301302,LRS,Property Damage Only,"(42.84455843, -72.58292412)"
1252,VT0130200,12BB04257,06/10/2012,FAU-2028 Guilford/Route 9,Brattleboro,NO DATA,NO DATA,NO DATA,NO DATA,Memorial Park,NO DATA,NO DATA,25,NO DATA,NO DATA,NO DATA,NO DATA,NO DATA,NO DATA,NO DATA,Federal Aid Urban System (Class 2 TH's and 3 TH's,"GUILFORD ST., BRATTLEBORO",0.47,S20281302,LRS,Property Damage Only,"(42.85006662, -72.58511069)"
1253,VT0130200,12BB06860,09/01/2012,FAU-2028 Guilford St. Ext.,Brattleboro,NO DATA,NO DATA,NO DATA,NO DATA,Memorial Park,NO DATA,NO DATA,99,NO DATA,NO DATA,NO DATA,NO DATA,NO DATA,NO DATA,NO DATA,Federal Aid Urban System (Class 2 TH's and 3 TH's,"GUILFORD ST., BRATTLEBORO",0.35,S20281302,LRS,Property Damage Only,"(42.84872551, -72.58508489)"
1254,VT0130200,12BB04107,06/04/2012,FAU-2024 (179 Green St),Brattleboro,NO DATA,NO DATA,NO DATA,NO DATA,Green St School,300,Feet,25,NO DATA,NO DATA,004-94-575,000-39-131,NO DATA,NO DATA,NO DATA,Federal Aid Urban System (Class 2 TH's and 3 TH's,"GREEN ST., BRATTLEBORO",0.07,S20241302,LRS,Property Damage Only,"(42.85224050, -72.56530770)"
1255,VT0130200,12BB01596,03/03/2012,FAU-2022 (8 Flat St),Brattleboro,NO DATA,NO DATA,5,NO DATA,73 Main St,50,Feet,25,4 - Opp Direction Sideswipe,North,NO DATA,NO DATA,NO DATA,NO DATA,NO DATA,Federal Aid Urban System (Class 2 TH's and 3 TH's,"FLAT ST., BRATTLEBORO",0.17,S20221302,LRS,Property Damage Only,"(42.85145400, -72.55826072)"
1256,VT0130200,12BB04231,06/09/2012,FAU-2022 (47 Flat St),Brattleboro,NO DATA,NO DATA,NO DATA,NO DATA,Transportation Center,NO DATA,NO DATA,25,1 - Rear End,West,004-95-284,000-39-107,NO DATA,NO DATA,NO DATA,Federal Aid Urban System (Class 2 TH's and 3 TH's,"FLAT ST., BRATTLEBORO",0.12,S20221302,LRS,Property Damage Only,"(42.85132123, -72.55928615)"
1257,VT0130200,12BB02512,04/06/2012,FAU 2020 (Fairview Street),Brattleboro,NO DATA,NO DATA,NO DATA,NO DATA,Canal St,NO DATA,NO DATA,25,1 - Rear End,East,004-94-678,000-37-728,NO DATA,NO DATA,NO DATA,Federal Aid Urban System (Class 2 TH's and 3 TH's,"FAIRVIEW AVE., BRATTLEBORO",0.5,S20201302,LRS,Property Damage Only,"(42.83970499, -72.56489395)"