ID,Reporting Agency,Report Number,Date,Street Address,Town,Number,Number1,Number2,Number3,Intersection,Distance From Intersection,Distance Unit,Posted Speed,Direction of Collision,Direction from Intersection,Easting,Northing,Mile Marker,Mile Marker 1,Mile Marker 2,AOT Roadway,AOT Route,AOT Actual Mile,LRS Number,How Mapped,Crash Type,Location 1
1258,VT0130200,12BB09599,12/21/2012,FAU-2020 Fairview St,Brattleboro,NO DATA,NO DATA,NO DATA,NO DATA,Price Chopper Plaza,NO DATA,NO DATA,25,NO DATA,NO DATA,NO DATA,NO DATA,NO DATA,NO DATA,NO DATA,Federal Aid Urban System (Class 2 TH's and 3 TH's,"FAIRVIEW AVE., BRATTLEBORO",0.47,S20201302,LRS,Property Damage Only,"(42.83982337, -72.56545140)"
1259,VT0130200,12BB05841,08/01/2012,FAU-2020 Fairview St,Brattleboro,NO DATA,NO DATA,NO DATA,NO DATA,Maple St,NO DATA,NO DATA,25,"18 - Right Turn and Thru, Broadside ^<--",South,004-94-678,000-37-728,NO DATA,NO DATA,NO DATA,Federal Aid Urban System (Class 2 TH's and 3 TH's,"FAIRVIEW AVE., BRATTLEBORO",0,S20201302,LRS,Property Damage Only,"(42.84458252, -72.57105198)"
1260,VT0130200,12BB08322,11/01/2012,FAU-2018 Fairground Rd,Brattleboro,NO DATA,NO DATA,NO DATA,NO DATA,Atwood St,NO DATA,NO DATA,25,1 - Rear End,North,004-94-866,000-37-568,NO DATA,NO DATA,NO DATA,Federal Aid Urban System (Class 2 TH's and 3 TH's,"FAIRGROUND ROAD, BRATTLEBORO",0.14,S20181302,LRS,Injury,"(42.83806654, -72.56261119)"
1261,VT0130200,12BB00604,01/24/2012,FAU 2012 (Fairground Rd),Brattleboro,NO DATA,NO DATA,NO DATA,NO DATA,Atwood Street,NO DATA,NO DATA,25,1 - Rear End,NO DATA,004-94-652,000-37-628,NO DATA,NO DATA,NO DATA,Federal Aid Urban System (Class 2 TH's and 3 TH's,"FAIRGROUND ROAD, BRATTLEBORO",0.14,S20181302,LRS,Property Damage Only,"(42.83806654, -72.56261119)"
1262,VT0130200,12BB06341,08/17/2012,FAU-2018 (17 Fairground Rd),Brattleboro,NO DATA,NO DATA,NO DATA,NO DATA,NO DATA,NO DATA,NO DATA,25,NO DATA,NO DATA,004-94-714,000-37-610,NO DATA,NO DATA,NO DATA,Federal Aid Urban System (Class 2 TH's and 3 TH's,"FAIRGROUND ROAD, BRATTLEBORO",0.03,S20181302,LRS,Property Damage Only,"(42.83844920, -72.56472594)"
1263,VT0130200,12BB03433,05/11/2012,FAU-2018 Fairground Rd,Brattleboro,NO DATA,NO DATA,NO DATA,NO DATA,Walgreens,NO DATA,NO DATA,25,NO DATA,NO DATA,NO DATA,NO DATA,NO DATA,NO DATA,NO DATA,Federal Aid Urban System (Class 2 TH's and 3 TH's,"FAIRGROUND ROAD, BRATTLEBORO",0.02,S20181302,LRS,Property Damage Only,"(42.83848821, -72.56491666)"
1264,VT0130200,12BB01239,02/17/2012,FAU-2018 Fairground Rd,Brattleboro,NO DATA,NO DATA,NO DATA,NO DATA,Canal St,NO DATA,NO DATA,25,1 - Rear End,NO DATA,004-94-904,000-55-607,NO DATA,NO DATA,NO DATA,Federal Aid Urban System (Class 2 TH's and 3 TH's,"FAIRGROUND ROAD, BRATTLEBORO",0.02,S20181302,LRS,Property Damage Only,"(42.83848821, -72.56491666)"
1265,VT0130200,12BB08846,11/22/2012,FAU-2014 (15 Elm St),Brattleboro,NO DATA,NO DATA,NO DATA,NO DATA,Elm St Extension,NO DATA,NO DATA,25,7 - Other - Explain in Narrative,NO DATA,004-95-014,000-38-695,NO DATA,NO DATA,NO DATA,Federal Aid Urban System (Class 2 TH's and 3 TH's,"ELM ST., BRATTLEBORO",0.2,S20141302,LRS,Property Damage Only,"(42.85085409, -72.56098560)"
1266,VT0130200,12BB00495,01/20/2012,FAU-2014 (19 Elm St),Brattleboro,NO DATA,NO DATA,NO DATA,NO DATA,NO DATA,NO DATA,NO DATA,25,"8 - No Turns, Thru moves only, Broadside ^<",NO DATA,004-94-453,000-40-090,NO DATA,NO DATA,NO DATA,Federal Aid Urban System (Class 2 TH's and 3 TH's,"ELM ST., BRATTLEBORO",0.19,S20141302,LRS,Property Damage Only,"(42.85070537, -72.56094745)"
1267,VT0130200,12BB08000,10/20/2012,FAU-2014 (39 Elm St),Brattleboro,NO DATA,NO DATA,NO DATA,NO DATA,Frost St,NO DATA,NO DATA,25,1 - Rear End,NO DATA,004-94-990,000-38-876,NO DATA,NO DATA,NO DATA,Federal Aid Urban System (Class 2 TH's and 3 TH's,"ELM ST., BRATTLEBORO",0.15,S20141302,LRS,Property Damage Only,"(42.85011776, -72.56112854)"
1268,VT0130200,12BB05927,08/03/2012,FAU-2014 Elm St,Brattleboro,NO DATA,NO DATA,NO DATA,NO DATA,Flat St,NO DATA,NO DATA,25,NO DATA,NO DATA,NO DATA,NO DATA,NO DATA,NO DATA,NO DATA,Federal Aid Urban System (Class 2 TH's and 3 TH's,"ELM ST., BRATTLEBORO",0.15,S20141302,LRS,Property Damage Only,"(42.85011776, -72.56112854)"
1269,VT0130200,12BB01509,02/29/2012,FAU-2014 Fairground Rd,Brattleboro,NO DATA,NO DATA,NO DATA,NO DATA,25 Fairground,200,Feet,25,"12 - Left Turn and Thru, Same Direction Sideswipe/Angle Crash vv--",NO DATA,NO DATA,NO DATA,NO DATA,NO DATA,NO DATA,Federal Aid Urban System (Class 2 TH's and 3 TH's,"ELM ST., BRATTLEBORO",0.05,S20141302,LRS,Property Damage Only,"(42.84895804, -72.56097616)"
1270,VT0130200,12BB06799,09/04/2012,FAU-2012 (49 Elliot St),Brattleboro,NO DATA,NO DATA,NO DATA,NO DATA,Harmony Lot,NO DATA,NO DATA,25,NO DATA,West,004-95-269,000-39-107,NO DATA,NO DATA,NO DATA,Federal Aid Urban System (Class 2 TH's and 3 TH's,"ELLIOT ST., BRATTLEBORO",0.21,S20121302,LRS,Injury,"(42.85196067, -72.55929736)"
1271,VT0130200,12BB04982,07/03/2012,FAU-2012 Elliot St,Brattleboro,NO DATA,NO DATA,NO DATA,NO DATA,Elm St,NO DATA,NO DATA,25,"14 - Left Turn and Thru, Broadside v<--",NO DATA,004-94-984,000-39-027,NO DATA,NO DATA,NO DATA,Federal Aid Urban System (Class 2 TH's and 3 TH's,"ELLIOT ST., BRATTLEBORO",0.1,S20121302,LRS,Property Damage Only,"(42.85127525, -72.56121648)"
1272,VT0130200,12BB02334,03/31/2012,FAU 2012 (Elliot Street),Brattleboro,NO DATA,NO DATA,NO DATA,NO DATA,Frost Place,NO DATA,NO DATA,25,6 - Single Vehicle Crash,NO DATA,004-94-471,000-38-824,NO DATA,NO DATA,NO DATA,Federal Aid Urban System (Class 2 TH's and 3 TH's,"ELLIOT ST., BRATTLEBORO",0.04,S20121302,LRS,Injury,"(42.84997557, -72.56746354)"
1273,VT0130200,12BB09689,12/25/2012,FAU-2006 Cedar St,Brattleboro,NO DATA,NO DATA,NO DATA,NO DATA,Linden St,NO DATA,NO DATA,25,NO DATA,NO DATA,NO DATA,NO DATA,NO DATA,NO DATA,NO DATA,Federal Aid Urban System (Class 2 TH's and 3 TH's,"CEDAR ST., BRATTLEBORO",0.75,S20061302,LRS,Property Damage Only,"(42.86084596, -72.56517354)"
1274,VT0130200,12BB01249,02/18/2012,FAU 2006 (Cedar Street),Brattleboro,NO DATA,NO DATA,NO DATA,NO DATA,Linden St,5,Feet,25,3 - Same Direction Sideswipe,NO DATA,004-94-663,000-40-093,NO DATA,NO DATA,NO DATA,Federal Aid Urban System (Class 2 TH's and 3 TH's,"CEDAR ST., BRATTLEBORO",0.75,S20061302,LRS,Property Damage Only,"(42.86084596, -72.56517354)"
1275,VT0130200,12BB01630,03/04/2012,FAU 2006 (Cedar Street),Brattleboro,NO DATA,NO DATA,NO DATA,NO DATA,Retreat Trails,NO DATA,NO DATA,25,6 - Single Vehicle Crash,NO DATA,004-94-521,000-40-022,NO DATA,NO DATA,NO DATA,Federal Aid Urban System (Class 2 TH's and 3 TH's,"CEDAR ST., BRATTLEBORO",0.74,S20061302,LRS,Property Damage Only,"(42.86088787, -72.56534720)"
1276,VT0130200,12BB00480,01/19/2012,FAU 2006┬á (Cedar Street),Brattleboro,NO DATA,NO DATA,NO DATA,NO DATA,NO DATA,NO DATA,NO DATA,25,6 - Single Vehicle Crash,NO DATA,004-94-447,000-40-090,NO DATA,NO DATA,NO DATA,Federal Aid Urban System (Class 2 TH's and 3 TH's,"CEDAR ST., BRATTLEBORO",0.63,S20061302,LRS,Property Damage Only,"(42.86088608, -72.56689261)"
1277,VT0130200,12BB02929,04/23/2012,FAU-2006 Cedar St,Brattleboro,NO DATA,NO DATA,NO DATA,NO DATA,60 Cedar,NO DATA,NO DATA,25,1 - Rear End,NO DATA,004-94-388,000-39-312,NO DATA,NO DATA,NO DATA,Federal Aid Urban System (Class 2 TH's and 3 TH's,"CEDAR ST., BRATTLEBORO",0.12,S20061302,LRS,Property Damage Only,"(42.85400731, -72.56857809)"
1278,VT0130200,12BB09382,12/13/2012,FAU-2004 Bridge St,Brattleboro,NO DATA,NO DATA,NO DATA,NO DATA,Depot St,NO DATA,NO DATA,25,1 - Rear End,NO DATA,004-95-400,000-39-031,NO DATA,NO DATA,NO DATA,Federal Aid Urban System (Class 2 TH's and 3 TH's,"BRIDGE ST., VT 119, BRATTLEBORO",0.05,S20041302,LRS,Property Damage Only,"(42.85136792, -72.55642535)"
1279,VT0130200,12BB09415,12/14/2012,FAU-2004 Bridge St,Brattleboro,NO DATA,NO DATA,NO DATA,NO DATA,Depot Street,NO DATA,NO DATA,25,NO DATA,NO DATA,004-95-310,000-38-993,NO DATA,NO DATA,NO DATA,Federal Aid Urban System (Class 2 TH's and 3 TH's,"BRIDGE ST., VT 119, BRATTLEBORO",0.05,S20041302,LRS,Property Damage Only,"(42.85136792, -72.55642535)"
1280,VT0130200,12BB04074,06/01/2012,Route 119,Brattleboro,NO DATA,NO DATA,NO DATA,NO DATA,"Canal St, By Railroad Tracks",NO DATA,NO DATA,25,NO DATA,NO DATA,NO DATA,NO DATA,NO DATA,NO DATA,NO DATA,Federal Aid Urban System (Class 2 TH's and 3 TH's,"BRIDGE ST., VT 119, BRATTLEBORO",0.04,S20041302,LRS,Property Damage Only,"(42.85126116, -72.55655734)"
1287,VT0040100,2012BU004595,02/24/2012,FAU 5032 (144 North Street),Burlington,NO DATA,NO DATA,NO DATA,NO DATA,Murray St,NO DATA,Feet,25,NO DATA,East,NO DATA,NO DATA,NO DATA,NO DATA,NO DATA,Federal Aid Urban System (Class 2 TH's and 3 TH's,"NORTH ST., BURLINGTON",0.3,S50320403,LRS,Property Damage Only,"(44.48466212, -73.21632629)"
1288,VT0040100,2012BU012090,05/21/2012,FAU-5032 North St,Burlington,NO DATA,NO DATA,NO DATA,NO DATA,N Champlain St,NO DATA,NO DATA,25,"18 - Right Turn and Thru, Broadside ^<--",West,NO DATA,NO DATA,NO DATA,NO DATA,NO DATA,Federal Aid Urban System (Class 2 TH's and 3 TH's,"NORTH ST., BURLINGTON",0.23,S50320403,LRS,Injury,"(44.48462183, -73.21772516)"
1289,VT0040100,2012BU026622,10/15/2012,FAU-5032 (82 North St),Burlington,NO DATA,NO DATA,NO DATA,NO DATA,North Side Of St,10,Feet,25,5 - Rear-to-rear,East,NO DATA,NO DATA,NO DATA,NO DATA,NO DATA,Federal Aid Urban System (Class 2 TH's and 3 TH's,"NORTH ST., BURLINGTON",0.17,S50320403,LRS,Property Damage Only,"(44.48456614, -73.21892268)"
1290,VT0040100,2012BU19575,08/06/2012,FAU-5032 North St,Burlington,NO DATA,NO DATA,NO DATA,NO DATA,Park St,15,Feet,25,1 - Rear End,NO DATA,NO DATA,NO DATA,NO DATA,NO DATA,NO DATA,Federal Aid Urban System (Class 2 TH's and 3 TH's,"NORTH ST., BURLINGTON",0.15,S50320403,LRS,Property Damage Only,"(44.48454601, -73.21932169)"
1291,VT0040100,2012BU021286,08/23/2012,FAU-5032 North St,Burlington,NO DATA,NO DATA,NO DATA,NO DATA,70,75,Feet,25,7 - Other - Explain in Narrative,West,NO DATA,NO DATA,NO DATA,NO DATA,NO DATA,Federal Aid Urban System (Class 2 TH's and 3 TH's,"NORTH ST., BURLINGTON",0.13,S50320403,LRS,Injury,"(44.48453065, -73.21972114)"
1299,VT0040100,2012BU031809,12/17/2012,FAU-5028 (204 North Champlain Street),Burlington,NO DATA,NO DATA,NO DATA,NO DATA,N/A,NO DATA,NO DATA,25,1 - Rear End,NO DATA,NO DATA,NO DATA,NO DATA,NO DATA,NO DATA,Federal Aid Urban System (Class 2 TH's and 3 TH's,"N CHAMPLAIN ST., BURLINGTON",0.41,S50280403,LRS,Property Damage Only,"(44.48626110, -73.21786144)"
1300,VT0040100,2012BU013936,06/09/2012,FAU-5028 N Champlain St,Burlington,NO DATA,NO DATA,NO DATA,NO DATA,North St,NO DATA,NO DATA,25,3 - Same Direction Sideswipe,NO DATA,NO DATA,NO DATA,NO DATA,NO DATA,NO DATA,Federal Aid Urban System (Class 2 TH's and 3 TH's,"N CHAMPLAIN ST., BURLINGTON",0.3,S50280403,LRS,Property Damage Only,"(44.48466351, -73.21772839)"
1301,VT0040100,2012BU004287,02/20/2012,FAU 5028 (N Champlain Street),Burlington,NO DATA,NO DATA,NO DATA,NO DATA,North St,NO DATA,NO DATA,25,3 - Same Direction Sideswipe,NO DATA,NO DATA,NO DATA,NO DATA,NO DATA,NO DATA,Federal Aid Urban System (Class 2 TH's and 3 TH's,"N CHAMPLAIN ST., BURLINGTON",0.3,S50280403,LRS,Property Damage Only,"(44.48466351, -73.21772839)"
1302,VT0040100,2012BU015173,06/22/2012,FAU-5028 North Champlain Street,Burlington,NO DATA,NO DATA,NO DATA,NO DATA,88 North Champlain Street,100,Feet,25,3 - Same Direction Sideswipe,North,NO DATA,NO DATA,NO DATA,NO DATA,NO DATA,Federal Aid Urban System (Class 2 TH's and 3 TH's,"N CHAMPLAIN ST., BURLINGTON",0.21,S50280403,LRS,Property Damage Only,"(44.48335511, -73.21765717)"
1303,VT0040100,2012BU00486,01/06/2012,FAU 5028┬á (N Champlain Street),Burlington,NO DATA,NO DATA,NO DATA,NO DATA,Peru St,NO DATA,NO DATA,99,3 - Same Direction Sideswipe,NO DATA,NO DATA,NO DATA,NO DATA,NO DATA,NO DATA,Federal Aid Urban System (Class 2 TH's and 3 TH's,"N CHAMPLAIN ST., BURLINGTON",0.14,S50280403,LRS,Property Damage Only,"(44.48233882, -73.21756498)"
1310,VT0040100,2012BU003216,02/06/2012,FAU 5026 (North Ave),Burlington,NO DATA,NO DATA,NO DATA,NO DATA,Birch Ct,NO DATA,NO DATA,99,1 - Rear End,NO DATA,NO DATA,NO DATA,NO DATA,NO DATA,NO DATA,Federal Aid Urban System (Class 2 TH's and 3 TH's,"NORTH AVE., BURLINGTON",2.97,S50260403,LRS,Injury,"(44.51436504, -73.25488899)"
1311,VT0040100,2012BU021659,08/27/2012,FAU-5026 North Ave,Burlington,NO DATA,NO DATA,NO DATA,NO DATA,Cayuga Ct,NO DATA,NO DATA,30,"10 - Left Turn and Thru, Angle Broadside -->v--",East,NO DATA,NO DATA,NO DATA,NO DATA,NO DATA,Federal Aid Urban System (Class 2 TH's and 3 TH's,"NORTH AVE., BURLINGTON",2.9,S50260403,LRS,Property Damage Only,"(44.51368626, -73.25398944)"
1312,VT0040100,2012BU007080,03/24/2012,FAU-5026 (1455 North Ave),Burlington,NO DATA,NO DATA,NO DATA,NO DATA,Cross Pkwy,NO DATA,NO DATA,99,1 - Rear End,NO DATA,NO DATA,NO DATA,NO DATA,NO DATA,NO DATA,Federal Aid Urban System (Class 2 TH's and 3 TH's,"NORTH AVE., BURLINGTON",2.89,S50260403,LRS,Property Damage Only,"(44.51359238, -73.25385639)"
1313,VT0040100,2012BU04314,02/21/2012,FAU 5036 (Park Street),Burlington,NO DATA,NO DATA,NO DATA,NO DATA,Sherman St,10,Feet,25,1 - Rear End,South,NO DATA,NO DATA,NO DATA,NO DATA,NO DATA,Federal Aid Urban System (Class 2 TH's and 3 TH's,"PARK ST., BURLINGTON",0.11,S50360403,LRS,Injury,"(44.48188973, -73.21913593)"
1314,VT0040100,2012BU000464,01/06/2012,FAU 5038┬á (Pearl Street),Burlington,NO DATA,NO DATA,NO DATA,NO DATA,Greene St,40,Feet,25,3 - Same Direction Sideswipe,West,NO DATA,NO DATA,NO DATA,NO DATA,NO DATA,Federal Aid Urban System (Class 2 TH's and 3 TH's,"PEARL ST., BURLINGTON",0.58,S50380403,LRS,Property Damage Only,"(44.48060211, -73.20762165)"
1322,VT0040100,2012BU3834,02/14/2012,FAU 5026 (North Ave),Burlington,NO DATA,NO DATA,NO DATA,NO DATA,Woodbury Rd,NO DATA,NO DATA,25,3 - Same Direction Sideswipe,NO DATA,NO DATA,NO DATA,NO DATA,NO DATA,NO DATA,Federal Aid Urban System (Class 2 TH's and 3 TH's,"NORTH AVE., BURLINGTON",2.7,S50260403,LRS,Property Damage Only,"(44.51174687, -73.25135051)"
1323,VT0040100,2012BU015342,06/24/2012,FAU-5036 (42 Park Street),Burlington,NO DATA,NO DATA,NO DATA,NO DATA,Monroe Street,NO DATA,NO DATA,25,1 - Rear End,NO DATA,NO DATA,NO DATA,NO DATA,NO DATA,NO DATA,Federal Aid Urban System (Class 2 TH's and 3 TH's,"PARK ST., BURLINGTON",0.1,S50360403,LRS,Property Damage Only,"(44.48174242, -73.21912080)"
1324,VT0040100,2012BU027059,10/20/2012,FAU-5038 Pearl Street,Burlington,NO DATA,NO DATA,NO DATA,NO DATA,North Union Street,NO DATA,NO DATA,25,"8 - No Turns, Thru moves only, Broadside ^<",NO DATA,NO DATA,NO DATA,NO DATA,NO DATA,NO DATA,Federal Aid Urban System (Class 2 TH's and 3 TH's,"PEARL ST., BURLINGTON",0.49,S50380403,LRS,Injury,"(44.48055553, -73.20939129)"
1325,VT0040100,2012BU007290,03/26/2012,FAU-5038 (404 Pearl St),Burlington,NO DATA,NO DATA,NO DATA,NO DATA,Colchester Ave,NO DATA,NO DATA,25,1 - Rear End,NO DATA,NO DATA,NO DATA,NO DATA,NO DATA,NO DATA,Federal Aid Urban System (Class 2 TH's and 3 TH's,"PEARL ST., BURLINGTON",0.84,S50380403,LRS,Property Damage Only,"(44.48072943, -73.20250895)"
1326,VT0040100,2012BU013331,06/03/2012,FAU-5036 (42 Park Street),Burlington,NO DATA,NO DATA,NO DATA,NO DATA,Monroe Street,NO DATA,NO DATA,25,7 - Other - Explain in Narrative,NO DATA,NO DATA,NO DATA,NO DATA,NO DATA,NO DATA,Federal Aid Urban System (Class 2 TH's and 3 TH's,"PARK ST., BURLINGTON",0.1,S50360403,LRS,Property Damage Only,"(44.48174242, -73.21912080)"
1333,VT0040100,2012BU028130,10/31/2012,FAU-5026 North Avenue,Burlington,NO DATA,NO DATA,NO DATA,NO DATA,Heineberg Road,NO DATA,NO DATA,30,"10 - Left Turn and Thru, Angle Broadside -->v--",NO DATA,NO DATA,NO DATA,NO DATA,NO DATA,NO DATA,Federal Aid Urban System (Class 2 TH's and 3 TH's,"NORTH AVE., BURLINGTON",2.47,S50260403,LRS,Property Damage Only,"(44.50948647, -73.24830992)"
1334,VT0040100,2012BU0010199,05/01/2012,FAU-5026 North Ave,Burlington,NO DATA,NO DATA,NO DATA,NO DATA,Shore Rd,NO DATA,NO DATA,99,5 - Rear-to-rear,NO DATA,NO DATA,NO DATA,NO DATA,NO DATA,NO DATA,Federal Aid Urban System (Class 2 TH's and 3 TH's,"NORTH AVE., BURLINGTON",2.46,S50260403,LRS,Property Damage Only,"(44.50938530, -73.24817999)"
1335,VT0040100,2012BU020651,08/17/2012,FAU-5026 North Ave,Burlington,NO DATA,NO DATA,NO DATA,NO DATA,Shore Rd,NO DATA,NO DATA,30,"8 - No Turns, Thru moves only, Broadside ^<",North,NO DATA,NO DATA,NO DATA,NO DATA,NO DATA,Federal Aid Urban System (Class 2 TH's and 3 TH's,"NORTH AVE., BURLINGTON",2.46,S50260403,LRS,Injury,"(44.50938530, -73.24817999)"
1336,VT0040100,2012BU008604,04/11/2012,FAU-5038 Pearl St,Burlington,NO DATA,NO DATA,NO DATA,NO DATA,N Union St,NO DATA,NO DATA,99,3 - Same Direction Sideswipe,NO DATA,NO DATA,NO DATA,NO DATA,NO DATA,NO DATA,Federal Aid Urban System (Class 2 TH's and 3 TH's,"PEARL ST., BURLINGTON",0.49,S50380403,LRS,Property Damage Only,"(44.48055553, -73.20939129)"
1337,VT0040100,2012BU009574,04/23/2012,FAU 5026 (1205 North Ave),Burlington,NO DATA,NO DATA,NO DATA,NO DATA,Porier Pl,NO DATA,NO DATA,99,1 - Rear End,NO DATA,NO DATA,NO DATA,NO DATA,NO DATA,NO DATA,Federal Aid Urban System (Class 2 TH's and 3 TH's,"NORTH AVE., BURLINGTON",2.37,S50260403,LRS,Property Damage Only,"(44.50850197, -73.24697054)"
1338,VT0040100,2012BU014682,06/17/2012,FAU-5032 North St,Burlington,NO DATA,NO DATA,NO DATA,NO DATA,Russel St,40,Feet,25,3 - Same Direction Sideswipe,West,NO DATA,NO DATA,NO DATA,NO DATA,NO DATA,Federal Aid Urban System (Class 2 TH's and 3 TH's,"NORTH ST., BURLINGTON",0.75,S50320403,LRS,Property Damage Only,"(44.48491007, -73.20733293)"
1339,VT0040100,2012BU030267,11/28/2012,FAU-5026 North Ave,Burlington,NO DATA,NO DATA,NO DATA,NO DATA,Porior Place,NO DATA,NO DATA,25,3 - Same Direction Sideswipe,NO DATA,NO DATA,NO DATA,NO DATA,NO DATA,NO DATA,Federal Aid Urban System (Class 2 TH's and 3 TH's,"NORTH AVE., BURLINGTON",2.37,S50260403,LRS,Property Damage Only,"(44.50850197, -73.24697054)"
1340,VT0040100,2012BU00371,01/05/2012,FAU 5026 (North Ave),Burlington,NO DATA,NO DATA,NO DATA,NO DATA,Poirier Place,60,Feet,30,"8 - No Turns, Thru moves only, Broadside ^<",South,NO DATA,NO DATA,NO DATA,NO DATA,NO DATA,Federal Aid Urban System (Class 2 TH's and 3 TH's,"NORTH AVE., BURLINGTON",2.35,S50260403,LRS,Injury,"(44.50830220, -73.24669765)"
1341,VT0040100,2012BU011265,05/13/2012,FAU-5026 (1197 North Ave),Burlington,NO DATA,NO DATA,NO DATA,NO DATA,North Ave,NO DATA,NO DATA,30,3 - Same Direction Sideswipe,NO DATA,NO DATA,NO DATA,NO DATA,NO DATA,NO DATA,Federal Aid Urban System (Class 2 TH's and 3 TH's,"NORTH AVE., BURLINGTON",2.35,S50260403,LRS,Property Damage Only,"(44.50830220, -73.24669765)"
1342,VT0040100,2012BU11062,05/11/2012,FAU-5026 North Ave,Burlington,NO DATA,NO DATA,NO DATA,NO DATA,Poirier Pl,200,Feet,25,3 - Same Direction Sideswipe,West,NO DATA,NO DATA,NO DATA,NO DATA,NO DATA,Federal Aid Urban System (Class 2 TH's and 3 TH's,"NORTH AVE., BURLINGTON",2.33,S50260403,LRS,Property Damage Only,"(44.50810230, -73.24642495)"
1343,VT0040100,2012BU016074,07/01/2012,FAU-5032 (144 North St),Burlington,NO DATA,NO DATA,NO DATA,NO DATA,Rose St,5,Feet,99,7 - Other - Explain in Narrative,East,NO DATA,NO DATA,NO DATA,NO DATA,NO DATA,Federal Aid Urban System (Class 2 TH's and 3 TH's,"NORTH ST., BURLINGTON",0.31,S50320403,LRS,Injury,"(44.48467290, -73.21612684)"
1344,VT0040100,12BU018169,07/22/2012,FAU5032 (150 North St),Burlington,NO DATA,NO DATA,NO DATA,NO DATA,JRs Market,NO DATA,NO DATA,25,3 - Same Direction Sideswipe,West,NO DATA,NO DATA,NO DATA,NO DATA,NO DATA,Federal Aid Urban System (Class 2 TH's and 3 TH's,"NORTH ST., BURLINGTON",0.32,S50320403,LRS,Property Damage Only,"(44.48468155, -73.21592721)"
1345,VT0040100,2012BU026232,10/10/2012,FAU-5032 (158 North St),Burlington,NO DATA,NO DATA,NO DATA,NO DATA,Laundromat,NO DATA,NO DATA,25,1 - Rear End,West,NO DATA,NO DATA,NO DATA,NO DATA,NO DATA,Federal Aid Urban System (Class 2 TH's and 3 TH's,"NORTH ST., BURLINGTON",0.33,S50320403,LRS,Property Damage Only,"(44.48468841, -73.21572744)"
1346,VT0040100,2012BU005711,03/10/2012,FAU 5032 (166 North Street),Burlington,NO DATA,NO DATA,NO DATA,NO DATA,166 North St,NO DATA,NO DATA,25,3 - Same Direction Sideswipe,NO DATA,NO DATA,NO DATA,NO DATA,NO DATA,NO DATA,Federal Aid Urban System (Class 2 TH's and 3 TH's,"NORTH ST., BURLINGTON",0.34,S50320403,LRS,Injury,"(44.48469527, -73.21552766)"
1347,VT0040100,2012BU11076,05/11/2012,FAU-5032 North St,Burlington,NO DATA,NO DATA,NO DATA,NO DATA,Lafountain St,20,Feet,25,5 - Rear-to-rear,West,NO DATA,NO DATA,NO DATA,NO DATA,NO DATA,Federal Aid Urban System (Class 2 TH's and 3 TH's,"NORTH ST., BURLINGTON",0.35,S50320403,LRS,Property Damage Only,"(44.48470213, -73.21532788)"
1348,VT0040100,2012BU025563,10/04/2012,FAU-5036 Park Street,Burlington,NO DATA,NO DATA,NO DATA,NO DATA,Pearl Street,NO DATA,NO DATA,25,1 - Rear End,NO DATA,NO DATA,NO DATA,NO DATA,NO DATA,NO DATA,Federal Aid Urban System (Class 2 TH's and 3 TH's,"PARK ST., BURLINGTON",0,S50360403,LRS,Injury,"(44.48026615, -73.21902375)"
1356,VT0040100,2012BU013831,06/08/2012,FAU-5032 North St,Burlington,NO DATA,NO DATA,NO DATA,NO DATA,Elmwood Ave,NO DATA,NO DATA,25,2 - Head On,NO DATA,NO DATA,NO DATA,NO DATA,NO DATA,NO DATA,Federal Aid Urban System (Class 2 TH's and 3 TH's,"NORTH ST., BURLINGTON",0.42,S50320403,LRS,Injury,"(44.48475226, -73.21392955)"
1357,VT0040100,2012BU002642,01/30/2012,FAU 5032 (North Street),Burlington,NO DATA,NO DATA,NO DATA,NO DATA,Elmwood Ave,NO DATA,NO DATA,25,"8 - No Turns, Thru moves only, Broadside ^<",NO DATA,NO DATA,NO DATA,NO DATA,NO DATA,NO DATA,Federal Aid Urban System (Class 2 TH's and 3 TH's,"NORTH ST., BURLINGTON",0.42,S50320403,LRS,Property Damage Only,"(44.48475226, -73.21392955)"
1358,VT0040100,2012BU006643,03/19/2012,FAU 5038 (394 Pearl Street),Burlington,NO DATA,NO DATA,NO DATA,NO DATA,394 Pearl St,NO DATA,NO DATA,25,"8 - No Turns, Thru moves only, Broadside ^<",NO DATA,NO DATA,NO DATA,NO DATA,NO DATA,NO DATA,Federal Aid Urban System (Class 2 TH's and 3 TH's,"PEARL ST., BURLINGTON",0.83,S50380403,LRS,Property Damage Only,"(44.48072683, -73.20270569)"
1359,VT0040100,2012BU019612,08/07/2012,FAU-5032 (191 North St),Burlington,NO DATA,NO DATA,NO DATA,NO DATA,Elmwood Ave,75,Feet,25,"8 - No Turns, Thru moves only, Broadside ^<",West,NO DATA,NO DATA,NO DATA,NO DATA,NO DATA,Federal Aid Urban System (Class 2 TH's and 3 TH's,"NORTH ST., BURLINGTON",0.4,S50320403,LRS,Property Damage Only,"(44.48473790, -73.21432907)"
1360,VT0040100,2012BU019666,08/07/2012,FAU-5032 North St,Burlington,NO DATA,NO DATA,NO DATA,NO DATA,#240 North St,500,Feet,25,3 - Same Direction Sideswipe,West,NO DATA,NO DATA,NO DATA,NO DATA,NO DATA,Federal Aid Urban System (Class 2 TH's and 3 TH's,"NORTH ST., BURLINGTON",0.4,S50320403,LRS,Property Damage Only,"(44.48473790, -73.21432907)"
1367,VT0040100,2012BU021997,08/30/2012,FAU-5026 North Ave,Burlington,NO DATA,NO DATA,NO DATA,NO DATA,Leddy Rd,NO DATA,NO DATA,30,"8 - No Turns, Thru moves only, Broadside ^<",NO DATA,NO DATA,NO DATA,NO DATA,NO DATA,NO DATA,Federal Aid Urban System (Class 2 TH's and 3 TH's,"NORTH AVE., BURLINGTON",2.1,S50260403,LRS,Property Damage Only,"(44.50579327, -73.24330438)"
1368,VT0040100,2012BU015584,06/27/2012,FAU-5026 (1073 North Ave),Burlington,NO DATA,NO DATA,NO DATA,NO DATA,North Ave,NO DATA,NO DATA,30,"8 - No Turns, Thru moves only, Broadside ^<",NO DATA,NO DATA,NO DATA,NO DATA,NO DATA,NO DATA,Federal Aid Urban System (Class 2 TH's and 3 TH's,"NORTH AVE., BURLINGTON",2.08,S50260403,LRS,Injury,"(44.50559265, -73.24303272)"
1369,VT0040100,2012BU022847,09/07/2012,FAU-5026 North Ave,Burlington,NO DATA,NO DATA,NO DATA,NO DATA,Leonard St,NO DATA,NO DATA,25,"8 - No Turns, Thru moves only, Broadside ^<",NO DATA,NO DATA,NO DATA,NO DATA,NO DATA,NO DATA,Federal Aid Urban System (Class 2 TH's and 3 TH's,"NORTH AVE., BURLINGTON",2.07,S50260403,LRS,Property Damage Only,"(44.50549189, -73.24289755)"
1370,VT0040100,2012BU012571,05/26/2012,FAU-5026 North Ave,Burlington,NO DATA,NO DATA,NO DATA,NO DATA,Lakewood Pkwy,NO DATA,NO DATA,30,1 - Rear End,NO DATA,NO DATA,NO DATA,NO DATA,NO DATA,NO DATA,Federal Aid Urban System (Class 2 TH's and 3 TH's,"NORTH AVE., BURLINGTON",2.01,S50260403,LRS,Injury,"(44.50488731, -73.24208652)"
1371,VT0040100,2012BU005988,03/13/2012,FAU 5026 (North Ave),Burlington,NO DATA,NO DATA,NO DATA,NO DATA,Lakewood Pkwy,NO DATA,NO DATA,99,1 - Rear End,NO DATA,NO DATA,NO DATA,NO DATA,NO DATA,NO DATA,Federal Aid Urban System (Class 2 TH's and 3 TH's,"NORTH AVE., BURLINGTON",2,S50260403,LRS,Injury,"(44.50478652, -73.24195140)"