ID,Reporting Agency,Report Number,Date,Street Address,Town,Number,Number1,Number2,Number3,Intersection,Distance From Intersection,Distance Unit,Posted Speed,Direction of Collision,Direction from Intersection,Easting,Northing,Mile Marker,Mile Marker 1,Mile Marker 2,AOT Roadway,AOT Route,AOT Actual Mile,LRS Number,How Mapped,Crash Type,Location 1
1372,VT0040100,2012BU011767,05/18/2012,FAU-5038 Pearl St,Burlington,NO DATA,NO DATA,NO DATA,NO DATA,Battery St,NO DATA,NO DATA,25,3 - Same Direction Sideswipe,NO DATA,NO DATA,NO DATA,NO DATA,NO DATA,NO DATA,Federal Aid Urban System (Class 2 TH's and 3 TH's,"PEARL ST., BURLINGTON",0,S50380403,LRS,Property Damage Only,"(44.48026615, -73.21902375)"
1373,VT0040100,2012BU032289,12/23/2012,FAU-5026 (1036 North Avenue),Burlington,NO DATA,NO DATA,NO DATA,NO DATA,N/A,NO DATA,NO DATA,30,2 - Head On,NO DATA,NO DATA,NO DATA,NO DATA,NO DATA,NO DATA,Federal Aid Urban System (Class 2 TH's and 3 TH's,"NORTH AVE., BURLINGTON",2,S50260403,LRS,Property Damage Only,"(44.50478652, -73.24195140)"
1374,VT0040100,12BU21159,08/22/2012,FAU-5026 Noth Ave/Ethan Allen Parkway,Burlington,NO DATA,NO DATA,NO DATA,NO DATA,Ethan Allen Parkway,200,Feet,30,3 - Same Direction Sideswipe,North,NO DATA,NO DATA,NO DATA,NO DATA,NO DATA,Federal Aid Urban System (Class 2 TH's and 3 TH's,"NORTH AVE., BURLINGTON",1.94,S50260403,LRS,Property Damage Only,"(44.50416596, -73.24111216)"
1375,VT0040100,2012BU024112,09/18/2012,FAU-5026 North Ave,Burlington,NO DATA,NO DATA,NO DATA,NO DATA,Little Eagle Bay,1,Feet,30,1 - Rear End,East,NO DATA,NO DATA,NO DATA,NO DATA,NO DATA,Federal Aid Urban System (Class 2 TH's and 3 TH's,"NORTH AVE., BURLINGTON",1.9,S50260403,LRS,Property Damage Only,"(44.50374775, -73.24055936)"
1376,VT0040100,2012BU003717,02/13/2012,FAU 5038 (Pearl Street),Burlington,NO DATA,NO DATA,NO DATA,NO DATA,So Union St,NO DATA,NO DATA,25,"8 - No Turns, Thru moves only, Broadside ^<",NO DATA,NO DATA,NO DATA,NO DATA,NO DATA,NO DATA,Federal Aid Urban System (Class 2 TH's and 3 TH's,"PEARL ST., BURLINGTON",0.48,S50380403,LRS,Property Damage Only,"(44.48054855, -73.20958782)"
1377,VT0040100,2012BU028224,11/01/2012,FAU-5026 North Avenue,Burlington,NO DATA,NO DATA,NO DATA,NO DATA,Ethan Allen Parkway,NO DATA,NO DATA,25,1 - Rear End,NO DATA,NO DATA,NO DATA,NO DATA,NO DATA,NO DATA,Federal Aid Urban System (Class 2 TH's and 3 TH's,"NORTH AVE., BURLINGTON",1.9,S50260403,LRS,Injury,"(44.50374775, -73.24055936)"
1378,VT0040100,2012BU009994,04/28/2012,FAU-5026 North Ave/Ethan Allen Pkwy,Burlington,NO DATA,NO DATA,NO DATA,NO DATA,North Ave,NO DATA,NO DATA,30,"10 - Left Turn and Thru, Angle Broadside -->v--",NO DATA,NO DATA,NO DATA,NO DATA,NO DATA,NO DATA,Federal Aid Urban System (Class 2 TH's and 3 TH's,"NORTH AVE., BURLINGTON",1.9,S50260403,LRS,Injury,"(44.50374775, -73.24055936)"
1379,VT0040100,2012BU013063,05/31/2012,FAU-5026 North Avenue,Burlington,NO DATA,NO DATA,NO DATA,NO DATA,Little Eagle Bay,NO DATA,NO DATA,30,3 - Same Direction Sideswipe,NO DATA,NO DATA,NO DATA,NO DATA,NO DATA,NO DATA,Federal Aid Urban System (Class 2 TH's and 3 TH's,"NORTH AVE., BURLINGTON",1.9,S50260403,LRS,Property Damage Only,"(44.50374775, -73.24055936)"
1380,VT0040100,2012BU016527,07/06/2012,FAU-5026 NORTH AVE,Burlington,NO DATA,NO DATA,NO DATA,NO DATA,Ethan Allen,NO DATA,NO DATA,99,1 - Rear End,NO DATA,NO DATA,NO DATA,NO DATA,NO DATA,NO DATA,Federal Aid Urban System (Class 2 TH's and 3 TH's,"NORTH AVE., BURLINGTON",1.9,S50260403,LRS,Property Damage Only,"(44.50374775, -73.24055936)"
1381,VT0040100,2012BU011059,05/11/2012,FAU-5026 North Ave,Burlington,NO DATA,NO DATA,NO DATA,NO DATA,Ethan Allen Pkwy,NO DATA,NO DATA,30,3 - Same Direction Sideswipe,NO DATA,NO DATA,NO DATA,NO DATA,NO DATA,NO DATA,Federal Aid Urban System (Class 2 TH's and 3 TH's,"NORTH AVE., BURLINGTON",1.9,S50260403,LRS,Property Damage Only,"(44.50374775, -73.24055936)"
1382,VT0040100,2012BU008966,04/15/2012,FAU-5026 North Ave,Burlington,NO DATA,NO DATA,NO DATA,NO DATA,Ethan Allen Pkwy,NO DATA,NO DATA,99,3 - Same Direction Sideswipe,NO DATA,NO DATA,NO DATA,NO DATA,NO DATA,NO DATA,Federal Aid Urban System (Class 2 TH's and 3 TH's,"NORTH AVE., BURLINGTON",1.9,S50260403,LRS,Property Damage Only,"(44.50374775, -73.24055936)"
1389,VT0040100,12BU017003,07/10/2012,FAU-5026 North Ave,Burlington,NO DATA,NO DATA,NO DATA,NO DATA,Route 127 Ramp,NO DATA,NO DATA,25,2 - Head On,NO DATA,NO DATA,NO DATA,NO DATA,NO DATA,NO DATA,Federal Aid Urban System (Class 2 TH's and 3 TH's,"NORTH AVE., BURLINGTON",1.62,S50260403,LRS,Injury,"(44.50095205, -73.23672041)"
1390,VT0040100,2012BU029170,11/13/2012,FAU-5026 (764 North Ave),Burlington,NO DATA,NO DATA,NO DATA,NO DATA,Rte 127,100,Feet,30,1 - Rear End,South,NO DATA,NO DATA,NO DATA,NO DATA,NO DATA,Federal Aid Urban System (Class 2 TH's and 3 TH's,"NORTH AVE., BURLINGTON",1.55,S50260403,LRS,Property Damage Only,"(44.50025621, -73.23579348)"
1391,VT0040100,12BU21138,08/22/2012,FAU-5038 (58 Pearl St),Burlington,NO DATA,NO DATA,NO DATA,NO DATA,North Champlain,100,Feet,25,7 - Other - Explain in Narrative,East,NO DATA,NO DATA,NO DATA,NO DATA,NO DATA,Federal Aid Urban System (Class 2 TH's and 3 TH's,"PEARL ST., BURLINGTON",0.13,S50380403,LRS,Property Damage Only,"(44.48032706, -73.21646724)"
1392,VT0040100,2012BU00829,01/10/2012,FAU 5026 (North Ave),Burlington,NO DATA,NO DATA,NO DATA,NO DATA,Institute Rd,10,Feet,25,"10 - Left Turn and Thru, Angle Broadside -->v--",South,NO DATA,NO DATA,NO DATA,NO DATA,NO DATA,Federal Aid Urban System (Class 2 TH's and 3 TH's,"NORTH AVE., BURLINGTON",1.25,S50260403,LRS,Property Damage Only,"(44.49713462, -73.23232421)"
1393,VT0040100,2012BU007002,03/23/2012,FAU 5026 (351 North Ave),Burlington,NO DATA,NO DATA,NO DATA,NO DATA,351 North Ave,200,Feet,25,1 - Rear End,South,NO DATA,NO DATA,NO DATA,NO DATA,NO DATA,Federal Aid Urban System (Class 2 TH's and 3 TH's,"NORTH AVE., BURLINGTON",0.67,S50260403,LRS,Injury,"(44.49019994, -73.22689352)"
1401,VT0040100,2012BU04424,02/22/2012,FAU 5026┬á (North Ave),Burlington,NO DATA,NO DATA,NO DATA,NO DATA,North Street,NO DATA,NO DATA,25,"8 - No Turns, Thru moves only, Broadside ^<",NO DATA,NO DATA,NO DATA,NO DATA,NO DATA,NO DATA,Federal Aid Urban System (Class 2 TH's and 3 TH's,"NORTH AVE., BURLINGTON",0.19,S50260403,LRS,Property Damage Only,"(44.48443812, -73.22231795)"
1402,VT0040100,2012BU028651,11/07/2012,fFAU-5026 (58 North Ave),Burlington,NO DATA,NO DATA,NO DATA,NO DATA,North St,NO DATA,NO DATA,25,"8 - No Turns, Thru moves only, Broadside ^<",NO DATA,NO DATA,NO DATA,NO DATA,NO DATA,NO DATA,Federal Aid Urban System (Class 2 TH's and 3 TH's,"NORTH AVE., BURLINGTON",0.13,S50260403,LRS,Property Damage Only,"(44.48366421, -73.22173435)"
1403,VT0040100,2012BU025282,09/30/2012,FAU-5038 (223 Pearl St),Burlington,NO DATA,NO DATA,NO DATA,NO DATA,#1,NO DATA,NO DATA,25,7 - Other - Explain in Narrative,NO DATA,NO DATA,NO DATA,NO DATA,NO DATA,NO DATA,Federal Aid Urban System (Class 2 TH's and 3 TH's,"PEARL ST., BURLINGTON",0.47,S50380403,LRS,Property Damage Only,"(44.48054156, -73.20978435)"
1404,VT0040100,2012BU014804,06/19/2012,FAU-5026 (1 North Ave),Burlington,NO DATA,NO DATA,NO DATA,NO DATA,Burlington Police Dept,NO DATA,NO DATA,25,1 - Rear End,West,NO DATA,NO DATA,NO DATA,NO DATA,NO DATA,Federal Aid Urban System (Class 2 TH's and 3 TH's,"NORTH AVE., BURLINGTON",0.03,S50260403,LRS,Property Damage Only,"(44.48238484, -73.22073306)"
1405,VT0040100,2012BU009327,04/19/2012,FAU 5024┬á (Manhattan Dr),Burlington,NO DATA,NO DATA,NO DATA,NO DATA,N Champlain St,NO DATA,NO DATA,99,1 - Rear End,NO DATA,NO DATA,NO DATA,NO DATA,NO DATA,NO DATA,Federal Aid Urban System (Class 2 TH's and 3 TH's,"MANHATTAN DRIVE, BURLINGTON",0.07,S50240403,LRS,Property Damage Only,"(44.48756872, -73.21795699)"
1406,VT0040100,2012BU015124,06/22/2012,FAU-5024 Manhattan Dr,Burlington,NO DATA,NO DATA,NO DATA,NO DATA,Park St,10,Feet,25,"8 - No Turns, Thru moves only, Broadside ^<",North,NO DATA,NO DATA,NO DATA,NO DATA,NO DATA,Federal Aid Urban System (Class 2 TH's and 3 TH's,"MANHATTAN DRIVE, BURLINGTON",0,S50240403,LRS,Property Damage Only,"(44.48749640, -73.21943831)"
1407,VT0040100,2012BU018063,07/21/2012,FAU-5024 Mahattan Dr,Burlington,NO DATA,NO DATA,NO DATA,NO DATA,Park St,NO DATA,NO DATA,25,"8 - No Turns, Thru moves only, Broadside ^<",NO DATA,NO DATA,NO DATA,NO DATA,NO DATA,NO DATA,Federal Aid Urban System (Class 2 TH's and 3 TH's,"MANHATTAN DRIVE, BURLINGTON",0,S50240403,LRS,Property Damage Only,"(44.48749640, -73.21943831)"
1408,VT0040100,2012BU028907,11/10/2012,FAU-5022 Main Street,Burlington,NO DATA,NO DATA,NO DATA,NO DATA,South Prospect Street,20,Feet,25,1 - Rear End,West,NO DATA,NO DATA,NO DATA,NO DATA,NO DATA,Federal Aid Urban System (Class 2 TH's and 3 TH's,"MAIN ST., BURLINGTON",0.71,S50220403,LRS,Injury,"(44.47620136, -73.20566317)"
1409,VT0040100,2012BU08885,04/14/2012,FAU-5022 Main St,Burlington,NO DATA,NO DATA,NO DATA,NO DATA,S Willard St,NO DATA,NO DATA,25,1 - Rear End,NO DATA,NO DATA,NO DATA,NO DATA,NO DATA,NO DATA,Federal Aid Urban System (Class 2 TH's and 3 TH's,"MAIN ST., BURLINGTON",0.71,S50220403,LRS,Property Damage Only,"(44.47620136, -73.20566317)"
1410,VT0040100,2012BU019093,08/01/2012,FAU-5022 Main St,Burlington,NO DATA,NO DATA,NO DATA,NO DATA,S Willard St,NO DATA,NO DATA,25,1 - Rear End,NO DATA,NO DATA,NO DATA,NO DATA,NO DATA,NO DATA,Federal Aid Urban System (Class 2 TH's and 3 TH's,"MAIN ST., BURLINGTON",0.71,S50220403,LRS,Property Damage Only,"(44.47620136, -73.20566317)"
1411,VT0040100,2012BU009041,04/16/2012,FAU-5022 Main St,Burlington,NO DATA,NO DATA,NO DATA,NO DATA,Prospect St,10,Feet,25,1 - Rear End,West,NO DATA,NO DATA,NO DATA,NO DATA,NO DATA,Federal Aid Urban System (Class 2 TH's and 3 TH's,"MAIN ST., BURLINGTON",0.71,S50220403,LRS,Property Damage Only,"(44.47620136, -73.20566317)"
1412,VT0040100,2012BU08802,04/13/2012,FAU-5022Main St,Burlington,NO DATA,NO DATA,NO DATA,NO DATA,S Willard St,NO DATA,NO DATA,25,1 - Rear End,NO DATA,NO DATA,NO DATA,NO DATA,NO DATA,NO DATA,Federal Aid Urban System (Class 2 TH's and 3 TH's,"MAIN ST., BURLINGTON",0.71,S50220403,LRS,Property Damage Only,"(44.47620136, -73.20566317)"
1413,VT0040100,12BU016829,07/09/2012,FAU-5022 (324 Main St),Burlington,NO DATA,NO DATA,NO DATA,NO DATA,S Willard St,NO DATA,NO DATA,25,5 - Rear-to-rear,NO DATA,NO DATA,NO DATA,NO DATA,NO DATA,NO DATA,Federal Aid Urban System (Class 2 TH's and 3 TH's,"MAIN ST., BURLINGTON",0.68,S50220403,LRS,Property Damage Only,"(44.47616225, -73.20621073)"
1414,VT0040100,2012BU030121,11/26/2012,FAU-5022 (308 Main St),Burlington,NO DATA,NO DATA,NO DATA,NO DATA,S Willard St,70,Feet,25,1 - Rear End,West,NO DATA,NO DATA,NO DATA,NO DATA,NO DATA,Federal Aid Urban System (Class 2 TH's and 3 TH's,"MAIN ST., BURLINGTON",0.64,S50220403,LRS,Property Damage Only,"(44.47613795, -73.20694409)"
1415,VT0040100,2012BU031941,12/19/2012,FAU-5022 Main Street,Burlington,NO DATA,NO DATA,NO DATA,NO DATA,Union Street,299,Feet,25,3 - Same Direction Sideswipe,East,NO DATA,NO DATA,NO DATA,NO DATA,NO DATA,Federal Aid Urban System (Class 2 TH's and 3 TH's,"MAIN ST., BURLINGTON",0.59,S50220403,LRS,Property Damage Only,"(44.47610717, -73.20786075)"
1416,VT0040100,2012BU31941,12/19/2012,FAU-5022 Main Street,Burlington,NO DATA,NO DATA,NO DATA,NO DATA,Union Street,200,Feet,25,3 - Same Direction Sideswipe,East,NO DATA,NO DATA,NO DATA,NO DATA,NO DATA,Federal Aid Urban System (Class 2 TH's and 3 TH's,"MAIN ST., BURLINGTON",0.57,S50220403,LRS,Property Damage Only,"(44.47609204, -73.20822722)"
1417,VT0040100,2012BU025993,10/08/2012,FAU-5022 (275 Main Street),Burlington,NO DATA,NO DATA,NO DATA,NO DATA,N/A,NO DATA,NO DATA,10,3 - Same Direction Sideswipe,NO DATA,NO DATA,NO DATA,NO DATA,NO DATA,NO DATA,Federal Aid Urban System (Class 2 TH's and 3 TH's,"MAIN ST., BURLINGTON",0.56,S50220403,LRS,Property Damage Only,"(44.47608682, -73.20841060)"
1418,VT0040100,2012BU012192,05/22/2012,FAU-5040 Pine St,Burlington,NO DATA,NO DATA,NO DATA,NO DATA,Flynn Ave,NO DATA,NO DATA,25,"18 - Right Turn and Thru, Broadside ^<--",North,NO DATA,NO DATA,NO DATA,NO DATA,NO DATA,Federal Aid Urban System (Class 2 TH's and 3 TH's,"PINE ST., BURLINGTON",0,S50400403,LRS,Injury,"(44.45544086, -73.21418453)"
1419,VT0040100,2012BU020773,08/18/2012,FAU-5038 (58 Pearl St),Burlington,NO DATA,NO DATA,NO DATA,NO DATA,N Champlain St,180,Feet,25,"12 - Left Turn and Thru, Same Direction Sideswipe/Angle Crash vv--",East,NO DATA,NO DATA,NO DATA,NO DATA,NO DATA,Federal Aid Urban System (Class 2 TH's and 3 TH's,"PEARL ST., BURLINGTON",0.13,S50380403,LRS,Property Damage Only,"(44.48032706, -73.21646724)"
1420,VT0040100,12BU017123,07/12/2012,FAU-5022 Main St,Burlington,NO DATA,NO DATA,NO DATA,NO DATA,S Union St,NO DATA,Feet,25,5 - Rear-to-rear,NO DATA,NO DATA,NO DATA,NO DATA,NO DATA,NO DATA,Federal Aid Urban System (Class 2 TH's and 3 TH's,"MAIN ST., BURLINGTON",0.53,S50220403,LRS,Property Damage Only,"(44.47606240, -73.20895996)"
1421,VT0040100,2012BU027580,10/25/2012,FAU-5022 Main Street,Burlington,NO DATA,NO DATA,NO DATA,NO DATA,South Union Street,NO DATA,NO DATA,25,"8 - No Turns, Thru moves only, Broadside ^<",NO DATA,NO DATA,NO DATA,NO DATA,NO DATA,NO DATA,Federal Aid Urban System (Class 2 TH's and 3 TH's,"MAIN ST., BURLINGTON",0.53,S50220403,LRS,Property Damage Only,"(44.47606240, -73.20895996)"
1422,VT0040100,2012BU008980,04/15/2012,FAU-5022 Main St,Burlington,NO DATA,NO DATA,NO DATA,NO DATA,S Union St,NO DATA,NO DATA,30,6 - Single Vehicle Crash,NO DATA,NO DATA,NO DATA,NO DATA,NO DATA,NO DATA,Federal Aid Urban System (Class 2 TH's and 3 TH's,"MAIN ST., BURLINGTON",0.53,S50220403,LRS,Injury,"(44.47606240, -73.20895996)"
1423,VT0040100,2012BU012127,05/22/2012,FAU-5022 Main St,Burlington,NO DATA,NO DATA,NO DATA,NO DATA,S Union St,NO DATA,NO DATA,99,7 - Other - Explain in Narrative,NO DATA,NO DATA,NO DATA,NO DATA,NO DATA,NO DATA,Federal Aid Urban System (Class 2 TH's and 3 TH's,"MAIN ST., BURLINGTON",0.53,S50220403,LRS,Property Damage Only,"(44.47606240, -73.20895996)"
1424,VT0040100,2012BU019392,08/04/2012,FAU-5022 (250 Main St),Burlington,NO DATA,NO DATA,NO DATA,NO DATA,So Union St/ College St,100,Feet,10,7 - Other - Explain in Narrative,East,NO DATA,NO DATA,NO DATA,NO DATA,NO DATA,Federal Aid Urban System (Class 2 TH's and 3 TH's,"MAIN ST., BURLINGTON",0.53,S50220403,LRS,Property Damage Only,"(44.47606240, -73.20895996)"
1425,VT0040100,2012BU008522,04/10/2012,FAU 5022 (Main Stret),Burlington,NO DATA,NO DATA,NO DATA,NO DATA,S Union St,NO DATA,NO DATA,99,1 - Rear End,NO DATA,NO DATA,NO DATA,NO DATA,NO DATA,NO DATA,Federal Aid Urban System (Class 2 TH's and 3 TH's,"MAIN ST., BURLINGTON",0.52,S50220403,LRS,Injury,"(44.47606177, -73.20914328)"
1426,VT0040100,2012BU009656,04/24/2012,FAU 5022 (Main St),Burlington,NO DATA,NO DATA,NO DATA,NO DATA,S Union St,NO DATA,NO DATA,99,3 - Same Direction Sideswipe,NO DATA,NO DATA,NO DATA,NO DATA,NO DATA,NO DATA,Federal Aid Urban System (Class 2 TH's and 3 TH's,"MAIN ST., BURLINGTON",0.52,S50220403,LRS,Property Damage Only,"(44.47606177, -73.20914328)"
1427,VT0040100,2012BU023407,08/12/2012,FAU-5022 (242 Main St),Burlington,NO DATA,NO DATA,NO DATA,NO DATA,242,500,Feet,25,7 - Other - Explain in Narrative,East,NO DATA,NO DATA,NO DATA,NO DATA,NO DATA,Federal Aid Urban System (Class 2 TH's and 3 TH's,"MAIN ST., BURLINGTON",0.49,S50220403,LRS,Property Damage Only,"(44.47604511, -73.20969339)"
1428,VT0040100,2012BU010358,05/03/2012,FAU-5022 Main St,Burlington,NO DATA,NO DATA,NO DATA,NO DATA,S Winooski Ave,50,Feet,30,1 - Rear End,East,NO DATA,NO DATA,NO DATA,NO DATA,NO DATA,Federal Aid Urban System (Class 2 TH's and 3 TH's,"MAIN ST., BURLINGTON",0.42,S50220403,LRS,Property Damage Only,"(44.47600593, -73.21097698)"
1435,VT0040100,2012BU020918,08/20/2012,FAU-5022 MAIN ST,Burlington,NO DATA,NO DATA,NO DATA,NO DATA,S WINOOSKI AVE,NO DATA,NO DATA,25,1 - Rear End,NO DATA,NO DATA,NO DATA,NO DATA,NO DATA,NO DATA,Federal Aid Urban System (Class 2 TH's and 3 TH's,"MAIN ST., BURLINGTON",0.41,S50220403,LRS,Injury,"(44.47600038, -73.21116035)"
1436,VT0040100,2012BU017997,07/20/2012,FAU-5022 Main St,Burlington,NO DATA,NO DATA,NO DATA,NO DATA,S Winooski Ave,NO DATA,NO DATA,25,7 - Other - Explain in Narrative,NO DATA,NO DATA,NO DATA,NO DATA,NO DATA,NO DATA,Federal Aid Urban System (Class 2 TH's and 3 TH's,"MAIN ST., BURLINGTON",0.41,S50220403,LRS,Property Damage Only,"(44.47600038, -73.21116035)"
1437,VT0040100,2012BU010979,05/10/2012,FAU-5022 Main St,Burlington,NO DATA,NO DATA,NO DATA,NO DATA,S Winooski Ave,20,Feet,25,3 - Same Direction Sideswipe,West,NO DATA,NO DATA,NO DATA,NO DATA,NO DATA,Federal Aid Urban System (Class 2 TH's and 3 TH's,"MAIN ST., BURLINGTON",0.41,S50220403,LRS,Property Damage Only,"(44.47600038, -73.21116035)"
1438,VT0040100,2012BU004753,02/26/2012,FAU 5022 (Main Street),Burlington,NO DATA,NO DATA,NO DATA,NO DATA,S Winooski Ave,NO DATA,NO DATA,99,"8 - No Turns, Thru moves only, Broadside ^<",NO DATA,NO DATA,NO DATA,NO DATA,NO DATA,NO DATA,Federal Aid Urban System (Class 2 TH's and 3 TH's,"MAIN ST., BURLINGTON",0.41,S50220403,LRS,Property Damage Only,"(44.47600038, -73.21116035)"
1439,VT0040100,2012BU004092,02/17/2012,FAU 5022 (Main Street),Burlington,NO DATA,NO DATA,NO DATA,NO DATA,S Winooski Ave,20,Feet,25,NO DATA,West,NO DATA,NO DATA,NO DATA,NO DATA,NO DATA,Federal Aid Urban System (Class 2 TH's and 3 TH's,"MAIN ST., BURLINGTON",0.41,S50220403,LRS,Property Damage Only,"(44.47600038, -73.21116035)"
1447,VT0040100,12BU015939,06/30/2012,FAU-5022 Main St,Burlington,NO DATA,NO DATA,NO DATA,NO DATA,Church St,NO DATA,NO DATA,25,1 - Rear End,West,NO DATA,NO DATA,NO DATA,NO DATA,NO DATA,Federal Aid Urban System (Class 2 TH's and 3 TH's,"MAIN ST., BURLINGTON",0.34,S50220403,LRS,Property Damage Only,"(44.47595707, -73.21244362)"
1448,VT0040100,2012BU031511,12/13/2012,FAU-5022 Main Street,Burlington,NO DATA,NO DATA,NO DATA,NO DATA,Pine Street,2,Feet,25,3 - Same Direction Sideswipe,East,NO DATA,NO DATA,NO DATA,NO DATA,NO DATA,Federal Aid Urban System (Class 2 TH's and 3 TH's,"MAIN ST., BURLINGTON",0.26,S50220403,LRS,Property Damage Only,"(44.47588663, -73.21390829)"
1449,VT0040100,2012BU028681,11/07/2012,FAU-5022 Main St,Burlington,NO DATA,NO DATA,NO DATA,NO DATA,St Paul St,NO DATA,NO DATA,25,3 - Same Direction Sideswipe,NO DATA,NO DATA,NO DATA,NO DATA,NO DATA,NO DATA,Federal Aid Urban System (Class 2 TH's and 3 TH's,"MAIN ST., BURLINGTON",0.26,S50220403,LRS,Property Damage Only,"(44.47588663, -73.21390829)"
1450,VT0040100,2012BU005225,03/03/2012,FAU 5022 (Main Street),Burlington,NO DATA,NO DATA,NO DATA,NO DATA,St Paul St,50,Feet,25,1 - Rear End,West,NO DATA,NO DATA,NO DATA,NO DATA,NO DATA,Federal Aid Urban System (Class 2 TH's and 3 TH's,"MAIN ST., BURLINGTON",0.26,S50220403,LRS,Property Damage Only,"(44.47588663, -73.21390829)"
1451,VT0040100,2012BU029048,11/12/2012,FAU-5038 Pearl Street,Burlington,NO DATA,NO DATA,NO DATA,NO DATA,North Williams Street,30,Feet,25,1 - Rear End,East,NO DATA,NO DATA,NO DATA,NO DATA,NO DATA,Federal Aid Urban System (Class 2 TH's and 3 TH's,"PEARL ST., BURLINGTON",0.78,S50380403,LRS,Property Damage Only,"(44.48070825, -73.20368919)"
1459,VT0040100,2012BU027201,10/21/2012,FAU-5038 (58 Pearl St),Burlington,NO DATA,NO DATA,NO DATA,NO DATA,Boves,NO DATA,NO DATA,25,3 - Same Direction Sideswipe,NO DATA,NO DATA,NO DATA,NO DATA,NO DATA,NO DATA,Federal Aid Urban System (Class 2 TH's and 3 TH's,"PEARL ST., BURLINGTON",0.13,S50380403,LRS,Property Damage Only,"(44.48032706, -73.21646724)"
1460,VT0040100,2012BU017555,07/16/2012,FAU-5022 (60 Main St),Burlington,NO DATA,NO DATA,NO DATA,NO DATA,S Champlain St,50,Feet,25,4 - Opp Direction Sideswipe,North,NO DATA,NO DATA,NO DATA,NO DATA,NO DATA,Federal Aid Urban System (Class 2 TH's and 3 TH's,"MAIN ST., BURLINGTON",0.06,S50220403,LRS,Property Damage Only,"(44.47575580, -73.21757439)"
1461,VT0040100,2012BU024209,09/19/2012,FAU-5022 Main St,Burlington,NO DATA,NO DATA,NO DATA,NO DATA,Battery St,50,Feet,25,7 - Other - Explain in Narrative,East,NO DATA,NO DATA,NO DATA,NO DATA,NO DATA,Federal Aid Urban System (Class 2 TH's and 3 TH's,"MAIN ST., BURLINGTON",0.01,S50220403,LRS,Property Damage Only,"(44.47572641, -73.21849110)"
1462,VT0040100,2012BU009350,04/19/2012,Pearl St,Burlington,NO DATA,NO DATA,NO DATA,NO DATA,No Champlain St,20,Feet,25,3 - Same Direction Sideswipe,East,NO DATA,NO DATA,NO DATA,NO DATA,NO DATA,Federal Aid Urban System (Class 2 TH's and 3 TH's,"PEARL ST., BURLINGTON",0.08,S50380403,LRS,Property Damage Only,"(44.48030407, -73.21745055)"
1463,VT0040100,2012BU024574,09/22/2012,FAU-5038 Pearl St,Burlington,NO DATA,NO DATA,NO DATA,NO DATA,S Winooski Ave,NO DATA,NO DATA,25,7 - Other - Explain in Narrative,NO DATA,NO DATA,NO DATA,NO DATA,NO DATA,NO DATA,Federal Aid Urban System (Class 2 TH's and 3 TH's,"PEARL ST., BURLINGTON",0.4,S50380403,LRS,Injury,"(44.48049152, -73.21115952)"
1464,VT0040100,2012BU025506,10/03/2012,FAU-5038 (355 Pearl St),Burlington,NO DATA,NO DATA,NO DATA,NO DATA,S Willard St,200,Feet,25,1 - Rear End,East,NO DATA,NO DATA,NO DATA,NO DATA,NO DATA,Federal Aid Urban System (Class 2 TH's and 3 TH's,"PEARL ST., BURLINGTON",0.75,S50380403,LRS,Property Damage Only,"(44.48069413, -73.20427919)"
1465,VT0040100,2012BU009232,04/18/2012,FAU-5038 (12 Pearl St),Burlington,NO DATA,NO DATA,NO DATA,NO DATA,Battery St,NO DATA,NO DATA,25,7 - Other - Explain in Narrative,East,NO DATA,NO DATA,NO DATA,NO DATA,NO DATA,Federal Aid Urban System (Class 2 TH's and 3 TH's,"PEARL ST., BURLINGTON",0.02,S50380403,LRS,Property Damage Only,"(44.48027900, -73.21863061)"
1466,VT0040100,2012BU006346,03/17/2012,FAU 5038 (Pearl Street),Burlington,NO DATA,NO DATA,NO DATA,NO DATA,N Winooski Ave,NO DATA,NO DATA,25,3 - Same Direction Sideswipe,East,NO DATA,NO DATA,NO DATA,NO DATA,NO DATA,Federal Aid Urban System (Class 2 TH's and 3 TH's,"PEARL ST., BURLINGTON",0.4,S50380403,LRS,Property Damage Only,"(44.48049152, -73.21115952)"
1467,VT0040100,2012BU024966,09/27/2012,FAU-5038 (360 Pearl St),Burlington,NO DATA,NO DATA,NO DATA,NO DATA,Pearl St,NO DATA,NO DATA,25,"8 - No Turns, Thru moves only, Broadside ^<",NO DATA,NO DATA,NO DATA,NO DATA,NO DATA,NO DATA,Federal Aid Urban System (Class 2 TH's and 3 TH's,"PEARL ST., BURLINGTON",0.75,S50380403,LRS,Property Damage Only,"(44.48069413, -73.20427919)"
1468,VT0040100,2012BU008888,04/14/2012,FAU-5038 Pearl St,Burlington,NO DATA,NO DATA,NO DATA,NO DATA,N Winooski Ave,NO DATA,NO DATA,30,1 - Rear End,NO DATA,NO DATA,NO DATA,NO DATA,NO DATA,NO DATA,Federal Aid Urban System (Class 2 TH's and 3 TH's,"PEARL ST., BURLINGTON",0.4,S50380403,LRS,Property Damage Only,"(44.48049152, -73.21115952)"
1469,VT0040100,2012BU020577,08/16/2012,FAU-5038 (337 Pearl St),Burlington,NO DATA,NO DATA,NO DATA,NO DATA,N Willard St,NO DATA,NO DATA,25,"8 - No Turns, Thru moves only, Broadside ^<",East,NO DATA,NO DATA,NO DATA,NO DATA,NO DATA,Federal Aid Urban System (Class 2 TH's and 3 TH's,"PEARL ST., BURLINGTON",0.71,S50380403,LRS,Property Damage Only,"(44.48067426, -73.20506580)"
1470,VT0040100,2012BU031942,12/19/2012,FAU-5038 Pearl Street,Burlington,NO DATA,NO DATA,NO DATA,NO DATA,Winooski Avenue,50,Feet,25,1 - Rear End,West,NO DATA,NO DATA,NO DATA,NO DATA,NO DATA,Federal Aid Urban System (Class 2 TH's and 3 TH's,"PEARL ST., BURLINGTON",0.39,S50380403,LRS,Property Damage Only,"(44.48048880, -73.21135626)"
1471,VT0040100,2012BU020312,08/14/2012,FAU-5038 Pearl St,Burlington,NO DATA,NO DATA,NO DATA,NO DATA,N Willard St,75,Feet,25,1 - Rear End,East,NO DATA,NO DATA,NO DATA,NO DATA,NO DATA,Federal Aid Urban System (Class 2 TH's and 3 TH's,"PEARL ST., BURLINGTON",0.7,S50380403,LRS,Property Damage Only,"(44.48066911, -73.20526245)"
1472,VT0040100,2012BU031014,12/07/2012,FAU-5022 Main Street,Burlington,NO DATA,NO DATA,NO DATA,NO DATA,Battery Street,20,Feet,25,3 - Same Direction Sideswipe,East,NO DATA,NO DATA,NO DATA,NO DATA,NO DATA,Federal Aid Urban System (Class 2 TH's and 3 TH's,"MAIN ST., BURLINGTON",0,S50220403,LRS,Property Damage Only,"(44.47572614, -73.21867463)"
1473,VT0040100,2012BU30108,11/26/2012,FAU-5022 Main St,Burlington,NO DATA,NO DATA,NO DATA,NO DATA,Battery St,100,Feet,25,1 - Rear End,East,NO DATA,NO DATA,NO DATA,NO DATA,NO DATA,Federal Aid Urban System (Class 2 TH's and 3 TH's,"MAIN ST., BURLINGTON",0,S50220403,LRS,Property Damage Only,"(44.47572614, -73.21867463)"