ID,Reporting Agency,Report Number,Date,Street Address,Town,Number,Number1,Number2,Number3,Intersection,Distance From Intersection,Distance Unit,Posted Speed,Direction of Collision,Direction from Intersection,Easting,Northing,Mile Marker,Mile Marker 1,Mile Marker 2,AOT Roadway,AOT Route,AOT Actual Mile,LRS Number,How Mapped,Crash Type,Location 1
1474,VT0040100,2012BU022593,09/04/2012,FAU-5038 Pearl St,Burlington,NO DATA,NO DATA,NO DATA,NO DATA,Willard St,NO DATA,Feet,25,"14 - Left Turn and Thru, Broadside v<--",NO DATA,NO DATA,NO DATA,NO DATA,NO DATA,NO DATA,Federal Aid Urban System (Class 2 TH's and 3 TH's,"PEARL ST., BURLINGTON",0.69,S50380403,LRS,Property Damage Only,"(44.48066396, -73.20545909)"
1482,VT0040100,2012BU000909,01/11/2012,FAU 5017 (Flynn Ave),Burlington,NO DATA,NO DATA,NO DATA,NO DATA,Shelburne Rd,NO DATA,NO DATA,99,3 - Same Direction Sideswipe,NO DATA,NO DATA,NO DATA,NO DATA,NO DATA,NO DATA,Federal Aid Urban System (Class 2 TH's and 3 TH's,"FLYNN AVE., BURLINGTON",0.28,S50170403,LRS,Property Damage Only,"(44.45512545, -73.20860370)"
1483,VT0040100,2012BU002624,01/30/2012,FAU 5017 (Flynn Ave),Burlington,NO DATA,NO DATA,NO DATA,NO DATA,Shelburne St,20,NO DATA,30,3 - Same Direction Sideswipe,East,NO DATA,NO DATA,NO DATA,NO DATA,NO DATA,Federal Aid Urban System (Class 2 TH's and 3 TH's,"FLYNN AVE., BURLINGTON",0.28,S50170403,LRS,Property Damage Only,"(44.45512545, -73.20860370)"
1484,VT0040100,2012BU028875,11/10/2012,FAU-5017 Flynn Avenue,Burlington,NO DATA,NO DATA,NO DATA,NO DATA,Shelburne Road,10,Feet,25,1 - Rear End,West,NO DATA,NO DATA,NO DATA,NO DATA,NO DATA,Federal Aid Urban System (Class 2 TH's and 3 TH's,"FLYNN AVE., BURLINGTON",0.28,S50170403,LRS,Property Damage Only,"(44.45512545, -73.20860370)"
1485,VT0040100,12BU016230,07/03/2012,FAU-5017 Flynn Ave,Burlington,NO DATA,NO DATA,NO DATA,NO DATA,Shelburne Rd,100,Feet,30,"8 - No Turns, Thru moves only, Broadside ^<",West,NO DATA,NO DATA,NO DATA,NO DATA,NO DATA,Federal Aid Urban System (Class 2 TH's and 3 TH's,"FLYNN AVE., BURLINGTON",0.26,S50170403,LRS,Property Damage Only,"(44.45514724, -73.20900242)"
1486,VT0040100,2012BU003368,02/08/2012,FAU 5017 (330 Flynn Ave),Burlington,NO DATA,NO DATA,NO DATA,NO DATA,330 Flynn Ave,NO DATA,NO DATA,25,"18 - Right Turn and Thru, Broadside ^<--",NO DATA,NO DATA,NO DATA,NO DATA,NO DATA,NO DATA,Federal Aid Urban System (Class 2 TH's and 3 TH's,"FLYNN AVE., BURLINGTON",0.042,S50170403,LRS,Property Damage Only,"(44.45538427, -73.21334851)"
1487,VT0040100,2012BU014680,06/17/2012,FAU-5017 Flynn Ave,Burlington,NO DATA,NO DATA,NO DATA,NO DATA,Oakledge Pk,NO DATA,NO DATA,25,3 - Same Direction Sideswipe,NO DATA,NO DATA,NO DATA,NO DATA,NO DATA,NO DATA,Federal Aid Urban System (Class 2 TH's and 3 TH's,"FLYNN AVE., BURLINGTON",0,S50170403,LRS,Injury,"(44.45544086, -73.21418453)"
1488,VT0040100,2012BU16841,07/08/2012,FAU-5017 Flynn Ave,Burlington,NO DATA,NO DATA,NO DATA,NO DATA,Pine St,NO DATA,NO DATA,25,3 - Same Direction Sideswipe,East,NO DATA,NO DATA,NO DATA,NO DATA,NO DATA,Federal Aid Urban System (Class 2 TH's and 3 TH's,"FLYNN AVE., BURLINGTON",0,S50170403,LRS,Property Damage Only,"(44.45544086, -73.21418453)"
1489,VT0040100,2012BU028696,11/07/2012,FAU-5016 East Ave,Burlington,NO DATA,NO DATA,NO DATA,NO DATA,Colchester Ave,NO DATA,NO DATA,25,1 - Rear End,NO DATA,NO DATA,NO DATA,NO DATA,NO DATA,NO DATA,Federal Aid Urban System (Class 2 TH's and 3 TH's,"EAST AVE., BURLINGTON",0.67,S50160403,LRS,Property Damage Only,"(44.48222130, -73.19263515)"
1490,VT0040100,2012BU026974,10/19/2012,FAU-5016 East Avenue,Burlington,NO DATA,NO DATA,NO DATA,NO DATA,East Ave/University Rd,NO DATA,NO DATA,25,1 - Rear End,NO DATA,NO DATA,NO DATA,NO DATA,NO DATA,NO DATA,Federal Aid Urban System (Class 2 TH's and 3 TH's,"EAST AVE., BURLINGTON",0.55,S50160403,LRS,Property Damage Only,"(44.48048530, -73.19220997)"
1491,VT0040100,2012BU025955,10/08/2012,FAU-5038 Pearl Street,Burlington,NO DATA,NO DATA,NO DATA,NO DATA,Battery Street,NO DATA,NO DATA,25,3 - Same Direction Sideswipe,NO DATA,NO DATA,NO DATA,NO DATA,NO DATA,NO DATA,Federal Aid Urban System (Class 2 TH's and 3 TH's,"PEARL ST., BURLINGTON",0,S50380403,LRS,Property Damage Only,"(44.48026615, -73.21902375)"
1492,VT0040100,2012BU013953,06/09/2012,FAU-5016 East Ave,Burlington,NO DATA,NO DATA,NO DATA,NO DATA,University Rd,NO DATA,NO DATA,20,1 - Rear End,NO DATA,NO DATA,NO DATA,NO DATA,NO DATA,NO DATA,Federal Aid Urban System (Class 2 TH's and 3 TH's,"EAST AVE., BURLINGTON",0.55,S50160403,LRS,Property Damage Only,"(44.48048530, -73.19220997)"
1493,VT0040100,2012BU006616,03/19/2012,FAU 5016 (East Ave),Burlington,NO DATA,NO DATA,NO DATA,NO DATA,Bilodeau St,NO DATA,NO DATA,25,1 - Rear End,North,NO DATA,NO DATA,NO DATA,NO DATA,NO DATA,Federal Aid Urban System (Class 2 TH's and 3 TH's,"EAST AVE., BURLINGTON",0.42,S50160403,LRS,Property Damage Only,"(44.47860792, -73.19172405)"
1494,VT0040100,2012BU012884,05/29/2012,FAU-5016 East Ave,Burlington,NO DATA,NO DATA,NO DATA,NO DATA,East Village Dr,NO DATA,NO DATA,25,"8 - No Turns, Thru moves only, Broadside ^<",NO DATA,NO DATA,NO DATA,NO DATA,NO DATA,NO DATA,Federal Aid Urban System (Class 2 TH's and 3 TH's,"EAST AVE., BURLINGTON",0.34,S50160403,LRS,Property Damage Only,"(44.47745392, -73.19141532)"
1495,VT0040100,2012BU018398,07/25/2012,FAU-5016 (198 East Ave),Burlington,NO DATA,NO DATA,NO DATA,NO DATA,East Ave,NO DATA,NO DATA,25,3 - Same Direction Sideswipe,NO DATA,NO DATA,NO DATA,NO DATA,NO DATA,NO DATA,Federal Aid Urban System (Class 2 TH's and 3 TH's,"EAST AVE., BURLINGTON",0.31,S50160403,LRS,Property Damage Only,"(44.47702070, -73.19130301)"
1496,VT0040100,2012BU014973,06/20/2012,FAU-5038 Pearl St,Burlington,NO DATA,NO DATA,NO DATA,NO DATA,N Willard St,NO DATA,NO DATA,25,1 - Rear End,NO DATA,NO DATA,NO DATA,NO DATA,NO DATA,NO DATA,Federal Aid Urban System (Class 2 TH's and 3 TH's,"PEARL ST., BURLINGTON",0.69,S50380403,LRS,Property Damage Only,"(44.48066396, -73.20545909)"
1497,VT0040100,2012BU022843,09/07/2012,FAU-5016 East Ave,Burlington,NO DATA,NO DATA,NO DATA,NO DATA,Carrigan Dr,NO DATA,NO DATA,25,"10 - Left Turn and Thru, Angle Broadside -->v--",NO DATA,NO DATA,NO DATA,NO DATA,NO DATA,NO DATA,Federal Aid Urban System (Class 2 TH's and 3 TH's,"EAST AVE., BURLINGTON",0.2,S50160403,LRS,Property Damage Only,"(44.47543223, -73.19089121)"
1504,VT0040100,2012BU019076,08/01/2012,FAU-5038 Pearl St,Burlington,NO DATA,NO DATA,NO DATA,NO DATA,Battery St,30,Feet,99,3 - Same Direction Sideswipe,West,NO DATA,NO DATA,NO DATA,NO DATA,NO DATA,Federal Aid Urban System (Class 2 TH's and 3 TH's,"PEARL ST., BURLINGTON",0,S50380403,LRS,Property Damage Only,"(44.48026615, -73.21902375)"
1505,VT0040100,2012BU001733,01/20/2012,FAU 5016┬á (East Ave),Burlington,NO DATA,NO DATA,NO DATA,NO DATA,Carrigan Dr,NO DATA,NO DATA,30,"10 - Left Turn and Thru, Angle Broadside -->v--",NO DATA,NO DATA,NO DATA,NO DATA,NO DATA,NO DATA,Federal Aid Urban System (Class 2 TH's and 3 TH's,"EAST AVE., BURLINGTON",0.17,S50160403,LRS,Property Damage Only,"(44.47499909, -73.19077830)"
1506,VT0040100,2012BU010356,05/03/2012,FAU-5014 (56 Colchester Ave),Burlington,NO DATA,NO DATA,NO DATA,NO DATA,111 Colchester Ave,100,Feet,25,1 - Rear End,East,NO DATA,NO DATA,NO DATA,NO DATA,NO DATA,Federal Aid Urban System (Class 2 TH's and 3 TH's,"EAST AVE., BURLINGTON",0.16,S50160403,LRS,Property Damage Only,"(44.47485488, -73.19073938)"
1507,VT0040100,2012BU022617,09/05/2012,FAU-5038 Pearl St,Burlington,NO DATA,NO DATA,NO DATA,NO DATA,Clark St,1,Feet,25,1 - Rear End,North,NO DATA,NO DATA,NO DATA,NO DATA,NO DATA,Federal Aid Urban System (Class 2 TH's and 3 TH's,"PEARL ST., BURLINGTON",0.35,S50380403,LRS,Property Damage Only,"(44.48046883, -73.21214285)"
1508,VT0040100,2012BU024982,09/27/2012,FAU-5016 East Ave,Burlington,NO DATA,NO DATA,NO DATA,NO DATA,Main St,NO DATA,NO DATA,25,7 - Other - Explain in Narrative,NO DATA,NO DATA,NO DATA,NO DATA,NO DATA,NO DATA,Federal Aid Urban System (Class 2 TH's and 3 TH's,"EAST AVE., BURLINGTON",0,S50160403,LRS,Property Damage Only,"(44.47255315, -73.19028988)"
1516,VT0040100,2012BU006912,03/22/2012,FAU-5038 Pearl St,Burlington,NO DATA,NO DATA,NO DATA,NO DATA,S Willard St,NO DATA,NO DATA,99,1 - Rear End,NO DATA,NO DATA,NO DATA,NO DATA,NO DATA,NO DATA,Federal Aid Urban System (Class 2 TH's and 3 TH's,"PEARL ST., BURLINGTON",0.69,S50380403,LRS,Injury,"(44.48066396, -73.20545909)"
1517,VT0040100,2012BU03173,12/16/2012,FAU-5014 Colchester Ave,Burlington,NO DATA,NO DATA,NO DATA,NO DATA,Mills St,10,Feet,25,1 - Rear End,East,NO DATA,NO DATA,NO DATA,NO DATA,NO DATA,Federal Aid Urban System (Class 2 TH's and 3 TH's,"COLCHESTER AVE., BURLINGTON",1.03,S50140403,LRS,Property Damage Only,"(44.48830183, -73.18667652)"
1518,VT0040100,2012BU029213,11/14/2012,FAU-5014 Colchester Ave,Burlington,NO DATA,NO DATA,NO DATA,NO DATA,Winooski Bridge,NO DATA,NO DATA,25,1 - Rear End,NO DATA,NO DATA,NO DATA,NO DATA,NO DATA,NO DATA,Federal Aid Urban System (Class 2 TH's and 3 TH's,"COLCHESTER AVE., BURLINGTON",1.03,S50140403,LRS,Property Damage Only,"(44.48830183, -73.18667652)"
1519,VT0040100,2012BU005567,03/08/2012,FAU-5036 Park Street,Burlington,NO DATA,NO DATA,NO DATA,NO DATA,Manhattan Drive,NO DATA,NO DATA,25,"8 - No Turns, Thru moves only, Broadside ^<",NO DATA,NO DATA,NO DATA,NO DATA,NO DATA,NO DATA,Federal Aid Urban System (Class 2 TH's and 3 TH's,"PARK ST., BURLINGTON",0.49,S50360403,LRS,Property Damage Only,"(44.48749640, -73.21943831)"
1520,VT0040100,2012BU003183,02/06/2012,FAU-5014 Colchester Ave,Burlington,NO DATA,NO DATA,NO DATA,NO DATA,Barrett St,NO DATA,NO DATA,25,6 - Single Vehicle Crash,NO DATA,NO DATA,NO DATA,NO DATA,NO DATA,NO DATA,Federal Aid Urban System (Class 2 TH's and 3 TH's,"COLCHESTER AVE., BURLINGTON",1,S50140403,LRS,Fatal,"(44.48789098, -73.18674621)"
1527,VT0040100,2012BU026051,10/09/2012,Colchester Avenue,Burlington,NO DATA,NO DATA,NO DATA,NO DATA,Chase Street,25,Feet,25,1 - Rear End,North,NO DATA,NO DATA,NO DATA,NO DATA,NO DATA,Federal Aid Urban System (Class 2 TH's and 3 TH's,"COLCHESTER AVE., BURLINGTON",0.9,S50140403,LRS,Injury,"(44.48652374, -73.18700565)"
1528,VT0040100,2012BU020913,08/20/2012,FAU-5014 (426 Colchester Ave),Burlington,NO DATA,NO DATA,NO DATA,NO DATA,Chase St,25,Feet,25,1 - Rear End,West,NO DATA,NO DATA,NO DATA,NO DATA,NO DATA,Federal Aid Urban System (Class 2 TH's and 3 TH's,"COLCHESTER AVE., BURLINGTON",0.9,S50140403,LRS,Property Damage Only,"(44.48652374, -73.18700565)"
1529,VT0040100,2012BU004599,02/24/2012,FAU 5014 (Colchester Ave),Burlington,NO DATA,NO DATA,NO DATA,NO DATA,Chase St,NO DATA,NO DATA,25,1 - Rear End,NO DATA,NO DATA,NO DATA,NO DATA,NO DATA,NO DATA,Federal Aid Urban System (Class 2 TH's and 3 TH's,"COLCHESTER AVE., BURLINGTON",0.9,S50140403,LRS,Property Damage Only,"(44.48652374, -73.18700565)"
1530,VT0040100,2012BU030109,11/26/2012,FAU-5014 Colchester Ave,Burlington,NO DATA,NO DATA,NO DATA,NO DATA,Chase St,NO DATA,NO DATA,25,6 - Single Vehicle Crash,North,NO DATA,NO DATA,NO DATA,NO DATA,NO DATA,Federal Aid Urban System (Class 2 TH's and 3 TH's,"COLCHESTER AVE., BURLINGTON",0.9,S50140403,LRS,Property Damage Only,"(44.48652374, -73.18700565)"
1531,VT0040100,2012BU021695,08/27/2012,FAU-5036 (201 Park St),Burlington,NO DATA,NO DATA,NO DATA,NO DATA,Poplar St,10,Feet,25,7 - Other - Explain in Narrative,West,NO DATA,NO DATA,NO DATA,NO DATA,NO DATA,Federal Aid Urban System (Class 2 TH's and 3 TH's,"PARK ST., BURLINGTON",0.41,S50360403,LRS,Property Damage Only,"(44.48631692, -73.21935552)"
1532,VT0040100,2012BU011562,05/16/2012,FAU-5014 Colchester Ave,Burlington,NO DATA,NO DATA,NO DATA,NO DATA,Chase St,75,Feet,25,3 - Same Direction Sideswipe,West,NO DATA,NO DATA,NO DATA,NO DATA,NO DATA,Federal Aid Urban System (Class 2 TH's and 3 TH's,"COLCHESTER AVE., BURLINGTON",0.89,S50140403,LRS,Property Damage Only,"(44.48638700, -73.18703137)"
1533,VT0040100,2012BU00633,01/07/2012,FAU 5014 (419 Colchester Ave),Burlington,NO DATA,NO DATA,NO DATA,NO DATA,Colchester Ct,5,Feet,25,7 - Other - Explain in Narrative,West,NO DATA,NO DATA,NO DATA,NO DATA,NO DATA,Federal Aid Urban System (Class 2 TH's and 3 TH's,"COLCHESTER AVE., BURLINGTON",0.88,S50140403,LRS,Property Damage Only,"(44.48625026, -73.18705717)"
1534,VT0040100,2012BU015448,06/25/2012,FAU-5014 Colchester Ave,Burlington,NO DATA,NO DATA,NO DATA,NO DATA,Colchester Ct,NO DATA,NO DATA,25,"10 - Left Turn and Thru, Angle Broadside -->v--",NO DATA,NO DATA,NO DATA,NO DATA,NO DATA,NO DATA,Federal Aid Urban System (Class 2 TH's and 3 TH's,"COLCHESTER AVE., BURLINGTON",0.88,S50140403,LRS,Injury,"(44.48625026, -73.18705717)"
1535,VT0040100,2012BU003962,02/16/2012,FAU-5038 (163 Pearl St),Burlington,NO DATA,NO DATA,NO DATA,NO DATA,Pearl St,NO DATA,NO DATA,99,3 - Same Direction Sideswipe,NO DATA,NO DATA,NO DATA,NO DATA,NO DATA,NO DATA,Federal Aid Urban System (Class 2 TH's and 3 TH's,"PEARL ST., BURLINGTON",0.33,S50380403,LRS,Property Damage Only,"(44.48045643, -73.21253601)"
1536,VT0040100,2012BU2596,01/30/2012,FAU 5014 (307 Colchester Ave),Burlington,NO DATA,NO DATA,NO DATA,NO DATA,Driveway,NO DATA,NO DATA,99,7 - Other - Explain in Narrative,NO DATA,NO DATA,NO DATA,NO DATA,NO DATA,NO DATA,Federal Aid Urban System (Class 2 TH's and 3 TH's,"COLCHESTER AVE., BURLINGTON",0.65,S50140403,LRS,Property Damage Only,"(44.48372543, -73.18918621)"
1537,VT0040100,12BU018127,07/22/2012,FAU-5014 (297 Colchester Ave),Burlington,NO DATA,NO DATA,NO DATA,NO DATA,Chase St,NO DATA,NO DATA,25,NO DATA,NO DATA,NO DATA,NO DATA,NO DATA,NO DATA,NO DATA,Federal Aid Urban System (Class 2 TH's and 3 TH's,"COLCHESTER AVE., BURLINGTON",0.63,S50140403,LRS,Property Damage Only,"(44.48358061, -73.18951431)"
1538,VT0040100,2012BU004444,02/22/2012,FAU 5014┬á (Colchester Ave),Burlington,NO DATA,NO DATA,NO DATA,NO DATA,Nash Place,NO DATA,NO DATA,25,NO DATA,NO DATA,NO DATA,NO DATA,NO DATA,NO DATA,NO DATA,Federal Aid Urban System (Class 2 TH's and 3 TH's,"COLCHESTER AVE., BURLINGTON",0.63,S50140403,LRS,Property Damage Only,"(44.48358061, -73.18951431)"
1539,VT0040100,2012BU023998,09/17/2012,FAU-5014 Colchester Ave,Burlington,NO DATA,NO DATA,NO DATA,NO DATA,Nash Place,NO DATA,NO DATA,25,4 - Opp Direction Sideswipe,NO DATA,NO DATA,NO DATA,NO DATA,NO DATA,NO DATA,Federal Aid Urban System (Class 2 TH's and 3 TH's,"COLCHESTER AVE., BURLINGTON",0.63,S50140403,LRS,Property Damage Only,"(44.48358061, -73.18951431)"
1540,VT0040100,2012BU025455,10/02/2012,FAU-5014 (274 Colchester Ave),Burlington,NO DATA,NO DATA,NO DATA,NO DATA,Colchester Ave,NO DATA,NO DATA,25,6 - Single Vehicle Crash,NO DATA,NO DATA,NO DATA,NO DATA,NO DATA,NO DATA,Federal Aid Urban System (Class 2 TH's and 3 TH's,"COLCHESTER AVE., BURLINGTON",0.6,S50140403,LRS,Injury,"(44.48336548, -73.19000816)"
1541,VT0040100,2012BU013356,06/03/2012,FAU-5014 (276 Colchester Avenue),Burlington,NO DATA,NO DATA,NO DATA,NO DATA,N/A,NO DATA,NO DATA,25,7 - Other - Explain in Narrative,NO DATA,NO DATA,NO DATA,NO DATA,NO DATA,NO DATA,Federal Aid Urban System (Class 2 TH's and 3 TH's,"COLCHESTER AVE., BURLINGTON",0.6,S50140403,LRS,Property Damage Only,"(44.48336548, -73.19000816)"
1542,VT0040100,212BU12268,05/23/2012,FAU-5014 (268 COLCHESTER AVE),Burlington,NO DATA,NO DATA,NO DATA,NO DATA,EAST AVE,500,Feet,30,NO DATA,NO DATA,NO DATA,NO DATA,NO DATA,NO DATA,NO DATA,Federal Aid Urban System (Class 2 TH's and 3 TH's,"COLCHESTER AVE., BURLINGTON",0.58,S50140403,LRS,Property Damage Only,"(44.48322852, -73.19034276)"
1543,VT0040100,2012BU004586,02/24/2012,FAU 5038 (Pearl Street),Burlington,NO DATA,NO DATA,NO DATA,NO DATA,N Willard St,25,Feet,25,NO DATA,East,NO DATA,NO DATA,NO DATA,NO DATA,NO DATA,Federal Aid Urban System (Class 2 TH's and 3 TH's,"PEARL ST., BURLINGTON",0.69,S50380403,LRS,Property Damage Only,"(44.48066396, -73.20545909)"
1544,VT0040100,2012BU017073,07/11/2012,FAU-5014 (273 Colchester Ave),Burlington,NO DATA,NO DATA,NO DATA,NO DATA,Colchester Ave,NO DATA,NO DATA,25,1 - Rear End,NO DATA,NO DATA,NO DATA,NO DATA,NO DATA,NO DATA,Federal Aid Urban System (Class 2 TH's and 3 TH's,"COLCHESTER AVE., BURLINGTON",0.58,S50140403,LRS,Property Damage Only,"(44.48322852, -73.19034276)"
1545,VT0040100,2012BU029218,11/14/2012,FAU-5014 Colchester Avenue,Burlington,NO DATA,NO DATA,NO DATA,NO DATA,East Avenue,300,Feet,25,1 - Rear End,East,NO DATA,NO DATA,NO DATA,NO DATA,NO DATA,Federal Aid Urban System (Class 2 TH's and 3 TH's,"COLCHESTER AVE., BURLINGTON",0.5,S50140403,LRS,Injury,"(44.48265938, -73.19166383)"
1546,VT0040100,2012BU030110,11/26/2012,FAU-5014 Colchester Avenue,Burlington,NO DATA,NO DATA,NO DATA,NO DATA,East Avenue,NO DATA,NO DATA,25,"14 - Left Turn and Thru, Broadside v<--",NO DATA,NO DATA,NO DATA,NO DATA,NO DATA,NO DATA,Federal Aid Urban System (Class 2 TH's and 3 TH's,"COLCHESTER AVE., BURLINGTON",0.44,S50140403,LRS,Property Damage Only,"(44.48221846, -73.19264254)"
1547,VT0040100,2012BU013041,05/31/2012,FAU-5014 Colchester Avenue,Burlington,NO DATA,NO DATA,NO DATA,NO DATA,East Avenue,NO DATA,NO DATA,25,1 - Rear End,NO DATA,NO DATA,NO DATA,NO DATA,NO DATA,NO DATA,Federal Aid Urban System (Class 2 TH's and 3 TH's,"COLCHESTER AVE., BURLINGTON",0.44,S50140403,LRS,Property Damage Only,"(44.48221846, -73.19264254)"
1548,VT0040100,2012BU008691,04/12/2012,FAU-5014 Colchester Ave,Burlington,NO DATA,NO DATA,NO DATA,NO DATA,East AVe,5,Feet,25,3 - Same Direction Sideswipe,West,NO DATA,NO DATA,NO DATA,NO DATA,NO DATA,Federal Aid Urban System (Class 2 TH's and 3 TH's,"COLCHESTER AVE., BURLINGTON",0.44,S50140403,LRS,Property Damage Only,"(44.48221846, -73.19264254)"
1549,VT0040100,2012BU017980,07/20/2012,FAU-5014 Colchester Ave,Burlington,NO DATA,NO DATA,NO DATA,NO DATA,East Ave,NO DATA,NO DATA,25,1 - Rear End,NO DATA,NO DATA,NO DATA,NO DATA,NO DATA,NO DATA,Federal Aid Urban System (Class 2 TH's and 3 TH's,"COLCHESTER AVE., BURLINGTON",0.44,S50140403,LRS,Injury,"(44.48221846, -73.19264254)"
1550,VT0040100,2012BU003695,02/12/2012,FAU 5014 (Colchester Ave),Burlington,NO DATA,NO DATA,NO DATA,NO DATA,East Ave,20,Feet,25,1 - Rear End,West,NO DATA,NO DATA,NO DATA,NO DATA,NO DATA,Federal Aid Urban System (Class 2 TH's and 3 TH's,"COLCHESTER AVE., BURLINGTON",0.43,S50140403,LRS,Property Damage Only,"(44.48215323, -73.19281236)"
1551,VT0040100,2012BU003621,02/11/2012,FAU 5014 (Colchester Ave),Burlington,NO DATA,NO DATA,NO DATA,NO DATA,Fletcher Pl,NO DATA,NO DATA,99,1 - Rear End,NO DATA,NO DATA,NO DATA,NO DATA,NO DATA,NO DATA,Federal Aid Urban System (Class 2 TH's and 3 TH's,"COLCHESTER AVE., BURLINGTON",0.29,S50140403,LRS,Property Damage Only,"(44.48116491, -73.19513062)"
1552,VT0040100,2012BU001086,01/13/2012,FAU 5014 (111 Colchester Ave),Burlington,NO DATA,NO DATA,NO DATA,NO DATA,FAHC (McClure Entrance),NO DATA,NO DATA,99,1 - Rear End,NO DATA,NO DATA,NO DATA,NO DATA,NO DATA,NO DATA,Federal Aid Urban System (Class 2 TH's and 3 TH's,"COLCHESTER AVE., BURLINGTON",0.21,S50140403,LRS,Injury,"(44.48071896, -73.19652231)"
1553,VT0040100,2012BU027017,10/19/2012,FAU-5014 (111 Colchester Ave),Burlington,NO DATA,NO DATA,NO DATA,NO DATA,Beaumont Ave,10,Feet,25,1 - Rear End,East,NO DATA,NO DATA,NO DATA,NO DATA,NO DATA,Federal Aid Urban System (Class 2 TH's and 3 TH's,"COLCHESTER AVE., BURLINGTON",0.21,S50140403,LRS,Property Damage Only,"(44.48071896, -73.19652231)"
1554,VT0040100,2012BU013473,06/05/2012,FAU-5014 (111 Colchester Avenue),Burlington,NO DATA,NO DATA,NO DATA,NO DATA,Mansfield Avenue,NO DATA,NO DATA,25,NO DATA,East,NO DATA,NO DATA,NO DATA,NO DATA,NO DATA,Federal Aid Urban System (Class 2 TH's and 3 TH's,"COLCHESTER AVE., BURLINGTON",0.21,S50140403,LRS,Injury,"(44.48071896, -73.19652231)"
1555,VT0040100,2012BU018960,07/30/2012,FAU-5014 (111 Colchester Ave),Burlington,NO DATA,NO DATA,NO DATA,NO DATA,Colchester Ave,75,Feet,10,1 - Rear End,North,NO DATA,NO DATA,NO DATA,NO DATA,NO DATA,Federal Aid Urban System (Class 2 TH's and 3 TH's,"COLCHESTER AVE., BURLINGTON",0.21,S50140403,LRS,Property Damage Only,"(44.48071896, -73.19652231)"
1556,VT0040100,2012BU006330,03/17/2012,FAU 5014 (111 Colchester Ave),Burlington,NO DATA,NO DATA,NO DATA,NO DATA,Fletcher Allen Hospitial,NO DATA,NO DATA,99,3 - Same Direction Sideswipe,NO DATA,NO DATA,NO DATA,NO DATA,NO DATA,NO DATA,Federal Aid Urban System (Class 2 TH's and 3 TH's,"COLCHESTER AVE., BURLINGTON",0.21,S50140403,LRS,Property Damage Only,"(44.48071896, -73.19652231)"
1557,VT0040100,2012BU015044,06/21/2012,FAU-5036 Park Street,Burlington,NO DATA,NO DATA,NO DATA,NO DATA,North Street,20,Feet,25,"8 - No Turns, Thru moves only, Broadside ^<",East,NO DATA,NO DATA,NO DATA,NO DATA,NO DATA,Federal Aid Urban System (Class 2 TH's and 3 TH's,"PARK ST., BURLINGTON",0.29,S50360403,LRS,Property Damage Only,"(44.48454454, -73.21928634)"
1558,VT0040100,2012BU005986,03/13/2012,FAU 5014 (50 Colchester Ave),Burlington,NO DATA,NO DATA,NO DATA,NO DATA,50 Colchester Ave,NO DATA,NO DATA,25,1 - Rear End,NO DATA,NO DATA,NO DATA,NO DATA,NO DATA,NO DATA,Federal Aid Urban System (Class 2 TH's and 3 TH's,"COLCHESTER AVE., BURLINGTON",0.13,S50140403,LRS,Property Damage Only,"(44.48065571, -73.19806148)"
1559,VT0040100,2012BU031217,12/10/2012,FAU-5014 Colchester Ave,Burlington,NO DATA,NO DATA,NO DATA,NO DATA,Mansfield Ave,100,Feet,25,3 - Same Direction Sideswipe,East,NO DATA,NO DATA,NO DATA,NO DATA,NO DATA,Federal Aid Urban System (Class 2 TH's and 3 TH's,"COLCHESTER AVE., BURLINGTON",0.11,S50140403,LRS,Property Damage Only,"(44.48064092, -73.19844637)"
1560,VT0040100,2012BUU3526,02/10/2012,FAU 5014 (Colchester Ave),Burlington,NO DATA,NO DATA,NO DATA,NO DATA,Mansfield Ave,NO DATA,NO DATA,25,1 - Rear End,East,NO DATA,NO DATA,NO DATA,NO DATA,NO DATA,Federal Aid Urban System (Class 2 TH's and 3 TH's,"COLCHESTER AVE., BURLINGTON",0.1,S50140403,LRS,Property Damage Only,"(44.48063497, -73.19863892)"
1561,VT0040100,2012BU025711,10/15/2012,FAU-5038 Pearl St,Burlington,NO DATA,NO DATA,NO DATA,NO DATA,Elmwood Ave,NO DATA,NO DATA,25,1 - Rear End,NO DATA,NO DATA,NO DATA,NO DATA,NO DATA,NO DATA,Federal Aid Urban System (Class 2 TH's and 3 TH's,"PEARL ST., BURLINGTON",0.28,S50380403,LRS,Property Damage Only,"(44.48043040, -73.21351919)"
1562,VT0040100,2012BU023166,08/24/2012,FAU-5014 Colchester Ave,Burlington,NO DATA,NO DATA,NO DATA,NO DATA,Manfield Ave,NO DATA,NO DATA,25,7 - Other - Explain in Narrative,NO DATA,NO DATA,NO DATA,NO DATA,NO DATA,NO DATA,Federal Aid Urban System (Class 2 TH's and 3 TH's,"COLCHESTER AVE., BURLINGTON",0.1,S50140403,LRS,Injury,"(44.48063497, -73.19863892)"
1563,VT0040100,2012BU026586,10/15/2012,FAU-5014 Colchester Ave,Burlington,NO DATA,NO DATA,NO DATA,NO DATA,Mansfield Ave,NO DATA,NO DATA,99,1 - Rear End,NO DATA,NO DATA,NO DATA,NO DATA,NO DATA,NO DATA,Federal Aid Urban System (Class 2 TH's and 3 TH's,"COLCHESTER AVE., BURLINGTON",0.1,S50140403,LRS,Property Damage Only,"(44.48063497, -73.19863892)"
1564,VT0040100,2012BU011060,05/11/2012,FAU-5014 Colchester Ave,Burlington,NO DATA,NO DATA,NO DATA,NO DATA,Mansfield Ave,20,Feet,25,1 - Rear End,East,NO DATA,NO DATA,NO DATA,NO DATA,NO DATA,Federal Aid Urban System (Class 2 TH's and 3 TH's,"COLCHESTER AVE., BURLINGTON",0.1,S50140403,LRS,Injury,"(44.48063497, -73.19863892)"
1572,VT0040100,2012BU028617,11/06/2012,FAU-5014 Colchester Avenue,Burlington,NO DATA,NO DATA,NO DATA,NO DATA,University Place,10,Feet,25,"17 - Right Turn, Same Direction, Rear End ^--^--",North,NO DATA,NO DATA,NO DATA,NO DATA,NO DATA,Federal Aid Urban System (Class 2 TH's and 3 TH's,"COLCHESTER AVE., BURLINGTON",0.04,S50140403,LRS,Property Damage Only,"(44.48062554, -73.19979281)"
1573,VT0040100,2012BU026800,10/17/2012,FAU-5014 Colchester Ave,Burlington,NO DATA,NO DATA,NO DATA,NO DATA,S Prospect St,5,NO DATA,25,"18 - Right Turn and Thru, Broadside ^<--",South,NO DATA,NO DATA,NO DATA,NO DATA,NO DATA,Federal Aid Urban System (Class 2 TH's and 3 TH's,"COLCHESTER AVE., BURLINGTON",0,S50140403,LRS,Property Damage Only,"(44.48075268, -73.20054293)"
1574,VT0040100,2012BU027567,10/25/2012,FAU-5014 Colchester Avenue,Burlington,NO DATA,NO DATA,NO DATA,NO DATA,South Prospect Street,5,Feet,25,"10 - Left Turn and Thru, Angle Broadside -->v--",South,NO DATA,NO DATA,NO DATA,NO DATA,NO DATA,Federal Aid Urban System (Class 2 TH's and 3 TH's,"COLCHESTER AVE., BURLINGTON",0,S50140403,LRS,Property Damage Only,"(44.48075268, -73.20054293)"