ID,Reporting Agency,Report Number,Date,Street Address,Town,Number,Number1,Number2,Number3,Intersection,Distance From Intersection,Distance Unit,Posted Speed,Direction of Collision,Direction from Intersection,Easting,Northing,Mile Marker,Mile Marker 1,Mile Marker 2,AOT Roadway,AOT Route,AOT Actual Mile,LRS Number,How Mapped,Crash Type,Location 1
1929,VT0040300,12SB016651,12/11/2012,FAU-5208 Dorset Street,South Burlington,NO DATA,NO DATA,NO DATA,NO DATA,Aspen Drive,25,Feet,35,1 - Rear End,NO DATA,NO DATA,NO DATA,NO DATA,NO DATA,NO DATA,Federal Aid Urban System (Class 2 TH's and 3 TH's,"DORSET ST., SOUTH BURLINGTON",3.33,S52080414,LRS,Property Damage Only,"(44.45803434, -73.17959593)"
1930,VT0040300,12SB011319,08/29/2012,FAU-5208 (370 Dorset Street),South Burlington,NO DATA,NO DATA,NO DATA,NO DATA,Dorset Street And San Remo Drive,10,Feet,35,1 - Rear End,South,445925,217719,NO DATA,NO DATA,NO DATA,Federal Aid Urban System (Class 2 TH's and 3 TH's,"DORSET ST., SOUTH BURLINGTON",3.32,S52080414,LRS,Property Damage Only,"(44.45789095, -73.17957067)"
1931,VT0040300,12SB015093,11/09/2012,FAU-5208 (370 Dorset Street),South Burlington,NO DATA,NO DATA,NO DATA,NO DATA,San Remo Drive,15,Feet,35,"10 - Left Turn and Thru, Angle Broadside -->v--",West,445915,217755,NO DATA,NO DATA,NO DATA,Federal Aid Urban System (Class 2 TH's and 3 TH's,"DORSET ST., SOUTH BURLINGTON",3.32,S52080414,LRS,Property Damage Only,"(44.45789095, -73.17957067)"
1932,VT0040300,12SB017193,12/21/2012,FAU-5208 (370 Dorset Street),South Burlington,NO DATA,NO DATA,NO DATA,NO DATA,San Remo Drive,50,NO DATA,35,1 - Rear End,North,445915,217752,NO DATA,NO DATA,NO DATA,Federal Aid Urban System (Class 2 TH's and 3 TH's,"DORSET ST., SOUTH BURLINGTON",3.32,S52080414,LRS,Property Damage Only,"(44.45789095, -73.17957067)"
1939,VT0040300,12SB006289,05/25/2012,FAU-5208 (550 Dorset St),South Burlington,NO DATA,NO DATA,NO DATA,NO DATA,SBHS,50,Feet,35,1 - Rear End,South,445979,217248,NO DATA,NO DATA,NO DATA,Federal Aid Urban System (Class 2 TH's and 3 TH's,"DORSET ST., SOUTH BURLINGTON",3.12,S52080414,LRS,Property Damage Only,"(44.45502176, -73.17908113)"
1940,VT0040300,12SB013230,10/03/2012,FAU-5208 (550 Dorset St),South Burlington,NO DATA,NO DATA,NO DATA,NO DATA,NO DATA,NO DATA,NO DATA,35,3 - Same Direction Sideswipe,NO DATA,445965,217378,NO DATA,NO DATA,NO DATA,Federal Aid Urban System (Class 2 TH's and 3 TH's,"DORSET ST., SOUTH BURLINGTON",3.11,S52080414,LRS,Property Damage Only,"(44.45487856, -73.17905374)"
1941,VT0040300,12SB008679,07/10/2012,FAU-5208 (550 Dorset Street),South Burlington,NO DATA,NO DATA,NO DATA,NO DATA,South Burlington High School,500,Feet,35,1 - Rear End,North,445950,217461,NO DATA,NO DATA,NO DATA,Federal Aid Urban System (Class 2 TH's and 3 TH's,"DORSET ST., SOUTH BURLINGTON",3.11,S52080414,LRS,Injury,"(44.45487856, -73.17905374)"
1942,VT0040100,2012BU007801,04/01/2012,FAU 5040 (Pine Street),Burlington,NO DATA,NO DATA,NO DATA,NO DATA,Locust St,NO DATA,NO DATA,30,"12 - Left Turn and Thru, Same Direction Sideswipe/Angle Crash vv--",NO DATA,NO DATA,NO DATA,NO DATA,NO DATA,NO DATA,Federal Aid Urban System (Class 2 TH's and 3 TH's,"PINE ST., BURLINGTON",0.52,S50400403,LRS,Property Damage Only,"(44.46290608, -73.21468643)"
1950,VT0040300,12SB015742,11/22/2012,FAU-5208 Dorset Street,South Burlington,NO DATA,NO DATA,NO DATA,NO DATA,Kennedy Drive,25,Feet,35,3 - Same Direction Sideswipe,South,445991,217150,NO DATA,NO DATA,NO DATA,Federal Aid Urban System (Class 2 TH's and 3 TH's,"DORSET ST., SOUTH BURLINGTON",2.97,S52080414,LRS,Property Damage Only,"(44.45287233, -73.17868697)"
1951,VT0040100,2012BU008280,04/07/2012,FAU 5040 (Pine Street),Burlington,NO DATA,NO DATA,NO DATA,NO DATA,Maple St,NO DATA,NO DATA,99,"10 - Left Turn and Thru, Angle Broadside -->v--",NO DATA,NO DATA,NO DATA,NO DATA,NO DATA,NO DATA,Federal Aid Urban System (Class 2 TH's and 3 TH's,"PINE ST., BURLINGTON",1.26,S50400403,LRS,Property Damage Only,"(44.47353002, -73.21540703)"
1952,VT0040300,12SB02879,04/16/2012,FAU-5208 Dorset Street,South Burlington,NO DATA,NO DATA,NO DATA,NO DATA,Grandview Drive,250,Feet,35,2 - Head On,North,446010,216950,NO DATA,NO DATA,NO DATA,Federal Aid Urban System (Class 2 TH's and 3 TH's,"DORSET ST., SOUTH BURLINGTON",2.8,S52080414,LRS,Injury,"(44.45040242, -73.17824602)"
1953,VT0040300,12SB015353,11/14/2012,FAU-5208 Dorset Street,South Burlington,NO DATA,NO DATA,NO DATA,NO DATA,Grandview Drive,NO DATA,NO DATA,35,3 - Same Direction Sideswipe,NO DATA,446012,216904,NO DATA,NO DATA,NO DATA,Federal Aid Urban System (Class 2 TH's and 3 TH's,"DORSET ST., SOUTH BURLINGTON",2.8,S52080414,LRS,Property Damage Only,"(44.45040242, -73.17824602)"
1954,VT0040300,12SB010231,08/08/2012,FAU-5208 Dorset Street,South Burlington,NO DATA,NO DATA,NO DATA,NO DATA,Grandview Drive,NO DATA,NO DATA,35,"8 - No Turns, Thru moves only, Broadside ^<",NO DATA,446022,216908,NO DATA,NO DATA,NO DATA,Federal Aid Urban System (Class 2 TH's and 3 TH's,"DORSET ST., SOUTH BURLINGTON",2.78,S52080414,LRS,Property Damage Only,"(44.45011480, -73.17820367)"
1961,VT0040300,12SB013821,10/15/2012,FAU-5208 Dorset Street,South Burlington,NO DATA,NO DATA,NO DATA,NO DATA,Nowland Farm Rd,50,Feet,35,"14 - Left Turn and Thru, Broadside v<--",East,446264,214569,NO DATA,NO DATA,NO DATA,Federal Aid Urban System (Class 2 TH's and 3 TH's,"DORSET ST., SOUTH BURLINGTON",1.34,S52080414,LRS,Property Damage Only,"(44.42949858, -73.17489629)"
1962,VT0040300,12SB01595,02/29/2012,FAU 5208 (Dorset Street),South Burlington,NO DATA,NO DATA,NO DATA,NO DATA,Nowland Farm Road,1,Feet,40,"8 - No Turns, Thru moves only, Broadside ^<",North,446268,214565,NO DATA,NO DATA,NO DATA,Federal Aid Urban System (Class 2 TH's and 3 TH's,"DORSET ST., SOUTH BURLINGTON",1.32,S52080414,LRS,Injury,"(44.42921702, -73.17484427)"
1963,VT0040300,12SB06494,05/30/2012,FAU-5208 (1350 Dorset Street),South Burlington,NO DATA,NO DATA,NO DATA,NO DATA,NO DATA,NO DATA,NO DATA,35,1 - Rear End,NO DATA,446321,214147,NO DATA,NO DATA,NO DATA,Federal Aid Urban System (Class 2 TH's and 3 TH's,"DORSET ST., SOUTH BURLINGTON",1.15,S52080414,LRS,Property Damage Only,"(44.42682514, -73.17437940)"
1964,VT0040300,12SB015673,11/21/2012,FAU-5208 Dorset Street,South Burlington,NO DATA,NO DATA,NO DATA,NO DATA,Cider MIll Drive,50,NO DATA,40,3 - Same Direction Sideswipe,North,446331,214055,NO DATA,NO DATA,NO DATA,Federal Aid Urban System (Class 2 TH's and 3 TH's,"DORSET ST., SOUTH BURLINGTON",1,S52080414,LRS,Property Damage Only,"(44.42471604, -73.17395677)"
1965,VT0040300,12SB00353,01/13/2012,FAU-5207 (150 Allen Road),South Burlington,NO DATA,NO DATA,NO DATA,NO DATA,Baycrest Drive,0,Miles,35,2 - Head On,West,443999,213679,NO DATA,NO DATA,NO DATA,Federal Aid Urban System (Class 2 TH's and 3 TH's,"ALLEN RD., SOUTH BURLINGTON",0.4,S52070414,LRS,Injury,"(44.42131889, -73.20419339)"
1972,VT0040300,12SB0334,01/13/2012,FAU 5206 (Airport Parkway),South Burlington,NO DATA,NO DATA,NO DATA,NO DATA,#103,NO DATA,NO DATA,25,1 - Rear End,NO DATA,447113,219492,NO DATA,NO DATA,NO DATA,Federal Aid Urban System (Class 2 TH's and 3 TH's,"AIRPORT PARKWAY, SOUTH BURLINGTON",0.25,S52060414,LRS,Property Damage Only,"(44.47416171, -73.16478617)"
1973,VT0040300,12SB014842,11/03/2012,FAU-5206 Airport Parkway,South Burlington,NO DATA,NO DATA,NO DATA,NO DATA,Dumont Avenue,1,Feet,25,"8 - No Turns, Thru moves only, Broadside ^<",NO DATA,NO DATA,NO DATA,NO DATA,NO DATA,NO DATA,Federal Aid Urban System (Class 2 TH's and 3 TH's,"AIRPORT PARKWAY, SOUTH BURLINGTON",0.19,S52060414,LRS,Property Damage Only,"(44.47335592, -73.16444154)"
1974,VT0040300,12SB05588,05/11/2012,FAU-5206 Airport Parkway,South Burlington,NO DATA,NO DATA,NO DATA,NO DATA,White Street,NO DATA,NO DATA,25,1 - Rear End,NO DATA,447213,219178,NO DATA,NO DATA,NO DATA,Federal Aid Urban System (Class 2 TH's and 3 TH's,"AIRPORT PARKWAY, SOUTH BURLINGTON",0,S52060414,LRS,Property Damage Only,"(44.47080178, -73.16336205)"
1975,VT0040300,12SB015928,11/26/2012,FAU-5202 Airport Drive,South Burlington,NO DATA,NO DATA,NO DATA,NO DATA,White Street,NO DATA,NO DATA,25,2 - Head On,NO DATA,447591,219335,NO DATA,NO DATA,NO DATA,Federal Aid Urban System (Class 2 TH's and 3 TH's,"AIRPORT DRIVE, SOUTH BURLINGTON",0.68,S52020414,LRS,Property Damage Only,"(44.47233587, -73.15842508)"
1976,VT0040300,12SB016014,11/27/2012,FAU-5202 (1223 Airport Drive),South Burlington,NO DATA,NO DATA,NO DATA,NO DATA,Airport Deli,NO DATA,NO DATA,25,1 - Rear End,NO DATA,447737,218960,NO DATA,NO DATA,NO DATA,Federal Aid Urban System (Class 2 TH's and 3 TH's,"AIRPORT DRIVE, SOUTH BURLINGTON",0.44,S52020414,LRS,Injury,"(44.46906374, -73.15680767)"
1977,VT0040300,12SB007677,06/23/2012,FAU-5202 (1181 Airport Drive),South Burlington,NO DATA,NO DATA,NO DATA,NO DATA,Patrick Street,15,NO DATA,25,NO DATA,South,447770,218859,NO DATA,NO DATA,NO DATA,Federal Aid Urban System (Class 2 TH's and 3 TH's,"AIRPORT DRIVE, SOUTH BURLINGTON",0.36,S52020414,LRS,Property Damage Only,"(44.46797109, -73.15627578)"
2007,VT0040400,12WS005413,11/05/2012,FAU-5107 W Allen St,Winooski City,NO DATA,NO DATA,NO DATA,NO DATA,Main St,NO DATA,NO DATA,25,1 - Rear End,NO DATA,004-45-392,002-21-476,NO DATA,NO DATA,NO DATA,Federal Aid Urban System (Class 2 TH's and 3 TH's,"W. ALLEN ST., WINOOSKI CITY",0.12,S51070418,LRS,Property Damage Only,"(44.49138916, -73.18666869)"
1978,VT0040300,12SB02032,03/16/2012,FAU-5202 (1200 Airport Drive),South Burlington,NO DATA,NO DATA,NO DATA,NO DATA,Patrick Street,100,Feet,25,"14 - Left Turn and Thru, Broadside v<--",East,447811,218759,NO DATA,NO DATA,NO DATA,Federal Aid Urban System (Class 2 TH's and 3 TH's,"AIRPORT DRIVE, SOUTH BURLINGTON",0.31,S52020414,LRS,Property Damage Only,"(44.46729037, -73.15593614)"
1979,VT0040300,12SB007729,06/25/2012,1200 Airport Drive,South Burlington,NO DATA,NO DATA,NO DATA,NO DATA,Airport Road,0,Miles,25,NO DATA,North,447815,218750,NO DATA,NO DATA,NO DATA,Federal Aid Urban System (Class 2 TH's and 3 TH's,"AIRPORT DRIVE, SOUTH BURLINGTON",0.31,S52020414,LRS,Injury,"(44.46729037, -73.15593614)"
1980,VT0040300,12SB002304,03/26/2012,FAU-5202 (1157 Airport Drive),South Burlington,NO DATA,NO DATA,NO DATA,NO DATA,Williston Road,500,Feet,25,1 - Rear End,North,447801,218773,NO DATA,NO DATA,NO DATA,Federal Aid Urban System (Class 2 TH's and 3 TH's,"AIRPORT DRIVE, SOUTH BURLINGTON",0.3,S52020414,LRS,Property Damage Only,"(44.46715428, -73.15586769)"
1981,VT0040300,12SB011468,08/31/2012,FAU-5202 Airport Drive,South Burlington,NO DATA,NO DATA,NO DATA,NO DATA,Williston Road,25,Feet,25,1 - Rear End,North,447941,218314,NO DATA,NO DATA,NO DATA,Federal Aid Urban System (Class 2 TH's and 3 TH's,"AIRPORT DRIVE, SOUTH BURLINGTON",0,S52020414,LRS,Property Damage Only,"(44.46304186, -73.15419253)"
1982,VT0040100,2012BU022134,08/31/2012,FAU-5040 Pine St,Burlington,NO DATA,NO DATA,NO DATA,NO DATA,Lakeside Ave,1,Feet,25,5 - Rear-to-rear,West,NO DATA,NO DATA,NO DATA,NO DATA,NO DATA,Federal Aid Urban System (Class 2 TH's and 3 TH's,"PINE ST., BURLINGTON",0.4,S50400403,LRS,Property Damage Only,"(44.46118350, -73.21456325)"
1983,VT0040300,12SB000204,01/08/2012,Airport Drive,South Burlington,NO DATA,NO DATA,NO DATA,NO DATA,Williston Road,10,Feet,25,1 - Rear End,North,447952,218294,NO DATA,NO DATA,NO DATA,Federal Aid Urban System (Class 2 TH's and 3 TH's,"AIRPORT DRIVE, SOUTH BURLINGTON",0,S52020414,LRS,Property Damage Only,"(44.46304186, -73.15419253)"
1984,VT0040400,12WS006174,12/14/2012,FAU-5113 W Center St,Winooski City,NO DATA,NO DATA,NO DATA,NO DATA,Follett St,NO DATA,NO DATA,25,"8 - No Turns, Thru moves only, Broadside ^<",North,004-45-335,002-21-389,NO DATA,NO DATA,NO DATA,Federal Aid Urban System (Class 2 TH's and 3 TH's,"W. CENTER ST., WINOO",0.05,S51130418,LRS,Property Damage Only,"(44.49075510, -73.18726807)"
1985,VT0040400,12WS00961,03/26/2012,FAU-5113 West Center Street,Winooski City,NO DATA,NO DATA,NO DATA,NO DATA,Main Street,25,Feet,25,7 - Other - Explain in Narrative,West,004-45-396,002-21-390,NO DATA,NO DATA,NO DATA,Federal Aid Urban System (Class 2 TH's and 3 TH's,"W. CENTER ST., WINOO",0,S51130418,LRS,Property Damage Only,"(44.49092339, -73.18640604)"
1986,VT0040400,12WS01286,04/19/2012,FAU-5110 (26 West Spring Street),Winooski City,NO DATA,NO DATA,NO DATA,NO DATA,Weaver Street,NO DATA,NO DATA,25,"14 - Left Turn and Thru, Broadside v<--",West,004-45-310,002-21-373,NO DATA,NO DATA,NO DATA,Federal Aid Urban System (Class 2 TH's and 3 TH's,"W SPRING ST., WINOOSKI CITY",0.26,S51100418,LRS,Property Damage Only,"(44.49510487, -73.18749132)"
1987,VT0040400,12WS004956,10/10/2012,FAU5110 W Spring St,Winooski City,NO DATA,NO DATA,NO DATA,NO DATA,Weaver St,50,Feet,25,1 - Rear End,West,004-45-310,002-21-873,NO DATA,NO DATA,NO DATA,Federal Aid Urban System (Class 2 TH's and 3 TH's,"W SPRING ST., WINOOSKI CITY",0.24,S51100418,LRS,Property Damage Only,"(44.49515377, -73.18788208)"
1994,VT0040400,12WS004593,09/21/2012,FAU-5108 (160 Malletts Bay Ave),Winooski City,NO DATA,NO DATA,NO DATA,NO DATA,W Spring St,5,Feet,25,3 - Same Direction Sideswipe,North,004-44-926,002-21-877,NO DATA,NO DATA,NO DATA,Federal Aid Urban System (Class 2 TH's and 3 TH's,"MALLETTS BAY AVE., WINOOSKI CITY",0.33,S51080418,LRS,Property Damage Only,"(44.49531273, -73.19280668)"
1995,VT0040400,12WS003032,07/02/2012,FAU-5108 (122 Malletts Bay Avenue),Winooski City,NO DATA,NO DATA,NO DATA,NO DATA,West Spring Street,200,Feet,25,"10 - Left Turn and Thru, Angle Broadside -->v--",East,004-44-973,002-21-799,NO DATA,NO DATA,NO DATA,Federal Aid Urban System (Class 2 TH's and 3 TH's,"MALLETTS BAY AVE., WINOOSKI CITY",0.25,S51080418,LRS,Property Damage Only,"(44.49439131, -73.19191614)"
1996,VT0040400,12WS01311,04/20/2012,FAU-5108 (91 Malletts Bay Avenue),Winooski City,NO DATA,NO DATA,NO DATA,NO DATA,Union Street,NO DATA,NO DATA,25,1 - Rear End,West,004-45-021,002-24-711,NO DATA,NO DATA,NO DATA,Federal Aid Urban System (Class 2 TH's and 3 TH's,"MALLETTS BAY AVE., WINOOSKI CITY",0.19,S51080418,LRS,Property Damage Only,"(44.49369994, -73.19124886)"
1997,VT0040400,12WS005572,11/14/2012,FAU-5108 Malletts Bay Ave,Winooski City,NO DATA,NO DATA,NO DATA,NO DATA,Union St,10,Feet,25,4 - Opp Direction Sideswipe,West,004-45-021,002-21-711,NO DATA,NO DATA,NO DATA,Federal Aid Urban System (Class 2 TH's and 3 TH's,"MALLETTS BAY AVE., WINOOSKI CITY",0.18,S51080418,LRS,Injury,"(44.49358471, -73.19113764)"
1998,VT0040400,12WS00819,03/15/2012,FAU-5108 (89 Malletts Bay Avenue),Winooski City,NO DATA,NO DATA,NO DATA,NO DATA,NO DATA,NO DATA,NO DATA,25,"19 - Right Turn and Thru, Head On v^--",West,004-45-021,002-21-711,NO DATA,NO DATA,NO DATA,Federal Aid Urban System (Class 2 TH's and 3 TH's,"MALLETTS BAY AVE., WINOOSKI CITY",0.18,S51080418,LRS,Property Damage Only,"(44.49358471, -73.19113764)"
2005,VT0040100,2012BU013493,06/05/2012,FAU-5040 Pine Street,Burlington,NO DATA,NO DATA,NO DATA,NO DATA,Lakeside Avenue,NO DATA,NO DATA,30,1 - Rear End,NO DATA,NO DATA,NO DATA,NO DATA,NO DATA,NO DATA,Federal Aid Urban System (Class 2 TH's and 3 TH's,"PINE ST., BURLINGTON",0.4,S50400403,LRS,Property Damage Only,"(44.46118350, -73.21456325)"
2006,VT0040400,12WS004531,09/17/2012,FAU-5107 W Allen St,Winooski City,NO DATA,NO DATA,NO DATA,NO DATA,Main Sst,150,Feet,25,"8 - No Turns, Thru moves only, Broadside ^<",West,004-45-385,002-21-470,NO DATA,NO DATA,NO DATA,Federal Aid Urban System (Class 2 TH's and 3 TH's,"W. ALLEN ST., WINOOSKI CITY",0.12,S51070418,LRS,Property Damage Only,"(44.49138916, -73.18666869)"
2008,VT0040400,12WS01161,04/12/2012,FAU-5107 West Allen Street,Winooski City,NO DATA,NO DATA,NO DATA,NO DATA,Main Street,NO DATA,NO DATA,25,1 - Rear End,West,004-45-392,002-21-476,NO DATA,NO DATA,NO DATA,Federal Aid Urban System (Class 2 TH's and 3 TH's,"W. ALLEN ST., WINOOSKI CITY",0.12,S51070418,LRS,Property Damage Only,"(44.49138916, -73.18666869)"
2009,VT0040400,12WS006362,12/25/2012,FAU-5107 (27 W Allen St),Winooski City,NO DATA,NO DATA,NO DATA,NO DATA,Weaver St,NO DATA,NO DATA,25,"8 - No Turns, Thru moves only, Broadside ^<",NO DATA,004-45-296,002-21-473,NO DATA,NO DATA,NO DATA,Federal Aid Urban System (Class 2 TH's and 3 TH's,"W. ALLEN ST., WINOOSKI CITY",0.08,S51070418,LRS,Property Damage Only,"(44.49139935, -73.18749998)"
2016,VT0040400,12WS003691,08/05/2012,FAU-5104 (38 E Spring St),Winooski City,NO DATA,NO DATA,NO DATA,NO DATA,NO DATA,NO DATA,NO DATA,25,"16 - Right Turn and Thru, Same Direction Sideswipe/Angle Crash ^^--",NO DATA,004-45-554,002-21-810,NO DATA,NO DATA,NO DATA,Federal Aid Urban System (Class 2 TH's and 3 TH's,"E SPRING ST., WINOOSKI CITY",0.08,S51040418,LRS,Property Damage Only,"(44.49446033, -73.18453966)"
2017,VT0040100,2012BU04407,02/22/2012,FAU 5040 (Pine Street),Burlington,NO DATA,NO DATA,NO DATA,NO DATA,Lakeside Ave,20,Feet,30,1 - Rear End,North,NO DATA,NO DATA,NO DATA,NO DATA,NO DATA,Federal Aid Urban System (Class 2 TH's and 3 TH's,"PINE ST., BURLINGTON",0.4,S50400403,LRS,Property Damage Only,"(44.46118350, -73.21456325)"
2018,VT0040400,12WS005178,10/24/2012,FAU-5104 E Spring St,Winooski City,NO DATA,NO DATA,NO DATA,NO DATA,Main St,NO DATA,NO DATA,25,"16 - Right Turn and Thru, Same Direction Sideswipe/Angle Crash ^^--",East,004-45-421,002-21-842,NO DATA,NO DATA,NO DATA,Federal Aid Urban System (Class 2 TH's and 3 TH's,"E SPRING ST., WINOOSKI CITY",0,S51040418,LRS,Property Damage Only,"(44.49477846, -73.18617062)"
2019,VT0040100,12BU19267,08/03/2012,FAU-5052 S Union St,Burlington,NO DATA,NO DATA,NO DATA,NO DATA,Pearl St,5,Feet,25,"18 - Right Turn and Thru, Broadside ^<--",North,NO DATA,NO DATA,NO DATA,NO DATA,NO DATA,Federal Aid Urban System (Class 2 TH's and 3 TH's,"S UNION ST., BURLINGTON",1.09,S50520403,LRS,Property Damage Only,"(44.48055846, -73.20930895)"
2020,VT0040100,2012BU009596,04/23/2012,FAU 5052 (S Union St),Burlington,NO DATA,NO DATA,NO DATA,NO DATA,Pearl St,NO DATA,NO DATA,99,1 - Rear End,NO DATA,NO DATA,NO DATA,NO DATA,NO DATA,NO DATA,Federal Aid Urban System (Class 2 TH's and 3 TH's,"S UNION ST., BURLINGTON",1.09,S50520403,LRS,Property Damage Only,"(44.48055846, -73.20930895)"
2027,VT0040100,2012BU030112,11/26/2012,FAU-5052 (257 South Union Street),Burlington,NO DATA,NO DATA,NO DATA,NO DATA,South Union Street/Maple Street,NO DATA,NO DATA,25,3 - Same Direction Sideswipe,NO DATA,NO DATA,NO DATA,NO DATA,NO DATA,NO DATA,Federal Aid Urban System (Class 2 TH's and 3 TH's,"S UNION ST., BURLINGTON",0.54,S50520403,LRS,Property Damage Only,"(44.47272599, -73.20873561)"
2028,VT0040100,2012BU024522,09/22/2012,FAU-5052 (305 S Union),Burlington,NO DATA,NO DATA,NO DATA,NO DATA,Kingsland Terrace,25,Feet,25,"8 - No Turns, Thru moves only, Broadside ^<",South,NO DATA,NO DATA,NO DATA,NO DATA,NO DATA,Federal Aid Urban System (Class 2 TH's and 3 TH's,"S UNION ST., BURLINGTON",0.46,S50520403,LRS,Property Damage Only,"(44.47158598, -73.20866710)"
2029,VT0040100,2012BU006710,03/20/2012,FAU 5052 (S Union Street),Burlington,NO DATA,NO DATA,NO DATA,NO DATA,Spruce St,NO DATA,NO DATA,30,"8 - No Turns, Thru moves only, Broadside ^<",North,NO DATA,NO DATA,NO DATA,NO DATA,NO DATA,Federal Aid Urban System (Class 2 TH's and 3 TH's,"S UNION ST., BURLINGTON",0.39,S50520403,LRS,Property Damage Only,"(44.47058826, -73.20862115)"
2030,VT0040100,2012BU030651,12/03/2012,FAU-5052 (431 S Union St),Burlington,NO DATA,NO DATA,NO DATA,NO DATA,Howard St,NO DATA,NO DATA,25,3 - Same Direction Sideswipe,North,NO DATA,NO DATA,NO DATA,NO DATA,NO DATA,Federal Aid Urban System (Class 2 TH's and 3 TH's,"S UNION ST., BURLINGTON",0.22,S50520403,LRS,Property Damage Only,"(44.46818904, -73.20813396)"
2031,VT0040100,2012BU032704,12/30/2012,FAU-5050 South Prospect Street,Burlington,NO DATA,NO DATA,NO DATA,NO DATA,Pearl Street,NO DATA,NO DATA,25,"10 - Left Turn and Thru, Angle Broadside -->v--",NO DATA,NO DATA,NO DATA,NO DATA,NO DATA,NO DATA,Federal Aid Urban System (Class 2 TH's and 3 TH's,"S PROSPECT ST., BURLINGTON",0.3,S50500403,LRS,Property Damage Only,"(44.48075268, -73.20054293)"
2038,VT0040100,2012BU003114,02/05/2012,FAU 5050 (8 Prospect Street),Burlington,NO DATA,NO DATA,NO DATA,NO DATA,College St,20,Feet,25,1 - Rear End,North,NO DATA,NO DATA,NO DATA,NO DATA,NO DATA,Federal Aid Urban System (Class 2 TH's and 3 TH's,"S PROSPECT ST., BURLINGTON",0.09,S50500403,LRS,Property Damage Only,"(44.47767943, -73.20059497)"
2039,VT0040100,2012BU029191,11/14/2012,FAU-5050 South Prospect Street,Burlington,NO DATA,NO DATA,NO DATA,NO DATA,Main Street,50,Feet,25,"8 - No Turns, Thru moves only, Broadside ^<",South,NO DATA,NO DATA,NO DATA,NO DATA,NO DATA,Federal Aid Urban System (Class 2 TH's and 3 TH's,"S PROSPECT ST., BURLINGTON",0.01,S50500403,LRS,Property Damage Only,"(44.47650933, -73.20067230)"
2040,VT0040100,2012BU023404,09/12/2012,FAU-5050 S Prospect St,Burlington,NO DATA,NO DATA,NO DATA,NO DATA,Main St,1,Feet,25,3 - Same Direction Sideswipe,South,NO DATA,NO DATA,NO DATA,NO DATA,NO DATA,Federal Aid Urban System (Class 2 TH's and 3 TH's,"S PROSPECT ST., BURLINGTON",0,S50500403,LRS,Property Damage Only,"(44.47636306, -73.20068196)"
2041,VT0040100,2012BU017679,07/17/2012,FAU-5050 S Prospect St,Burlington,NO DATA,NO DATA,NO DATA,NO DATA,Main St,NO DATA,NO DATA,25,1 - Rear End,NO DATA,NO DATA,NO DATA,NO DATA,NO DATA,NO DATA,Federal Aid Urban System (Class 2 TH's and 3 TH's,"S PROSPECT ST., BURLINGTON",0,S50500403,LRS,Property Damage Only,"(44.47636306, -73.20068196)"
2042,VT0040100,2012BU005618,03/09/2012,FAU-5040 (789 Pine Street),Burlington,NO DATA,NO DATA,NO DATA,NO DATA,Champlain Elementary School,NO DATA,NO DATA,25,1 - Rear End,NO DATA,NO DATA,NO DATA,NO DATA,NO DATA,NO DATA,Federal Aid Urban System (Class 2 TH's and 3 TH's,"PINE ST., BURLINGTON",0.13,S50400403,LRS,Injury,"(44.45730666, -73.21431896)"
2043,VT0040100,2012BU011067,05/11/2012,FAU-5050 S Prospect St,Burlington,NO DATA,NO DATA,NO DATA,NO DATA,Main St,NO DATA,NO DATA,99,3 - Same Direction Sideswipe,NO DATA,NO DATA,NO DATA,NO DATA,NO DATA,NO DATA,Federal Aid Urban System (Class 2 TH's and 3 TH's,"S PROSPECT ST., BURLINGTON",0,S50500403,LRS,Property Damage Only,"(44.47636306, -73.20068196)"
2044,VT0040100,2012BU028302,11/02/2012,FAU-5048 Sherman Street,Burlington,NO DATA,NO DATA,NO DATA,NO DATA,Park Street,NO DATA,NO DATA,25,1 - Rear End,NO DATA,NO DATA,NO DATA,NO DATA,NO DATA,NO DATA,Federal Aid Urban System (Class 2 TH's and 3 TH's,"SHERMAN ST., BURLINGTON",0,S50480403,LRS,Property Damage Only,"(44.48207047, -73.21916496)"
2045,VT0040100,2012BU031000,12/07/2012,FAU-5046 (125 St Paul Street),Burlington,NO DATA,NO DATA,NO DATA,NO DATA,N/A,NO DATA,NO DATA,25,5 - Rear-to-rear,North,NO DATA,NO DATA,NO DATA,NO DATA,NO DATA,Federal Aid Urban System (Class 2 TH's and 3 TH's,"ST. PAUL ST., BURLINGTON",0.6,S50460403,LRS,Property Damage Only,"(44.47588444, -73.21401240)"
2046,VT0040100,2012BU014740,06/18/2012,FAU-5046 St Paul Street,Burlington,NO DATA,NO DATA,NO DATA,NO DATA,Main Street,30,Feet,25,7 - Other - Explain in Narrative,NO DATA,NO DATA,NO DATA,NO DATA,NO DATA,NO DATA,Federal Aid Urban System (Class 2 TH's and 3 TH's,"ST. PAUL ST., BURLINGTON",0.6,S50460403,LRS,Property Damage Only,"(44.47588444, -73.21401240)"
2047,VT0040100,2012BU026470,10/14/2012,FAU-5046 St Paul St,Burlington,NO DATA,NO DATA,NO DATA,NO DATA,Main St,5,Feet,25,3 - Same Direction Sideswipe,South,NO DATA,NO DATA,NO DATA,NO DATA,NO DATA,Federal Aid Urban System (Class 2 TH's and 3 TH's,"ST. PAUL ST., BURLINGTON",0.6,S50460403,LRS,Property Damage Only,"(44.47588444, -73.21401240)"
2048,VT0040100,2012BU015289,06/23/2012,FAU-5046 St Paul St,Burlington,NO DATA,NO DATA,NO DATA,NO DATA,Main St,NO DATA,NO DATA,25,7 - Other - Explain in Narrative,NO DATA,NO DATA,NO DATA,NO DATA,NO DATA,NO DATA,Federal Aid Urban System (Class 2 TH's and 3 TH's,"ST. PAUL ST., BURLINGTON",0.6,S50460403,LRS,Injury,"(44.47588444, -73.21401240)"
2049,VT0040100,2012BU001351,01/16/2012,FAU 5046┬á (St Paul Street),Burlington,NO DATA,NO DATA,NO DATA,NO DATA,Main St,15,Feet,25,7 - Other - Explain in Narrative,North,NO DATA,NO DATA,NO DATA,NO DATA,NO DATA,Federal Aid Urban System (Class 2 TH's and 3 TH's,"ST. PAUL ST., BURLINGTON",0.6,S50460403,LRS,Injury,"(44.47588444, -73.21401240)"
2050,VT0040100,2012BU030649,12/03/2012,FAU-5046 (150 St Paul Street),Burlington,NO DATA,NO DATA,NO DATA,NO DATA,N/A,NO DATA,NO DATA,30,"8 - No Turns, Thru moves only, Broadside ^<",NO DATA,NO DATA,NO DATA,NO DATA,NO DATA,NO DATA,Federal Aid Urban System (Class 2 TH's and 3 TH's,"ST. PAUL ST., BURLINGTON",0.58,S50460403,LRS,Property Damage Only,"(44.47557037, -73.21398668)"