ID,Reporting Agency,Report Number,Date,Street Address,Town,Number,Number1,Number2,Number3,Intersection,Distance From Intersection,Distance Unit,Posted Speed,Direction of Collision,Direction from Intersection,Easting,Northing,Mile Marker,Mile Marker 1,Mile Marker 2,AOT Roadway,AOT Route,AOT Actual Mile,LRS Number,How Mapped,Crash Type,Location 1
2051,VT0040100,2012BU015165,06/22/2012,FAU-5046 (164 St Paul St),Burlington,NO DATA,NO DATA,NO DATA,NO DATA,St Paul St,NO DATA,NO DATA,25,NO DATA,NO DATA,NO DATA,NO DATA,NO DATA,NO DATA,NO DATA,Federal Aid Urban System (Class 2 TH's and 3 TH's,"ST. PAUL ST., BURLINGTON",0.54,S50460403,LRS,Property Damage Only,"(44.47494225, -73.21393524)"
2052,VT0040100,2012BU012917,05/30/2012,FAU-5046 St Paul St/Maple St,Burlington,NO DATA,NO DATA,NO DATA,NO DATA,St Paul St,NO DATA,NO DATA,30,3 - Same Direction Sideswipe,NO DATA,NO DATA,NO DATA,NO DATA,NO DATA,NO DATA,Federal Aid Urban System (Class 2 TH's and 3 TH's,"ST. PAUL ST., BURLINGTON",0.46,S50460403,LRS,Property Damage Only,"(44.47368603, -73.21383645)"
2053,VT0040100,2012BU029670,11/20/2012,FAU-5046 St. Paul Street,Burlington,NO DATA,NO DATA,NO DATA,NO DATA,Maple Street,NO DATA,NO DATA,25,1 - Rear End,NO DATA,NO DATA,NO DATA,NO DATA,NO DATA,NO DATA,Federal Aid Urban System (Class 2 TH's and 3 TH's,"ST. PAUL ST., BURLINGTON",0.46,S50460403,LRS,Property Damage Only,"(44.47368603, -73.21383645)"
2054,VT0040100,2012BU07027,03/23/2012,FAU-5046 St Paul St,Burlington,NO DATA,NO DATA,NO DATA,NO DATA,Maple St,NO DATA,NO DATA,30,"8 - No Turns, Thru moves only, Broadside ^<",NO DATA,NO DATA,NO DATA,NO DATA,NO DATA,NO DATA,Federal Aid Urban System (Class 2 TH's and 3 TH's,"ST. PAUL ST., BURLINGTON",0.45,S50460403,LRS,Property Damage Only,"(44.47352890, -73.21382653)"
2055,VT0040100,2011BU002092,01/24/2012,FAU 5046┬á (St Paul Street),Burlington,NO DATA,NO DATA,NO DATA,NO DATA,Maple St,NO DATA,NO DATA,99,1 - Rear End,NO DATA,NO DATA,NO DATA,NO DATA,NO DATA,NO DATA,Federal Aid Urban System (Class 2 TH's and 3 TH's,"ST. PAUL ST., BURLINGTON",0.45,S50460403,LRS,Property Damage Only,"(44.47352890, -73.21382653)"
2056,VT0040100,12BU016235,07/03/2012,FAU-5040 Pine St,Burlington,NO DATA,NO DATA,NO DATA,NO DATA,Flynn Ave,NO DATA,NO DATA,30,1 - Rear End,North,NO DATA,NO DATA,NO DATA,NO DATA,NO DATA,Federal Aid Urban System (Class 2 TH's and 3 TH's,"PINE ST., BURLINGTON",0,S50400403,LRS,Property Damage Only,"(44.45544086, -73.21418453)"
2057,VT0040700,12SH02411,09/27/2012,FAU-5716 Irish Hill Road,Shelburne,NO DATA,NO DATA,NO DATA,NO DATA,Wildwood Drive,100,Feet,35,6 - Single Vehicle Crash,West,443357,208286,NO DATA,NO DATA,NO DATA,Federal Aid Urban System (Class 2 TH's and 3 TH's,"IRISH HILL ROAD, SHELBURNE",0.13,S57160413,LRS,Property Damage Only,"(44.37269824, -73.20912608)"
2058,VT0040700,12SH01027,05/06/2012,FAU-5715 (746 Falls Rd),Shelburne,2,NO DATA,NO DATA,NO DATA,Summerfield Rd,0,Miles,35,6 - Single Vehicle Crash,East,446974,207404,NO DATA,NO DATA,NO DATA,Federal Aid Urban System (Class 2 TH's and 3 TH's,"HINESBURG RD., SHELBURNE",0.2,S57150413,LRS,Property Damage Only,"(44.36462797, -73.16479854)"
2059,VT0040700,12SH00848,04/15/2012,FAU 5714 (261 HARBOR ROAD),Shelburne,NO DATA,NO DATA,NO DATA,NO DATA,McCABE CIRCLE,50,Feet,35,7 - Other - Explain in Narrative,East,441550,209343,NO DATA,NO DATA,NO DATA,Federal Aid Urban System (Class 2 TH's and 3 TH's,"HARBOR ROAD, SHELBURNE",0.27,S57140413,LRS,Property Damage Only,"(44.38174005, -73.23258549)"
2060,VT0040700,12SH02324,09/17/2012,FAU-5712 Falls Rd./ Irish Hill Rd,Shelburne,NO DATA,NO DATA,NO DATA,NO DATA,Tjhomspon Rd,300,Feet,35,6 - Single Vehicle Crash,West,443209,208193,NO DATA,NO DATA,NO DATA,Federal Aid Urban System (Class 2 TH's and 3 TH's,"FALLS ROAD, SHELBURNE",0.63,S57120413,LRS,Property Damage Only,"(44.37171024, -73.21256861)"
2061,VT0040700,1202857,11/18/2012,FAU-5712 Irish Hill Road,Shelburne,NO DATA,NO DATA,NO DATA,NO DATA,Thomas Road,250,Feet,35,6 - Single Vehicle Crash,East,443015,208062,NO DATA,NO DATA,NO DATA,Federal Aid Urban System (Class 2 TH's and 3 TH's,"FALLS ROAD, SHELBURNE",0.51,S57120413,LRS,Property Damage Only,"(44.37071583, -73.21452900)"
2062,VT0040700,12SH02857,11/18/2012,FAU-5712 Irish Hill Road,Shelburne,NO DATA,NO DATA,NO DATA,NO DATA,Thomas Road,250,Feet,35,6 - Single Vehicle Crash,East,443015,208062,NO DATA,NO DATA,NO DATA,Federal Aid Urban System (Class 2 TH's and 3 TH's,"FALLS ROAD, SHELBURNE",0.47,S57120413,LRS,Property Damage Only,"(44.37056835, -73.21531275)"
2063,VT0040700,12SH01945,08/08/2012,FAU-5712 (769 Falls Road),Shelburne,NO DATA,NO DATA,NO DATA,NO DATA,Mt. Philo Road,100,Feet,35,1 - Rear End,East,442264,208055,NO DATA,NO DATA,NO DATA,Federal Aid Urban System (Class 2 TH's and 3 TH's,"FALLS ROAD, SHELBURNE",0.04,S57120413,LRS,Property Damage Only,"(44.37045119, -73.22383794)"
2064,VT0040700,12SH01969,08/11/2012,FAU-5710 Dorset Street,Shelburne,NO DATA,NO DATA,NO DATA,NO DATA,7051 Dorset Street,NO DATA,NO DATA,35,4 - Opp Direction Sideswipe,NO DATA,NO DATA,NO DATA,NO DATA,NO DATA,NO DATA,Federal Aid Urban System (Class 2 TH's and 3 TH's,"DORSET STREET EXT., SHELBURNE",0.3,S57100413,LRS,Injury,"(44.36903765, -73.18080484)"
2072,VT0040500,12CC04974,07/23/2012,FAU-5618 (835 E Lakeshore Drive),Colchester,NO DATA,NO DATA,NO DATA,NO DATA,NO DATA,NO DATA,NO DATA,30,5 - Rear-to-rear,NO DATA,444421,227854,NO DATA,NO DATA,NO DATA,Federal Aid Urban System (Class 2 TH's and 3 TH's,"E. LAKESHORE DR., COLCHESTER",0.83,S56180405,LRS,Property Damage Only,"(44.54848586, -73.20013400)"
2073,VT0040500,12CC01797,03/24/2012,FAU 5618 (E Lakeshore Dr),Colchester,NO DATA,127,NO DATA,NO DATA,W Lakeshore Dr,NO DATA,NO DATA,30,1 - Rear End,NO DATA,443140,227395,NO DATA,NO DATA,NO DATA,Federal Aid Urban System (Class 2 TH's and 3 TH's,"E. LAKESHORE DR., COLCHESTER",0,S56180405,LRS,Property Damage Only,"(44.54449645, -73.21555795)"
2074,VT0040500,12CC02810,05/02/2012,FAU-5617 Bay Rd,Colchester,NO DATA,127,NO DATA,NO DATA,Roosevelt Highway,NO DATA,NO DATA,35,1 - Rear End,NO DATA,447137,227781,NO DATA,NO DATA,NO DATA,Federal Aid Urban System (Class 2 TH's and 3 TH's,"BAY RD., COLCHESTER",1.39,S56170405,LRS,Property Damage Only,"(44.54830597, -73.16506623)"
2075,VT0040500,12CC02652,04/25/2012,FAU-5617 Bay Road,Colchester,NO DATA,NO DATA,NO DATA,NO DATA,Munson Road,20,Feet,35,3 - Same Direction Sideswipe,West,004-47-078,002-27-751,NO DATA,NO DATA,NO DATA,Federal Aid Urban System (Class 2 TH's and 3 TH's,"BAY RD., COLCHESTER",1.33,S56170405,LRS,Property Damage Only,"(44.54839923, -73.16627150)"
2076,VT0040500,12CC03367,05/23/2012,FAU-5617 Bay Road,Colchester,NO DATA,NO DATA,NO DATA,NO DATA,I89 Underpass,NO DATA,NO DATA,35,7 - Other - Explain in Narrative,NO DATA,004-45-627E,002-28-482N,NO DATA,NO DATA,NO DATA,Federal Aid Urban System (Class 2 TH's and 3 TH's,"BAY RD., COLCHESTER",0.32,S56170405,LRS,Property Damage Only,"(44.55449065, -73.18454653)"
2084,VT0040500,12CC00060,01/04/2012,FAU-5616 Severance Rd,Colchester,NO DATA,NO DATA,NO DATA,NO DATA,Mill Pond Rd,150,Feet,35,6 - Single Vehicle Crash,West,448091,225010,NO DATA,NO DATA,NO DATA,Federal Aid Urban System (Class 2 TH's and 3 TH's,"SEVERANCE ROAD, COLCHESTER",0,S56160405,LRS,Injury,"(44.52890958, -73.17194982)"
2085,VT0040500,12CC02085,04/04/2012,FAU-5616 Severance Road,Colchester,NO DATA,NO DATA,NO DATA,NO DATA,Roosevelt Highway,NO DATA,NO DATA,35,1 - Rear End,East,004-46-611,002-25-615,NO DATA,NO DATA,NO DATA,Federal Aid Urban System (Class 2 TH's and 3 TH's,"SEVERANCE ROAD, COLCHESTER",0,S56160405,LRS,Property Damage Only,"(44.52890958, -73.17194982)"
2086,VT0040500,12CC04250,06/26/2012,FAU-5614 Mill Pond Road,Colchester,NO DATA,NO DATA,NO DATA,NO DATA,Vermont Route 2A,0,Miles,35,7 - Other - Explain in Narrative,South,448425,227219,NO DATA,NO DATA,NO DATA,Federal Aid Urban System (Class 2 TH's and 3 TH's,"MILL POND ROAD, COLCHESTER",1.4,S56140405,LRS,Property Damage Only,"(44.54242086, -73.15172231)"
2087,VT0040500,12CC05274,08/04/2012,FAU-5612 Severance Road,Colchester,NO DATA,NO DATA,NO DATA,NO DATA,Hidden Oaks,NO DATA,NO DATA,35,1 - Rear End,NO DATA,448563,224142,NO DATA,NO DATA,NO DATA,Federal Aid Urban System (Class 2 TH's and 3 TH's,"KELLOGG ROAD, COLCHESTER",0.41,S56120405,LRS,Property Damage Only,"(44.51570842, -73.14701953)"
2088,VT0040500,12CC08529,12/18/2012,FAU-5612 Severance Road,Colchester,NO DATA,NO DATA,NO DATA,NO DATA,Oak Terrace,NO DATA,NO DATA,35,1 - Rear End,South,448650,224064,NO DATA,NO DATA,NO DATA,Federal Aid Urban System (Class 2 TH's and 3 TH's,"KELLOGG ROAD, COLCHESTER",0.32,S56120405,LRS,Injury,"(44.51496830, -73.14577392)"
2096,VT0040500,12CC00864,02/11/2012,FAU-5608 Malletts Bay Ave,Colchester,NO DATA,NO DATA,NO DATA,NO DATA,Lavigne Rd,15,Miles,40,6 - Single Vehicle Crash,South,443978,225148,NO DATA,NO DATA,NO DATA,Federal Aid Urban System (Class 2 TH's and 3 TH's,"MALLETTS BAY AVE., COLCHESTER",1.86,S56080405,LRS,Property Damage Only,"(44.52434701, -73.20466109)"
2097,VT0040500,12CC01706,03/22/2012,FAU-5608 Malletts Bay Avenue,Colchester,NO DATA,NO DATA,NO DATA,NO DATA,Lavigne Road,750,Feet,35,6 - Single Vehicle Crash,South,004-44-199,002-25-012,NO DATA,NO DATA,NO DATA,Federal Aid Urban System (Class 2 TH's and 3 TH's,"MALLETTS BAY AVE., COLCHESTER",1.72,S56080405,LRS,Injury,"(44.52313705, -73.20240282)"
2098,VT0040500,12CC08322,12/08/2012,FAU-5608 Malletts Bay Avenue,Colchester,NO DATA,NO DATA,NO DATA,NO DATA,Lavigne Road,0,Miles,35,6 - Single Vehicle Crash,South,444189,224966,NO DATA,NO DATA,NO DATA,Federal Aid Urban System (Class 2 TH's and 3 TH's,"MALLETTS BAY AVE., COLCHESTER",1.66,S56080405,LRS,Injury,"(44.52240904, -73.20175438)"
2099,VT0040500,12CC02047,04/03/2012,FAU-5608 Malletts Bay Avenue,Colchester,NO DATA,NO DATA,NO DATA,NO DATA,Lavigne Road,0,Miles,35,6 - Single Vehicle Crash,East,444214,224740,NO DATA,NO DATA,NO DATA,Federal Aid Urban System (Class 2 TH's and 3 TH's,"MALLETTS BAY AVE., COLCHESTER",1.66,S56080405,LRS,Property Damage Only,"(44.52240904, -73.20175438)"
2100,VT0040500,12CC00162,01/09/2012,FAU-5608 Malletts Bay Avenue,Colchester,NO DATA,NO DATA,NO DATA,NO DATA,Pine Island Road,200,Feet,35,6 - Single Vehicle Crash,North,444100,224260,NO DATA,NO DATA,NO DATA,Federal Aid Urban System (Class 2 TH's and 3 TH's,"MALLETTS BAY AVE., COLCHESTER",1.24,S56080405,LRS,Property Damage Only,"(44.51695125, -73.20261169)"
2107,VT0040500,12CC04724,07/14/2012,FAU-5605 (664 Porters Point Road),Colchester,NO DATA,NO DATA,NO DATA,NO DATA,NO DATA,NO DATA,NO DATA,99,6 - Single Vehicle Crash,NO DATA,439689,227162,NO DATA,NO DATA,NO DATA,Federal Aid Urban System (Class 2 TH's and 3 TH's,"PORTER POINT RD., COLCHESTER",0.65,S56050405,LRS,Injury,"(44.54203242, -73.25878448)"
2108,VT0040500,12CC07433,10/27/2012,FAU-5605 (427 Porters Point Road),Colchester,NO DATA,NO DATA,NO DATA,NO DATA,NO DATA,NO DATA,NO DATA,35,6 - Single Vehicle Crash,NO DATA,440041,226914,NO DATA,NO DATA,NO DATA,Federal Aid Urban System (Class 2 TH's and 3 TH's,"PORTER POINT RD., COLCHESTER",0.42,S56050405,LRS,Injury,"(44.54015535, -73.25480427)"
2109,VT0040500,12CC08175,11/30/2012,FAU-5605 Porters Point Road,Colchester,NO DATA,NO DATA,NO DATA,NO DATA,Church Road,NO DATA,NO DATA,35,"12 - Left Turn and Thru, Same Direction Sideswipe/Angle Crash vv--",NO DATA,440352,226700,NO DATA,NO DATA,NO DATA,Federal Aid Urban System (Class 2 TH's and 3 TH's,"PORTER POINT RD., COLCHESTER",0.17,S56050405,LRS,Property Damage Only,"(44.53802896, -73.25056841)"
2110,VT0040500,12CC08603,12/21/2012,FAU5605 (164 Porters Point Road),Colchester,NO DATA,NO DATA,NO DATA,NO DATA,Entrance To Colchester Plaza,NO DATA,NO DATA,35,"18 - Right Turn and Thru, Broadside ^<--",North,440413,226647,NO DATA,NO DATA,NO DATA,Federal Aid Urban System (Class 2 TH's and 3 TH's,"PORTER POINT RD., COLCHESTER",0.14,S56050405,LRS,Property Damage Only,"(44.53773946, -73.25009634)"
2111,VT0040500,12CC05432,08/11/2012,FAU-5605 (135 Porters Point Road),Colchester,NO DATA,NO DATA,NO DATA,NO DATA,NO DATA,NO DATA,NO DATA,35,"8 - No Turns, Thru moves only, Broadside ^<",NO DATA,440528,226528,NO DATA,NO DATA,NO DATA,Federal Aid Urban System (Class 2 TH's and 3 TH's,"PORTER POINT RD., COLCHESTER",0.14,S56050405,LRS,Property Damage Only,"(44.53773946, -73.25009634)"
2118,VT0040500,12CC08435,12/13/2012,FAU-5603 (872 Church Rd),Colchester,NO DATA,NO DATA,NO DATA,NO DATA,NO DATA,NO DATA,NO DATA,35,7 - Other - Explain in Narrative,NO DATA,440345,226713,NO DATA,NO DATA,NO DATA,Federal Aid Urban System (Class 2 TH's and 3 TH's,"CHURCH RD., COLCHESTER",0.19,S56030405,LRS,Property Damage Only,"(44.54072814, -73.25032268)"
2119,VT0040500,12CC06448,09/18/2012,FAU-5603 (872 Church Road),Colchester,NO DATA,NO DATA,NO DATA,NO DATA,Porters Point Road,150,Feet,35,3 - Same Direction Sideswipe,North,440358,226728,NO DATA,NO DATA,NO DATA,Federal Aid Urban System (Class 2 TH's and 3 TH's,"CHURCH RD., COLCHESTER",0.03,S56030405,LRS,Injury,"(44.53844018, -73.25042924)"
2120,VT0040500,12CC05914,08/30/2012,FAU-5602 Lime Kiln Road,Colchester,NO DATA,NO DATA,NO DATA,NO DATA,College Parkway ( Route 15),150,Feet,25,3 - Same Direction Sideswipe,South,447253,221552,NO DATA,NO DATA,NO DATA,Federal Aid Urban System (Class 2 TH's and 3 TH's,"LIME KILN ROAD, COLCHESTER",0.18,S56020405,LRS,Property Damage Only,"(44.49239001, -73.16323514)"
2121,VT0040500,12CC07385,10/26/2012,FAU-5600 Blakley Road,Colchester,NO DATA,127,NO DATA,NO DATA,Us Rt 7 / Rt 2,30,Feet,35,1 - Rear End,West,446565,225635,NO DATA,NO DATA,NO DATA,Federal Aid Urban System (Class 2 TH's and 3 TH's,"VT. 127 TH, COLCHESTER",5.94,S56000405,LRS,Property Damage Only,"(44.52890958, -73.17194982)"
2122,VT0040500,12CC04642,07/11/2012,FAU-5600 Blakely Road,Colchester,NO DATA,NO DATA,NO DATA,NO DATA,Roosevelt Highway,NO DATA,NO DATA,35,1 - Rear End,NO DATA,446572,225627,NO DATA,NO DATA,NO DATA,Federal Aid Urban System (Class 2 TH's and 3 TH's,"VT. 127 TH, COLCHESTER",5.94,S56000405,LRS,Property Damage Only,"(44.52890958, -73.17194982)"
2123,VT0040500,12CC01645,03/20/2012,FAU 5600 (Blakely Rd),Colchester,NO DATA,NO DATA,NO DATA,NO DATA,US Route 7,NO DATA,NO DATA,35,1 - Rear End,NO DATA,446582,225640,NO DATA,NO DATA,NO DATA,Federal Aid Urban System (Class 2 TH's and 3 TH's,"VT. 127 TH, COLCHESTER",5.93,S56000405,LRS,Property Damage Only,"(44.52899481, -73.17212800)"
2130,VT0040500,12CC07075,10/14/2012,FAU-5600 Blakely Road,Colchester,NO DATA,NO DATA,NO DATA,NO DATA,Edgewood Drive,NO DATA,NO DATA,35,6 - Single Vehicle Crash,NO DATA,444958,225751,NO DATA,NO DATA,NO DATA,Federal Aid Urban System (Class 2 TH's and 3 TH's,"VT. 127 TH, COLCHESTER",4.81,S56000405,LRS,Property Damage Only,"(44.52988598, -73.19232660)"
2131,VT0040500,12CC02176,04/07/2012,FAU-5600 Blakely Road,Colchester,NO DATA,NO DATA,NO DATA,NO DATA,I89 Overpass On Blakely Road,40,Feet,35,6 - Single Vehicle Crash,West,444714,225819,NO DATA,NO DATA,NO DATA,Federal Aid Urban System (Class 2 TH's and 3 TH's,"VT. 127 TH, COLCHESTER",4.67,S56000405,LRS,Injury,"(44.53037391, -73.19506835)"
2132,VT0040500,12CC06641,09/26/2012,FAU-5600 Blakley Road,Colchester,NO DATA,NO DATA,NO DATA,NO DATA,Shadow Cross Bridge,NO DATA,Feet,35,7 - Other - Explain in Narrative,North,444720,225805,NO DATA,NO DATA,NO DATA,Federal Aid Urban System (Class 2 TH's and 3 TH's,"VT. 127 TH, COLCHESTER",4.65,S56000405,LRS,Property Damage Only,"(44.53045033, -73.19545764)"
2133,VT0040500,12CC01223,02/29/2012,FAU 5600 (MALLETTS BAY AVE),Colchester,NO DATA,NO DATA,NO DATA,NO DATA,LAVIGNE RD,0,Miles,35,1 - Rear End,North,443852,225224,NO DATA,NO DATA,NO DATA,Federal Aid Urban System (Class 2 TH's and 3 TH's,"VT. 127 TH, COLCHESTER",4.53,S56000405,LRS,Property Damage Only,"(44.53097911, -73.19776253)"
2134,VT0040500,12CC00511,01/26/2012,FAU 5600 (Blakely Road),Colchester,NO DATA,127,NO DATA,NO DATA,Lavigne Road,30,Feet,35,1 - Rear End,East,444448,225902,NO DATA,NO DATA,NO DATA,Federal Aid Urban System (Class 2 TH's and 3 TH's,"VT. 127 TH, COLCHESTER",4.44,S56000405,LRS,Property Damage Only,"(44.53142538, -73.19946639)"
2142,VT0040500,12CC04421,07/03/2012,FAU-5600 Blakely Road,Colchester,NO DATA,NO DATA,NO DATA,NO DATA,W. Lakeshore Drive,100,Feet,35,1 - Rear End,East,443219,227327,NO DATA,NO DATA,NO DATA,Federal Aid Urban System (Class 2 TH's and 3 TH's,"VT. 127 TH, COLCHESTER",3.23,S56000405,LRS,Property Damage Only,"(44.54430312, -73.21532556)"
2143,VT0040500,12CC07960,11/18/2012,FAU-5600 West Lakeshore Drive,Colchester,NO DATA,127,NO DATA,NO DATA,Blakely Road,30,Feet,25,6 - Single Vehicle Crash,West,443141,227382,NO DATA,NO DATA,NO DATA,Federal Aid Urban System (Class 2 TH's and 3 TH's,"VT. 127 TH, COLCHESTER",3.21,S56000405,LRS,Property Damage Only,"(44.54449645, -73.21555795)"
2144,VT0040500,12CC03582,05/25/2012,FAU-5600 W. Lakeshore Drive,Colchester,NO DATA,NO DATA,NO DATA,NO DATA,E. Lakeshore Drive,NO DATA,NO DATA,25,1 - Rear End,NO DATA,443124,227413,NO DATA,NO DATA,NO DATA,Federal Aid Urban System (Class 2 TH's and 3 TH's,"VT. 127 TH, COLCHESTER",3.21,S56000405,LRS,Property Damage Only,"(44.54449645, -73.21555795)"
2145,VT0040500,12CC06663,09/27/2012,FAU-5600 West Lakeshore Drive,Colchester,NO DATA,NO DATA,NO DATA,NO DATA,East Lakeshore Drive,30,Feet,35,1 - Rear End,East,443036,227451,NO DATA,NO DATA,NO DATA,Federal Aid Urban System (Class 2 TH's and 3 TH's,"VT. 127 TH, COLCHESTER",3.21,S56000405,LRS,Property Damage Only,"(44.54449645, -73.21555795)"
2146,VT0040500,12CC05621,08/19/2012,FAU-5600 Blakely Road,Colchester,NO DATA,NO DATA,NO DATA,NO DATA,East/West Lakeshore Drive,NO DATA,NO DATA,35,1 - Rear End,NO DATA,443128,227372,NO DATA,NO DATA,NO DATA,Federal Aid Urban System (Class 2 TH's and 3 TH's,"VT. 127 TH, COLCHESTER",3.21,S56000405,LRS,Property Damage Only,"(44.54449645, -73.21555795)"
2154,VT0040500,12CC06683,09/28/2012,FAU-5600 Blakely Road,Colchester,NO DATA,NO DATA,NO DATA,NO DATA,East Lakeshore Drive,NO DATA,NO DATA,35,1 - Rear End,NO DATA,443154,227374,NO DATA,NO DATA,NO DATA,Federal Aid Urban System (Class 2 TH's and 3 TH's,"VT. 127 TH, COLCHESTER",3.21,S56000405,LRS,Property Damage Only,"(44.54449645, -73.21555795)"
2155,VT0040500,12CC03954,06/15/2012,FAU-5600 (105 W Lakeshore Dr),Colchester,NO DATA,NO DATA,NO DATA,NO DATA,Moorings,NO DATA,NO DATA,25,1 - Rear End,NO DATA,442680,227722,NO DATA,NO DATA,NO DATA,Federal Aid Urban System (Class 2 TH's and 3 TH's,"VT. 127 TH, COLCHESTER",3.09,S56000405,LRS,Property Damage Only,"(44.54542325, -73.21772941)"
2156,VT0040500,12CC05392,08/09/2012,FAU-5600 (105 West Lakeshore Drive),Colchester,NO DATA,NO DATA,NO DATA,NO DATA,West Lakeshore Drive,100,Feet,99,3 - Same Direction Sideswipe,NO DATA,442940,227479,NO DATA,NO DATA,NO DATA,Federal Aid Urban System (Class 2 TH's and 3 TH's,"VT. 127 TH, COLCHESTER",3.09,S56000405,LRS,Property Damage Only,"(44.54542325, -73.21772941)"
2157,VT0040500,12CC01015,02/18/2012,FAU 5600 (Lake Champlain),Colchester,NO DATA,NO DATA,NO DATA,NO DATA,278 W Lakeshore Dr. Malletts Bay Marina,NO DATA,NO DATA,99,7 - Other - Explain in Narrative,NO DATA,NO DATA,NO DATA,NO DATA,NO DATA,NO DATA,Federal Aid Urban System (Class 2 TH's and 3 TH's,"VT. 127 TH, COLCHESTER",2.91,S56000405,LRS,Injury,"(44.54697849, -73.22083349)"
2158,VT0040500,12CC05097,07/28/2012,FAU-5600 (289 West Lakeshore Drive),Colchester,NO DATA,127,NO DATA,NO DATA,NO DATA,NO DATA,NO DATA,25,1 - Rear End,NO DATA,441875,228108,NO DATA,NO DATA,NO DATA,Federal Aid Urban System (Class 2 TH's and 3 TH's,"VT. 127 TH, COLCHESTER",2.91,S56000405,LRS,Property Damage Only,"(44.54697849, -73.22083349)"
2159,VT0040500,12CC06730,09/30/2012,FAU-5600 (318 West Lakeshore Drive),Colchester,NO DATA,NO DATA,NO DATA,NO DATA,Shore Acres Drive,0,Miles,25,1 - Rear End,East,442685,227721,NO DATA,NO DATA,NO DATA,Federal Aid Urban System (Class 2 TH's and 3 TH's,"VT. 127 TH, COLCHESTER",2.87,S56000405,LRS,Property Damage Only,"(44.54744520, -73.22137752)"
2160,VT0040500,12CC07253,10/20/2012,FAU-5600 West Lakeshore Drive,Colchester,NO DATA,127,NO DATA,NO DATA,332 West Lakeshore Drive,NO DATA,NO DATA,25,"16 - Right Turn and Thru, Same Direction Sideswipe/Angle Crash ^^--",NO DATA,442667,227735,NO DATA,NO DATA,NO DATA,Federal Aid Urban System (Class 2 TH's and 3 TH's,"VT. 127 TH, COLCHESTER",2.84,S56000405,LRS,Property Damage Only,"(44.54778180, -73.22180643)"
2161,VT0040500,112CC04870,07/19/2012,FAU-5600 (332 W Lakeshore Drive),Colchester,NO DATA,NO DATA,NO DATA,NO DATA,NO DATA,NO DATA,NO DATA,25,6 - Single Vehicle Crash,NO DATA,442668,227718,NO DATA,NO DATA,NO DATA,Federal Aid Urban System (Class 2 TH's and 3 TH's,"VT. 127 TH, COLCHESTER",2.84,S56000405,LRS,Property Damage Only,"(44.54778180, -73.22180643)"
2162,VT0040500,12CC05328,08/06/2012,FAU-5600 West Lakeshore Drive,Colchester,NO DATA,127,NO DATA,NO DATA,Sailing Center,30,Feet,25,1 - Rear End,East,442498,227888,NO DATA,NO DATA,NO DATA,Federal Aid Urban System (Class 2 TH's and 3 TH's,"VT. 127 TH, COLCHESTER",2.75,S56000405,LRS,Property Damage Only,"(44.54868181, -73.22324541)"
2164,VT0040500,12CC02707,04/28/2012,FAU-5600 (511 W Lakeshore Dr),Colchester,NO DATA,127,NO DATA,NO DATA,NO DATA,NO DATA,NO DATA,25,1 - Rear End,NO DATA,442499,227882,NO DATA,NO DATA,NO DATA,Federal Aid Urban System (Class 2 TH's and 3 TH's,"VT. 127 TH, COLCHESTER",2.72,S56000405,LRS,Injury,"(44.54897387, -73.22373455)"
2165,VT0040500,12CC04645,07/11/2012,W Lakeshore Dr,Colchester,NO DATA,NO DATA,NO DATA,NO DATA,International Sailing School,NO DATA,NO DATA,25,1 - Rear End,NO DATA,442481,227900,NO DATA,NO DATA,NO DATA,Federal Aid Urban System (Class 2 TH's and 3 TH's,"VT. 127 TH, COLCHESTER",2.72,S56000405,LRS,Property Damage Only,"(44.54897387, -73.22373455)"
2166,VT0040500,12CC07437,10/27/2012,FAU-5600 W LAKESHORE DR,Colchester,NO DATA,NO DATA,NO DATA,NO DATA,INTERNATIONAL SAILING SCHOOL,NO DATA,NO DATA,25,1 - Rear End,NO DATA,442487,227895,NO DATA,NO DATA,NO DATA,Federal Aid Urban System (Class 2 TH's and 3 TH's,"VT. 127 TH, COLCHESTER",2.72,S56000405,LRS,Property Damage Only,"(44.54897387, -73.22373455)"
2167,VT0040500,12CC05070,07/27/2012,FAU-5600 West Lakeshore Drive,Colchester,NO DATA,127,NO DATA,NO DATA,Shore Acres Drive,0,Miles,25,1 - Rear End,East,442306,227882,NO DATA,NO DATA,NO DATA,Federal Aid Urban System (Class 2 TH's and 3 TH's,"VT. 127 TH, COLCHESTER",2.71,S56000405,LRS,Property Damage Only,"(44.54907100, -73.22389788)"
2168,VT0040500,12CC04985,07/24/2012,FAU-5600 West Lakeshore Drive,Colchester,NO DATA,127,NO DATA,NO DATA,Shore Acres Drive,NO DATA,NO DATA,25,1 - Rear End,NO DATA,442329,227990,NO DATA,NO DATA,NO DATA,Federal Aid Urban System (Class 2 TH's and 3 TH's,"VT. 127 TH, COLCHESTER",2.61,S56000405,LRS,Property Damage Only,"(44.54974185, -73.22577637)"
2169,VT0040500,12CC05559,08/17/2012,FAU-5600 (657 W Lakeshore Drive),Colchester,NO DATA,NO DATA,NO DATA,NO DATA,NO DATA,NO DATA,NO DATA,25,1 - Rear End,NO DATA,442236,228008,NO DATA,NO DATA,NO DATA,Federal Aid Urban System (Class 2 TH's and 3 TH's,"VT. 127 TH, COLCHESTER",2.55,S56000405,LRS,Property Damage Only,"(44.54999595, -73.22694386)"
2176,VT0040500,12CC03934,06/14/2012,FAU-5600 West Lakeshore Drive,Colchester,NO DATA,127,NO DATA,NO DATA,Prim Road,600,Feet,25,1 - Rear End,East,442067,228087,NO DATA,NO DATA,NO DATA,Federal Aid Urban System (Class 2 TH's and 3 TH's,"VT. 127 TH, COLCHESTER",2.31,S56000405,LRS,Property Damage Only,"(44.55101649, -73.23161160)"
2177,VT0040500,12CC02026,04/02/2012,FAU 5600 (W. Lakeshore Drive),Colchester,NO DATA,127,NO DATA,NO DATA,Prim Road,150,Feet,25,1 - Rear End,East,004-41-739,002-28-151,NO DATA,NO DATA,NO DATA,Federal Aid Urban System (Class 2 TH's and 3 TH's,"VT. 127 TH, COLCHESTER",2.22,S56000405,LRS,Property Damage Only,"(44.55138137, -73.23336964)"
2178,VT0040500,12CC02025,04/02/2012,FAU 5600 (982 W. Lakeshore Dr),Colchester,NO DATA,127,NO DATA,NO DATA,NO DATA,NO DATA,NO DATA,25,1 - Rear End,NO DATA,441849,228189,NO DATA,NO DATA,NO DATA,Federal Aid Urban System (Class 2 TH's and 3 TH's,"VT. 127 TH, COLCHESTER",2.21,S56000405,LRS,Property Damage Only,"(44.55142191, -73.23356497)"