ID,Reporting Agency,Report Number,Date,Street Address,Town,Number,Number1,Number2,Number3,Intersection,Distance From Intersection,Distance Unit,Posted Speed,Direction of Collision,Direction from Intersection,Easting,Northing,Mile Marker,Mile Marker 1,Mile Marker 2,AOT Roadway,AOT Route,AOT Actual Mile,LRS Number,How Mapped,Crash Type,Location 1
2321,VT0120100,12BA08628,12/12/2012,FAU-6010 Elm St,Barre City,NO DATA,NO DATA,NO DATA,NO DATA,Summer,NO DATA,NO DATA,25,6 - Single Vehicle Crash,NO DATA,004-99-990,001-88-786,NO DATA,NO DATA,NO DATA,Federal Aid Urban System (Class 2 TH's and 3 TH's,"ELM ST., BARRE CITY",0.14,S60101201,LRS,Property Damage Only,"(44.19919444, -72.50027541)"
2322,VT0120100,12BA04260,06/20/2012,FAU-6010 (51 Elm St),Barre City,NO DATA,NO DATA,NO DATA,NO DATA,NO DATA,NO DATA,NO DATA,25,1 - Rear End,NO DATA,004-99-944,001-88-715,NO DATA,NO DATA,NO DATA,Federal Aid Urban System (Class 2 TH's and 3 TH's,"ELM ST., BARRE CITY",0.11,S60101201,LRS,Property Damage Only,"(44.19881602, -72.50055489)"
2329,VT0120500,12BT01718,06/28/2012,FAU-6006 (27 Berlin St),Barre City,NO DATA,NO DATA,NO DATA,NO DATA,Vine St,50,Feet,25,1 - Rear End,North,NO DATA,NO DATA,NO DATA,NO DATA,NO DATA,Federal Aid Urban System (Class 2 TH's and 3 TH's,"BERLIN ST., BARRE CITY",0.61,S60061201,LRS,Property Damage Only,"(44.20537310, -72.51348692)"
2330,VT0120100,12BA01178,02/23/2012,FAU-6006 (60 Berlin St),Barre City,NO DATA,NO DATA,NO DATA,NO DATA,#60 Berlin St,1,Feet,25,6 - Single Vehicle Crash,North,001-89-222,004-98-789,NO DATA,NO DATA,NO DATA,Federal Aid Urban System (Class 2 TH's and 3 TH's,"BERLIN ST., BARRE CITY",0.43,S60061201,LRS,Injury,"(44.20320534, -72.51518337)"
2331,VT0120100,12BA02281,04/08/2012,FAU-6006 Berlin St,Barre City,NO DATA,NO DATA,NO DATA,NO DATA,99 Berlin St,NO DATA,NO DATA,25,2 - Head On,NO DATA,004-98-738,001-88-985,NO DATA,NO DATA,NO DATA,Federal Aid Urban System (Class 2 TH's and 3 TH's,"BERLIN ST., BARRE CITY",0.34,S60061201,LRS,Property Damage Only,"(44.20202933, -72.51576033)"
2332,VT0120100,12BA04094,06/15/2012,FAU-6006 Berlin Street,Barre City,NO DATA,NO DATA,NO DATA,NO DATA,Prospect Street,NO DATA,Feet,25,"8 - No Turns, Thru moves only, Broadside ^<",South,004-95-722,001-88-564,NO DATA,NO DATA,NO DATA,Federal Aid Urban System (Class 2 TH's and 3 TH's,"BERLIN ST., BARRE CITY",0,S60061201,LRS,Property Damage Only,"(44.19728641, -72.51610597)"
2333,VT0120100,12BA00376,01/18/2012,FAU 6006 (Berlin Street),Barre City,NO DATA,NO DATA,NO DATA,NO DATA,Prospect St,NO DATA,NO DATA,25,"11 - Left Turn and Thru, Head On ^v--",NO DATA,004-99-287,001-89-100,NO DATA,NO DATA,NO DATA,Federal Aid Urban System (Class 2 TH's and 3 TH's,"BERLIN ST., BARRE CITY",0,S60061201,LRS,Property Damage Only,"(44.19728641, -72.51610597)"
2334,VT0120100,12BA02137,04/03/2012,FAU-6005 (59 Brooklyn St),Barre City,NO DATA,NO DATA,NO DATA,NO DATA,NO DATA,NO DATA,NO DATA,25,6 - Single Vehicle Crash,NO DATA,004-99-842,001-88-098,NO DATA,NO DATA,NO DATA,Federal Aid Urban System (Class 2 TH's and 3 TH's,"BROOKLYN ST., BARRE CITY",0.22,S60051201,LRS,Property Damage Only,"(44.19372269, -72.50206551)"
2335,VT0120100,12BA06940,09/26/2012,FAU-6005 Brooklyn St,Barre City,NO DATA,NO DATA,NO DATA,NO DATA,NO DATA,100,Feet,25,6 - Single Vehicle Crash,West,004-99-807,001-88-897,NO DATA,NO DATA,NO DATA,Federal Aid Urban System (Class 2 TH's and 3 TH's,"BROOKLYN ST., BARRE CITY",0.01,S60051201,LRS,Property Damage Only,"(44.19051836, -72.50152666)"
2336,VT0120100,12BA04052,06/13/2012,FAU-6003 Brook Street,Barre City,NO DATA,NO DATA,NO DATA,NO DATA,Maple Avenue,NO DATA,NO DATA,25,"14 - Left Turn and Thru, Broadside v<--",West,004-99-629,001-89-635,NO DATA,NO DATA,NO DATA,Federal Aid Urban System (Class 2 TH's and 3 TH's,"BROOK ST., BARRE CITY",0.36,S60031201,LRS,Property Damage Only,"(44.20700152, -72.50426774)"
2337,VT0120100,12BA08828,12/21/2012,FAU-6003 Brook St,Barre City,NO DATA,NO DATA,NO DATA,NO DATA,87 Brook St,50,Feet,25,5 - Rear-to-rear,South,004-99-014,001-89-589,NO DATA,NO DATA,NO DATA,Federal Aid Urban System (Class 2 TH's and 3 TH's,"BROOK ST., BARRE CITY",0.27,S60031201,LRS,Property Damage Only,"(44.20636420, -72.50572348)"
2338,VT0120100,12BA04230,06/19/2012,FAU-6003 Brook St,Barre City,NO DATA,NO DATA,NO DATA,NO DATA,@ N Seminary St,NO DATA,NO DATA,25,NO DATA,NO DATA,004-99-429,001-89-385,NO DATA,NO DATA,NO DATA,Federal Aid Urban System (Class 2 TH's and 3 TH's,"BROOK ST., BARRE CITY",0.12,S60031201,LRS,Property Damage Only,"(44.20458275, -72.50729146)"
2339,VT0120100,12BA06471,09/07/2012,FAU-6002 Ayer St,Barre City,NO DATA,NO DATA,NO DATA,NO DATA,@ Patterson St,NO DATA,NO DATA,25,6 - Single Vehicle Crash,NO DATA,005-00-650,001-87-641,NO DATA,NO DATA,NO DATA,Federal Aid Urban System (Class 2 TH's and 3 TH's,"AYERS ST., BARRE CITY",0.42,S60021201,LRS,Injury,"(44.18874549, -72.49154329)"
2340,VT0120100,12BA02799,04/28/2012,FAU 6002 (122 Ayers Street),Barre City,NO DATA,NO DATA,NO DATA,NO DATA,Spaulding High School,NO DATA,NO DATA,25,6 - Single Vehicle Crash,East,005-00-570,001-87-743,NO DATA,NO DATA,NO DATA,Federal Aid Urban System (Class 2 TH's and 3 TH's,"AYERS ST., BARRE CITY",0.31,S60021201,LRS,Property Damage Only,"(44.18996890, -72.49294124)"
2341,VT0010200,12-126-AC,07/23/2012,312┬á WEYBRIDGE ST,Middlebury,NO DATA,23,NO DATA,NO DATA,NO DATA,25,Feet,25,NO DATA,NO DATA,NO DATA,NO DATA,NO DATA,NO DATA,NO DATA,Federal Aid Urban System (Class 2 TH's and 3 TH's,"WEYBRIDGE ST., MIDDLEBURY",0.31,S59400111,LRS,Injury,"(44.01481815, -73.17553751)"
2342,VT0010200,12-80-AC,05/08/2012,FAU 5940 (82┬á WEYBRIDGE ST ),Middlebury,NO DATA,NO DATA,NO DATA,NO DATA,0┬á MILL ST,30,Feet,25,NO DATA,North,NO DATA,NO DATA,NO DATA,NO DATA,NO DATA,Federal Aid Urban System (Class 2 TH's and 3 TH's,"WEYBRIDGE ST., MIDDLEBURY",0.09,S59400111,LRS,Property Damage Only,"(44.01246358, -73.17260572)"
2343,VT0010200,12-103-AC,05/31/2012,FAU-5934┬á WASHINGTON ST,Middlebury,NO DATA,NO DATA,NO DATA,NO DATA,SEMINARY STREET EXT,NO DATA,NO DATA,25,NO DATA,NO DATA,NO DATA,NO DATA,NO DATA,NO DATA,NO DATA,Federal Aid Urban System (Class 2 TH's and 3 TH's,"WASHINGTON ST., MIDDLEBURY",0.3,S59340111,LRS,Property Damage Only,"(44.01685399, -73.16094401)"
2344,VT0010200,12-55-AC,03/20/2012,FAU-5934┬á WASHINGTON ST,Middlebury,NO DATA,NO DATA,NO DATA,NO DATA,VT. FEDERAL CREDIT UNION,45,Feet,25,NO DATA,East,NO DATA,NO DATA,NO DATA,NO DATA,NO DATA,Federal Aid Urban System (Class 2 TH's and 3 TH's,"WASHINGTON ST., MIDDLEBURY",0.15,S59340111,LRS,Property Damage Only,"(44.01556451, -73.16339064)"
2352,VT0010200,12-10-AC,01/16/2012,FAU-5908┬á FOOTE ST,Middlebury,NO DATA,NO DATA,NO DATA,NO DATA,SEMINARY STREET,75,Miles,40,NO DATA,South,NO DATA,NO DATA,NO DATA,NO DATA,NO DATA,Federal Aid Urban System (Class 2 TH's and 3 TH's,"FOOTE ST., MIDDLEBURY",1.28,S59080111,LRS,Injury,"(44.01211135, -73.14269190)"
2353,VT0010200,12-106-AC,06/20/2012,FAU-5906 (7┬á ELM ST ),Middlebury,NO DATA,NO DATA,NO DATA,NO DATA,34┬á EXCHANGE ST,NO DATA,NO DATA,25,NO DATA,NO DATA,NO DATA,NO DATA,NO DATA,NO DATA,NO DATA,Federal Aid Urban System (Class 2 TH's and 3 TH's,"ELM ST., MIDDLEBURY",0.02,S59060111,LRS,Property Damage Only,"(44.01843722, -73.16875764)"
2354,VT0010200,12-76-AC,05/02/2012,FAU-5906┬á ELM ST,Middlebury,NO DATA,NO DATA,NO DATA,NO DATA,SEYMOUR STREET,NO DATA,NO DATA,25,NO DATA,NO DATA,NO DATA,NO DATA,NO DATA,NO DATA,NO DATA,Federal Aid Urban System (Class 2 TH's and 3 TH's,"ELM ST., MIDDLEBURY",0,S59060111,LRS,Property Damage Only,"(44.01844999, -73.16910767)"
2355,VT0010200,12-46-AC,02/24/2012,FAU-5906┬á ELM ST,Middlebury,NO DATA,NO DATA,NO DATA,NO DATA,EXCHANGE STREET,NO DATA,NO DATA,25,NO DATA,NO DATA,NO DATA,NO DATA,NO DATA,NO DATA,NO DATA,Federal Aid Urban System (Class 2 TH's and 3 TH's,"ELM ST., MIDDLEBURY",0,S59060111,LRS,Property Damage Only,"(44.01844999, -73.16910767)"
2356,VT0040600,12MT00488,02/02/2012,FAU-5814 Sanderson Road,Milton,NO DATA,NO DATA,NO DATA,NO DATA,Mears Road,1,Miles,40,6 - Single Vehicle Crash,South,004-46-938,002-38-215,NO DATA,NO DATA,NO DATA,Federal Aid Urban System (Class 2 TH's and 3 TH's,"SANDERSON ROAD, MILTON",0.85,S58140410,LRS,Property Damage Only,"(44.64057184, -73.16958138)"
2364,VT0040600,12MT00098,01/07/2012,FAU-5810 Middle Road,Milton,NO DATA,NO DATA,NO DATA,NO DATA,Cobble Hill,1000,Feet,40,3 - Same Direction Sideswipe,South,NO DATA,NO DATA,NO DATA,NO DATA,NO DATA,Federal Aid Urban System (Class 2 TH's and 3 TH's,"MIDDLE ROAD, MILTON",1.34,S58100410,LRS,Property Damage Only,"(44.60093867, -73.12726536)"
2365,VT0040600,12MT00706,02/24/2012,FAU-5810 Middle Rd.,Milton,30,NO DATA,NO DATA,NO DATA,Whitney Place,0,Miles,40,6 - Single Vehicle Crash,North,004-50-116,002-33-353,NO DATA,NO DATA,NO DATA,Federal Aid Urban System (Class 2 TH's and 3 TH's,"MIDDLE ROAD, MILTON",1.1,S58100410,LRS,Property Damage Only,"(44.59799559, -73.12831522)"
2366,VT0040600,12MT05142,12/24/2012,FAU-5810 Middle Road,Milton,NO DATA,NO DATA,NO DATA,NO DATA,South Of Cobble Hill Road,2300,Feet,40,6 - Single Vehicle Crash,South,450108,233144,NO DATA,NO DATA,NO DATA,Federal Aid Urban System (Class 2 TH's and 3 TH's,"MIDDLE ROAD, MILTON",1.09,S58100410,LRS,Property Damage Only,"(44.59786717, -73.12831528)"
2367,VT0040600,12MT00063,01/05/2012,FAU-5810 (399 Middle Rd.),Milton,NO DATA,NO DATA,NO DATA,NO DATA,469 Middle Rd/Mayselwood Dr. (Private),NO DATA,NO DATA,40,6 - Single Vehicle Crash,South,NO DATA,NO DATA,NO DATA,NO DATA,NO DATA,Federal Aid Urban System (Class 2 TH's and 3 TH's,"MIDDLE ROAD, MILTON",1.05,S58100410,LRS,Property Damage Only,"(44.59735375, -73.12833339)"
2368,VT0040600,12MT05141,12/24/2012,FAU-5810 Middle Road,Milton,NO DATA,NO DATA,NO DATA,NO DATA,Fuller Road,NO DATA,NO DATA,40,6 - Single Vehicle Crash,East,NO DATA,NO DATA,NO DATA,NO DATA,NO DATA,Federal Aid Urban System (Class 2 TH's and 3 TH's,"MIDDLE ROAD, MILTON",0.38,S58100410,LRS,Property Damage Only,"(44.58918327, -73.13076518)"
2369,VT0040600,12MT01559,04/25/2012,FAU-5810 Middle Rd./Rock Ledge,Milton,NO DATA,NO DATA,NO DATA,NO DATA,Mackenzie,NO DATA,NO DATA,40,6 - Single Vehicle Crash,East,004-50-053,002-31-960,NO DATA,NO DATA,NO DATA,Federal Aid Urban System (Class 2 TH's and 3 TH's,"MIDDLE ROAD, MILTON",0.21,S58100410,LRS,Property Damage Only,"(44.58595165, -73.12968558)"
2370,VT0040600,12MT03389,08/25/2012,FAU-5810 Middle Road At Austin House,Milton,NO DATA,NO DATA,NO DATA,NO DATA,Colchester Line,NO DATA,NO DATA,40,"20 - Right Turn and Thru, Angle Broadside -->^--",South,NO DATA,NO DATA,NO DATA,NO DATA,NO DATA,Federal Aid Urban System (Class 2 TH's and 3 TH's,"MIDDLE ROAD, MILTON",0,S58100410,LRS,Property Damage Only,"(44.58196275, -73.12825483)"
2371,VT0040600,12MT00860,03/09/2012,FAU-2.84 (434 Westford Rd.),Milton,X,NO DATA,NO DATA,NO DATA,Brookside Drive,100,Feet,40,6 - Single Vehicle Crash,East,004-55-378,002-38-271,NO DATA,NO DATA,NO DATA,Federal Aid Urban System (Class 2 TH's and 3 TH's,"MAIN ST.(WESTFORD RD)., MILTON",2.84,S58080410,LRS,Property Damage Only,"(44.64329998, -73.06180756)"
2372,VT0040600,12MT00469,02/04/2012,FAU-5808 Westford Rd.,Milton,NO DATA,NO DATA,NO DATA,NO DATA,Cross Road,50,Feet,40,6 - Single Vehicle Crash,East,004-54-931,002-38-414,NO DATA,NO DATA,NO DATA,Federal Aid Urban System (Class 2 TH's and 3 TH's,"MAIN ST.(WESTFORD RD)., MILTON",2.5,S58080410,LRS,Property Damage Only,"(44.64435470, -73.06853075)"
2373,VT0040600,12MT05020,12/15/2012,Westford Road,Milton,NO DATA,NO DATA,NO DATA,NO DATA,Ted Road,NO DATA,NO DATA,40,4 - Opp Direction Sideswipe,NO DATA,NO DATA,NO DATA,NO DATA,NO DATA,NO DATA,Federal Aid Urban System (Class 2 TH's and 3 TH's,"MAIN ST.(WESTFORD RD)., MILTON",2.38,S58080410,LRS,Property Damage Only,"(44.64419329, -73.07095446)"
2374,VT0040600,12MT05083,12/19/2012,FAU-5808 Westford Road,Milton,NO DATA,NO DATA,NO DATA,NO DATA,Ted Road,0,Miles,40,6 - Single Vehicle Crash,West,004-54-225,002-38-103,NO DATA,NO DATA,NO DATA,Federal Aid Urban System (Class 2 TH's and 3 TH's,"MAIN ST.(WESTFORD RD)., MILTON",2.08,S58080410,LRS,Property Damage Only,"(44.64200229, -73.07618295)"
2375,VT0040600,12MT02114,06/01/2012,FAU-5808 Westford Road,Milton,NO DATA,NO DATA,NO DATA,NO DATA,# 192,NO DATA,NO DATA,40,2 - Head On,East,454012,238023,NO DATA,NO DATA,NO DATA,Federal Aid Urban System (Class 2 TH's and 3 TH's,"MAIN ST.(WESTFORD RD)., MILTON",1.54,S58080410,LRS,Property Damage Only,"(44.63737681, -73.08445798)"
2376,VT0040600,12MT02492,06/27/2012,FAU-5808 Main Street,Milton,NO DATA,NO DATA,NO DATA,NO DATA,"Westford, North And East Roads",NO DATA,NO DATA,35,7 - Other - Explain in Narrative,NO DATA,004-52-307,002-37-798,NO DATA,NO DATA,NO DATA,Federal Aid Urban System (Class 2 TH's and 3 TH's,"MAIN ST.(WESTFORD RD)., MILTON",0.63,S58080410,LRS,Property Damage Only,"(44.63877417, -73.10108364)"
2377,VT0040600,12MT00708,02/24/2012,FAU-5808 Westford Rd,Milton,NO DATA,NO DATA,NO DATA,NO DATA,North Rd.,NO DATA,NO DATA,35,"11 - Left Turn and Thru, Head On ^v--",NO DATA,452293,237789,NO DATA,NO DATA,NO DATA,Federal Aid Urban System (Class 2 TH's and 3 TH's,"MAIN ST.(WESTFORD RD)., MILTON",0.63,S58080410,LRS,Injury,"(44.63877417, -73.10108364)"
2378,VT0040600,12MT04289,10/20/2012,FAU-5808 (31 Main Street),Milton,NO DATA,NO DATA,NO DATA,NO DATA,NO DATA,NO DATA,NO DATA,30,1 - Rear End,NO DATA,004-51-626,002-37-877,NO DATA,NO DATA,NO DATA,Federal Aid Urban System (Class 2 TH's and 3 TH's,"MAIN ST.(WESTFORD RD)., MILTON",0.19,S58080410,LRS,Property Damage Only,"(44.63950700, -73.10964763)"
2379,VT0040600,12MT03636,09/08/2012,FAU-5806 (830 Lake Road),Milton,NO DATA,NO DATA,NO DATA,NO DATA,Cary Drive,300,Feet,40,6 - Single Vehicle Crash,East,446549,242326,NO DATA,NO DATA,NO DATA,Federal Aid Urban System (Class 2 TH's and 3 TH's,"LAKE ROAD, MILTON",4.02,S58060410,LRS,Injury,"(44.67942404, -73.17412561)"
2387,VT0040600,12MT04827,11/29/2012,FAU-5804 Sanderson Road,Milton,NO DATA,NO DATA,NO DATA,NO DATA,Sharp Corner At Red Barn,1,Miles,35,6 - Single Vehicle Crash,South,004-47-435,002-39-501,NO DATA,NO DATA,NO DATA,Federal Aid Urban System (Class 2 TH's and 3 TH's,"JACKSON ROAD, MILTON",0.48,S58040410,LRS,Property Damage Only,"(44.65365467, -73.16287543)"
2388,VT0040600,12MT01783,05/11/2012,FAU-5804 Sanderson Road,Milton,NO DATA,NO DATA,NO DATA,NO DATA,Morse Place,1267,Feet,35,6 - Single Vehicle Crash,South,004-47-407,002-39-465,NO DATA,NO DATA,NO DATA,Federal Aid Urban System (Class 2 TH's and 3 TH's,"JACKSON ROAD, MILTON",0.47,S58040410,LRS,Injury,"(44.65353945, -73.16299152)"
2389,VT0040600,12MT01755,05/10/2012,FAU-5802 (301 Bear Trap Road),Milton,NO DATA,NO DATA,NO DATA,NO DATA,US Route 2,1,Miles,35,6 - Single Vehicle Crash,East,004-44-620,002-36-378,NO DATA,NO DATA,NO DATA,Federal Aid Urban System (Class 2 TH's and 3 TH's,"BEAR TRAP ROAD, MILTON",1.37,S58020410,LRS,Property Damage Only,"(44.62637108, -73.19755229)"
2390,VT0040600,12MT00161,01/13/2012,FAU-5802 (370 Bear Trap Rd.),Milton,NO DATA,NO DATA,NO DATA,NO DATA,Cadreact Road,1,Miles,35,6 - Single Vehicle Crash,South,004-44-474,002-36-034,NO DATA,NO DATA,NO DATA,Federal Aid Urban System (Class 2 TH's and 3 TH's,"BEAR TRAP ROAD, MILTON",1.05,S58020410,LRS,Property Damage Only,"(44.62217085, -73.19979877)"
2391,VT0040600,12MT03019,08/01/2012,FAU-5802 (584 Bear Trap Road),Milton,NO DATA,NO DATA,NO DATA,NO DATA,US Route 2,NO DATA,NO DATA,40,6 - Single Vehicle Crash,South,NO DATA,NO DATA,NO DATA,NO DATA,NO DATA,Federal Aid Urban System (Class 2 TH's and 3 TH's,"BEAR TRAP ROAD, MILTON",0.05,S58020410,LRS,Property Damage Only,"(44.61018213, -73.20856584)"
2392,VT0040600,12MT04734,11/22/2012,FAU-5802 (580 Bear Trap Road),Milton,NO DATA,NO DATA,NO DATA,NO DATA,US Route 2,80,Feet,40,6 - Single Vehicle Crash,North,004-43-755,002-34-720,20,410,320,Federal Aid Urban System (Class 2 TH's and 3 TH's,"BEAR TRAP ROAD, MILTON",0.01,S58020410,LRS,Property Damage Only,"(44.60964180, -73.20878213)"
2399,VT0040700,12SH00215,01/29/2012,FAU 5720 (6529 Spear Street),Shelburne,NO DATA,NO DATA,NO DATA,NO DATA,NO DATA,NO DATA,NO DATA,35,7 - Other - Explain in Narrative,NO DATA,444051,209079,NO DATA,NO DATA,NO DATA,Federal Aid Urban System (Class 2 TH's and 3 TH's,"SPEAR STREET, SHELBURNE",0.85,S57200413,LRS,Property Damage Only,"(44.38003014, -73.20210281)"
2400,VT0040700,12SH00648,03/22/2012,FAU 5718 (223 Marsett Road),Shelburne,NO DATA,NO DATA,NO DATA,NO DATA,Maplewood Drive,NO DATA,NO DATA,35,"11 - Left Turn and Thru, Head On ^v--",NO DATA,442030,208002,NO DATA,NO DATA,NO DATA,Federal Aid Urban System (Class 2 TH's and 3 TH's,"MARSETT ROAD, SHELBURNE",0.22,S57180413,LRS,Injury,"(44.36998779, -73.22727614)"
2401,VTVSP0200,12B104254,12/24/2012,FAU-7027 Severance Hill Rd,St. Johnsbury,6,NO DATA,NO DATA,NO DATA,782 Severance Hill Rd,200,Feet,40,6 - Single Vehicle Crash,South,544067,217803,NO DATA,NO DATA,NO DATA,Federal Aid Urban System (Class 2 TH's and 3 TH's,"RED VILLAGE RD., ST. JOHNSBURY",0.81,S70270311,LRS,Injury,"(44.45925453, -71.94620684)"
2402,VTVSP0200,12B100748,03/14/2012,FAU-7023 North Danville Rd,St. Johnsbury,NO DATA,NO DATA,NO DATA,NO DATA,Goss Hollow Rd,NO DATA,NO DATA,50,6 - Single Vehicle Crash,NO DATA,535756,216081,NO DATA,NO DATA,NO DATA,Federal Aid Urban System (Class 2 TH's and 3 TH's,"NO. DANVILLE RD., ST. JOHNSBURY",0.69,S70230311,LRS,Property Damage Only,"(44.44398883, -72.04990656)"
2403,VT0030300,12SJ02152,06/07/2012,FAU-7022 (72 Maple St),St. Johnsbury,NO DATA,NO DATA,NO DATA,NO DATA,Pearl St,60,Feet,30,"16 - Right Turn and Thru, Same Direction Sideswipe/Angle Crash ^^--",South,005-38-503,002-13-457,NO DATA,NO DATA,NO DATA,Federal Aid Urban System (Class 2 TH's and 3 TH's,"MAPLE ST., ST. JOHNSBURY",0.14,S70220311,LRS,Injury,"(44.42044798, -72.01677065)"
2404,VT0030300,12SJ03982,09/27/2012,FAU-7016 Depot St,St. Johnsbury,NO DATA,NO DATA,NO DATA,NO DATA,51 Depot Square,50,Feet,30,NO DATA,South,005-38-580,002-13-125,NO DATA,NO DATA,NO DATA,Federal Aid Urban System (Class 2 TH's and 3 TH's,"DEPOT SQUARE, ST. JOHNSBURY",0.04,S70160311,LRS,Property Damage Only,"(44.41721343, -72.01551646)"
2405,VT0030300,12SJ04593,11/07/2012,FAU-7012 Concord Ave,St. Johnsbury,NO DATA,NO DATA,NO DATA,NO DATA,Pleasant St,30,Feet,30,1 - Rear End,NO DATA,005-38-193,002-13-178,NO DATA,NO DATA,NO DATA,Federal Aid Urban System (Class 2 TH's and 3 TH's,"CONCORD AVE., ST. JOHNSBURY",1.3,S70120311,LRS,Property Damage Only,"(44.42558997, -72.01329180)"
2406,VT0030300,12SJ05193,12/16/2012,FAU-7012 Concord Ave,St. Johnsbury,NO DATA,NO DATA,NO DATA,NO DATA,Pleasant St,400,Feet,30,6 - Single Vehicle Crash,West,005-38-483,002-14-730,NO DATA,NO DATA,NO DATA,Federal Aid Urban System (Class 2 TH's and 3 TH's,"CONCORD AVE., ST. JOHNSBURY",1.22,S70120311,LRS,Property Damage Only,"(44.42512146, -72.01191097)"
2407,VTVSP0200,12B101583,05/25/2012,FAU-7005 Breezy Hill Rd,St. Johnsbury,NO DATA,NO DATA,NO DATA,NO DATA,Roberts Brook Lane,30,Feet,30,3 - Same Direction Sideswipe,West,538635,217413,NO DATA,NO DATA,NO DATA,Federal Aid Urban System (Class 2 TH's and 3 TH's,"BREEZY HILL RD., ST. JOHNSBURY",1.84,S70050311,LRS,Property Damage Only,"(44.45574633, -72.01362472)"
2408,VTVSP0200,12B100240,01/23/2012,FAU-7005 Breezy Hill Rd,St. Johnsbury,6,NO DATA,NO DATA,NO DATA,Lackey Hill Rd,200,Feet,30,6 - Single Vehicle Crash,South,539258,217169,NO DATA,NO DATA,NO DATA,Federal Aid Urban System (Class 2 TH's and 3 TH's,"BREEZY HILL RD., ST. JOHNSBURY",1.43,S70050311,LRS,Property Damage Only,"(44.45370028, -72.00682365)"
2409,VT0120200,1211-12-432772,09/27/2012,FAU-6430 Towne Hill Rd.,Montpelier,NO DATA,NO DATA,NO DATA,NO DATA,Westwood Dr.,0,Miles,30,2 - Head On,East,496119,195347,NO DATA,NO DATA,NO DATA,Federal Aid Urban System (Class 2 TH's and 3 TH's,"TOWNE HILL ROAD, MONTPELIER",0.66,S64301211,LRS,Injury,"(44.25822470, -72.54690578)"
2410,VT0120200,419826,02/24/2012,FAU-6425 Sibley Ave.,Montpelier,NO DATA,NO DATA,NO DATA,NO DATA,College St.,NO DATA,NO DATA,0,6 - Single Vehicle Crash,NO DATA,494516,194721,NO DATA,NO DATA,NO DATA,Federal Aid Urban System (Class 2 TH's and 3 TH's,"SIBLEY AVE., MONTPELIER",0.07,S64251211,LRS,Injury,"(44.25273722, -72.56876587)"
2411,VT0120200,1211-12-434423,10/26/2012,FAU-6420 Main St.,Montpelier,NO DATA,NO DATA,NO DATA,NO DATA,Towne Hill Rd.,80,Feet,25,1 - Rear End,East,NO DATA,NO DATA,NO DATA,NO DATA,NO DATA,Federal Aid Urban System (Class 2 TH's and 3 TH's,"MAIN ST., MONTPELIER",0.84,S64201211,LRS,Injury,"(44.26222235, -72.55830526)"
2412,VT0120200,436048,11/24/2012,FAU-6420 Main St.,Montpelier,NO DATA,NO DATA,NO DATA,NO DATA,College St.,50,Feet,25,7 - Other - Explain in Narrative,West,NO DATA,NO DATA,NO DATA,NO DATA,NO DATA,Federal Aid Urban System (Class 2 TH's and 3 TH's,"MAIN ST., MONTPELIER",0.64,S64201211,LRS,Property Damage Only,"(44.26060999, -72.56039118)"
2413,VT0120200,1211-12-419592,02/20/2012,FAU-6420 Main St.,Montpelier,NO DATA,NO DATA,NO DATA,NO DATA,Harrison Ave.,0,Miles,25,1 - Rear End,West,494786,195731,NO DATA,NO DATA,NO DATA,Federal Aid Urban System (Class 2 TH's and 3 TH's,"MAIN ST., MONTPELIER",0.34,S64201211,LRS,Injury,"(44.26197721, -72.56580559)"
2414,VT0120200,1211-12-420436,03/07/2012,FAU-6416 Granite St.,Montpelier,NO DATA,NO DATA,NO DATA,NO DATA,3 Granite St.,NO DATA,NO DATA,25,7 - Other - Explain in Narrative,NO DATA,NO DATA,NO DATA,NO DATA,NO DATA,NO DATA,Federal Aid Urban System (Class 2 TH's and 3 TH's,"GRANITE ST., MONTPELIER",0.07,S64161211,LRS,Injury,"(44.25215149, -72.57020320)"
2422,VT0120200,1211-12-429609,08/07/2012,FAU-6402 Bailey Ave.,Montpelier,NO DATA,NO DATA,NO DATA,NO DATA,Baldwin St.,NO DATA,NO DATA,25,6 - Single Vehicle Crash,NO DATA,NO DATA,NO DATA,NO DATA,NO DATA,NO DATA,Federal Aid Urban System (Class 2 TH's and 3 TH's,"BAILEY AVE., MONTPELIER",0.08,S64021211,LRS,Injury,"(44.26334273, -72.58415273)"
2423,VTVSP1200,12A300622,02/09/2012,FAU 6302 (930 Gallison Hill RD),East Montpelier,5,NO DATA,NO DATA,NO DATA,U32 High School,10,Feet,35,"14 - Left Turn and Thru, Broadside v<--",North,497825,193939,NO DATA,NO DATA,NO DATA,Federal Aid Urban System (Class 2 TH's and 3 TH's,"GALLISON HILL ROAD, EAST MONTPELIER",0.03,S63021207,LRS,Injury,"(44.24568194, -72.52729230)"
2424,VT0120600,12BL00454,02/23/2012,FAU-6208 SCOTT HILL RD,Berlin,NO DATA,NO DATA,NO DATA,NO DATA,AIRPORT ROAD,NO DATA,NO DATA,35,NO DATA,NO DATA,495538,188079,NO DATA,NO DATA,NO DATA,Federal Aid Urban System (Class 2 TH's and 3 TH's,"SCOTT HILL RD., BERLIN",1.9,S62081203,LRS,Property Damage Only,"(44.19301362, -72.55560490)"
2425,VT0120600,12BL02686,10/30/2012,FAU-6206 Fisher Road,Berlin,NO DATA,NO DATA,NO DATA,NO DATA,Berlin Mall Road,35,Feet,35,"9 - Left and Right Turns, Simultaneous Turn Crash --vv--",North,004-95-017E,001-91-117N,NO DATA,NO DATA,NO DATA,Federal Aid Urban System (Class 2 TH's and 3 TH's,"FISHER RD., BERLIN",0.24,S62061203,LRS,Property Damage Only,"(44.22074832, -72.56282697)"
2426,VT0120600,12BL02039,08/17/2012,FAU-6206 Fisher Road,Berlin,NO DATA,NO DATA,NO DATA,NO DATA,Berlin Mall Road,1,Feet,40,"10 - Left Turn and Thru, Angle Broadside -->v--",South,494967,191160,NO DATA,NO DATA,NO DATA,Federal Aid Urban System (Class 2 TH's and 3 TH's,"FISHER RD., BERLIN",0.24,S62061203,LRS,Injury,"(44.22074832, -72.56282697)"
2434,VT0120500,12BT01573,06/15/2012,FAU-6117 Upper Prospect St,Barre Town,NO DATA,NO DATA,NO DATA,NO DATA,Morrison Rd,NO DATA,NO DATA,40,"10 - Left Turn and Thru, Angle Broadside -->v--",NO DATA,NO DATA,NO DATA,NO DATA,NO DATA,NO DATA,Federal Aid Urban System (Class 2 TH's and 3 TH's,"PROSPECT ST., BARRE TOWN",0,S61171202,LRS,Injury,"(44.18933651, -72.52506991)"
2435,VT0120500,12BT00358,02/11/2012,FAU-6114 (409 Windy Wood Rd),Barre Town,NO DATA,NO DATA,NO DATA,NO DATA,Sunset Rd,0,Miles,40,6 - Single Vehicle Crash,South,005-02-928E,001-90-715N,NO DATA,NO DATA,NO DATA,Federal Aid Urban System (Class 2 TH's and 3 TH's,"WINDY WOOD ROAD, BARRE TOWN",2.04,S61141202,LRS,Injury,"(44.21656385, -72.46344866)"
2436,VT0120500,12BT01110,05/07/2012,FAU-6112 Pine Hill Rd,Barre Town,NO DATA,14,NO DATA,NO DATA,E Barre Rd,NO DATA,NO DATA,40,6 - Single Vehicle Crash,NO DATA,004-99-637E,001-86-317N,NO DATA,NO DATA,NO DATA,Federal Aid Urban System (Class 2 TH's and 3 TH's,"PINE HILL ROAD, BARRE TOWN",0.5,S61121202,LRS,Property Damage Only,"(44.22117774, -72.49049637)"