ID,Reporting Agency,Report Number,Date,Street Address,Town,Number,Number1,Number2,Number3,Intersection,Distance From Intersection,Distance Unit,Posted Speed,Direction of Collision,Direction from Intersection,Easting,Northing,Mile Marker,Mile Marker 1,Mile Marker 2,AOT Roadway,AOT Route,AOT Actual Mile,LRS Number,How Mapped,Crash Type,Location 1
3047,VT0040300,12SB013874,10/16/2012,US-2 (861 Williston Road),South Burlington,NO DATA,NO DATA,2,NO DATA,Sheraton Hotel,5,Feet,35,"16 - Right Turn and Thru, Same Direction Sideswipe/Angle Crash ^^--",South,445232,219294,NO DATA,NO DATA,NO DATA,State System (State Highways and Class I TH links),US-2,0.13,U002-0414,LRS,Injury,"(44.47144425, -73.18781838)"
3048,VT0040300,12SB009590,07/26/2012,US-2 Williston Road,South Burlington,NO DATA,2,NO DATA,NO DATA,I 89 SB Entrance Ramp,100,Feet,35,1 - Rear End,West,NO DATA,NO DATA,NO DATA,NO DATA,NO DATA,State System (State Highways and Class I TH links),US-2,0.13,U002-0414,LRS,Property Damage Only,"(44.47144425, -73.18781838)"
3049,VT0040300,12SB00872,02/02/2012,US-2 (870 Williston Road),South Burlington,NO DATA,NO DATA,NO DATA,NO DATA,Shertaon Roadway,NO DATA,NO DATA,35,1 - Rear End,NO DATA,445245,219262,NO DATA,NO DATA,NO DATA,State System (State Highways and Class I TH links),US-2,0.12,U002-0414,LRS,Property Damage Only,"(44.47152166, -73.18799118)"
3050,VTVSP1200,12A301828,05/03/2012,US-2,Plainfield,NO DATA,NO DATA,2,NO DATA,Country Club Road,50,Feet,50,1 - Rear End,East,504042,197082,20,1214,0,State System (State Highways and Class I TH links),US-2,0.03,U002-1214,LRS,Property Damage Only,"(44.27395544, -72.44936619)"
3058,VT0040300,12SB02603,04/06/2012,US-2 (870 Williston Road),South Burlington,NO DATA,NO DATA,NO DATA,NO DATA,I-89 South Off Ramp 14W,200,Feet,35,1 - Rear End,East,445376,219195,NO DATA,NO DATA,NO DATA,State System (State Highways and Class I TH links),US-2,0.1,U002-0414,LRS,Property Damage Only,"(44.47167647, -73.18833677)"
3059,VTVSP0300,12C105732,10/21/2012,US Rt 4,Mendon,NO DATA,NO DATA,4,NO DATA,Vermont Gift & Garden,100,Feet,50,6 - Single Vehicle Crash,East,468454,128131,40,1110,320,State System (State Highways and Class I TH links),US-4,3.17,U004-1110,LRS,Property Damage Only,"(43.65198505, -72.89280492)"
3060,VT0040300,12SB05870,05/17/2012,US-2 (861 Williston RD),South Burlington,NO DATA,NO DATA,NO DATA,NO DATA,NO DATA,NO DATA,NO DATA,35,3 - Same Direction Sideswipe,NO DATA,445254,219253,NO DATA,NO DATA,NO DATA,State System (State Highways and Class I TH links),US-2,0.09,U002-0414,LRS,Property Damage Only,"(44.47175388, -73.18850956)"
3061,VT0040300,12SB010247,08/08/2012,Williston Road,South Burlington,NO DATA,NO DATA,NO DATA,NO DATA,#861,20,Feet,30,1 - Rear End,West,445218,219277,NO DATA,NO DATA,NO DATA,State System (State Highways and Class I TH links),US-2,0.09,U002-0414,LRS,Injury,"(44.47175388, -73.18850956)"
3062,VT0040300,12SB016099,11/29/2012,US-2 (825 Williston Road),South Burlington,NO DATA,NO DATA,2,NO DATA,Staples Plaza,NO DATA,NO DATA,35,1 - Rear End,NO DATA,445216,219276,NO DATA,NO DATA,NO DATA,State System (State Highways and Class I TH links),US-2,0.09,U002-0414,LRS,Property Damage Only,"(44.47175388, -73.18850956)"
3070,VT0040300,12SB13990,10/18/2012,US-2 (811 Williston Road),South Burlington,NO DATA,NO DATA,NO DATA,NO DATA,Maplefield's,150,Feet,35,"10 - Left Turn and Thru, Angle Broadside -->v--",East,445165,219307,NO DATA,NO DATA,NO DATA,State System (State Highways and Class I TH links),US-2,0.07,U002-0414,LRS,Property Damage Only,"(44.47190869, -73.18885516)"
3071,VT0040300,12SB009579,07/26/2012,US-2 (811 Williston Road),South Burlington,NO DATA,NO DATA,NO DATA,NO DATA,Maplefields,NO DATA,NO DATA,35,1 - Rear End,NO DATA,NO DATA,NO DATA,NO DATA,NO DATA,NO DATA,State System (State Highways and Class I TH links),US-2,0.07,U002-0414,LRS,Property Damage Only,"(44.47190869, -73.18885516)"
3072,VT0040300,12SB000851,02/01/2012,US-2 (811 Williston Road),South Burlington,NO DATA,NO DATA,2,NO DATA,Eastbound,NO DATA,NO DATA,35,3 - Same Direction Sideswipe,NO DATA,445176,219174,NO DATA,NO DATA,NO DATA,State System (State Highways and Class I TH links),US-2,0.06,U002-0414,LRS,Property Damage Only,"(44.47198610, -73.18902796)"
3073,VT0040300,12SB013323,10/05/2012,US-2 (811 Williston Rd),South Burlington,NO DATA,NO DATA,NO DATA,NO DATA,Interstate 89,0,Miles,99,6 - Single Vehicle Crash,East,445210,219278,NO DATA,NO DATA,NO DATA,State System (State Highways and Class I TH links),US-2,0.06,U002-0414,LRS,Property Damage Only,"(44.47198610, -73.18902796)"
3074,VT0040300,12SB01443,02/23/2012,US-2 (811 Williston Road),South Burlington,NO DATA,NO DATA,2,NO DATA,NO DATA,NO DATA,NO DATA,35,1 - Rear End,NO DATA,445155,219311,NO DATA,NO DATA,NO DATA,State System (State Highways and Class I TH links),US-2,0.06,U002-0414,LRS,Property Damage Only,"(44.47198610, -73.18902796)"
3075,VT0040300,12SB00801,01/30/2012,US-2 (Williston Road),South Burlington,NO DATA,NO DATA,2,NO DATA,# 811,200,Feet,35,"10 - Left Turn and Thru, Angle Broadside -->v--",West,NO DATA,NO DATA,NO DATA,NO DATA,NO DATA,State System (State Highways and Class I TH links),US-2,0.05,U002-0414,LRS,Property Damage Only,"(44.47206350, -73.18920075)"
3082,VT0040800,12RM00608,07/10/2012,US-2 E Main St,Richmond,NO DATA,NO DATA,2,NO DATA,Snipe Ireland Road,0,Miles,50,6 - Single Vehicle Crash,North,464313,210535,NO DATA,NO DATA,NO DATA,State System (State Highways and Class I TH links),US-2,5.14,U002-0411,LRS,Injury,"(44.39430985, -72.95070183)"
3083,VTVSP0300,12C100524,01/28/2012,US Rt 4,Mendon,NO DATA,NO DATA,4,NO DATA,Econo Lodge,300,Feet,50,3 - Same Direction Sideswipe,West,468008,127796,40,1110,255,State System (State Highways and Class I TH links),US-4,2.91,U004-1110,LRS,Property Damage Only,"(43.64928435, -72.89736108)"
3084,VT0040800,12RM00619,07/14/2012,US-2 E Main St,Richmond,NO DATA,NO DATA,2,NO DATA,Snipe Ireland Road,0,Miles,50,2 - Head On,West,464094,210564,NO DATA,NO DATA,NO DATA,State System (State Highways and Class I TH links),US-2,4.94,U002-0411,LRS,Fatal,"(44.39470063, -72.95463411)"
3085,VT0040800,12RM00531,06/22/2012,US-2 E Main St,Richmond,NO DATA,NO DATA,2,NO DATA,Snipe Ireland Road,1,Miles,45,"10 - Left Turn and Thru, Angle Broadside -->v--",West,463473,210744,NO DATA,NO DATA,NO DATA,State System (State Highways and Class I TH links),US-2,4.64,U002-0411,LRS,Property Damage Only,"(44.39644610, -72.96017518)"
3086,VT0040800,12RM00706,08/02/2012,US-2 (24 E Main St),Richmond,NO DATA,NO DATA,2,NO DATA,Bridge St,100,Feet,30,7 - Other - Explain in Narrative,East,460812,211768,NO DATA,NO DATA,NO DATA,State System (State Highways and Class I TH links),US-2,2.75,U002-0411,LRS,Property Damage Only,"(44.40500818, -72.99245818)"
3087,VT0040800,12RM01113,12/05/2012,US-2 E Main St,Richmond,NO DATA,NO DATA,NO DATA,NO DATA,Bridge St,0,Feet,30,1 - Rear End,East,460764,211775,NO DATA,NO DATA,NO DATA,State System (State Highways and Class I TH links),US-2,2.74,U002-0411,LRS,Property Damage Only,"(44.40511736, -72.99264384)"
3095,VTVSP1200,12A300831,02/24/2012,US-2 (1900 US Route 2),Moretown,NO DATA,NO DATA,2,NO DATA,Foggy Mountain Drive,25,Feet,50,6 - Single Vehicle Crash,East,482601,201296,20,1212,300,State System (State Highways and Class I TH links),US-2,1.92,U002-1212,LRS,Injury,"(44.31156256, -72.71764417)"
3096,VT0040800,12RM00713,08/04/2012,US-2 (1436 W Main St),Richmond,NO DATA,NO DATA,2,NO DATA,Richmond Mobil,0,Feet,40,5 - Rear-to-rear,North,460144,213202,NO DATA,NO DATA,NO DATA,State System (State Highways and Class I TH links),US-2,1.29,U002-0411,LRS,Property Damage Only,"(44.42194764, -73.00599756)"
3097,VTVSP0300,12C107094,12/27/2012,US-4,Mendon,NO DATA,NO DATA,4,NO DATA,TH 7,0,Miles,50,3 - Same Direction Sideswipe,West,467344,127621,40,1110,240,State System (State Highways and Class I TH links),US-4,2.24,U004-1110,LRS,Property Damage Only,"(43.64964935, -72.90826206)"
3098,VT0040800,12RM00493,06/10/2012,US-2 W Mains T,Richmond,NO DATA,NO DATA,2,NO DATA,I89 SB,0,Feet,40,"10 - Left Turn and Thru, Angle Broadside -->v--",West,459594,213731,NO DATA,NO DATA,NO DATA,State System (State Highways and Class I TH links),US-2,1.21,U002-0411,LRS,Injury,"(44.42258795, -73.00733460)"
3099,VT0040800,12RM00780,08/22/2012,US-2 W Main St,Richmond,NO DATA,NO DATA,NO DATA,NO DATA,I89 SB Ramp,5,Feet,40,1 - Rear End,East,459505,213793,NO DATA,NO DATA,NO DATA,State System (State Highways and Class I TH links),US-2,1.15,U002-0411,LRS,Property Damage Only,"(44.42307306, -73.00833283)"
3100,VT0110200,12RL04717,05/25/2012,US-4 Woodstock Avenue,Rutland City,NO DATA,NO DATA,NO DATA,NO DATA,Stratton Road,20,Feet,35,1 - Rear End,West,463093,124271,NO DATA,NO DATA,NO DATA,State System (State Highways and Class I TH links),US-4,0.95,U004-1119,LRS,Property Damage Only,"(43.61800014, -72.95698881)"
3108,VT0040600,12MT0947,03/15/2012,US Route 2,Milton,NO DATA,NO DATA,2,NO DATA,Sandbar,NO DATA,NO DATA,45,6 - Single Vehicle Crash,West,441242,236488,NO DATA,NO DATA,NO DATA,State System (State Highways and Class I TH links),US-2,0.9,U002-0410,LRS,Property Damage Only,"(44.62590942, -73.23959884)"
3109,VT0040600,12MT03692,09/12/2012,US Route 2,Milton,NO DATA,NO DATA,NO DATA,NO DATA,Sandbar State Park,NO DATA,NO DATA,45,1 - Rear End,West,004-41-245,002-36-486,20,410,80,State System (State Highways and Class I TH links),US-2,0.86,U002-0410,LRS,Injury,"(44.62619110, -73.24030521)"
3110,VT0040500,12CC01298,03/05/2012,US Route 2,Colchester,NO DATA,NO DATA,2,NO DATA,Roosevelt Hwy,NO DATA,NO DATA,50,1 - Rear End,NO DATA,447063,232347,NO DATA,NO DATA,NO DATA,State System (State Highways and Class I TH links),US-2,2.18,U002-0405,LRS,Property Damage Only,"(44.58958506, -73.16674718)"
3111,VT0040500,12CC06889,10/06/2012,US-2 Roosevelt Highway,Colchester,NO DATA,NO DATA,2,NO DATA,NB Entrance Ramp Exit 17 Interstate 89,NO DATA,NO DATA,55,4 - Opp Direction Sideswipe,NO DATA,446952,232375,NO DATA,NO DATA,NO DATA,State System (State Highways and Class I TH links),US-2,2.11,U002-0405,LRS,Property Damage Only,"(44.58967117, -73.16806964)"
3112,VT0120200,1211-12-417471,01/12/2012,US-2 State St.,Montpelier,NO DATA,NO DATA,NO DATA,NO DATA,Graves St.,700,Feet,35,"10 - Left Turn and Thru, Angle Broadside -->v--",West,NO DATA,NO DATA,NO DATA,NO DATA,NO DATA,State System (State Highways and Class I TH links),US-2,0.05,U002-1211,LRS,Injury,"(44.26009039, -72.61031733)"
3113,VT0040500,12CC05069,07/27/2012,Route 2,Colchester,NO DATA,NO DATA,2,NO DATA,"I-89 NB, Exit 17 Off Ramp",NO DATA,NO DATA,50,"14 - Left Turn and Thru, Broadside v<--",NO DATA,446939,232380,NO DATA,NO DATA,NO DATA,State System (State Highways and Class I TH links),US-2,2.1,U002-0405,LRS,Injury,"(44.58968632, -73.16825816)"
3121,VT0040500,12CC04060,06/19/2012,US-2 Roosevelt Highway,Colchester,NO DATA,NO DATA,2,NO DATA,"Northbound Off Ramp Exit 17, I 89",NO DATA,NO DATA,50,1 - Rear End,NO DATA,446717,232443,NO DATA,NO DATA,NO DATA,State System (State Highways and Class I TH links),US-2,1.94,U002-0405,LRS,Property Damage Only,"(44.59017274, -73.17120749)"
3122,VT0040500,12CC01335,03/07/2012,US-2 Roosevelt Highway,Colchester,NO DATA,NO DATA,2,NO DATA,Route 7,0,Miles,55,1 - Rear End,West,446483,232510,NO DATA,NO DATA,NO DATA,State System (State Highways and Class I TH links),US-2,1.94,U002-0405,LRS,Injury,"(44.59017274, -73.17120749)"
3123,VT0040500,12CC06895,10/06/2012,US-2 Roosevelt Highway,Colchester,NO DATA,NO DATA,2,NO DATA,"Interstate 89, Exit 17 Off Ramp",NO DATA,NO DATA,50,"16 - Right Turn and Thru, Same Direction Sideswipe/Angle Crash ^^--",NO DATA,446681,232451,NO DATA,NO DATA,NO DATA,State System (State Highways and Class I TH links),US-2,1.92,U002-0405,LRS,Property Damage Only,"(44.59026404, -73.17156476)"
3124,VTVSP1200,12A305203,12/05/2012,US-2 (1841 US Route 2),Moretown,NO DATA,NO DATA,2,NO DATA,Extra Room Storage,50,Feet,50,6 - Single Vehicle Crash,West,482555,201320,20,1212,160,State System (State Highways and Class I TH links),US-2,1.88,U002-1212,LRS,Property Damage Only,"(44.31174508, -72.71845311)"
3125,VT0040500,12CC02218,04/10/2012,US-2 Roosevelt Highway,Colchester,NO DATA,NO DATA,2,NO DATA,I-89 SB Off Ramp Exit 17,NO DATA,NO DATA,40,"14 - Left Turn and Thru, Broadside v<--",NO DATA,446703,232444,NO DATA,NO DATA,NO DATA,State System (State Highways and Class I TH links),US-2,1.92,U002-0405,LRS,Property Damage Only,"(44.59026404, -73.17156476)"
3126,VTVSP0300,12C100218,01/12/2012,US-4,Mendon,NO DATA,NO DATA,4,NO DATA,TH 8,300,Feet,45,NO DATA,West,464834,126268,NO DATA,NO DATA,NO DATA,State System (State Highways and Class I TH links),US-4,0.1,U004-1110,LRS,Property Damage Only,"(43.63589278, -72.93606546)"
3134,VT0040500,12CC03016,05/10/2012,US Route 2,Colchester,NO DATA,NO DATA,2,NO DATA,Clay Point Rd,300,Feet,55,6 - Single Vehicle Crash,East,444704,233220,NO DATA,NO DATA,NO DATA,State System (State Highways and Class I TH links),US-2,0.48,U002-0405,LRS,Property Damage Only,"(44.59816981, -73.19860865)"
3135,VTVSP1200,12A304687,10/30/2012,US-2 (2927 US Route 2),Middlesex,NO DATA,NO DATA,2,NO DATA,REsidence 2927,0,Miles,50,6 - Single Vehicle Crash,West,484239,201097,20,1212,300,State System (State Highways and Class I TH links),US-2,2.9,U002-1210,LRS,Property Damage Only,"(44.27830011, -72.65781433)"
3136,VT0040500,12CC07319,10/23/2012,US Route 2,Colchester,NO DATA,NO DATA,2,NO DATA,Clay Point Road,NO DATA,NO DATA,55,"8 - No Turns, Thru moves only, Broadside ^<",NO DATA,444438,233412,NO DATA,NO DATA,NO DATA,State System (State Highways and Class I TH links),US-2,0.42,U002-0405,LRS,Injury,"(44.59876449, -73.19971219)"
3137,VT0040500,12CC02337,04/14/2012,US-2 Roosevelt Highway,Colchester,NO DATA,NO DATA,2,NO DATA,Clay Point Rd,NO DATA,NO DATA,55,"8 - No Turns, Thru moves only, Broadside ^<",NO DATA,444444,233405,NO DATA,NO DATA,NO DATA,State System (State Highways and Class I TH links),US-2,0.42,U002-0405,LRS,Injury,"(44.59876449, -73.19971219)"
3138,VTVSP1200,12A300558,02/03/2012,US-2 (1752 US Route 2),Moretown,NO DATA,NO DATA,2,NO DATA,Noyes Road,200,Feet,50,1 - Rear End,West,482373,201345,200,1212,180,State System (State Highways and Class I TH links),US-2,1.77,U002-1212,LRS,Property Damage Only,"(44.31221693, -72.72057614)"
3139,VT0040500,12CC00015,01/01/2012,US RTE 2,Colchester,NO DATA,NO DATA,NO DATA,NO DATA,CLAY POINT RD,0,Miles,55,6 - Single Vehicle Crash,West,444127,233739,NO DATA,NO DATA,NO DATA,State System (State Highways and Class I TH links),US-2,0.32,U002-0405,LRS,Property Damage Only,"(44.59981640, -73.20166214)"
3147,VT0140300,12HF03884,11/08/2012,US-5 Maple Street,Hartford,14,4,NO DATA,NO DATA,Hartford Avenue,1,Feet,35,1 - Rear End,East,514595,127985,NO DATA,NO DATA,NO DATA,State System (State Highways and Class I TH links),US-5,4.1,U005-1408,LRS,Property Damage Only,"(43.65206634, -72.31936816)"
3148,VT0130200,12BB00435,01/18/2012,U-5 (Roundabout) IFO S Ent,Brattleboro,NO DATA,NO DATA,5,NO DATA,Exit 3; I-91,NO DATA,NO DATA,25,3 - Same Direction Sideswipe,East,004-95-370,000-42-723,NO DATA,NO DATA,NO DATA,State System (State Highways and Class I TH links),US-5,4.59,U005-1302,LRS,Property Damage Only,"(42.88468423, -72.55693019)"
3149,VT0130200,12BB06017,08/06/2012,US-5 Putney Rd,Brattleboro,NO DATA,NO DATA,NO DATA,NO DATA,Wendy's Restaurant,NO DATA,NO DATA,40,"8 - No Turns, Thru moves only, Broadside ^<",NO DATA,004-95-291,000-42-541,NO DATA,NO DATA,NO DATA,State System (State Highways and Class I TH links),US-5,4.47,U005-1302,LRS,Injury,"(42.88312068, -72.55793025)"
3150,VT0140300,12HF03775,10/30/2012,US-5 North Hartland Road,Hartford,NO DATA,5,NO DATA,NO DATA,Kline Drive,1,Miles,40,6 - Single Vehicle Crash,North,512180,126338,NO DATA,NO DATA,NO DATA,State System (State Highways and Class I TH links),US-5,2.27,U005-1408,LRS,Property Damage Only,"(43.64255616, -72.34649186)"
3151,VT0140300,12HF03182,09/16/2012,US-4 Woodstock Road,Hartford,NO DATA,NO DATA,4,NO DATA,Quechee Gorge Bridge,NO DATA,NO DATA,35,1 - Rear End,NO DATA,507363,126321,NO DATA,NO DATA,NO DATA,State System (State Highways and Class I TH links),US-4,3.24,U004-1408,LRS,Property Damage Only,"(43.63740916, -72.40864957)"
3152,VT0130200,12BB08506,11/09/2012,US-5 Putney Rd,Brattleboro,NO DATA,NO DATA,NO DATA,NO DATA,McDonalds,NO DATA,NO DATA,40,1 - Rear End,NO DATA,004-95-228,000-41-319,NO DATA,NO DATA,NO DATA,State System (State Highways and Class I TH links),US-5,4.41,U005-1302,LRS,Injury,"(42.88228571, -72.55825075)"
3160,VT0130200,12BB08379,11/03/2012,US-5 (972 Putney Rd),Brattleboro,NO DATA,NO DATA,NO DATA,NO DATA,Black Mtn Rd,NO DATA,NO DATA,40,1 - Rear End,NO DATA,004-45-204,000-42-357,NO DATA,NO DATA,NO DATA,State System (State Highways and Class I TH links),US-5,4.31,U005-1302,LRS,Property Damage Only,"(42.88089210, -72.55877507)"
3161,VT0130200,12BB06228,08/13/2012,US-5 (972 Putney Road),Brattleboro,NO DATA,NO DATA,NO DATA,NO DATA,Black Mountain Square Driveway,NO DATA,NO DATA,40,1 - Rear End,East,004-95-060,000-41-687,NO DATA,NO DATA,NO DATA,State System (State Highways and Class I TH links),US-5,4.31,U005-1302,LRS,Injury,"(42.88089210, -72.55877507)"
3162,VT0130200,12BB01212,02/16/2012,US-5 (Putney Rd & Blk Mtn Rd),Brattleboro,NO DATA,NO DATA,5,NO DATA,942 Putney Rd TD Bank,NO DATA,NO DATA,40,1 - Rear End,NO DATA,004-95-204,000-42-357,NO DATA,NO DATA,NO DATA,State System (State Highways and Class I TH links),US-5,4.24,U005-1302,LRS,Property Damage Only,"(42.87992323, -72.55917105)"
3163,VTVSP1000,12D203125,11/11/2012,US-5 Main St,Putney,NO DATA,NO DATA,5,NO DATA,Westminster Road,NO DATA,NO DATA,30,6 - Single Vehicle Crash,NO DATA,498205,52791,50,1313,67,State System (State Highways and Class I TH links),US-5,0.69,U005-1313,LRS,Property Damage Only,"(42.97519721, -72.52168319)"
3164,VT0130200,12BB00251,01/11/2012,US-5 (896 Putney Rd),Brattleboro,NO DATA,NO DATA,NO DATA,NO DATA,Hannafords,NO DATA,NO DATA,40,7 - Other - Explain in Narrative,NO DATA,004-95-370,000-42-105,NO DATA,NO DATA,NO DATA,State System (State Highways and Class I TH links),US-5,4.2,U005-1302,LRS,Property Damage Only,"(42.87937533, -72.55942307)"
3172,VTVSP0400,12D102893,09/06/2012,US-5 (6023 Route 5),Westminster,NO DATA,5,NO DATA,NO DATA,Allen Bros.,5,Feet,40,"10 - Left Turn and Thru, Angle Broadside -->v--",East,504558,66251,NO DATA,NO DATA,NO DATA,State System (State Highways and Class I TH links),US-5,6.03,U005-1320,LRS,Property Damage Only,"(43.09645781, -72.44377811)"
3173,VT0140300,12HF03686,10/21/2012,US-4 Woodstock Road,Hartford,NO DATA,NO DATA,4,NO DATA,Quechee Gorge Bridge,NO DATA,NO DATA,35,1 - Rear End,NO DATA,507365,126342,NO DATA,NO DATA,NO DATA,State System (State Highways and Class I TH links),US-4,3.24,U004-1408,LRS,Property Damage Only,"(43.63740916, -72.40864957)"
3174,VT0130200,12BB03488,05/14/2012,US-5┬á Linden St,Brattleboro,NO DATA,NO DATA,NO DATA,NO DATA,American Legion,NO DATA,NO DATA,25,7 - Other - Explain in Narrative,NO DATA,004-94-968,000-39-627,NO DATA,NO DATA,NO DATA,State System (State Highways and Class I TH links),US-5,2.55,U005-1302S,LRS,Property Damage Only,"(42.85635695, -72.56098352)"
3175,VT0140300,12HF02962,08/24/2012,US-5 North Main Street,Hartford,NO DATA,NO DATA,5,NO DATA,Airport Road,1,Feet,40,"14 - Left Turn and Thru, Broadside v<--",NO DATA,513340,127559,NO DATA,NO DATA,NO DATA,State System (State Highways and Class I TH links),US-5,3.15,U005-1408,LRS,Property Damage Only,"(43.64818511, -72.33462709)"
3176,VT0140300,12HF03634,10/18/2012,US-5 North Hartland Road,Hartford,NO DATA,NO DATA,5,NO DATA,Leslie DRIVE,300,Feet,50,2 - Head On,North,511884,125020,NO DATA,NO DATA,NO DATA,State System (State Highways and Class I TH links),US-5,0.97,U005-1408,LRS,Property Damage Only,"(43.62444433, -72.35297574)"
3184,VTVSP1000,12D202242,08/11/2012,US-5 (58 Main Street),Putney,NO DATA,NO DATA,5,NO DATA,Old Depot Road,800,Feet,30,6 - Single Vehicle Crash,South,498178,52195,50,1313,20,State System (State Highways and Class I TH links),US-5,0.32,U005-1313,LRS,Property Damage Only,"(42.96968967, -72.52238995)"
3185,VT0140300,12HF02213,06/29/2012,US-5 Hartford Avenue,Hartford,NO DATA,NO DATA,5,NO DATA,Chandler Road,10,Feet,30,"11 - Left Turn and Thru, Head On ^v--",North,515212,129797,NO DATA,NO DATA,NO DATA,State System (State Highways and Class I TH links),US-5,5.64,U005-1408,LRS,Property Damage Only,"(43.67292776, -72.30923131)"
3186,VT0130200,12BB02591,04/10/2012,US-5 (820 Putney Rd),Brattleboro,NO DATA,NO DATA,5,NO DATA,River Valley Credit Union,NO DATA,NO DATA,40,NO DATA,NO DATA,004-59-898,001-66-762,NO DATA,NO DATA,NO DATA,State System (State Highways and Class I TH links),US-5,4.03,U005-1302,LRS,Property Damage Only,"(42.87699867, -72.56024760)"
3187,VT0130200,12BB02996,04/25/2012,Putney Rd,Brattleboro,NO DATA,NO DATA,NO DATA,NO DATA,Technology Drive,NO DATA,NO DATA,25,NO DATA,NO DATA,NO DATA,NO DATA,NO DATA,NO DATA,NO DATA,State System (State Highways and Class I TH links),US-5,3.95,U005-1302,LRS,Property Damage Only,"(42.87584681, -72.56036400)"
3188,VT0130100,12BF02840,09/13/2012,US-5 Westminster Street,Rockingham,NO DATA,NO DATA,NO DATA,NO DATA,Henry St,NO DATA,Feet,25,1 - Rear End,North,NO DATA,NO DATA,NO DATA,NO DATA,NO DATA,State System (State Highways and Class I TH links),US-5,0.58,U005-1314,LRS,Injury,"(43.13135347, -72.44879334)"
3189,VT0140300,12HF03260,09/19/2012,US-4 Woodstock Road,Hartford,NO DATA,NO DATA,4,NO DATA,Dunkin' Donuts,1,Feet,40,1 - Rear End,East,506221,127100,NO DATA,NO DATA,NO DATA,State System (State Highways and Class I TH links),US-4,2.33,U004-1408,LRS,Property Damage Only,"(43.64404129, -72.42254302)"
3190,VT0130200,12BB00286,01/12/2012,US-5 Putney Rd,Brattleboro,NO DATA,NO DATA,NO DATA,NO DATA,Old Ferry Rd,NO DATA,NO DATA,25,7 - Other - Explain in Narrative,NO DATA,004-34-925,000-14-859,NO DATA,NO DATA,NO DATA,State System (State Highways and Class I TH links),US-5,5.24,U005-1302,LRS,Property Damage Only,"(42.89308880, -72.55132848)"
3191,VTVSP1000,12D202701,09/27/2012,US Route 5,Guilford,NO DATA,NO DATA,5,NO DATA,Guilford Center Road TH#1,NO DATA,NO DATA,30,"14 - Left Turn and Thru, Broadside v<--",NO DATA,493841,35280,NO DATA,NO DATA,NO DATA,State System (State Highways and Class I TH links),US-5,6.27,U005-1307,LRS,Property Damage Only,"(42.81762401, -72.57522359)"
3192,VT0140300,12HF01065,04/07/2012,US-5 Hartford Avenue,Hartford,NO DATA,NO DATA,NO DATA,NO DATA,Bugbee Street Intersection With Hartford Ave.,5,Feet,45,1 - Rear End,West,515036,129293,NO DATA,NO DATA,NO DATA,State System (State Highways and Class I TH links),US-5,4.93,U005-1408,LRS,Property Damage Only,"(43.66325528, -72.31310118)"
3193,VT0140300,12HF03215,09/15/2012,US-5 (521 North Hartland Road),Hartford,NO DATA,5,NO DATA,NO DATA,NO DATA,NO DATA,NO DATA,40,1 - Rear End,NO DATA,512552,127330,NO DATA,NO DATA,NO DATA,State System (State Highways and Class I TH links),US-5,2.52,U005-1408,LRS,Injury,"(43.64599269, -72.34483278)"
3194,VT0140300,12HF04163,12/01/2012,US-4 Woodstock Road,Hartford,NO DATA,NO DATA,4,NO DATA,River Street,50,Feet,40,6 - Single Vehicle Crash,West,505814,127099,NO DATA,NO DATA,NO DATA,State System (State Highways and Class I TH links),US-4,2.05,U004-1408,LRS,Property Damage Only,"(43.64427472, -72.42761698)"
3195,VT0130200,12BB05501,07/19/2012,US-5 Putney Rd,Brattleboro,NO DATA,NO DATA,NO DATA,NO DATA,Staples Plaza,NO DATA,NO DATA,35,NO DATA,NO DATA,NO DATA,NO DATA,NO DATA,NO DATA,NO DATA,State System (State Highways and Class I TH links),US-5,3.86,U005-1302,LRS,Property Damage Only,"(42.87457886, -72.56001701)"
3196,VT0130200,12BB00637,01/25/2012,US-5 (Round-a-bout) IFO N Ent,Brattleboro,NO DATA,NO DATA,5,NO DATA,I91-Exit 3,NO DATA,NO DATA,25,"16 - Right Turn and Thru, Same Direction Sideswipe/Angle Crash ^^--",NO DATA,004-95-443,000-42-881,NO DATA,NO DATA,NO DATA,State System (State Highways and Class I TH links),US-5,4.64,U005-1302,LRS,Property Damage Only,"(42.88512171, -72.55659133)"
3197,VT0130200,12BB00431,01/18/2012,US-5 (659 Putney Rd),Brattleboro,NO DATA,NO DATA,NO DATA,NO DATA,NO DATA,NO DATA,NO DATA,25,1 - Rear End,NO DATA,004-91-730,000-36-354,NO DATA,NO DATA,NO DATA,State System (State Highways and Class I TH links),US-5,3.74,U005-1302,LRS,Property Damage Only,"(42.87300628, -72.55902543)"