ID,Reporting Agency,Report Number,Date,Street Address,Town,Number,Number1,Number2,Number3,Intersection,Distance From Intersection,Distance Unit,Posted Speed,Direction of Collision,Direction from Intersection,Easting,Northing,Mile Marker,Mile Marker 1,Mile Marker 2,AOT Roadway,AOT Route,AOT Actual Mile,LRS Number,How Mapped,Crash Type,Location 1
3370,VT0100100,12NP02603,12/22/2012,US-5 (561 East Main Street),Newport City,NO DATA,NO DATA,NO DATA,NO DATA,Western Ave,250,Feet,25,1 - Rear End,East,005-23-282,002-71-062,NO DATA,NO DATA,NO DATA,State System (State Highways and Class I TH links),US-5,2.61,U005-1015,LRS,Property Damage Only,"(44.94308383, -72.19252370)"
3371,VT0100100,12NP00981,05/21/2012,US-5 (561 East Main Street),Newport City,NO DATA,NO DATA,NO DATA,NO DATA,Cumberland Farms,70,Feet,25,"8 - No Turns, Thru moves only, Broadside ^<",West,005-24-276,002-71-473,NO DATA,NO DATA,NO DATA,State System (State Highways and Class I TH links),US-5,2.61,U005-1015,LRS,Property Damage Only,"(44.94308383, -72.19252370)"
3372,VT0100100,12NP01741,08/21/2012,US-5 (535 East Main Street),Newport City,NO DATA,NO DATA,NO DATA,NO DATA,Western Avenue,25,Feet,25,6 - Single Vehicle Crash,East,005-21-659,002-70-432,NO DATA,NO DATA,NO DATA,State System (State Highways and Class I TH links),US-5,2.58,U005-1015,LRS,Property Damage Only,"(44.94307191, -72.19313626)"
3373,VT0100100,12NP00991,05/23/2012,US-5 East Main Street,Newport City,NO DATA,NO DATA,NO DATA,NO DATA,Western Ave,NO DATA,NO DATA,25,"10 - Left Turn and Thru, Angle Broadside -->v--",NO DATA,005-24-237,002-71-562,NO DATA,NO DATA,NO DATA,State System (State Highways and Class I TH links),US-5,2.55,U005-1015,LRS,Injury,"(44.94307232, -72.19374915)"
3381,VT0100100,12NP00822,05/02/2012,US-5 Causeway/Access Road,Newport City,NO DATA,NO DATA,NO DATA,NO DATA,Causeway,NO DATA,NO DATA,25,1 - Rear End,South,005-23-291,002-71-247,NO DATA,NO DATA,NO DATA,State System (State Highways and Class I TH links),US-5,1.98,U005-1015,LRS,Property Damage Only,"(44.94138321, -72.20427350)"
3382,VT0100100,12NP02309,11/05/2012,US-5 Waterfront Plaza,Newport City,NO DATA,NO DATA,NO DATA,NO DATA,Coventry Street,25,Feet,25,"10 - Left Turn and Thru, Angle Broadside -->v--",North,005-23-314,002-71-233,NO DATA,NO DATA,NO DATA,State System (State Highways and Class I TH links),US-5,1.95,U005-1015,LRS,Property Damage Only,"(44.94096605, -72.20445323)"
3383,VT0130200,12BB08813,11/21/2012,Roundabout,Brattleboro,NO DATA,NO DATA,NO DATA,NO DATA,Putney Rd,NO DATA,NO DATA,25,NO DATA,NO DATA,NO DATA,NO DATA,NO DATA,NO DATA,NO DATA,State System (State Highways and Class I TH links),US-5,4.62,U005-1302S,LRS,Property Damage Only,"(42.88512223, -72.55684741)"
3384,VT0100100,12NP02445,11/28/2012,US-5 Causeway,Newport City,NO DATA,NO DATA,NO DATA,NO DATA,Gardner Park,NO DATA,NO DATA,25,1 - Rear End,West,005-23-282,002-71-062,NO DATA,NO DATA,NO DATA,State System (State Highways and Class I TH links),US-5,1.84,U005-1015,LRS,Property Damage Only,"(44.93942919, -72.20507689)"
3385,VTVSP0400,12D100342,01/27/2012,US-5┬á (Missing Link Rd),Rockingham,NO DATA,NO DATA,5,NO DATA,Herricks Cove Rd,500,Feet,50,6 - Single Vehicle Crash,NO DATA,503935,76039,NO DATA,NO DATA,NO DATA,State System (State Highways and Class I TH links),US-5,4.8,U005-1314,LRS,Property Damage Only,"(43.18480218, -72.45137382)"
3393,VT0140300,12HF00500,02/15/2012,US-5 (521 North Hartland Road),Hartford,NO DATA,NO DATA,5,NO DATA,Jakes Market,NO DATA,NO DATA,40,1 - Rear End,NO DATA,512524,127249,NO DATA,NO DATA,NO DATA,State System (State Highways and Class I TH links),US-5,2.52,U005-1408,LRS,Property Damage Only,"(43.64599269, -72.34483278)"
3394,VTVSP0300,12C106426,11/24/2012,US-4,West Rutland,NO DATA,NO DATA,4,NO DATA,Exit 6,1,Miles,65,6 - Single Vehicle Crash,East,457281,121320,NO DATA,NO DATA,NO DATA,State System (State Highways and Class I TH links),US-4,15.52,U004-1128W,LRS,Property Damage Only,"(43.59072801, -73.02909033)"
3395,VT0100100,12NP00054,01/11/2012,US-5 Main Street,Newport City,NO DATA,NO DATA,NO DATA,NO DATA,Causeway,300,Feet,25,1 - Rear End,West,005-23-193,002-70-758,NO DATA,NO DATA,NO DATA,State System (State Highways and Class I TH links),US-5,1.51,U005-1015,LRS,Property Damage Only,"(44.93618572, -72.20810579)"
3396,VT0100100,12NP00780,04/25/2012,US-5 (100 Main Street),Newport City,NO DATA,NO DATA,NO DATA,NO DATA,State Bldg. Parking Lot,5,Feet,25,1 - Rear End,South,005-23-293,002-71-323,NO DATA,NO DATA,NO DATA,State System (State Highways and Class I TH links),US-5,1.5,U005-1015,LRS,Property Damage Only,"(44.93613140, -72.20829902)"
3397,VT0130200,12BB02549,04/08/2012,US-5 Roundabout,Brattleboro,NO DATA,NO DATA,NO DATA,NO DATA,Putney Rd,NO DATA,NO DATA,25,NO DATA,NO DATA,004-95-351,000-42-805,NO DATA,NO DATA,NO DATA,State System (State Highways and Class I TH links),US-5,4.62,U005-1302,LRS,Property Damage Only,"(42.88485912, -72.55647556)"
3398,VT0100100,12NP01362,07/06/2012,US-5 (100 Main Street),Newport City,NO DATA,NO DATA,NO DATA,NO DATA,Seymour Lane,15,Feet,25,6 - Single Vehicle Crash,North,005-22-993,002-70-696,NO DATA,NO DATA,NO DATA,State System (State Highways and Class I TH links),US-5,1.5,U005-1015,LRS,Injury,"(44.93613140, -72.20829902)"
3406,VT0100100,12NP00901,05/13/2012,US-5 Main Street,Newport City,NO DATA,NO DATA,NO DATA,NO DATA,Third Street,NO DATA,Feet,25,"8 - No Turns, Thru moves only, Broadside ^<",NO DATA,005-22-866,002-70-496,NO DATA,NO DATA,NO DATA,State System (State Highways and Class I TH links),US-5,1.2,U005-1015,LRS,Property Damage Only,"(44.93353338, -72.21126926)"
3407,VT0130200,12BB05399,07/17/2012,US-5 Roundabout,Brattleboro,NO DATA,NO DATA,NO DATA,NO DATA,Route 5 North,NO DATA,NO DATA,25,NO DATA,NO DATA,004-94-608,000-37-284,NO DATA,NO DATA,NO DATA,State System (State Highways and Class I TH links),US-5,4.62,U005-1302S,LRS,Property Damage Only,"(42.88512223, -72.55684741)"
3408,VT0100100,12NP00120,01/21/2012,US-5┬á (Pleasant Street),Newport City,NO DATA,NO DATA,5,NO DATA,Third Street,500,Feet,25,"8 - No Turns, Thru moves only, Broadside ^<",West,005-22-594,002-70-325,NO DATA,NO DATA,NO DATA,State System (State Highways and Class I TH links),US-5,1.1,U005-1015,LRS,Property Damage Only,"(44.93291842, -72.21317471)"
3409,VT0100100,12NP01020,05/26/2012,US Route 5,Newport City,NO DATA,NO DATA,NO DATA,NO DATA,2/10 Mile South Coventy Street Pleasant Street Ext,1,Feet,35,6 - Single Vehicle Crash,North,005-21-477,002-69-491,NO DATA,NO DATA,NO DATA,State System (State Highways and Class I TH links),US-5,0.16,U005-1015,LRS,Fatal,"(44.92529323, -72.22791421)"
3410,VTVSP0300,12C104344,08/17/2012,US-4 EB,West Rutland,NO DATA,NO DATA,4,NO DATA,Exit 6 (DB),NO DATA,NO DATA,65,3 - Same Direction Sideswipe,NO DATA,456662,121116,NO DATA,NO DATA,NO DATA,State System (State Highways and Class I TH links),US-4,15.17,U004-1128,LRS,Property Damage Only,"(43.58927812, -73.03509204)"
3411,VTVSP0800,12B200808,03/23/2012,US-5 (2250 US Route 5),Irasburg,NO DATA,NO DATA,5,NO DATA,2250 US Route 5,NO DATA,NO DATA,50,6 - Single Vehicle Crash,North,519931,265215,NO DATA,NO DATA,NO DATA,State System (State Highways and Class I TH links),US-5,2.24,U005-1011,LRS,Injury,"(44.82947613, -72.24396018)"
3419,VTVSP0800,12B200538,02/27/2012,US RT 5,Derby,NO DATA,NO DATA,5,NO DATA,Derby Town Garage,NO DATA,NO DATA,35,1 - Rear End,West,475241,230200,NO DATA,NO DATA,NO DATA,State System (State Highways and Class I TH links),US-5,1.69,U005-1007,LRS,Property Damage Only,"(44.95323948, -72.13675611)"
3420,VT0140300,12HF03661,10/20/2012,US-5 Hartford Avenue,Hartford,NO DATA,NO DATA,5,NO DATA,Maple Street,NO DATA,Feet,30,"10 - Left Turn and Thru, Angle Broadside -->v--",West,514556,127996,NO DATA,NO DATA,NO DATA,State System (State Highways and Class I TH links),US-5,4.1,U005-1408,LRS,Property Damage Only,"(43.65206634, -72.31936816)"
3421,VTVSP0800,12B204339,12/24/2012,US-5 (3588 VT RT 5),Derby,NO DATA,5,NO DATA,NO DATA,Vianor Tire & Auto,NO DATA,NO DATA,35,"8 - No Turns, Thru moves only, Broadside ^<",North,527677,272582,NO DATA,NO DATA,NO DATA,State System (State Highways and Class I TH links),US-5,1.54,U005-1007,LRS,Property Damage Only,"(44.95281228, -72.13977283)"
3422,VTVSP0800,12B203522,10/13/2012,US Route 5,Derby,NO DATA,NO DATA,5,NO DATA,Thompsons Redemption,NO DATA,NO DATA,35,"10 - Left Turn and Thru, Angle Broadside -->v--",South,528120,272572,NO DATA,NO DATA,NO DATA,State System (State Highways and Class I TH links),US-5,1.4,U005-1007,LRS,Injury,"(44.95281212, -72.14267346)"
3423,VT0140300,12HF00529,02/18/2012,US-5 (1060 N. HARTLAND RD),Hartford,NO DATA,NO DATA,5,NO DATA,Remick Rd,20,NO DATA,40,6 - Single Vehicle Crash,North,512273,126521,NO DATA,NO DATA,NO DATA,State System (State Highways and Class I TH links),US-5,1.99,U005-1408,LRS,Property Damage Only,"(43.63872703, -72.34880488)"
3424,VTVSP0300,12C104249,08/13/2012,US-4,West Rutland,NO DATA,NO DATA,4,NO DATA,US RT 4 EXIT 6 EB,NO DATA,Feet,65,3 - Same Direction Sideswipe,West,456161,121086,NO DATA,NO DATA,NO DATA,State System (State Highways and Class I TH links),US-4,14.7,U004-1128,LRS,Property Damage Only,"(43.58776081, -73.04365386)"
3432,VTVSP0800,12B201398,05/15/2012,US RT 5,Derby,NO DATA,NO DATA,5,NO DATA,Quarry Road,0,Miles,35,"20 - Right Turn and Thru, Angle Broadside -->^--",North,526898,272445,NO DATA,NO DATA,NO DATA,State System (State Highways and Class I TH links),US-5,0.64,U005-1007,LRS,Property Damage Only,"(44.95160631, -72.15822752)"
3433,VTVSP0800,12B200142,01/16/2012,US-5,Derby,NO DATA,5,NO DATA,NO DATA,Quarry Road,5,Feet,35,"14 - Left Turn and Thru, Broadside v<--",South,526846,272440,NO DATA,NO DATA,NO DATA,State System (State Highways and Class I TH links),US-5,0.54,U005-1007,LRS,Property Damage Only,"(44.95160344, -72.16029913)"
3434,VTVSP0800,12B201395,05/15/2012,US RT 5,Derby,NO DATA,NO DATA,5,NO DATA,Crawford Road/Shattuck Hill Road,NO DATA,NO DATA,35,"8 - No Turns, Thru moves only, Broadside ^<",South,526586,272401,NO DATA,NO DATA,NO DATA,State System (State Highways and Class I TH links),US-5,0.45,U005-1007,LRS,Injury,"(44.95147205, -72.16213911)"
3435,VTVSP0800,12B201043,04/13/2012,US-5,Derby,NO DATA,NO DATA,5,NO DATA,Community National Bank,100,Feet,35,1 - Rear End,East,526537,272340,NO DATA,NO DATA,NO DATA,State System (State Highways and Class I TH links),US-5,0.35,U005-1007,LRS,Injury,"(44.95075018, -72.16378874)"
3436,VTVSP0800,12B203912,11/17/2012,US-5,Derby,NO DATA,NO DATA,5,NO DATA,US RT 5/I-91 SB Exit Ramp,NO DATA,NO DATA,35,"14 - Left Turn and Thru, Broadside v<--",West,527421,272480,NO DATA,NO DATA,NO DATA,State System (State Highways and Class I TH links),US-5,0.32,U005-1007,LRS,Property Damage Only,"(44.95050848, -72.16426108)"
3437,VT0130200,12BB03528,05/15/2012,US-5 Roundabout,Brattleboro,NO DATA,NO DATA,NO DATA,NO DATA,Putney Rd,NO DATA,NO DATA,25,3 - Same Direction Sideswipe,NO DATA,004-95-370,000-42-723,NO DATA,NO DATA,NO DATA,State System (State Highways and Class I TH links),US-5,4.62,U005-1302S,LRS,Property Damage Only,"(42.88512223, -72.55684741)"
3445,VTVSP0400,12D100896,03/19/2012,6023 US Route 5,Westminster,NO DATA,NO DATA,5,NO DATA,NO DATA,NO DATA,NO DATA,40,"10 - Left Turn and Thru, Angle Broadside -->v--",NO DATA,504576,66288,NO DATA,NO DATA,NO DATA,State System (State Highways and Class I TH links),US-5,6.03,U005-1320,LRS,Property Damage Only,"(43.09645781, -72.44377811)"
3446,VTVSP0800,12B203905,11/16/2012,US-5 (67 Main Street),Barton,NO DATA,NO DATA,5,NO DATA,Duck Pond Road,100,Feet,35,"14 - Left Turn and Thru, Broadside v<--",West,525738,249609,NO DATA,NO DATA,NO DATA,State System (State Highways and Class I TH links),US-5,5.29,U005-1002,LRS,Property Damage Only,"(44.74645609, -72.17534530)"
3447,VTVSP0800,11B200179,01/20/2012,US-5,Barton,NO DATA,NO DATA,5,NO DATA,Laclair Ln,0,Miles,50,6 - Single Vehicle Crash,North,529663,245900,NO DATA,NO DATA,NO DATA,State System (State Highways and Class I TH links),US-5,1.65,U005-1002,LRS,Injury,"(44.71196575, -72.12335518)"
3448,VT0090400,12TF00138,03/16/2012,US-5 (3073 US RT 5),Thetford,NO DATA,NO DATA,5,NO DATA,VT RT 113,50,NO DATA,99,7 - Other - Explain in Narrative,North,NO DATA,NO DATA,NO DATA,NO DATA,NO DATA,State System (State Highways and Class I TH links),US-5,3.07,U005-0911,LRS,Property Damage Only,"(43.81277489, -72.18917757)"
3449,VT0090400,12TF00500,11/01/2012,US Route 5,Thetford,NO DATA,NO DATA,NO DATA,NO DATA,Rabbit Road,NO DATA,NO DATA,50,NO DATA,South,NO DATA,NO DATA,NO DATA,NO DATA,NO DATA,State System (State Highways and Class I TH links),US-5,0.82,U005-0911,LRS,Injury,"(43.78368692, -72.20643639)"
3450,VT0140300,12HF00429,02/08/2012,US-5 North Main Street,Hartford,NO DATA,NO DATA,5,NO DATA,Airport Road,NO DATA,NO DATA,40,"8 - No Turns, Thru moves only, Broadside ^<",NO DATA,513372,127558,NO DATA,NO DATA,NO DATA,State System (State Highways and Class I TH links),US-5,3.15,U005-1408,LRS,Property Damage Only,"(43.64818511, -72.33462709)"
3458,VT0130200,12BB09632,12/22/2012,US-5 Roundabout,Brattleboro,NO DATA,NO DATA,NO DATA,NO DATA,Putney Rd,NO DATA,NO DATA,25,3 - Same Direction Sideswipe,NO DATA,004-95-370,000-42-723,NO DATA,NO DATA,NO DATA,State System (State Highways and Class I TH links),US-5,4.62,U005-1302,LRS,Property Damage Only,"(42.88485912, -72.55647556)"
3459,VTVSP1300,12B302524,11/18/2012,8329 Rte 5,Newbury,NO DATA,NO DATA,5,NO DATA,8329,100,Feet,50,6 - Single Vehicle Crash,South,533125,171137,50,907,60,State System (State Highways and Class I TH links),US-5,0.43,U005-0907,LRS,Property Damage Only,"(44.03878162, -72.08712771)"
3460,VTVSP1000,12D203323,12/01/2012,US Route 5,Putney,NO DATA,NO DATA,5,NO DATA,Old Stage Rd TH# 21,1,Miles,50,6 - Single Vehicle Crash,South,500476,55248,50,1313,280,State System (State Highways and Class I TH links),US-5,2.38,U005-1313,LRS,Property Damage Only,"(42.99218928, -72.49913792)"
3461,VTVSP1300,12B302564,11/24/2012,US-5,Fairlee,NO DATA,NO DATA,5,NO DATA,Jct Mallary Road,400,Feet,50,6 - Single Vehicle Crash,South,530856,161860,50,906,700,State System (State Highways and Class I TH links),US-5,6.89,U005-0906,LRS,Injury,"(43.95572564, -72.11566787)"
3462,VTVSP1300,12B301262,06/19/2012,US-5,Fairlee,NO DATA,NO DATA,5,NO DATA,Mountain Road,1,Miles,50,6 - Single Vehicle Crash,North,530454,159460,NO DATA,NO DATA,NO DATA,State System (State Highways and Class I TH links),US-5,5.55,U005-0906,LRS,Property Damage Only,"(43.93704526, -72.11981504)"
3463,VTVSP1300,12B300529,03/18/2012,US RT 5,Fairlee,NO DATA,NO DATA,5,NO DATA,Cumberland Farms Parking Lot,NO DATA,NO DATA,30,NO DATA,NO DATA,528837,156549,NO DATA,NO DATA,NO DATA,State System (State Highways and Class I TH links),US-5,3.24,U005-0906,LRS,Property Damage Only,"(43.90851629, -72.14084421)"
3471,VTVSP1300,12B300652,04/03/2012,US-5 (134 Main Street),Bradford,NO DATA,NO DATA,5,NO DATA,Barton Street,50,Feet,25,NO DATA,North,529826,166018,50,901,260,State System (State Highways and Class I TH links),US-5,2.4,U005-0901,LRS,Property Damage Only,"(43.99377689, -72.12820579)"
3472,VTVSP1300,12B301251,06/17/2012,US RT 5,Bradford,NO DATA,NO DATA,5,NO DATA,VT RT 25,0,Miles,40,"8 - No Turns, Thru moves only, Broadside ^<",North,530344,164908,NO DATA,NO DATA,NO DATA,State System (State Highways and Class I TH links),US-5,1.53,U005-0901,LRS,Property Damage Only,"(43.98365601, -72.12154026)"
3473,VTVSP1300,12B302236,10/06/2012,US-5 / VT RT 25,Bradford,NO DATA,25,NO DATA,NO DATA,Jct US RT 5,NO DATA,Feet,50,"10 - Left Turn and Thru, Angle Broadside -->v--",West,530424,164654,250,901,40,State System (State Highways and Class I TH links),US-5,1.43,U005-0901,LRS,Property Damage Only,"(43.98239208, -72.12098181)"
3474,VTVSP1300,12B300085,01/12/2012,US-5 (Lower Plain),Bradford,NO DATA,NO DATA,5,NO DATA,VT RT 25,NO DATA,NO DATA,40,NO DATA,NO DATA,530432,164642,NO DATA,NO DATA,NO DATA,State System (State Highways and Class I TH links),US-5,1.35,U005-0901,LRS,Property Damage Only,"(43.98135430, -72.12050349)"
3475,VTVSP0300,12C100547,01/30/2012,US-4,West Rutland,NO DATA,NO DATA,4,NO DATA,Exit 6,1,Miles,65,6 - Single Vehicle Crash,West,455029,121928,NO DATA,NO DATA,NO DATA,State System (State Highways and Class I TH links),US-4,13.78,U004-1128,LRS,Property Damage Only,"(43.59623631, -73.05684238)"
3476,VTVSP1300,12B300065,01/09/2012,US-5┬á NB,Bradford,NO DATA,NO DATA,5,NO DATA,VT RT 25,NO DATA,NO DATA,40,"10 - Left Turn and Thru, Angle Broadside -->v--",NO DATA,530418,164637,NO DATA,NO DATA,NO DATA,State System (State Highways and Class I TH links),US-5,1.35,U005-0901,LRS,Injury,"(43.98135430, -72.12050349)"
3484,VTVSP0200,12B102129,07/06/2012,US Rt 5,St. Johnsbury,NO DATA,NO DATA,5,NO DATA,Industrial Parkway,200,Feet,50,6 - Single Vehicle Crash,North,539428,221968,NO DATA,NO DATA,NO DATA,State System (State Highways and Class I TH links),US-5,7.62,U005-0311,LRS,Property Damage Only,"(44.49775419, -72.00438097)"
3485,VTVSP0400,12D102693,08/22/2012,US-5,Rockingham,NO DATA,NO DATA,5,NO DATA,NO DATA,NO DATA,NO DATA,40,6 - Single Vehicle Crash,NO DATA,503529,75909,NO DATA,NO DATA,NO DATA,State System (State Highways and Class I TH links),US-5,4.49,U005-1314,LRS,Property Damage Only,"(43.18314302, -72.45652577)"
3486,VT0110000,12RUC0359,03/01/2012,I4,West Rutland,NO DATA,NO DATA,4,NO DATA,Twin Bridges,0,Miles,55,6 - Single Vehicle Crash,West,NO DATA,NO DATA,NO DATA,NO DATA,NO DATA,State System (State Highways and Class I TH links),US-4,12.87,U004-1128,LRS,Injury,"(43.60596055, -73.06826605)"
3487,VTVSP0200,12B100460,02/14/2012,US Route 5,St. Johnsbury,NO DATA,NO DATA,5,NO DATA,Gordon Mills Way,NO DATA,NO DATA,50,"11 - Left Turn and Thru, Head On ^v--",North,538697,220372,NO DATA,NO DATA,NO DATA,State System (State Highways and Class I TH links),US-5,6.44,U005-0311,LRS,Property Damage Only,"(44.48225935, -72.01355606)"
3488,VTVSP0200,12B100452,02/13/2012,US-5 (3327 Memorial Dr),St. Johnsbury,NO DATA,NO DATA,5,NO DATA,Pierce Rd,500,Feet,50,2 - Head On,South,538494,220040,NO DATA,NO DATA,NO DATA,State System (State Highways and Class I TH links),US-5,6.21,U005-0311,LRS,Property Damage Only,"(44.47946593, -72.01613592)"
3489,VTVSP0200,12B102535,08/05/2012,US Route 5,St. Johnsbury,NO DATA,NO DATA,5,NO DATA,Pierce Rd,1,Miles,50,6 - Single Vehicle Crash,South,538433,219771,NO DATA,NO DATA,NO DATA,State System (State Highways and Class I TH links),US-5,5.76,U005-0311,LRS,Injury,"(44.47337917, -72.01506544)"
3497,VTVSP0200,12B101657,05/30/2012,US-5 (1242 Memorial Dr),St. Johnsbury,NO DATA,NO DATA,5,NO DATA,1242 Memorial Dr,NO DATA,NO DATA,35,1 - Rear End,South,538569,216793,NO DATA,NO DATA,NO DATA,State System (State Highways and Class I TH links),US-5,4.13,U005-0311,LRS,Property Damage Only,"(44.45066111, -72.01579668)"
3498,VT0140300,12HF02961,08/24/2012,US-5 North Main Street,Hartford,NO DATA,NO DATA,5,NO DATA,Woodstock Road - US# 4,NO DATA,Feet,40,"8 - No Turns, Thru moves only, Broadside ^<",NO DATA,513741,128000,NO DATA,NO DATA,NO DATA,State System (State Highways and Class I TH links),US-5,3.54,U005-1408S,LRS,Injury,"(43.65212084, -72.32977996)"
3499,VTVSP0200,12B100779,03/16/2012,US-5 Memorial Dr,St. Johnsbury,NO DATA,NO DATA,5,NO DATA,Mountain View Dr,NO DATA,NO DATA,35,"12 - Left Turn and Thru, Same Direction Sideswipe/Angle Crash vv--",NO DATA,538531,216532,NO DATA,NO DATA,NO DATA,State System (State Highways and Class I TH links),US-5,3.95,U005-0311,LRS,Property Damage Only,"(44.44811875, -72.01593847)"
3500,VTVSP0200,12B103826,11/21/2012,US-5 Memorial Drive,St. Johnsbury,NO DATA,NO DATA,5,NO DATA,Northern Lights Credit Union,300,Feet,35,1 - Rear End,North,538554,216409,NO DATA,NO DATA,NO DATA,State System (State Highways and Class I TH links),US-5,3.91,U005-0311,LRS,Property Damage Only,"(44.44754562, -72.01588202)"
3501,VTVSP0200,12B101871,06/15/2012,US Route 5,St. Johnsbury,NO DATA,NO DATA,5,NO DATA,Hospital Dr,400,Feet,35,3 - Same Direction Sideswipe,North,538565,216375,NO DATA,NO DATA,NO DATA,State System (State Highways and Class I TH links),US-5,3.84,U005-0311,LRS,Property Damage Only,"(44.44654715, -72.01570902)"
3502,VTVSP0200,12B100370,02/04/2012,US-5 Memorial Drive,St. Johnsbury,NO DATA,NO DATA,5,NO DATA,Hospital Drive,150,Feet,35,1 - Rear End,North,538567,216268,NO DATA,NO DATA,NO DATA,State System (State Highways and Class I TH links),US-5,3.79,U005-0311,LRS,Injury,"(44.44583318, -72.01559462)"
3510,VT0030300,12SJ05278,12/22/2012,US-5 (909 Railroad St),St. Johnsbury,NO DATA,NO DATA,NO DATA,NO DATA,Concord Ave,25,Feet,30,1 - Rear End,South,005-38-625,002-14-052,NO DATA,NO DATA,NO DATA,State System (State Highways and Class I TH links),US-5,2.26,U005-0311,LRS,Property Damage Only,"(44.42565113, -72.01485634)"
3511,VT0030300,12SJ00527,02/14/2012,US-5 (815 Railroad St),St. Johnsbury,NO DATA,NO DATA,5,NO DATA,Village Washtub Parking Lot,300,Feet,30,"18 - Right Turn and Thru, Broadside ^<--",South,538601,213441,NO DATA,NO DATA,NO DATA,State System (State Highways and Class I TH links),US-5,2.16,U005-0311,LRS,Property Damage Only,"(44.42418817, -72.01471679)"
3512,VT0030300,12SJ04350,10/23/2012,US-5 Railroad St,St. Johnsbury,NO DATA,NO DATA,NO DATA,NO DATA,Eastern Ave,60,Feet,30,"20 - Right Turn and Thru, Angle Broadside -->^--",North,005-38-279,002-11-289,NO DATA,NO DATA,NO DATA,State System (State Highways and Class I TH links),US-5,1.72,U005-0311,LRS,Property Damage Only,"(44.41780731, -72.01591066)"
3513,VT0030300,12SJ00215,01/20/2012,Us Rt 5,St. Johnsbury,NO DATA,NO DATA,5,NO DATA,Main St,10,Feet,50,1 - Rear End,South,005-38-326E,002-12-356N,NO DATA,NO DATA,NO DATA,State System (State Highways and Class I TH links),US-5,1.2,U005-0311,LRS,Property Damage Only,"(44.41064854, -72.01866944)"
3514,VTVSP0200,12B103183,09/28/2012,US ROute 5,St. Johnsbury,NO DATA,NO DATA,5,NO DATA,Exit 20 I91 SB Off Ramp,50,Feet,50,6 - Single Vehicle Crash,South,537932,211456,NO DATA,NO DATA,NO DATA,State System (State Highways and Class I TH links),US-5,0.63,U005-0311,LRS,Property Damage Only,"(44.40328455, -72.02348208)"
3515,VTVSP0200,12B102373,07/22/2012,US Route 5,St. Johnsbury,NO DATA,NO DATA,5,NO DATA,West Hill Rd,0,Miles,50,6 - Single Vehicle Crash,North,537865,210949,50,311,20,State System (State Highways and Class I TH links),US-5,0.01,U005-0311,LRS,Injury,"(44.39490314, -72.02360700)"
3523,VTVSP0200,12B102079,07/01/2012,US Rt 5,Lyndon,NO DATA,NO DATA,5,NO DATA,Lyndon Heights,500,Feet,50,6 - Single Vehicle Crash,North,301820,231823,NO DATA,NO DATA,NO DATA,State System (State Highways and Class I TH links),US-5,4.99,U005-0307,LRS,Injury,"(44.56032059, -71.99343985)"
3524,VTVSP0200,12B101019,04/07/2012,US-5 (922 Lynburke Rd),Lyndon,NO DATA,NO DATA,5,NO DATA,VT Route 114,1,Miles,50,6 - Single Vehicle Crash,North,539922,228534,NO DATA,NO DATA,NO DATA,State System (State Highways and Class I TH links),US-5,4.53,U005-0307,LRS,Property Damage Only,"(44.55474050, -71.99850827)"
3525,VTVSP0200,12B103464,10/24/2012,US Rt 5,Lyndon,NO DATA,NO DATA,5,NO DATA,Vt Rt 114,50,Feet,35,1 - Rear End,North,539678,228130,50,318,400,State System (State Highways and Class I TH links),US-5,3.79,U005-0307,LRS,Property Damage Only,"(44.54549110, -72.00037896)"
3526,VT0030200,12LV00170,04/11/2012,US-5 Lynburke Rd,Lyndon,NO DATA,NO DATA,5,NO DATA,East Burke Rd,NO DATA,NO DATA,35,"8 - No Turns, Thru moves only, Broadside ^<",NO DATA,NO DATA,NO DATA,NO DATA,NO DATA,NO DATA,State System (State Highways and Class I TH links),US-5,3.78,U005-0307,LRS,Property Damage Only,"(44.54536203, -72.00021821)"
3527,VT0130200,12BB08692,11/16/2012,Roundabout,Brattleboro,NO DATA,NO DATA,NO DATA,NO DATA,Exit 3 On Ramp,NO DATA,NO DATA,25,"16 - Right Turn and Thru, Same Direction Sideswipe/Angle Crash ^^--",NO DATA,004-95-325,000-42-744,NO DATA,NO DATA,NO DATA,State System (State Highways and Class I TH links),US-5,4.62,U005-1302S,LRS,Property Damage Only,"(42.88512223, -72.55684741)"
3528,VT0030200,12LV00020,01/17/2012,US-5 (337 Main St.),Lyndon,NO DATA,5,NO DATA,NO DATA,Grove St.,NO DATA,NO DATA,35,1 - Rear End,NO DATA,NO DATA,NO DATA,NO DATA,NO DATA,NO DATA,State System (State Highways and Class I TH links),US-5,3.73,U005-0307,LRS,Property Damage Only,"(44.54480783, -71.99994945)"
3535,VT0130200,12BB04467,06/16/2012,US-5 Roundabout,Brattleboro,NO DATA,NO DATA,NO DATA,NO DATA,Exit 3 I-91,NO DATA,NO DATA,25,NO DATA,NO DATA,004-95-370,000-42-723,NO DATA,NO DATA,NO DATA,State System (State Highways and Class I TH links),US-5,4.62,U005-1302,LRS,Property Damage Only,"(42.88485912, -72.55647556)"