ID,Reporting Agency,Report Number,Date,Street Address,Town,Number,Number1,Number2,Number3,Intersection,Distance From Intersection,Distance Unit,Posted Speed,Direction of Collision,Direction from Intersection,Easting,Northing,Mile Marker,Mile Marker 1,Mile Marker 2,AOT Roadway,AOT Route,AOT Actual Mile,LRS Number,How Mapped,Crash Type,Location 1
3536,VTVSP0200,12B104045,12/09/2012,US-5 Depot Street,Lyndon,NO DATA,NO DATA,NO DATA,NO DATA,Main Street,10,Feet,35,6 - Single Vehicle Crash,East,539347,226233,NO DATA,NO DATA,NO DATA,State System (State Highways and Class I TH links),US-5,3,U005-0307,LRS,Injury,"(44.53537145, -72.00496306)"
3537,VT0030200,12LV00317,06/21/2012,US-5 Broad St.,Lyndon,NO DATA,NO DATA,5,NO DATA,Center St.,0,Miles,35,3 - Same Direction Sideswipe,North,NO DATA,NO DATA,NO DATA,NO DATA,NO DATA,State System (State Highways and Class I TH links),US-5,2.91,U005-0307,LRS,Property Damage Only,"(44.53478634, -72.00342634)"
3538,VTVSP1000,12D201336,05/13/2012,US-5,Putney,NO DATA,NO DATA,5,NO DATA,Round Hill Road,132,Feet,40,6 - Single Vehicle Crash,North,499263,53864,50,1313,180,State System (State Highways and Class I TH links),US-5,1.54,U005-1313,LRS,Property Damage Only,"(42.98402720, -72.51063911)"
3539,VT0030200,12LV00556,09/17/2012,US-5 Depot St.,Lyndon,NO DATA,NO DATA,5,NO DATA,Broad St.,NO DATA,NO DATA,35,7 - Other - Explain in Narrative,NO DATA,NO DATA,NO DATA,NO DATA,NO DATA,NO DATA,State System (State Highways and Class I TH links),US-5,2.88,U005-0307,LRS,Property Damage Only,"(44.53459352, -72.00289655)"
3540,VT0030200,12LV00392,07/17/2012,US-5 Broad St.,Lyndon,NO DATA,NO DATA,5,NO DATA,Center St.,NO DATA,NO DATA,35,7 - Other - Explain in Narrative,NO DATA,NO DATA,NO DATA,NO DATA,NO DATA,NO DATA,State System (State Highways and Class I TH links),US-5,2.81,U005-0307,LRS,Property Damage Only,"(44.53359535, -72.00287487)"
3548,VTVSP0200,12B102846,08/31/2012,US Rt 5,Burke,NO DATA,NO DATA,5,NO DATA,Intersection 5 & 5A,NO DATA,NO DATA,35,3 - Same Direction Sideswipe,North,541270,238069,NO DATA,NO DATA,NO DATA,State System (State Highways and Class I TH links),US-5,4.07,U005-0302,LRS,Injury,"(44.64154937, -71.97955966)"
3549,VTVSP0200,12B103502,10/27/2012,US-5 (4040 US Route 5),Burke,NO DATA,NO DATA,5,NO DATA,VT Route 5A,50,Feet,35,6 - Single Vehicle Crash,South,541310,238059,NO DATA,NO DATA,NO DATA,State System (State Highways and Class I TH links),US-5,4.05,U005-0302,LRS,Property Damage Only,"(44.64132827, -71.97931681)"
3550,VT0140300,12HF01276,04/21/2012,US-5 Maple Street,Hartford,NO DATA,14,NO DATA,NO DATA,Hartford Avenue,NO DATA,NO DATA,30,"10 - Left Turn and Thru, Angle Broadside -->v--",NO DATA,514569,127989,NO DATA,NO DATA,NO DATA,State System (State Highways and Class I TH links),US-5,4.1,U005-1408,LRS,Fatal,"(43.65206634, -72.31936816)"
3551,VTVSP0200,12B103807,11/18/2012,US Route 5,Burke,NO DATA,NO DATA,5,NO DATA,Depot St,NO DATA,NO DATA,35,6 - Single Vehicle Crash,NO DATA,541409,237582,NO DATA,NO DATA,NO DATA,State System (State Highways and Class I TH links),US-5,3.76,U005-0302,LRS,Property Damage Only,"(44.63730033, -71.97794560)"
3552,VTVSP0200,12B102866,09/02/2012,US-5 (1959 US RT 5),Burke,NO DATA,NO DATA,5,NO DATA,NO DATA,500,Feet,50,6 - Single Vehicle Crash,North,541883,235137,50,302,180,State System (State Highways and Class I TH links),US-5,1.97,U005-0302,LRS,Injury,"(44.61324416, -71.97261792)"
3553,VT0140300,12HF03324,09/23/2012,US-5 (1759 North Hartland Road),Hartford,NO DATA,NO DATA,5,NO DATA,Kline Drive,0,Miles,50,6 - Single Vehicle Crash,South,512159,125942,NO DATA,NO DATA,NO DATA,State System (State Highways and Class I TH links),US-5,1.3,U005-1408,LRS,Property Damage Only,"(43.62901709, -72.35120982)"
3561,VT0140500,12WK00001,01/02/2012,US-4 WOODSTOCK ROAD,Woodstock,NO DATA,NO DATA,4,NO DATA,COVERED BRIDGE ROAD,300,Feet,35,6 - Single Vehicle Crash,East,NO DATA,NO DATA,NO DATA,NO DATA,NO DATA,State System (State Highways and Class I TH links),US-4,9.61,U004-1424,LRS,Property Damage Only,"(43.63028501, -72.46827962)"
3562,VT0140500,12WK00232,02/11/2012,US-4 WOODSTOCK ROAD,Woodstock,NO DATA,NO DATA,4,NO DATA,LINCOLN COVERED BRIDGE,300,Feet,50,2 - Head On,West,NO DATA,NO DATA,NO DATA,NO DATA,NO DATA,State System (State Highways and Class I TH links),US-4,9.49,U004-1424,LRS,Property Damage Only,"(43.63178145, -72.46949872)"
3563,VT0140500,12WK00320,02/23/2012,Route 4,Woodstock,NO DATA,4,NO DATA,NO DATA,Powder Lane,100,Feet,50,NO DATA,East,NO DATA,NO DATA,NO DATA,NO DATA,NO DATA,State System (State Highways and Class I TH links),US-4,8.92,U004-1424,LRS,Injury,"(43.63838572, -72.47520253)"
3564,VT0140500,12WK02062,11/28/2012,US-4 Woodstock RD,Woodstock,NO DATA,NO DATA,4,NO DATA,Blake Hill,NO DATA,NO DATA,50,NO DATA,NO DATA,NO DATA,NO DATA,NO DATA,NO DATA,NO DATA,State System (State Highways and Class I TH links),US-4,7.87,U004-1424,LRS,Injury,"(43.63627437, -72.49480438)"
3565,VT0130200,12BB04326,06/12/2012,US-5 Roundabout,Brattleboro,NO DATA,NO DATA,NO DATA,NO DATA,Putney Road,NO DATA,NO DATA,25,NO DATA,NO DATA,004-95-375,000-42-816,NO DATA,NO DATA,NO DATA,State System (State Highways and Class I TH links),US-5,4.62,U005-1302,LRS,Property Damage Only,"(42.88485912, -72.55647556)"
3566,VT0140500,12WK00683,04/24/2012,US-4 EAST WOODSTOCK ROAD,Woodstock,NO DATA,NO DATA,4,NO DATA,PIZZA CHEF,15,Feet,25,"10 - Left Turn and Thru, Angle Broadside -->v--",West,NO DATA,NO DATA,NO DATA,NO DATA,NO DATA,State System (State Highways and Class I TH links),US-4,7.17,U004-1424,LRS,Property Damage Only,"(43.63110847, -72.50528513)"
3574,VT0130200,12BB02209,03/26/2012,US-5 Roundabout,Brattleboro,NO DATA,NO DATA,NO DATA,NO DATA,Putney Rd,NO DATA,NO DATA,25,3 - Same Direction Sideswipe,NO DATA,004-95-363,000-42-805,NO DATA,NO DATA,NO DATA,State System (State Highways and Class I TH links),US-5,4.62,U005-1302S,LRS,Property Damage Only,"(42.88512223, -72.55684741)"
3575,VT0140500,12WK00263,02/17/2012,US-4 Central Street,Woodstock,NO DATA,NO DATA,4,NO DATA,Lincoln Street,NO DATA,NO DATA,25,7 - Other - Explain in Narrative,NO DATA,498778,125114,NO DATA,NO DATA,NO DATA,State System (State Highways and Class I TH links),US-4,6.43,U004-1424,LRS,Property Damage Only,"(43.62619810, -72.51568328)"
3576,VT0140500,12WK00357,02/29/2012,US-4 (59 Central Street),Woodstock,NO DATA,NO DATA,NO DATA,NO DATA,59 Central Street,NO DATA,NO DATA,25,NO DATA,NO DATA,NO DATA,NO DATA,NO DATA,NO DATA,NO DATA,State System (State Highways and Class I TH links),US-4,6.37,U004-1424,LRS,Property Damage Only,"(43.62577359, -72.51673421)"
3577,VT0140500,12WK00112,01/19/2012,US-4 (454 Woodstock Rd),Woodstock,NO DATA,4,NO DATA,NO DATA,Elm St. And Central St.,10,Feet,25,1 - Rear End,West,498498,124971,NO DATA,NO DATA,NO DATA,State System (State Highways and Class I TH links),US-4,6.25,U004-1424,LRS,Injury,"(43.62499866, -72.51861061)"
3578,VT0140300,12HF01457,05/04/2012,US-5 North Hartland Road,Hartford,NO DATA,NO DATA,5,NO DATA,Sykes Mountain Avenue,5,Feet,40,3 - Same Direction Sideswipe,North,513264,127441,NO DATA,NO DATA,NO DATA,State System (State Highways and Class I TH links),US-5,3.07,U005-1408,LRS,Property Damage Only,"(43.64706589, -72.33545097)"
3579,VT0140500,12WK01366,08/03/2012,RT 4 PARK STREET SOUTH,Woodstock,NO DATA,NO DATA,NO DATA,NO DATA,COURT STREET,NO DATA,NO DATA,25,NO DATA,NO DATA,NO DATA,NO DATA,NO DATA,NO DATA,NO DATA,State System (State Highways and Class I TH links),US-4,6.18,U004-1424,LRS,Property Damage Only,"(43.62425532, -72.51926567)"
3587,VT0140500,12WK01312,02/22/2012,US-4 (1135 West Woodstock Rd),Woodstock,NO DATA,NO DATA,4,NO DATA,Mill Rd,15,Feet,35,4 - Opp Direction Sideswipe,East,435963,726009,NO DATA,NO DATA,NO DATA,State System (State Highways and Class I TH links),US-4,4.75,U004-1424,LRS,Property Damage Only,"(43.61575019, -72.54450689)"
3588,VT0140500,12WK00177,01/30/2012,US-4 (454 Woodstock Rd),Woodstock,NO DATA,4,NO DATA,NO DATA,W. Woodstock Rd. And Mill Rd.,10,Feet,35,7 - Other - Explain in Narrative,East,496370,123909,NO DATA,NO DATA,NO DATA,State System (State Highways and Class I TH links),US-4,4.74,U004-1424,LRS,Property Damage Only,"(43.61563824, -72.54463936)"
3589,VT0140500,12WK02057,11/27/2012,US-4,Woodstock,NO DATA,NO DATA,4,NO DATA,Barberry Hill Rd,400,Feet,35,NO DATA,West,436124,725480,NO DATA,NO DATA,NO DATA,State System (State Highways and Class I TH links),US-4,4.44,U004-1424,LRS,Injury,"(43.61228447, -72.54858412)"
3590,VT0140500,12WK00667,04/23/2012,Route 4,Woodstock,NO DATA,NO DATA,NO DATA,NO DATA,Cabot Rd.,NO DATA,NO DATA,50,1 - Rear End,West,NO DATA,NO DATA,NO DATA,NO DATA,NO DATA,State System (State Highways and Class I TH links),US-4,3.36,U004-1424,LRS,Injury,"(43.60238435, -72.56396653)"
3591,VT0140500,12WK00390,03/07/2012,ROUTE 4,Woodstock,NO DATA,4,NO DATA,NO DATA,WESTERDALE ROAD,25,Feet,50,NO DATA,East,NO DATA,NO DATA,6040,1424,826,State System (State Highways and Class I TH links),US-4,3.26,U004-1424,LRS,Injury,"(43.60161814, -72.56580828)"
3592,VT0140500,12WK00261,02/17/2012,US-4 Woodstock Road,Woodstock,NO DATA,NO DATA,4,NO DATA,Bridges Road,100,Feet,35,6 - Single Vehicle Crash,West,494416,122302,40,1424,311,State System (State Highways and Class I TH links),US-4,3.09,U004-1424,LRS,Property Damage Only,"(43.60099198, -72.56913585)"
3600,VT0130200,12BB08922,11/25/2012,Roundabout,Brattleboro,NO DATA,NO DATA,NO DATA,NO DATA,Exit 3 Mobil Station,NO DATA,NO DATA,25,3 - Same Direction Sideswipe,NO DATA,004-95-334,000-42-738,NO DATA,NO DATA,NO DATA,State System (State Highways and Class I TH links),US-5,4.61,U005-1302S,LRS,Property Damage Only,"(42.88501062, -72.55697755)"
3601,VT0140300,12HF00989,03/29/2012,US-4 Maple Street,Hartford,NO DATA,NO DATA,4,NO DATA,Bridge Street,5,Feet,30,"10 - Left Turn and Thru, Angle Broadside -->v--",South,514694,127934,NO DATA,NO DATA,NO DATA,State System (State Highways and Class I TH links),US-4,9.45,U004-1408,LRS,Property Damage Only,"(43.65156815, -72.31764609)"
3602,VT0140300,12HF04362,12/20/2012,US-4 Maple Street,Hartford,NO DATA,NO DATA,4,NO DATA,Pine Street,NO DATA,Feet,30,"8 - No Turns, Thru moves only, Broadside ^<",NO DATA,514715,127949,NO DATA,NO DATA,NO DATA,State System (State Highways and Class I TH links),US-4,9.45,U004-1408,LRS,Injury,"(43.65156815, -72.31764609)"
3603,VT0140300,12HF00850,03/19/2012,US-4 (67 Maple Street),Hartford,NO DATA,NO DATA,NO DATA,NO DATA,Bridge Street,NO DATA,Feet,25,"10 - Left Turn and Thru, Angle Broadside -->v--",NO DATA,514715,127934,NO DATA,NO DATA,NO DATA,State System (State Highways and Class I TH links),US-4,9.45,U004-1408,LRS,Property Damage Only,"(43.65156815, -72.31764609)"
3604,VT0140300,12HF03695,10/23/2012,US-4 Maple Street,Hartford,NO DATA,NO DATA,NO DATA,NO DATA,Bridge Street,NO DATA,NO DATA,30,"8 - No Turns, Thru moves only, Broadside ^<",NO DATA,514709,127942,NO DATA,NO DATA,NO DATA,State System (State Highways and Class I TH links),US-4,9.45,U004-1408,LRS,Property Damage Only,"(43.65156815, -72.31764609)"
3612,VT0130200,12BB05810,07/31/2012,US-5 Roundabout,Brattleboro,NO DATA,NO DATA,NO DATA,NO DATA,Route 9,NO DATA,NO DATA,25,NO DATA,NO DATA,004-95-333,000-42-763,NO DATA,NO DATA,NO DATA,State System (State Highways and Class I TH links),US-5,4.62,U005-1302,LRS,Property Damage Only,"(42.88485912, -72.55647556)"
3613,VT0140300,12HF02072,06/20/2012,US-4 (209 Maple Street),Hartford,NO DATA,NO DATA,4,NO DATA,Pine Street,100,Feet,30,"10 - Left Turn and Thru, Angle Broadside -->v--",East,514632,127974,NO DATA,NO DATA,NO DATA,State System (State Highways and Class I TH links),US-4,9.39,U004-1408,LRS,Property Damage Only,"(43.65189504, -72.31870860)"
3614,VT0130200,12BB05056,07/06/2012,US-5 (1114 Putney Rd),Brattleboro,NO DATA,NO DATA,NO DATA,NO DATA,X3 Mobile,NO DATA,NO DATA,35,1 - Rear End,NO DATA,004-95-109,000-41-726,NO DATA,NO DATA,NO DATA,State System (State Highways and Class I TH links),US-5,4.6,U005-1302S,LRS,Property Damage Only,"(42.88486372, -72.55696891)"
3615,VT0140300,12HF03192,09/13/2012,US-4 Maple Street,Hartford,NO DATA,14,NO DATA,NO DATA,US 5,5,Feet,35,1 - Rear End,East,514582,127989,NO DATA,NO DATA,NO DATA,State System (State Highways and Class I TH links),US-4,9.36,U004-1408,LRS,Property Damage Only,"(43.65205558, -72.31924140)"
3616,VT0140300,12HF03942,11/12/2012,US-4 Maple Street,Hartford,NO DATA,NO DATA,NO DATA,NO DATA,Hartford Avenue,50,Feet,35,3 - Same Direction Sideswipe,East,514594,127981,NO DATA,NO DATA,NO DATA,State System (State Highways and Class I TH links),US-4,9.36,U004-1408,LRS,Property Damage Only,"(43.65205558, -72.31924140)"
3617,VTVSP0400,12D104049,12/17/2012,US-5,Rockingham,NO DATA,NO DATA,5,NO DATA,Sonnax Industries,NO DATA,NO DATA,35,6 - Single Vehicle Crash,NO DATA,503310,74792,NO DATA,NO DATA,NO DATA,State System (State Highways and Class I TH links),US-5,3.63,U005-1314,LRS,Property Damage Only,"(43.17336886, -72.45897178)"
3625,VT0140300,12HF03820,11/02/2012,US-4 Woodstock Road,Hartford,NO DATA,4,NO DATA,NO DATA,I-89 North Exit 1 Off Ramp,5,Feet,45,"8 - No Turns, Thru moves only, Broadside ^<",West,509564,129504,NO DATA,NO DATA,NO DATA,State System (State Highways and Class I TH links),US-4,6.51,U004-1408,LRS,Property Damage Only,"(43.66567872, -72.38147396)"
3626,VT0140300,12HF01341,04/26/2012,US-4 Woodstock Road,Hartford,NO DATA,4,NO DATA,NO DATA,I-89 North On-ramp,200,Feet,45,"14 - Left Turn and Thru, Broadside v<--",East,509866,129387,NO DATA,NO DATA,NO DATA,State System (State Highways and Class I TH links),US-4,6.51,U004-1408,LRS,Injury,"(43.66567872, -72.38147396)"
3627,VT0140300,12HF03927,11/11/2012,US-4 Woodstock Road,Hartford,NO DATA,NO DATA,4,NO DATA,Costello Road,300,Feet,45,7 - Other - Explain in Narrative,East,509159,129642,NO DATA,NO DATA,NO DATA,State System (State Highways and Class I TH links),US-4,6.26,U004-1408,LRS,Property Damage Only,"(43.66697962, -72.38602980)"
3628,VT0140300,12HF00183,01/15/2012,US-4 (Woodstock Road),Hartford,NO DATA,NO DATA,4,NO DATA,Costello Road,150,Feet,45,6 - Single Vehicle Crash,West,509118,129607,NO DATA,NO DATA,NO DATA,State System (State Highways and Class I TH links),US-4,6.17,U004-1408,LRS,Property Damage Only,"(43.66630631, -72.38753635)"
3629,VT0140300,12HF01001,03/30/2012,US-4 (3479 Woodstock Road),Hartford,NO DATA,NO DATA,4,NO DATA,I-89South On Ramp,30,Feet,45,"10 - Left Turn and Thru, Angle Broadside -->v--",South,509537,129517,NO DATA,NO DATA,NO DATA,State System (State Highways and Class I TH links),US-4,5.87,U004-1408,LRS,Property Damage Only,"(43.66224464, -72.38762114)"
3630,VTVSP0300,12C100240,01/13/2012,Rte 4,Killington,NO DATA,NO DATA,4,NO DATA,Killington Rd,NO DATA,NO DATA,35,4 - Opp Direction Sideswipe,South,475504,129807,NO DATA,NO DATA,NO DATA,State System (State Highways and Class I TH links),US-4,2.35,U004-1121,LRS,Property Damage Only,"(43.66816446, -72.80401597)"
3638,VT0140300,12HF03278,09/20/2012,US-4 Woodstock Road,Hartford,NO DATA,NO DATA,NO DATA,NO DATA,Quechee Main Street,30,Feet,45,"10 - Left Turn and Thru, Angle Broadside -->v--",East,508780,127982,NO DATA,NO DATA,NO DATA,State System (State Highways and Class I TH links),US-4,5.1,U004-1408,LRS,Property Damage Only,"(43.65193839, -72.39123485)"
3639,VT0140300,12HF03248,09/18/2012,US-4 Woodstock Road,Hartford,NO DATA,NO DATA,4,NO DATA,Quechee Main Street,10,Feet,45,"11 - Left Turn and Thru, Head On ^v--",East,508780,127986,NO DATA,NO DATA,NO DATA,State System (State Highways and Class I TH links),US-4,5.1,U004-1408,LRS,Property Damage Only,"(43.65193839, -72.39123485)"
3640,VT0140300,12HF02809,08/13/2012,US-4 (5573 Woodstock Road),Hartford,NO DATA,NO DATA,4,NO DATA,Quechee Gorge Village Entrance,0,Miles,35,1 - Rear End,East,507912,126353,NO DATA,NO DATA,NO DATA,State System (State Highways and Class I TH links),US-4,4.03,U004-1408,LRS,Property Damage Only,"(43.63775447, -72.39328563)"
3641,VT0140300,12HF03261,09/19/2012,US-4 Woodstock Rd,Hartford,NO DATA,NO DATA,4,NO DATA,Hathaway Rd,200,Feet,45,3 - Same Direction Sideswipe,East,508616,126419,NO DATA,NO DATA,NO DATA,State System (State Highways and Class I TH links),US-4,4,U004-1408,LRS,Injury,"(43.63751726, -72.39378337)"
3642,VT0130200,12BB05988,08/06/2012,US-5 Roundabout,Brattleboro,NO DATA,NO DATA,NO DATA,NO DATA,Route 9 East,NO DATA,NO DATA,25,NO DATA,NO DATA,NO DATA,NO DATA,NO DATA,NO DATA,NO DATA,State System (State Highways and Class I TH links),US-5,4.62,U005-1302,LRS,Property Damage Only,"(42.88485912, -72.55647556)"
3643,VT0140300,12HF04071,11/23/2012,US-4 Woodstock Road,Hartford,NO DATA,NO DATA,4,NO DATA,Hathaway Road,30,Feet,40,2 - Head On,East,508545,126362,NO DATA,NO DATA,NO DATA,State System (State Highways and Class I TH links),US-4,3.97,U004-1408,LRS,Property Damage Only,"(43.63730760, -72.39430433)"
3651,VT0140300,12HF03643,10/19/2012,Hartford Avenue,Hartford,NO DATA,NO DATA,5,NO DATA,A Street,NO DATA,NO DATA,30,4 - Opp Direction Sideswipe,NO DATA,515222,129818,NO DATA,NO DATA,NO DATA,State System (State Highways and Class I TH links),US-5,5.3,U005-1408,LRS,Property Damage Only,"(43.66840694, -72.31130840)"
3652,VT0140300,12HF00927,03/24/2012,US-4 WOODSTOCK ROAD,Hartford,NO DATA,NO DATA,4,NO DATA,QUECHEE GORGE STATE PARK ANNEX P LOT,0,Miles,35,NO DATA,West,507311,126373,NO DATA,NO DATA,NO DATA,State System (State Highways and Class I TH links),US-4,3.37,U004-1408,LRS,Property Damage Only,"(43.63703402, -72.40611257)"
3653,VT0140300,12HF01990,06/15/2012,US-4 Woodstock Road,Hartford,NO DATA,NO DATA,4,NO DATA,Deweys Mills Road,150,Feet,30,1 - Rear End,West,507329,126376,NO DATA,NO DATA,NO DATA,State System (State Highways and Class I TH links),US-4,3.32,U004-1408,LRS,Property Damage Only,"(43.63711803, -72.40710189)"
3654,VTVSP0300,12C104332,08/16/2012,1967 US 4,Killington,NO DATA,NO DATA,4,NO DATA,NO DATA,50,Feet,40,3 - Same Direction Sideswipe,West,474959,129548,40,1121,200,State System (State Highways and Class I TH links),US-4,1.89,U004-1121,LRS,Property Damage Only,"(43.66600700, -72.81041830)"
3655,VT0140300,12HF01200,04/16/2012,US-4 Woodstock Road,Hartford,NO DATA,NO DATA,4,NO DATA,Quechee Gorge,30,Feet,35,1 - Rear End,East,507444,126351,NO DATA,NO DATA,NO DATA,State System (State Highways and Class I TH links),US-4,3.29,U004-1408,LRS,Property Damage Only,"(43.63720493, -72.40768988)"
3656,VT0140300,12HF00452,02/10/2012,US-4 (Woodstock Road),Hartford,NO DATA,NO DATA,4,NO DATA,Bridge #61 Quechee Gorge Bridge,NO DATA,NO DATA,35,1 - Rear End,NO DATA,507425,126293,NO DATA,NO DATA,NO DATA,State System (State Highways and Class I TH links),US-4,3.28,U004-1408,LRS,Property Damage Only,"(43.63724045, -72.40788384)"
3664,VT0040500,12CC00285,01/15/2012,US-7 Roosevelt Highway,Colchester,NO DATA,7,NO DATA,NO DATA,I-89 Exit 16,100,Feet,35,1 - Rear End,North,445854,223105,NO DATA,NO DATA,NO DATA,State System (State Highways and Class I TH links),US-7,0.26,U007-0405,LRS,Property Damage Only,"(44.50614514, -73.18093387)"
3665,VT0040700,12SH01550,07/02/2012,Us Route 7,Shelburne,NO DATA,NO DATA,7,NO DATA,Locust Hill,300,Feet,40,4 - Opp Direction Sideswipe,South,443246,213233,NO DATA,NO DATA,NO DATA,State System (State Highways and Class I TH links),US-7,3.68,U007-0413,LRS,Property Damage Only,"(44.40424152, -73.21722357)"
3666,VT0040400,12WS005525,11/11/2012,US-7 (325 Main St),Winooski City,NO DATA,7,NO DATA,NO DATA,Bellevue St,200,Feet,25,3 - Same Direction Sideswipe,South,004-45-641,002-22-286,NO DATA,NO DATA,NO DATA,State System (State Highways and Class I TH links),US-7,0.73,U007-0418,LRS,Property Damage Only,"(44.49868100, -73.18416912)"
3667,VT0040500,12CC00244,01/13/2012,US-7 Roosevelt Hwy,Colchester,NO DATA,NO DATA,7,NO DATA,I89 Northbound,NO DATA,NO DATA,35,1 - Rear End,NO DATA,445867,223145,NO DATA,NO DATA,NO DATA,State System (State Highways and Class I TH links),US-7,0.25,U007-0405,LRS,Property Damage Only,"(44.50600502, -73.18099252)"
3668,VT0040500,12CC00075,01/04/2012,US-7 ROOSEVELT HWY,Colchester,NO DATA,NO DATA,7,NO DATA,I89 NB EXIT 16 RAMP,30,Feet,35,1 - Rear End,East,445855,223138,NO DATA,NO DATA,NO DATA,State System (State Highways and Class I TH links),US-7,0.25,U007-0405,LRS,Property Damage Only,"(44.50600502, -73.18099252)"
3669,VT0040500,12CC00959,02/15/2012,US-7 Roosevelt Highway,Colchester,NO DATA,NO DATA,7-Feb,NO DATA,I 89 NB Exit 16 Off Ramp,30,Feet,35,3 - Same Direction Sideswipe,South,445815,223000,NO DATA,NO DATA,NO DATA,State System (State Highways and Class I TH links),US-7,0.25,U007-0405,LRS,Property Damage Only,"(44.50600502, -73.18099252)"
3677,VT0040500,12CC04299,06/30/2012,US-7 Roosevelt Highway,Colchester,NO DATA,NO DATA,7,NO DATA,"Northbound Off Ramp, Exit 16, Interstate 89",NO DATA,NO DATA,35,1 - Rear End,NO DATA,445859,223095,NO DATA,NO DATA,NO DATA,State System (State Highways and Class I TH links),US-7,0.24,U007-0405,LRS,Property Damage Only,"(44.50586382, -73.18104582)"
3678,VT0040500,12CC06331,09/13/2012,US-7 Roosevelt Highway,Colchester,NO DATA,NO DATA,7,NO DATA,Exit 16 Southbound Off Ramp,150,Feet,35,3 - Same Direction Sideswipe,North,445830,223034,NO DATA,NO DATA,NO DATA,State System (State Highways and Class I TH links),US-7,0.22,U007-0405,LRS,Property Damage Only,"(44.50558241, -73.18115734)"
3679,VT0040500,12CC00618,01/30/2012,US-7 Roosevelt Highway,Colchester,NO DATA,NO DATA,NO DATA,NO DATA,I 89 Exit 16,NO DATA,NO DATA,45,3 - Same Direction Sideswipe,NO DATA,445850,223041,NO DATA,NO DATA,NO DATA,State System (State Highways and Class I TH links),US-7,0.2,U007-0405,LRS,Property Damage Only,"(44.50530088, -73.18126833)"
3680,VT0040300,12SB011569,09/02/2012,US-7 Shelburne Road,South Burlington,NO DATA,7,NO DATA,NO DATA,Queen City Park Road,25,Feet,35,1 - Rear End,South,443519,216284,NO DATA,NO DATA,NO DATA,State System (State Highways and Class I TH links),US-7,1.71,U007-0414,LRS,Property Damage Only,"(44.44552021, -73.20946238)"
3681,VT0040300,12SB007462,06/19/2012,US-7 (1830 Shelburne Road),South Burlington,NO DATA,NO DATA,NO DATA,NO DATA,Jolley Gas Station,20,Feet,35,1 - Rear End,North,443312,213800,NO DATA,NO DATA,NO DATA,State System (State Highways and Class I TH links),US-7,0.08,U007-0414,LRS,Property Damage Only,"(44.42196216, -73.21194269)"
3689,VT0040500,12CC03362,05/23/2012,US-7 Roosevelt Hwy,Colchester,NO DATA,NO DATA,2&7,NO DATA,Exit 16,NO DATA,NO DATA,35,3 - Same Direction Sideswipe,NO DATA,445854,222948,NO DATA,NO DATA,NO DATA,State System (State Highways and Class I TH links),US-7,0.17,U007-0405,LRS,Property Damage Only,"(44.50487883, -73.18143614)"
3690,VT0040500,12CC07549,11/01/2012,US-7 Roosevelt Highway,Colchester,NO DATA,7,2,NO DATA,I-89 Southbound,NO DATA,NO DATA,35,1 - Rear End,NO DATA,445810,222941,NO DATA,NO DATA,NO DATA,State System (State Highways and Class I TH links),US-7,0.16,U007-0405,LRS,Property Damage Only,"(44.50473824, -73.18149250)"
3691,VT0040500,12CC02235,04/10/2012,US-7 Roosevelt Hwy,Colchester,NO DATA,NO DATA,7,NO DATA,NO DATA,NO DATA,NO DATA,50,6 - Single Vehicle Crash,South,447811,230442,NO DATA,NO DATA,NO DATA,State System (State Highways and Class I TH links),US-7,5.26,U007-0405,LRS,Injury,"(44.57304345, -73.15743773)"
3692,VT0040500,12CC06250,09/10/2012,US-7 (156 Roosevelt Highway),Colchester,NO DATA,NO DATA,NO DATA,NO DATA,Champlain Farms,NO DATA,NO DATA,35,"10 - Left Turn and Thru, Angle Broadside -->v--",NO DATA,445906,223300,NO DATA,NO DATA,NO DATA,State System (State Highways and Class I TH links),US-7,0.15,U007-0405,LRS,Property Damage Only,"(44.50459764, -73.18154886)"
3693,VT0040700,12SH02675,10/26/2012,Us Route 7,Shelburne,NO DATA,NO DATA,7,NO DATA,Bostwick Road,NO DATA,NO DATA,35,3 - Same Direction Sideswipe,NO DATA,441667,207931,NO DATA,NO DATA,NO DATA,State System (State Highways and Class I TH links),US-7,1.17,U007-0413,LRS,Property Damage Only,"(44.36945034, -73.23173809)"
3701,VT0040400,12WS00351,02/03/2012,US-7 (101 Main Street),Winooski City,NO DATA,NO DATA,7,NO DATA,NO DATA,NO DATA,NO DATA,25,1 - Rear End,NO DATA,004-45-397,002-21-510,NO DATA,NO DATA,NO DATA,State System (State Highways and Class I TH links),US-7,0.28,U007-0418,LRS,Property Damage Only,"(44.49253114, -73.18652408)"