ID,Reporting Agency,Report Number,Date,Street Address,Town,Number,Number1,Number2,Number3,Intersection,Distance From Intersection,Distance Unit,Posted Speed,Direction of Collision,Direction from Intersection,Easting,Northing,Mile Marker,Mile Marker 1,Mile Marker 2,AOT Roadway,AOT Route,AOT Actual Mile,LRS Number,How Mapped,Crash Type,Location 1
3702,VT0040500,12CC06248,09/10/2012,US-7 Roosevelt Highway,Colchester,NO DATA,NO DATA,7,NO DATA,Highpoint Center,NO DATA,NO DATA,30,1 - Rear End,NO DATA,445778,222881,NO DATA,NO DATA,NO DATA,State System (State Highways and Class I TH links),US-7,0.13,U007-0405,LRS,Property Damage Only,"(44.50431685, -73.18166347)"
3703,VT0040500,12CC03144,05/15/2012,US-7 (156 Roosevelt Hwy),Colchester,NO DATA,NO DATA,7,NO DATA,NO DATA,100,Feet,99,"14 - Left Turn and Thru, Broadside v<--",West,445834,222966,NO DATA,NO DATA,NO DATA,State System (State Highways and Class I TH links),US-7,0.13,U007-0405,LRS,Property Damage Only,"(44.50431685, -73.18166347)"
3704,VT0040600,12MT04087,10/05/2012,US-7 (812 US Route 7 South),Milton,NO DATA,NO DATA,7,NO DATA,Petty Brook Road,100,Feet,50,6 - Single Vehicle Crash,South,004-47-850,002-34-313,70,410,80,State System (State Highways and Class I TH links),US-7,0.91,U007-0410,LRS,Property Damage Only,"(44.60727072, -73.15695985)"
3705,VT0040600,12MT00438,02/02/2012,US Route 7,Milton,NO DATA,NO DATA,NO DATA,NO DATA,West Milton Road,20,Feet,35,"18 - Right Turn and Thru, Broadside ^<--",South,449026,236569,NO DATA,NO DATA,NO DATA,State System (State Highways and Class I TH links),US-7,2.59,U007-0410,LRS,Property Damage Only,"(44.62751741, -73.14165677)"
3706,VT0140200,12SF02701,07/16/2012,US-5 Missing Link Road,Springfield,NO DATA,5,NO DATA,NO DATA,Vermont Route 5 South,300,Feet,15,3 - Same Direction Sideswipe,East,505088,84887,NO DATA,NO DATA,NO DATA,State System (State Highways and Class I TH links),US-5,2.3,U005-1418,LRS,Property Damage Only,"(43.26508008, -72.43642618)"
3714,VT0040300,12SB012235,09/14/2012,US-7 (792 SHELBURNE RD),South Burlington,NO DATA,NO DATA,NO DATA,NO DATA,NO DATA,NO DATA,NO DATA,35,1 - Rear End,NO DATA,443627,216186,NO DATA,NO DATA,NO DATA,State System (State Highways and Class I TH links),US-7,1.67,U007-0414,LRS,Injury,"(44.44494292, -73.20953791)"
3715,VT0040700,12SH00258,02/06/2012,US-7 Shelburne Road,Shelburne,NO DATA,NO DATA,NO DATA,NO DATA,Pinehaven Shores Road,1,Feet,40,NO DATA,South,443258,213457,NO DATA,NO DATA,NO DATA,State System (State Highways and Class I TH links),US-7,4.73,U007-0413S,LRS,Property Damage Only,"(44.41906976, -73.21253689)"
3716,VT0040500,12CC07254,10/20/2012,US-7 Roosevelt Highway,Colchester,NO DATA,NO DATA,7,NO DATA,Rathes Road,100,Feet,50,6 - Single Vehicle Crash,North,004-45-995,002-24-192,NO DATA,NO DATA,NO DATA,State System (State Highways and Class I TH links),US-7,0.84,U007-0405,LRS,Injury,"(44.51445261, -73.17925452)"
3717,VT0040300,12SB007514,06/20/2012,US-7 (1117 Shelburne Rd),South Burlington,NO DATA,NO DATA,NO DATA,NO DATA,Citizen's Bank,25,Feet,35,2 - Head On,South,443405,215596,NO DATA,NO DATA,NO DATA,State System (State Highways and Class I TH links),US-7,1.2,U007-0414,LRS,Property Damage Only,"(44.43815305, -73.21030721)"
3718,VT0040500,12CC07463,10/28/2012,US-7 Roosevelt Highway,Colchester,NO DATA,NO DATA,7,NO DATA,In Front Of 4151 Roosevelt Highway,NO DATA,NO DATA,50,"10 - Left Turn and Thru, Angle Broadside -->v--",North,447421,228925,NO DATA,NO DATA,NO DATA,State System (State Highways and Class I TH links),US-7,4.19,U007-0405,LRS,Injury,"(44.55899682, -73.16164604)"
3719,VT0040700,12SH02433,09/28/2012,US-7 (6305 Shelburne Road),Shelburne,NO DATA,NO DATA,7,NO DATA,Fiddlehead Brewery,20,Feet,99,5 - Rear-to-rear,East,441666,207781,NO DATA,NO DATA,NO DATA,State System (State Highways and Class I TH links),US-7,0.94,U007-0413,LRS,Property Damage Only,"(44.36628235, -73.23300315)"
3726,VT0040600,12MT04392,10/27/2012,US-7 (812 US Route 7 South),Milton,NO DATA,NO DATA,NO DATA,NO DATA,Petty Brook Road,NO DATA,Feet,50,"14 - Left Turn and Thru, Broadside v<--",North,004-47-871,002-34-374,NO DATA,NO DATA,NO DATA,State System (State Highways and Class I TH links),US-7,0.91,U007-0410,LRS,Property Damage Only,"(44.60727072, -73.15695985)"
3727,VT0140200,12SF03294,08/16/2012,US-5 MISSING LINK ROAD,Springfield,1,NO DATA,NO DATA,NO DATA,IRVING TRUCK STOP,200,Feet,35,NO DATA,East,505079,84914,NO DATA,NO DATA,NO DATA,State System (State Highways and Class I TH links),US-5,2.26,U005-1418,LRS,Property Damage Only,"(43.26484952, -72.43712907)"
3728,VT0040700,12SH01835,07/27/2012,U.S. Route 7,Shelburne,NO DATA,NO DATA,NO DATA,NO DATA,Longmeadow Drive,5,Feet,40,1 - Rear End,South,442635,210900,NO DATA,NO DATA,NO DATA,State System (State Highways and Class I TH links),US-7,3.1,U007-0413S,LRS,Property Damage Only,"(44.39611910, -73.21995828)"
3729,VT0040500,12CC04469,07/04/2012,US-7 (4106 Roosevelt Highway),Colchester,NO DATA,NO DATA,7,NO DATA,Creek Farm Road,0,Miles,40,6 - Single Vehicle Crash,North,447285,228224,NO DATA,NO DATA,NO DATA,State System (State Highways and Class I TH links),US-7,4.11,U007-0405,LRS,Property Damage Only,"(44.55785683, -73.16194432)"
3730,VT0040700,12SH02012,08/17/2012,US-7 (5420 Shelburne Rd),Shelburne,NO DATA,NO DATA,NO DATA,NO DATA,Church St,120,Feet,35,1 - Rear End,North,442006,209078,NO DATA,NO DATA,NO DATA,State System (State Highways and Class I TH links),US-7,1.83,U007-0413,LRS,Property Damage Only,"(44.37864179, -73.22830843)"
3731,VT0040600,12MT01558,04/25/2012,US-7 (484 US Route 7),Milton,NO DATA,NO DATA,7,NO DATA,Milton Beverage,70,Feet,35,"20 - Right Turn and Thru, Angle Broadside -->^--",South,004-48-975,002-36-594,NO DATA,NO DATA,NO DATA,State System (State Highways and Class I TH links),US-7,2.53,U007-0410,LRS,Property Damage Only,"(44.62769439, -73.14283770)"
3739,VT0040700,12SH02072,08/23/2012,US-7 (6200),Shelburne,NO DATA,NO DATA,7,NO DATA,NO DATA,NO DATA,NO DATA,35,1 - Rear End,NO DATA,NO DATA,NO DATA,NO DATA,NO DATA,NO DATA,State System (State Highways and Class I TH links),US-7,0.92,U007-0413,LRS,Property Damage Only,"(44.36600782, -73.23311763)"
3740,VT0040700,12SH01401,06/16/2012,US-7 (5252 Shelburne Road),Shelburne,NO DATA,NO DATA,NO DATA,NO DATA,NO DATA,100,Feet,35,2 - Head On,North,442024,209216,NO DATA,NO DATA,NO DATA,State System (State Highways and Class I TH links),US-7,2,U007-0413,LRS,Property Damage Only,"(44.38101064, -73.22740588)"
3741,VT0040400,12WS006466,12/31/2012,US-7 Main St,Winooski City,NO DATA,NO DATA,NO DATA,NO DATA,E Spring St,NO DATA,NO DATA,25,1 - Rear End,South,004-45-406,002-21-719,NO DATA,NO DATA,NO DATA,State System (State Highways and Class I TH links),US-7,0.44,U007-0418,LRS,Property Damage Only,"(44.49479187, -73.18616375)"
3742,VT0040400,12WS00987,03/28/2012,US-7 (364 Main Street),Winooski City,NO DATA,NO DATA,7,NO DATA,Bellevue Street,NO DATA,NO DATA,25,6 - Single Vehicle Crash,NO DATA,004-45-628,002-22-374,NO DATA,NO DATA,NO DATA,State System (State Highways and Class I TH links),US-7,0.8,U007-0418,LRS,Property Damage Only,"(44.49962255, -73.18369843)"
3743,VT0040300,12SB010184,08/07/2012,US-7 Shelburne Road,South Burlington,NO DATA,NO DATA,NO DATA,NO DATA,Brewer Parkway,60,Feet,35,1 - Rear End,South,443498,216057,NO DATA,NO DATA,NO DATA,State System (State Highways and Class I TH links),US-7,1.51,U007-0414,LRS,Property Damage Only,"(44.44263235, -73.20981666)"
3744,VT0040500,12CC08255,12/04/2012,US-7 Roosevelt Hwy,Colchester,NO DATA,NO DATA,7,NO DATA,South Park Drive,NO DATA,NO DATA,35,"10 - Left Turn and Thru, Angle Broadside -->v--",NO DATA,445783,222844,NO DATA,NO DATA,NO DATA,State System (State Highways and Class I TH links),US-7,0.1,U007-0405,LRS,Property Damage Only,"(44.50389665, -73.18184004)"
3752,VT0040700,12SH02099,08/26/2012,US-7 (5462 Shelburne Rd),Shelburne,NO DATA,NO DATA,7,NO DATA,Church St,25,Feet,35,1 - Rear End,South,441946,208902,NO DATA,NO DATA,NO DATA,State System (State Highways and Class I TH links),US-7,1.79,U007-0413,LRS,Property Damage Only,"(44.37808608, -73.22852322)"
3753,VT0040300,12SB016096,11/29/2012,US-7 (1325 Shelburne Road),South Burlington,NO DATA,7,NO DATA,NO DATA,Shearer Volkswagen,5,Feet,35,1 - Rear End,West,443484,215815,NO DATA,NO DATA,NO DATA,State System (State Highways and Class I TH links),US-7,0.89,U007-0414,LRS,Property Damage Only,"(44.43367076, -73.21074236)"
3754,VT0040700,12SH03080,12/19/2012,U.S. Route 7,Shelburne,NO DATA,NO DATA,NO DATA,NO DATA,Executive Drive,NO DATA,NO DATA,40,"10 - Left Turn and Thru, Angle Broadside -->v--",NO DATA,442926,212038,NO DATA,NO DATA,NO DATA,State System (State Highways and Class I TH links),US-7,3.81,U007-0413,LRS,Property Damage Only,"(44.40609481, -73.21663611)"
3755,VT0040600,12MT00576,02/14/2012,US-7┬á (88 River Street),Milton,NO DATA,NO DATA,7,NO DATA,Village Drive,50,Feet,25,6 - Single Vehicle Crash,NO DATA,004-51-228,002-37-172,70,410,453,State System (State Highways and Class I TH links),US-7,4.57,U007-0410,LRS,Property Damage Only,"(44.63323474, -73.11476494)"
3756,VT0040400,12WS003449,07/23/2012,US-7 Main St,Winooski City,NO DATA,NO DATA,7,NO DATA,Platt St,NO DATA,NO DATA,25,"8 - No Turns, Thru moves only, Broadside ^<",NO DATA,004-45-389,002-21-734,NO DATA,NO DATA,NO DATA,State System (State Highways and Class I TH links),US-7,0.33,U007-0418,LRS,Property Damage Only,"(44.49325063, -73.18653403)"
3764,VT0040500,12CC00848,02/10/2012,US-7 (ROOSEVELT HWY),Colchester,NO DATA,NO DATA,7,NO DATA,S PARK DR,NO DATA,NO DATA,25,7 - Other - Explain in Narrative,NO DATA,004-45-791,002-22-846,NO DATA,NO DATA,NO DATA,State System (State Highways and Class I TH links),US-7,0.08,U007-0405,LRS,Property Damage Only,"(44.50361609, -73.18195579)"
3765,VT0040500,12CC08238,12/03/2012,US Route 7,Colchester,NO DATA,NO DATA,7,NO DATA,Wiley Road,200,Feet,50,6 - Single Vehicle Crash,South,447098,232633,NO DATA,NO DATA,NO DATA,State System (State Highways and Class I TH links),US-7,6.69,U007-0405,LRS,Property Damage Only,"(44.59207139, -73.16618307)"
3766,VT0140200,12SF03218,08/13/2012,US RT 5 (Missing Link Road),Springfield,NO DATA,NO DATA,5,NO DATA,Mile Marker 0050-1418-0100,53,Feet,50,6 - Single Vehicle Crash,South,504839,83045,50,1418,100,State System (State Highways and Class I TH links),US-5,0.99,U005-1418,LRS,Injury,"(43.24693816, -72.44049048)"
3767,VT0040500,12CCC01513,03/14/2012,US-7 (Roosevelt Highway),Colchester,NO DATA,NO DATA,7,NO DATA,South Park Drive,50,Feet,35,1 - Rear End,South,445769,222816,NO DATA,NO DATA,NO DATA,State System (State Highways and Class I TH links),US-7,0.07,U007-0405,LRS,Property Damage Only,"(44.50347575, -73.18201340)"
3768,VT0040500,12CC08212,12/02/2012,US-7 (38 Roosevelt Highway),Colchester,NO DATA,NO DATA,7,NO DATA,Checkerbay Carwash,NO DATA,NO DATA,30,6 - Single Vehicle Crash,NO DATA,445767,222719,NO DATA,NO DATA,NO DATA,State System (State Highways and Class I TH links),US-7,0.04,U007-0405,LRS,Property Damage Only,"(44.50305474, -73.18218622)"
3769,VT0040500,12CC08512,12/18/2012,US-7 (38 Roosevelt Highway),Colchester,NO DATA,7,NO DATA,NO DATA,Info 38,NO DATA,NO DATA,25,1 - Rear End,NO DATA,004-45-757E,002-22-729N,NO DATA,NO DATA,NO DATA,State System (State Highways and Class I TH links),US-7,0.04,U007-0405,LRS,Property Damage Only,"(44.50305474, -73.18218622)"
3777,VTVSP0100,12A103859,10/01/2012,US-7,Charlotte,NO DATA,7,NO DATA,NO DATA,NO DATA,5,Feet,50,"10 - Left Turn and Thru, Angle Broadside -->v--",North,441247,204111,70,404,580,State System (State Highways and Class I TH links),US-7,5.26,U007-0404,LRS,Injury,"(44.33502799, -73.23698195)"
3778,VT0141000,12NW00585,05/09/2012,US RT 5,Norwich,NO DATA,NO DATA,5,NO DATA,VT RT 132,500,Feet,50,6 - Single Vehicle Crash,North,521808,139748,NO DATA,NO DATA,NO DATA,State System (State Highways and Class I TH links),US-5,6.84,U005-1411,LRS,Injury,"(43.75835536, -72.22854469)"
3779,VTVSP0100,12A101694,05/14/2012,US Route 7,Charlotte,NO DATA,NO DATA,7,NO DATA,Church Hill Rd,0,Miles,50,"20 - Right Turn and Thru, Angle Broadside -->^--",East,440444,201502,NO DATA,NO DATA,NO DATA,State System (State Highways and Class I TH links),US-7,5,U007-0404,LRS,Property Damage Only,"(44.33129316, -73.23679331)"
3780,VTVSP0100,12A100209,01/16/2012,US-7,Charlotte,NO DATA,NO DATA,7,NO DATA,Ferry Rd,NO DATA,NO DATA,50,"10 - Left Turn and Thru, Angle Broadside -->v--",NO DATA,440382,201502,NO DATA,NO DATA,NO DATA,State System (State Highways and Class I TH links),US-7,3.43,U007-0404,LRS,Injury,"(44.31129181, -73.24705146)"
3781,VTVSP0100,12A100250,01/19/2012,US Rt 7,Charlotte,NO DATA,NO DATA,7,NO DATA,Higbee Rd,0,Miles,50,1 - Rear End,South,440878,199041,NO DATA,NO DATA,NO DATA,State System (State Highways and Class I TH links),US-7,1.95,U007-0404,LRS,Injury,"(44.29043615, -73.24134382)"
3782,VTVSP0100,12A105155,12/29/2012,US-7 (5507 Us Route 7),Charlotte,NO DATA,NO DATA,7,NO DATA,State Park Rd,0,Miles,50,1 - Rear End,North,441321,197827,NO DATA,NO DATA,NO DATA,State System (State Highways and Class I TH links),US-7,1.05,U007-0404,LRS,Property Damage Only,"(44.27824853, -73.23513112)"
3790,VT0040600,12MT02722,07/12/2012,US Route 7,Milton,NO DATA,NO DATA,NO DATA,NO DATA,Bev's Florist,100,Feet,25,1 - Rear End,North,450987,236238,NO DATA,NO DATA,NO DATA,State System (State Highways and Class I TH links),US-7,4.03,U007-0410,LRS,Property Damage Only,"(44.62570670, -73.11761369)"
3791,VTVSP0600,12C200605,03/10/2012,US-7 (6391 Ethan Allen Highway),Charlotte,NO DATA,NO DATA,7,NO DATA,Stage Road TH#1,0,Miles,50,1 - Rear End,North,441691,196043,70,404,20,State System (State Highways and Class I TH links),US-7,0.16,U007-0404,LRS,Property Damage Only,"(44.26556318, -73.23220194)"
3792,VT0040100,2012BU006601,03/19/2012,US-7 Winooski Bridge,Burlington,NO DATA,NO DATA,NO DATA,NO DATA,Riverside Ave,NO DATA,NO DATA,25,1 - Rear End,NO DATA,NO DATA,NO DATA,NO DATA,NO DATA,NO DATA,State System (State Highways and Class I TH links),US-7,4.19,U007-0403,LRS,Property Damage Only,"(44.48910179, -73.18658687)"
3793,VT0040400,12WS004710,09/28/2012,US-7 Main St,Winooski City,NO DATA,NO DATA,NO DATA,NO DATA,Maple St,20,Feet,25,1 - Rear End,South,004-45-390,002-21-624,NO DATA,NO DATA,NO DATA,State System (State Highways and Class I TH links),US-7,0.3,U007-0418,LRS,Property Damage Only,"(44.49281896, -73.18652046)"
3794,VT0040600,12MT01965,05/23/2012,US-7 (401 US Route 7),Milton,NO DATA,NO DATA,NO DATA,NO DATA,NO DATA,NO DATA,NO DATA,35,1 - Rear End,NO DATA,004-49-586,002-36-250,NO DATA,NO DATA,NO DATA,State System (State Highways and Class I TH links),US-7,2.97,U007-0410,LRS,Injury,"(44.62468885, -73.13506982)"
3795,VT0040300,12SB016116,11/29/2012,US-7 Shelburne Road,South Burlington,NO DATA,NO DATA,NO DATA,NO DATA,Hannaford Drive,25,Feet,35,1 - Rear End,South,443484,215912,NO DATA,NO DATA,NO DATA,State System (State Highways and Class I TH links),US-7,1.43,U007-0414,LRS,Property Damage Only,"(44.44147703, -73.20995585)"
3803,VT0040100,2012BU027455,10/24/2012,US-7 Riverside Ave,Burlington,NO DATA,NO DATA,NO DATA,NO DATA,Colchester Ave,NO DATA,NO DATA,25,1 - Rear End,NO DATA,NO DATA,NO DATA,NO DATA,NO DATA,NO DATA,State System (State Highways and Class I TH links),US-7,4.14,U007-0403,LRS,Property Damage Only,"(44.48841592, -73.18674451)"
3804,VT0040100,2012BU004052,02/17/2012,US-7 (Riverside Ave),Burlington,NO DATA,NO DATA,7,NO DATA,Barrett St,40,Feet,25,1 - Rear End,West,NO DATA,NO DATA,NO DATA,NO DATA,NO DATA,State System (State Highways and Class I TH links),US-7,4.1,U007-0403,LRS,Injury,"(44.48791829, -73.18715023)"
3805,VT0040100,2012BU025650,10/05/2012,US-7 Riverside Ave,Burlington,NO DATA,NO DATA,NO DATA,NO DATA,Salmon Hole,NO DATA,NO DATA,25,6 - Single Vehicle Crash,East,NO DATA,NO DATA,NO DATA,NO DATA,NO DATA,State System (State Highways and Class I TH links),US-7,4.01,U007-0403,LRS,Property Damage Only,"(44.48676376, -73.18799261)"
3806,VT0040300,12SB012985,09/28/2012,Shelburne Road,South Burlington,NO DATA,NO DATA,NO DATA,NO DATA,Intersection With Baldwin Ave,75,Feet,35,1 - Rear End,South,443449,215442,NO DATA,NO DATA,NO DATA,State System (State Highways and Class I TH links),US-7,1.23,U007-0414,LRS,Property Damage Only,"(44.43858608, -73.21025160)"
3807,VT0040100,2012BU018910,07/30/2012,US-7 (174 Riverside Ave),Burlington,NO DATA,NO DATA,NO DATA,NO DATA,RIVERSIDE AVE,75,Feet,99,7 - Other - Explain in Narrative,South,NO DATA,NO DATA,NO DATA,NO DATA,NO DATA,State System (State Highways and Class I TH links),US-7,3.85,U007-0403,LRS,Property Damage Only,"(44.48625121, -73.19043077)"
3815,VT0040300,12SB012476,09/19/2012,US-7 (1041 Shelburne Road),South Burlington,NO DATA,NO DATA,7,NO DATA,Champlain Farms,1,Feet,35,1 - Rear End,East,443462,215784,NO DATA,NO DATA,NO DATA,State System (State Highways and Class I TH links),US-7,1.35,U007-0414,LRS,Property Damage Only,"(44.44031951, -73.21005123)"
3816,VT0040100,2012BU011609,05/17/2012,US-7 (220 Riverside Ave),Burlington,NO DATA,NO DATA,NO DATA,NO DATA,Riverside Ave,NO DATA,NO DATA,99,1 - Rear End,NO DATA,NO DATA,NO DATA,NO DATA,NO DATA,NO DATA,State System (State Highways and Class I TH links),US-7,3.79,U007-0403,LRS,Property Damage Only,"(44.48647761, -73.19159827)"
3817,VT0040100,12BU20048,08/11/2012,US-7 (207 RIVERSIDE AVE),Burlington,NO DATA,NO DATA,NO DATA,NO DATA,207 RIVERSIDE AVE,NO DATA,NO DATA,25,NO DATA,NO DATA,444602,221086,NO DATA,NO DATA,NO DATA,State System (State Highways and Class I TH links),US-7,3.79,U007-0403,LRS,Property Damage Only,"(44.48647761, -73.19159827)"
3818,VT0040100,2012BU008971,04/15/2012,US-7 Riverside Ave,Burlington,NO DATA,NO DATA,NO DATA,NO DATA,Newtons Car Wash,NO DATA,NO DATA,25,7 - Other - Explain in Narrative,NO DATA,NO DATA,NO DATA,NO DATA,NO DATA,NO DATA,State System (State Highways and Class I TH links),US-7,3.78,U007-0403,LRS,Property Damage Only,"(44.48650173, -73.19179765)"
3819,VT0040500,12CC04753,07/15/2012,US-7 (3570 Roosevelt Highway),Colchester,NO DATA,NO DATA,7,NO DATA,Main Street,300,Feet,25,6 - Single Vehicle Crash,South,447233,227988,NO DATA,NO DATA,NO DATA,State System (State Highways and Class I TH links),US-7,3.55,U007-0405,LRS,Property Damage Only,"(44.54993516, -73.16425346)"
3827,VT0040100,2012BU015253,06/23/2012,US-7 (220 Riverside Avenue),Burlington,NO DATA,NO DATA,NO DATA,NO DATA,220 Riverside Avenue,NO DATA,NO DATA,25,1 - Rear End,NO DATA,NO DATA,NO DATA,NO DATA,NO DATA,NO DATA,State System (State Highways and Class I TH links),US-7,3.77,U007-0403,LRS,Property Damage Only,"(44.48652507, -73.19199721)"
3828,VT0040100,2012BU011079,05/11/2012,US-7 Riverside Ave,Burlington,NO DATA,NO DATA,NO DATA,NO DATA,Colchester Ave,1,Miles,25,6 - Single Vehicle Crash,South,NO DATA,NO DATA,NO DATA,NO DATA,NO DATA,State System (State Highways and Class I TH links),US-7,3.64,U007-0403,LRS,Injury,"(44.48718446, -73.19442843)"
3829,VT0040100,2012BU010638,05/06/2012,US-7 Riverside Ave,Burlington,NO DATA,NO DATA,NO DATA,NO DATA,Hillside Terr,30,Feet,30,1 - Rear End,East,NO DATA,NO DATA,NO DATA,NO DATA,NO DATA,State System (State Highways and Class I TH links),US-7,3.53,U007-0403,LRS,Property Damage Only,"(44.48788902, -73.19639338)"
3830,VT0040600,12MT00680,02/23/2012,US-7 (294 US Route 7 South),Milton,NO DATA,NO DATA,7,NO DATA,Bombardier Rd.,NO DATA,NO DATA,35,6 - Single Vehicle Crash,North,450337,235869,NO DATA,NO DATA,NO DATA,State System (State Highways and Class I TH links),US-7,3.52,U007-0410,LRS,Property Damage Only,"(44.62144801, -73.12531921)"
3831,VT0040100,2012BU020069,08/11/2012,US-7 Riverside Ave,Burlington,NO DATA,NO DATA,NO DATA,NO DATA,Hildred Dr,NO DATA,NO DATA,25,6 - Single Vehicle Crash,NO DATA,NO DATA,NO DATA,NO DATA,NO DATA,NO DATA,State System (State Highways and Class I TH links),US-7,3.51,U007-0403,LRS,Injury,"(44.48797188, -73.19678085)"
3832,VT0040100,2012BU010102,04/29/2012,US-7 (436 Riverside Ave),Burlington,NO DATA,NO DATA,NO DATA,NO DATA,436 Riverside Ave,500,Feet,25,1 - Rear End,East,NO DATA,NO DATA,NO DATA,NO DATA,NO DATA,State System (State Highways and Class I TH links),US-7,3.49,U007-0403,LRS,Injury,"(44.48804654, -73.19717143)"
3840,VT0040700,12SH01605,07/06/2012,US-7 Shelburne Rd,Shelburne,NO DATA,NO DATA,NO DATA,NO DATA,Martindale Rd,NO DATA,NO DATA,40,1 - Rear End,NO DATA,443203,213230,NO DATA,NO DATA,NO DATA,State System (State Highways and Class I TH links),US-7,4.65,U007-0413S,LRS,Property Damage Only,"(44.41794501, -73.21291683)"
3841,VT0040500,11CC00022,01/02/2012,Roosevelt Hwy,Colchester,NO DATA,NO DATA,7,NO DATA,Hercules Drive,20,Feet,40,1 - Rear End,South,445991,223657,NO DATA,NO DATA,NO DATA,State System (State Highways and Class I TH links),US-7,0.61,U007-0405,LRS,Property Damage Only,"(44.51110725, -73.17927114)"
3842,VT0040100,2012BU032617,12/29/2012,US-7 (454 Riverside Avenue),Burlington,NO DATA,NO DATA,NO DATA,NO DATA,Cumberland Farms,NO DATA,NO DATA,25,"8 - No Turns, Thru moves only, Broadside ^<",NO DATA,NO DATA,NO DATA,NO DATA,NO DATA,NO DATA,State System (State Highways and Class I TH links),US-7,3.33,U007-0403,LRS,Injury,"(44.48841529, -73.20035984)"
3843,VT0040100,12BU21135,08/22/2012,US-7 (454 Riverside Ave),Burlington,NO DATA,NO DATA,NO DATA,NO DATA,Cumberland Farms/Hillside Terrace,120,Feet,30,1 - Rear End,West,NO DATA,NO DATA,NO DATA,NO DATA,NO DATA,State System (State Highways and Class I TH links),US-7,3.33,U007-0403,LRS,Property Damage Only,"(44.48841529, -73.20035984)"
3844,VT0040100,2012BU004257,02/20/2012,US-7 (460 Riverside Ave),Burlington,NO DATA,NO DATA,7,NO DATA,U-Haul,150,Feet,25,1 - Rear End,East,NO DATA,NO DATA,NO DATA,NO DATA,NO DATA,State System (State Highways and Class I TH links),US-7,3.31,U007-0403,LRS,Property Damage Only,"(44.48848865, -73.20075106)"
3852,VT0040100,2012BU07850,04/02/2012,US-7 (500 Riverside Ave),Burlington,NO DATA,NO DATA,NO DATA,NO DATA,N Prospect St,100,Feet,25,"14 - Left Turn and Thru, Broadside v<--",East,NO DATA,NO DATA,NO DATA,NO DATA,NO DATA,State System (State Highways and Class I TH links),US-7,3.26,U007-0403,LRS,Property Damage Only,"(44.48873031, -73.20170231)"
3853,VT0040700,12SH02719,10/31/2012,US-7 (5252 Shelburne Road),Shelburne,NO DATA,NO DATA,NO DATA,NO DATA,HARBOR ROAD/FALLS ROAD,10,Feet,35,1 - Rear End,NO DATA,442024,209179,NO DATA,NO DATA,NO DATA,State System (State Highways and Class I TH links),US-7,2,U007-0413,LRS,Property Damage Only,"(44.38101064, -73.22740588)"
3854,VT0040400,12WS003109,07/06/2012,US-7 (184 Main Street),Winooski City,NO DATA,NO DATA,NO DATA,NO DATA,West Spring Street,5,Feet,25,1 - Rear End,North,004-45-421,002-21-842,NO DATA,NO DATA,NO DATA,State System (State Highways and Class I TH links),US-7,0.45,U007-0418,LRS,Property Damage Only,"(44.49492598, -73.18609496)"
3855,VT0040400,12WS01471,04/30/2012,US-7 (401 Main Street),Winooski City,NO DATA,NO DATA,NO DATA,NO DATA,NO DATA,NO DATA,NO DATA,25,2 - Head On,South,004-45-686,002-22-566,NO DATA,NO DATA,NO DATA,State System (State Highways and Class I TH links),US-7,0.91,U007-0418,LRS,Property Damage Only,"(44.50111230, -73.18299998)"
3856,VT0040300,12SB008811,07/12/2012,US-7 Shelburne Road,South Burlington,NO DATA,NO DATA,NO DATA,NO DATA,Brewer Parkway,15,Feet,35,1 - Rear End,South,443500,216099,NO DATA,NO DATA,NO DATA,State System (State Highways and Class I TH links),US-7,1.52,U007-0414,LRS,Property Damage Only,"(44.44277675, -73.20979889)"
3864,VT0141000,12NW00739,06/06/2012,US Route 5 N,Norwich,NO DATA,NO DATA,5,NO DATA,Goodrich Four Corners,NO DATA,NO DATA,50,6 - Single Vehicle Crash,South,517608,136064,NO DATA,NO DATA,NO DATA,State System (State Highways and Class I TH links),US-5,3.07,U005-1411,LRS,Property Damage Only,"(43.72446657, -72.28160500)"
3865,VT0040100,2012BU026745,10/17/2012,US-7 Riverside Ave,Burlington,NO DATA,NO DATA,NO DATA,NO DATA,North Prospect St,NO DATA,NO DATA,25,1 - Rear End,NO DATA,NO DATA,NO DATA,NO DATA,NO DATA,NO DATA,State System (State Highways and Class I TH links),US-7,3.22,U007-0403,LRS,Property Damage Only,"(44.48899340, -73.20242018)"
3866,VT0040100,2012BU026743,10/17/2012,US-7 Riverside Ave,Burlington,NO DATA,NO DATA,NO DATA,NO DATA,No Prospect St,NO DATA,NO DATA,25,1 - Rear End,West,NO DATA,NO DATA,NO DATA,NO DATA,NO DATA,State System (State Highways and Class I TH links),US-7,3.22,U007-0403,LRS,Injury,"(44.48899340, -73.20242018)"