ID,Reporting Agency,Report Number,Date,Street Address,Town,Number,Number1,Number2,Number3,Intersection,Distance From Intersection,Distance Unit,Posted Speed,Direction of Collision,Direction from Intersection,Easting,Northing,Mile Marker,Mile Marker 1,Mile Marker 2,AOT Roadway,AOT Route,AOT Actual Mile,LRS Number,How Mapped,Crash Type,Location 1
3867,VT0040100,2012BU026309,10/12/2012,US-7 Riverside Ave,Burlington,NO DATA,NO DATA,NO DATA,NO DATA,Intervale Ave,NO DATA,NO DATA,25,"8 - No Turns, Thru moves only, Broadside ^<",NO DATA,NO DATA,NO DATA,NO DATA,NO DATA,NO DATA,State System (State Highways and Class I TH links),US-7,3.22,U007-0403,LRS,Injury,"(44.48899340, -73.20242018)"
3868,VT0040300,12SB009666,07/28/2012,US-7 Shelburne Road,South Burlington,NO DATA,NO DATA,NO DATA,NO DATA,Brewer Parkway,40,Feet,35,1 - Rear End,NO DATA,443502,216071,NO DATA,NO DATA,NO DATA,State System (State Highways and Class I TH links),US-7,1.53,U007-0414,LRS,Property Damage Only,"(44.44292113, -73.20978087)"
3869,VT0040100,2012BU025880,10/07/2012,US-7 Riverside Avenue,Burlington,NO DATA,NO DATA,NO DATA,NO DATA,North Prospect Street,NO DATA,NO DATA,25,1 - Rear End,NO DATA,NO DATA,NO DATA,NO DATA,NO DATA,NO DATA,State System (State Highways and Class I TH links),US-7,3.22,U007-0403,LRS,Property Damage Only,"(44.48899340, -73.20242018)"
3870,VT0040100,2012BU022626,09/05/2012,US-7 Riverside Ave,Burlington,NO DATA,NO DATA,NO DATA,NO DATA,N Prospect St,NO DATA,NO DATA,99,1 - Rear End,NO DATA,NO DATA,NO DATA,NO DATA,NO DATA,NO DATA,State System (State Highways and Class I TH links),US-7,3.22,U007-0403,LRS,Property Damage Only,"(44.48899340, -73.20242018)"
3871,VT0040100,2012BU007355,03/27/2012,US-7 Riverside Ave,Burlington,NO DATA,NO DATA,NO DATA,NO DATA,N Prospect St,100,Feet,25,1 - Rear End,West,NO DATA,NO DATA,NO DATA,NO DATA,NO DATA,State System (State Highways and Class I TH links),US-7,3.21,U007-0403,LRS,Property Damage Only,"(44.48905579, -73.20260264)"
3872,VT0040400,12WS00399,02/09/2012,US-7 (101 Main Street),Winooski City,NO DATA,NO DATA,7,NO DATA,Maple Street,100,Feet,25,1 - Rear End,North,004-45-390,002-21-033,NO DATA,NO DATA,NO DATA,State System (State Highways and Class I TH links),US-7,0.28,U007-0418,LRS,Property Damage Only,"(44.49253114, -73.18652408)"
3873,VT0040100,2012BU014755,06/18/2012,US-7 Riverside Avenue,Burlington,NO DATA,NO DATA,NO DATA,NO DATA,North Willard Street,59,Feet,25,3 - Same Direction Sideswipe,East,NO DATA,NO DATA,NO DATA,NO DATA,NO DATA,State System (State Highways and Class I TH links),US-7,3.07,U007-0403,LRS,Property Damage Only,"(44.48968757, -73.20525870)"
3874,VT0040100,2012BU026597,10/15/2012,US-7 Riverside Ave,Burlington,NO DATA,NO DATA,NO DATA,NO DATA,N Winooski Ave,50,Feet,25,1 - Rear End,West,NO DATA,NO DATA,NO DATA,NO DATA,NO DATA,State System (State Highways and Class I TH links),US-7,3.06,U007-0403,LRS,Property Damage Only,"(44.48967409, -73.20546005)"
3875,VT0040600,12MT03683,09/11/2012,US-7 (446 US Route 7 South),Milton,NO DATA,NO DATA,7,NO DATA,NO DATA,580,Feet,35,1 - Rear End,North,004-49-166,002-36-505,NO DATA,NO DATA,NO DATA,State System (State Highways and Class I TH links),US-7,2.54,U007-0410,LRS,Property Damage Only,"(44.62769053, -73.14263510)"
3876,VT0040100,2012BU014228,06/12/2012,US-7 Riverside Ave,Burlington,NO DATA,NO DATA,NO DATA,NO DATA,N Winooski Ave,NO DATA,NO DATA,25,3 - Same Direction Sideswipe,NO DATA,NO DATA,NO DATA,NO DATA,NO DATA,NO DATA,State System (State Highways and Class I TH links),US-7,3.06,U007-0403,LRS,Property Damage Only,"(44.48967409, -73.20546005)"
3877,VT0040100,2012BU011831,05/19/2012,US-7 N Willard St,Burlington,NO DATA,NO DATA,NO DATA,NO DATA,Riverside Ave,20,Feet,25,7 - Other - Explain in Narrative,South,NO DATA,NO DATA,NO DATA,NO DATA,NO DATA,State System (State Highways and Class I TH links),US-7,3.06,U007-0403,LRS,Property Damage Only,"(44.48967409, -73.20546005)"
3878,VT0040100,2012BU021150,08/22/2012,US-7 Riverside Ave,Burlington,NO DATA,NO DATA,NO DATA,NO DATA,Hyde St,NO DATA,NO DATA,25,1 - Rear End,NO DATA,NO DATA,NO DATA,NO DATA,NO DATA,NO DATA,State System (State Highways and Class I TH links),US-7,2.99,U007-0403,LRS,Property Damage Only,"(44.48875131, -73.20602884)"
3879,VT0040300,12SB03115,04/24/2012,US-7 (916 Shelburne Road),South Burlington,NO DATA,NO DATA,NO DATA,NO DATA,Country Curtains,500,NO DATA,35,1 - Rear End,NO DATA,443513,216174,NO DATA,NO DATA,NO DATA,State System (State Highways and Class I TH links),US-7,1.59,U007-0414,LRS,Property Damage Only,"(44.44378721, -73.20966972)"
3880,VT0040700,12SH02686,10/27/2012,US-7 3640,Shelburne,NO DATA,NO DATA,NO DATA,NO DATA,Tractor Supply,100,Feet,40,3 - Same Direction Sideswipe,North,442824,211647,NO DATA,NO DATA,NO DATA,State System (State Highways and Class I TH links),US-7,3.66,U007-0413S,LRS,Property Damage Only,"(44.40400440, -73.21744876)"
3888,VT0040700,12SH00206,01/27/2012,US-7 (2455 Shelburne Rd),Shelburne,NO DATA,NO DATA,NO DATA,NO DATA,Locust Hill,250,Feet,99,7 - Other - Explain in Narrative,North,443330,213485,NO DATA,NO DATA,NO DATA,State System (State Highways and Class I TH links),US-7,4.77,U007-0413,LRS,Property Damage Only,"(44.41960192, -73.21222996)"
3889,VT0040100,2012BU029977,11/24/2012,US-7 (172 North Willard Street),Burlington,NO DATA,NO DATA,NO DATA,NO DATA,N/A,NO DATA,NO DATA,25,7 - Other - Explain in Narrative,NO DATA,NO DATA,NO DATA,NO DATA,NO DATA,NO DATA,State System (State Highways and Class I TH links),US-7,2.78,U007-0403,LRS,Property Damage Only,"(44.48570035, -73.20596911)"
3890,VT0040100,2012BU003822,02/14/2012,US-7 (158 N Willard Street),Burlington,NO DATA,NO DATA,7,NO DATA,North St,NO DATA,NO DATA,25,1 - Rear End,North,NO DATA,NO DATA,NO DATA,NO DATA,NO DATA,State System (State Highways and Class I TH links),US-7,2.75,U007-0403,LRS,Property Damage Only,"(44.48526448, -73.20594873)"
3891,VT0040100,2012BU004897,02/28/2012,US-7 (N Willard Street),Burlington,NO DATA,NO DATA,NO DATA,NO DATA,North St,60,Feet,25,3 - Same Direction Sideswipe,North,NO DATA,NO DATA,NO DATA,NO DATA,NO DATA,State System (State Highways and Class I TH links),US-7,2.73,U007-0403,LRS,Property Damage Only,"(44.48497390, -73.20593515)"
3892,VT0040600,12MT00432,02/01/2012,US Route 7,Milton,NO DATA,NO DATA,NO DATA,NO DATA,Milton/Georgia Town Line,0,Miles,50,6 - Single Vehicle Crash,South,451454,241280,NO DATA,NO DATA,NO DATA,State System (State Highways and Class I TH links),US-7,7.36,U007-0410,LRS,Injury,"(44.67242956, -73.11165738)"
3900,VT0040100,2012BU26162,10/09/2012,US-7 N Willard St,Burlington,NO DATA,NO DATA,NO DATA,NO DATA,Pearl St,50,Feet,25,"8 - No Turns, Thru moves only, Broadside ^<",North,NO DATA,NO DATA,NO DATA,NO DATA,NO DATA,State System (State Highways and Class I TH links),US-7,2.44,U007-0403,LRS,Property Damage Only,"(44.48076228, -73.20570037)"
3901,VT0040400,12WS01999,06/04/2012,US-7 (1 Main Street),Winooski City,NO DATA,7,NO DATA,NO DATA,NO DATA,NO DATA,NO DATA,25,3 - Same Direction Sideswipe,North,004-45-466,002-21-378,NO DATA,NO DATA,NO DATA,State System (State Highways and Class I TH links),US-7,0.12,U007-0418,LRS,Property Damage Only,"(44.49056232, -73.18575445)"
3902,VT0040300,12SB014845,11/03/2012,US-7 (510 Shelburne Road),South Burlington,NO DATA,NO DATA,7,NO DATA,Farrell Street/Shelburne Road,NO DATA,NO DATA,25,1 - Rear End,NO DATA,443568,216963,NO DATA,NO DATA,NO DATA,State System (State Highways and Class I TH links),US-7,0.38,U007-0414,LRS,Property Damage Only,"(44.42629931, -73.21152147)"
3903,VT0040100,2012BU032086,12/20/2012,US-7 North Willard Street,Burlington,NO DATA,NO DATA,NO DATA,NO DATA,Pearl Street,NO DATA,NO DATA,25,"10 - Left Turn and Thru, Angle Broadside -->v--",North,NO DATA,NO DATA,NO DATA,NO DATA,NO DATA,State System (State Highways and Class I TH links),US-7,2.43,U007-0403,LRS,Property Damage Only,"(44.48061792, -73.20569028)"
3904,VT0040100,2012BU030266,11/28/2012,US-7 Willard Street/Pearl Street,Burlington,NO DATA,NO DATA,NO DATA,NO DATA,Willard Street,NO DATA,NO DATA,25,"8 - No Turns, Thru moves only, Broadside ^<",NO DATA,NO DATA,NO DATA,NO DATA,NO DATA,NO DATA,State System (State Highways and Class I TH links),US-7,2.43,U007-0403,LRS,Property Damage Only,"(44.48061792, -73.20569028)"
3912,VT0040700,12SH00236,02/02/2012,US-7┬á (5637 Shelburne Road),Shelburne,NO DATA,NO DATA,7,NO DATA,Church St,500,Feet,40,1 - Rear End,South,441869,208647,NO DATA,NO DATA,NO DATA,State System (State Highways and Class I TH links),US-7,1.61,U007-0413,LRS,Property Damage Only,"(44.37558010, -73.22946277)"
3913,VT0040300,12SB07584,06/21/2012,US-7 (1325 Shelburne Road),South Burlington,NO DATA,NO DATA,7,NO DATA,Shearer Acura,150,Feet,40,"14 - Left Turn and Thru, Broadside v<--",South,443413,215125,NO DATA,NO DATA,NO DATA,State System (State Highways and Class I TH links),US-7,0.88,U007-0414,LRS,Property Damage Only,"(44.43352640, -73.21076058)"
3914,VT0040100,2012BU024998,09/27/2012,21 South Willard,Burlington,NO DATA,NO DATA,NO DATA,NO DATA,21,NO DATA,NO DATA,25,"8 - No Turns, Thru moves only, Broadside ^<",NO DATA,NO DATA,NO DATA,NO DATA,NO DATA,NO DATA,State System (State Highways and Class I TH links),US-7,2.39,U007-0403,LRS,Property Damage Only,"(44.48004777, -73.20566426)"
3915,VT0040700,12SH00933,04/24/2012,Us Route 7,Shelburne,NO DATA,NO DATA,7,NO DATA,Executive Drive,NO DATA,NO DATA,40,1 - Rear End,NO DATA,442913,211955,NO DATA,NO DATA,NO DATA,State System (State Highways and Class I TH links),US-7,3.81,U007-0413,LRS,Injury,"(44.40609481, -73.21663611)"
3916,VT0040400,12WS004007,08/22/2012,US 7 Main St,Winooski City,NO DATA,NO DATA,NO DATA,NO DATA,Bellevue St,NO DATA,NO DATA,25,3 - Same Direction Sideswipe,NO DATA,004-45-628,002-22-374,NO DATA,NO DATA,NO DATA,State System (State Highways and Class I TH links),US-7,0.79,U007-0418,LRS,Property Damage Only,"(44.49948759, -73.18376385)"
3924,VT0040100,2012BU002937,02/03/2012,US-7 (50 S Willard Street),Burlington,NO DATA,NO DATA,7,NO DATA,50 S Willard St,NO DATA,NO DATA,25,1 - Rear End,NO DATA,NO DATA,NO DATA,NO DATA,NO DATA,NO DATA,State System (State Highways and Class I TH links),US-7,2.33,U007-0403,LRS,Property Damage Only,"(44.47919254, -73.20562525)"
3925,VT0040100,2012BU026334,10/12/2012,US-7 S Willard St,Burlington,NO DATA,NO DATA,NO DATA,NO DATA,61 S Willard St,NO DATA,NO DATA,25,"16 - Right Turn and Thru, Same Direction Sideswipe/Angle Crash ^^--",NO DATA,NO DATA,NO DATA,NO DATA,NO DATA,NO DATA,State System (State Highways and Class I TH links),US-7,2.31,U007-0403,LRS,Property Damage Only,"(44.47890746, -73.20561252)"
3926,VT0040700,12SH01988,08/14/2012,US-7 (5420 Shelburne Road),Shelburne,NO DATA,NO DATA,7,NO DATA,Church Street,NO DATA,NO DATA,35,1 - Rear End,NO DATA,441935,208883,NO DATA,NO DATA,NO DATA,State System (State Highways and Class I TH links),US-7,1.83,U007-0413,LRS,Property Damage Only,"(44.37864179, -73.22830843)"
3927,VT0040600,12MT01734,05/08/2012,US-7,Milton,NO DATA,NO DATA,NO DATA,NO DATA,Legion Road,100,Feet,35,1 - Rear End,North,448882,236563,70,410,385,State System (State Highways and Class I TH links),US-7,2.47,U007-0410,LRS,Property Damage Only,"(44.62749241, -73.14401056)"
3928,VT0040300,12SB07230,06/14/2012,US-7 (1200 Shelburned Road),South Burlington,NO DATA,NO DATA,NO DATA,NO DATA,NO DATA,NO DATA,NO DATA,35,3 - Same Direction Sideswipe,NO DATA,443430,215368,NO DATA,NO DATA,NO DATA,State System (State Highways and Class I TH links),US-7,1.07,U007-0414,LRS,Property Damage Only,"(44.43627237, -73.21047058)"
3929,VT0040100,2012BU010874,05/09/2012,US-7 So Willard St,Burlington,NO DATA,NO DATA,NO DATA,NO DATA,College St,NO DATA,NO DATA,25,2 - Head On,NO DATA,NO DATA,NO DATA,NO DATA,NO DATA,NO DATA,State System (State Highways and Class I TH links),US-7,2.21,U007-0403,LRS,Property Damage Only,"(44.47748339, -73.20555533)"
3937,VT0040400,12WS005615,11/17/2012,US-7 Main St,Winooski City,NO DATA,7,NO DATA,NO DATA,Union St,NO DATA,NO DATA,25,1 - Rear End,East,004-45-390,002-21-716,NO DATA,NO DATA,NO DATA,State System (State Highways and Class I TH links),US-7,0.36,U007-0418,LRS,Property Damage Only,"(44.49368234, -73.18654537)"
3938,VT0040300,12SB16641,12/11/2012,US-7 (992 Shelburne Road),South Burlington,NO DATA,NO DATA,NO DATA,NO DATA,Burlington Bagel Bakery,20,Feet,15,3 - Same Direction Sideswipe,South,443550,215954,NO DATA,NO DATA,NO DATA,State System (State Highways and Class I TH links),US-7,1.46,U007-0414,LRS,Property Damage Only,"(44.44191037, -73.20990550)"
4198,VT0020100,12BN04009,06/16/2012,US-7 North Street,Bennington,NO DATA,NO DATA,7,NO DATA,Adams Street,NO DATA,NO DATA,30,1 - Rear End,South,443063,42772,700,202,329,State System (State Highways and Class I TH links),US-7,3.28,U007-0202,LRS,Property Damage Only,"(42.88290356, -73.19693322)"
3939,VT0040100,2012BU015837,06/29/2012,US-7 S. Willard St./Main St,Burlington,NO DATA,NO DATA,NO DATA,NO DATA,S Willard St,NO DATA,NO DATA,25,"10 - Left Turn and Thru, Angle Broadside -->v--",NO DATA,NO DATA,NO DATA,NO DATA,NO DATA,NO DATA,State System (State Highways and Class I TH links),US-7,2.12,U007-0403,LRS,Property Damage Only,"(44.47619934, -73.20551600)"
3940,VT0040100,2012BU009306,04/19/2012,US-7 (S Willard St),Burlington,NO DATA,NO DATA,NO DATA,NO DATA,Maple St,NO DATA,NO DATA,99,2 - Head On,NO DATA,NO DATA,NO DATA,NO DATA,NO DATA,NO DATA,State System (State Highways and Class I TH links),US-7,1.97,U007-0403,LRS,Property Damage Only,"(44.47393739, -73.20531735)"
3941,VT0040300,12SB006677,06/02/2012,US-7 (760 Shelburne Road),South Burlington,NO DATA,7,NO DATA,NO DATA,Sell Station,50,Feet,35,2 - Head On,South,443527,216375,NO DATA,NO DATA,NO DATA,State System (State Highways and Class I TH links),US-7,1.73,U007-0414,LRS,Property Damage Only,"(44.44580914, -73.20942912)"
3949,VT0040100,2012BU027467,10/24/2012,US-7 Shelburne Rd,Burlington,NO DATA,NO DATA,NO DATA,NO DATA,Locust St,NO DATA,NO DATA,35,"12 - Left Turn and Thru, Same Direction Sideswipe/Angle Crash vv--",NO DATA,NO DATA,NO DATA,NO DATA,NO DATA,NO DATA,State System (State Highways and Class I TH links),US-7,1.25,U007-0403,LRS,Property Damage Only,"(44.46335030, -73.20766636)"
3950,VT0040100,2012BU006229,03/16/2012,US-7 S Willard St,Burlington,NO DATA,NO DATA,NO DATA,NO DATA,St Paul St,NO DATA,NO DATA,25,1 - Rear End,West,NO DATA,NO DATA,NO DATA,NO DATA,NO DATA,State System (State Highways and Class I TH links),US-7,1.24,U007-0403,LRS,Property Damage Only,"(44.46321662, -73.20775276)"
3951,VT0040100,2012BU004070,02/17/2012,US-7 (Shelburne Rd/Willard St),Burlington,NO DATA,NO DATA,7,NO DATA,Locust St,NO DATA,NO DATA,25,"14 - Left Turn and Thru, Broadside v<--",North,NO DATA,NO DATA,NO DATA,NO DATA,NO DATA,State System (State Highways and Class I TH links),US-7,1.24,U007-0403,LRS,Property Damage Only,"(44.46321662, -73.20775276)"
3952,VT0040100,2011BU1350,01/16/2012,US-7 (Shelburne Rd),Burlington,NO DATA,NO DATA,7,NO DATA,Locust St,NO DATA,NO DATA,99,NO DATA,NO DATA,NO DATA,NO DATA,NO DATA,NO DATA,NO DATA,State System (State Highways and Class I TH links),US-7,1.24,U007-0403,LRS,Injury,"(44.46321662, -73.20775276)"
3953,VT0040500,12CC03153,05/15/2012,US-7 Roosevelt Highway,Colchester,NO DATA,NO DATA,7-Feb,NO DATA,Bay Road,150,Feet,35,6 - Single Vehicle Crash,North,447200,227885,NO DATA,NO DATA,NO DATA,State System (State Highways and Class I TH links),US-7,3.46,U007-0405,LRS,Property Damage Only,"(44.54869786, -73.16470010)"
3961,VT0040100,2012BU025897,10/07/2012,US-7 South Willard Street,Burlington,NO DATA,NO DATA,NO DATA,NO DATA,Shelburne Road,NO DATA,NO DATA,25,"14 - Left Turn and Thru, Broadside v<--",NO DATA,NO DATA,NO DATA,NO DATA,NO DATA,NO DATA,State System (State Highways and Class I TH links),US-7,1.2,U007-0403,LRS,Property Damage Only,"(44.46266702, -73.20789142)"
3962,VT0040100,2012BU025761,10/06/2012,US-7 Shelburne Road,Burlington,NO DATA,NO DATA,NO DATA,NO DATA,Locust Street,30,Feet,25,1 - Rear End,North,NO DATA,NO DATA,NO DATA,NO DATA,NO DATA,State System (State Highways and Class I TH links),US-7,1.18,U007-0403,LRS,Property Damage Only,"(44.46238800, -73.20791823)"
3963,VT0040100,2012BU013617,06/06/2012,US-7 Shelburne Rd,Burlington,NO DATA,NO DATA,NO DATA,NO DATA,Locust St,NO DATA,NO DATA,25,"8 - No Turns, Thru moves only, Broadside ^<",NO DATA,NO DATA,NO DATA,NO DATA,NO DATA,NO DATA,State System (State Highways and Class I TH links),US-7,1.18,U007-0403,LRS,Property Damage Only,"(44.46238800, -73.20791823)"
3964,VT0040600,12MT05175,12/27/2012,US-7 (209 US Route 7),Milton,NO DATA,NO DATA,7,NO DATA,Hannafords Plaza Parking Lot Entrance,90,Feet,25,1 - Rear End,North,004-50-964,002-36-248,70,410,400,State System (State Highways and Class I TH links),US-7,3.98,U007-0410,LRS,Property Damage Only,"(44.62501041, -73.11788855)"
3965,VT0040100,2012BU018322,07/24/2012,US-7 Shelburne Rd,Burlington,NO DATA,NO DATA,NO DATA,NO DATA,Alfred St,NO DATA,NO DATA,30,1 - Rear End,NO DATA,NO DATA,NO DATA,NO DATA,NO DATA,NO DATA,State System (State Highways and Class I TH links),US-7,0.98,U007-0403,LRS,Property Damage Only,"(44.45959829, -73.20819397)"
3973,VT0040600,12MT00082,01/06/2012,US-7 (158 River Street),Milton,NO DATA,NO DATA,7,NO DATA,Lamoile Terrace,30,NO DATA,25,4 - Opp Direction Sideswipe,South,004-51-065,002-36-615,70,410,422,State System (State Highways and Class I TH links),US-7,4.22,U007-0410,LRS,Property Damage Only,"(44.62835639, -73.11658830)"
3974,VT0040400,12WS01253,04/17/2012,US-7 (120 Main Street),Winooski City,NO DATA,7,7,NO DATA,Union Street,50,Feet,25,1 - Rear End,South,004-45-390,002-21-716,NO DATA,NO DATA,NO DATA,State System (State Highways and Class I TH links),US-7,0.33,U007-0418,LRS,Property Damage Only,"(44.49325063, -73.18653403)"
3975,VT0040600,12MT00554,02/13/2012,358 US Route 7 South,Milton,NO DATA,NO DATA,7,NO DATA,Southerberry Drive,NO DATA,NO DATA,35,6 - Single Vehicle Crash,North,NO DATA,NO DATA,NO DATA,NO DATA,NO DATA,State System (State Highways and Class I TH links),US-7,3.17,U007-0410,LRS,Property Damage Only,"(44.62320247, -73.13160183)"
3976,VT0040300,12SB015421,11/15/2012,US-7 Shelburne Road,South Burlington,NO DATA,7,NO DATA,NO DATA,Burger King,5,Feet,35,1 - Rear End,North,443480,215970,NO DATA,NO DATA,NO DATA,State System (State Highways and Class I TH links),US-7,1.45,U007-0414,LRS,Property Damage Only,"(44.44176597, -73.20992327)"
3977,VT0141000,12NW00219,02/17/2012,US-5 Main Street,Norwich,NO DATA,NO DATA,5,NO DATA,US Route 5 South,40,Feet,25,1 - Rear End,West,515524,134281,NO DATA,NO DATA,NO DATA,State System (State Highways and Class I TH links),US-5,1.04,U005-1411,LRS,Property Damage Only,"(43.70821028, -72.30711325)"
3978,VT0040300,12SB02234,03/23/2012,US-7 (760 Shelburne Rd),South Burlington,NO DATA,NO DATA,7,NO DATA,Swift Street,50,Feet,35,1 - Rear End,South,443525,216420,NO DATA,NO DATA,NO DATA,State System (State Highways and Class I TH links),US-7,1.71,U007-0414,LRS,Property Damage Only,"(44.44552021, -73.20946238)"
3985,VT0040300,12SB006636,06/01/2012,US-7 (1485 Shelburne Road),South Burlington,NO DATA,NO DATA,NO DATA,NO DATA,Goss Dodge,150,Feet,40,1 - Rear End,North,443384,214754,NO DATA,NO DATA,NO DATA,State System (State Highways and Class I TH links),US-7,0.69,U007-0414,LRS,Property Damage Only,"(44.43077951, -73.21103912)"
3986,VT0040700,12SH02849,11/16/2012,US-7 Shelburne Road,Shelburne,NO DATA,NO DATA,7,NO DATA,Lower Webster Road,NO DATA,NO DATA,40,1 - Rear End,NO DATA,442225,209923,NO DATA,NO DATA,NO DATA,State System (State Highways and Class I TH links),US-7,2.46,U007-0413,LRS,Property Damage Only,"(44.38747638, -73.22485350)"
3987,VT0040400,12WS004798,10/02/2012,US-7 (247 Main St),Winooski City,NO DATA,NO DATA,7-Feb,NO DATA,Lafountain St,250,Feet,25,1 - Rear End,North,004-45-521,002-22-069,NO DATA,NO DATA,NO DATA,State System (State Highways and Class I TH links),US-7,0.57,U007-0418,LRS,Property Damage Only,"(44.49653351, -73.18526293)"
3988,VT0040300,12SB00236,01/09/2012,US-7 (919 Shelburne Rd),South Burlington,NO DATA,NO DATA,7,NO DATA,NO DATA,NO DATA,NO DATA,35,1 - Rear End,NO DATA,443511,216187,NO DATA,NO DATA,NO DATA,State System (State Highways and Class I TH links),US-7,1.58,U007-0414,LRS,Property Damage Only,"(44.44364286, -73.20968824)"
3989,VT0040500,12CC06361,09/14/2012,US Route 7,Milton,NO DATA,NO DATA,7,NO DATA,West Milton Road,100,Feet,35,"14 - Left Turn and Thru, Broadside v<--",North,449072,236571,NO DATA,NO DATA,NO DATA,State System (State Highways and Class I TH links),US-7,2.6,U007-0410,LRS,Property Damage Only,"(44.62745061, -73.14147752)"
3990,VT0141000,12NW00981,07/23/2012,US-5 Main Street,Norwich,NO DATA,NO DATA,5,NO DATA,I91 Exit 13 South Bound,5,Feet,25,1 - Rear End,West,NO DATA,NO DATA,NO DATA,NO DATA,NO DATA,State System (State Highways and Class I TH links),US-5,1.02,U005-1411,LRS,Property Damage Only,"(43.70800551, -72.30722527)"
3991,VT0040300,12SB010439,08/12/2012,US-7 Shelburne Road,South Burlington,NO DATA,7,NO DATA,NO DATA,Lindenwood Dr,50,Feet,35,7 - Other - Explain in Narrative,North,443525,216298,NO DATA,NO DATA,NO DATA,State System (State Highways and Class I TH links),US-7,1.64,U007-0414,LRS,Property Damage Only,"(44.44450934, -73.20958394)"
3992,VT0040700,12SH00956,04/27/2012,US-7 Shelburne Road,Shelburne,NO DATA,NO DATA,7,NO DATA,Bay Road,NO DATA,NO DATA,40,1 - Rear End,NO DATA,442907,211935,NO DATA,NO DATA,NO DATA,State System (State Highways and Class I TH links),US-7,3.84,U007-0413S,LRS,Property Damage Only,"(44.40653990, -73.21664471)"
3993,VT0040500,12CC03347,05/22/2012,US-7 Roosevelt Highway,Colchester,NO DATA,NO DATA,7,NO DATA,Hercules Drive,NO DATA,NO DATA,40,1 - Rear End,NO DATA,445999,223683,NO DATA,NO DATA,NO DATA,State System (State Highways and Class I TH links),US-7,0.61,U007-0405,LRS,Property Damage Only,"(44.51110725, -73.17927114)"
3994,VT0040700,12SH01068,05/11/2012,US-7 Shelburne Road,Shelburne,NO DATA,NO DATA,NO DATA,NO DATA,Harbor Road Interecttion With Shelburne Road,NO DATA,NO DATA,35,1 - Rear End,South,442031,209179,NO DATA,NO DATA,NO DATA,State System (State Highways and Class I TH links),US-7,1.98,U007-0413,LRS,Property Damage Only,"(44.38072815, -73.22751151)"
3995,VT0040300,12SB011966,09/10/2012,US-7 (1125 Shelburne Road),South Burlington,NO DATA,NO DATA,7,NO DATA,Fayette Drive,1,Feet,35,3 - Same Direction Sideswipe,West,443436,215478,NO DATA,NO DATA,NO DATA,State System (State Highways and Class I TH links),US-7,1.16,U007-0414,LRS,Property Damage Only,"(44.43757485, -73.21036750)"
3996,VT0040700,12SH02483,10/05/2012,Rt 7 / Webster Road,Shelburne,NO DATA,NO DATA,NO DATA,NO DATA,Webster Road,150,Feet,40,3 - Same Direction Sideswipe,North,442528,210459,NO DATA,NO DATA,NO DATA,State System (State Highways and Class I TH links),US-7,2.81,U007-0413S,LRS,Property Damage Only,"(44.39203320, -73.22121497)"
3997,VT0040500,12CC03579,05/31/2012,US-7 Roosevelt Hwy,Colchester,NO DATA,NO DATA,7,NO DATA,Bay Road,NO DATA,NO DATA,35,"14 - Left Turn and Thru, Broadside v<--",NO DATA,447175,227764,NO DATA,NO DATA,NO DATA,State System (State Highways and Class I TH links),US-7,3.44,U007-0405,LRS,Injury,"(44.54842545, -73.16481274)"
3998,VT0040700,12SH01552,07/02/2012,US-7 Shelburne Rd,Shelburne,NO DATA,NO DATA,7,NO DATA,Locust Hill,NO DATA,NO DATA,40,1 - Rear End,NO DATA,NO DATA,NO DATA,NO DATA,NO DATA,NO DATA,State System (State Highways and Class I TH links),US-7,4.74,U007-0413S,LRS,Property Damage Only,"(44.41921063, -73.21249115)"
3999,VT0040500,12CC01053,02/21/2012,US-7 (414 Roosevelt Hwy),Colchester,NO DATA,7,NO DATA,NO DATA,Lower Mtn. View Dr.,0,Miles,45,1 - Rear End,North,004-47-096E,002-32-467N,NO DATA,NO DATA,NO DATA,State System (State Highways and Class I TH links),US-7,0.5,U007-0405,LRS,Property Damage Only,"(44.50951334, -73.17956014)"
4000,VT0040500,12CC02424,04/17/2012,US-7 Roosevelt Highway,Colchester,NO DATA,NO DATA,7,NO DATA,US Route 2,25,Feet,50,1 - Rear End,South,447087,232364,NO DATA,NO DATA,NO DATA,State System (State Highways and Class I TH links),US-7,6.52,U007-0405,LRS,Property Damage Only,"(44.58959086, -73.16644042)"
4001,VT0040300,12SB013345,10/05/2012,US-7 Shelburne Road,South Burlington,NO DATA,7,NO DATA,NO DATA,Baldwin Ave,150,Feet,35,1 - Rear End,South,443456,215563,NO DATA,NO DATA,NO DATA,State System (State Highways and Class I TH links),US-7,1.21,U007-0414,LRS,Property Damage Only,"(44.43829755, -73.21029121)"