ID,Reporting Agency,Report Number,Date,Street Address,Town,Number,Number1,Number2,Number3,Intersection,Distance From Intersection,Distance Unit,Posted Speed,Direction of Collision,Direction from Intersection,Easting,Northing,Mile Marker,Mile Marker 1,Mile Marker 2,AOT Roadway,AOT Route,AOT Actual Mile,LRS Number,How Mapped,Crash Type,Location 1
4002,VT0040500,12CC03836,06/11/2012,US-7 Roosevelt Highway,Colchester,NO DATA,NO DATA,7,NO DATA,Bay Road,NO DATA,NO DATA,35,"8 - No Turns, Thru moves only, Broadside ^<",NO DATA,447166,227787,NO DATA,NO DATA,NO DATA,State System (State Highways and Class I TH links),US-7,3.44,U007-0405,LRS,Injury,"(44.54842545, -73.16481274)"
4003,VT0040700,12SH02960,12/02/2012,US-7,Shelburne,NO DATA,7,NO DATA,NO DATA,VT Rt 7 And Bostwick Road,100,Feet,35,NO DATA,South,441667,207917,NO DATA,NO DATA,NO DATA,State System (State Highways and Class I TH links),US-7,1.15,U007-0413,LRS,Property Damage Only,"(44.36917407, -73.23184551)"
4004,VT0040700,12SH02418,09/27/2012,US-7 (5112 Shelburne Road),Shelburne,NO DATA,NO DATA,NO DATA,NO DATA,NO DATA,NO DATA,NO DATA,35,"8 - No Turns, Thru moves only, Broadside ^<",NO DATA,442042,209325,NO DATA,NO DATA,NO DATA,State System (State Highways and Class I TH links),US-7,2.15,U007-0413,LRS,Property Damage Only,"(44.38313004, -73.22661779)"
4005,VT0040400,12WS01722,05/18/2012,US-7 (188 Main Street),Winooski City,NO DATA,NO DATA,7,NO DATA,Spring Street,50,Feet,25,3 - Same Direction Sideswipe,North,004-45-406,002-21-847,NO DATA,NO DATA,NO DATA,State System (State Highways and Class I TH links),US-7,0.46,U007-0418,LRS,Property Damage Only,"(44.49506008, -73.18602617)"
4006,VT0040400,12WS003463,07/24/2012,US-7 Main St,Winooski City,NO DATA,NO DATA,7,NO DATA,Tigan St,45,Feet,25,1 - Rear End,North,004-45-690,002-22-576,NO DATA,NO DATA,NO DATA,State System (State Highways and Class I TH links),US-7,0.91,U007-0418,LRS,Property Damage Only,"(44.50111230, -73.18299998)"
4007,VT0040300,12SB014306,10/25/2012,US-7 (977 Shelburne Rd),South Burlington,NO DATA,7,NO DATA,NO DATA,Jolley Mobil,20,Feet,35,1 - Rear End,South,NO DATA,NO DATA,NO DATA,NO DATA,NO DATA,State System (State Highways and Class I TH links),US-7,1.52,U007-0414,LRS,Property Damage Only,"(44.44277675, -73.20979889)"
4008,VT0040400,12WS003189,07/10/2012,US-7 (70 Main Street),Winooski City,NO DATA,NO DATA,NO DATA,NO DATA,Main Street/West Allen Street,NO DATA,NO DATA,25,1 - Rear End,South,004-45-392,002-21-476,NO DATA,NO DATA,NO DATA,State System (State Highways and Class I TH links),US-7,0.24,U007-0418,LRS,Property Damage Only,"(44.49195544, -73.18653102)"
4009,VT0040700,12SH01307,06/06/2012,US-7 Shelburne @ Longmeadow,Shelburne,NO DATA,NO DATA,NO DATA,NO DATA,Longmeadow Dr,10,Feet,40,"10 - Left Turn and Thru, Angle Broadside -->v--",West,442643,210911,NO DATA,NO DATA,NO DATA,State System (State Highways and Class I TH links),US-7,3.11,U007-0413S,LRS,Property Damage Only,"(44.39625988, -73.21991331)"
4010,VT0040500,12CC00528,01/26/2012,480 Roosevelt Highway,Colchester,NO DATA,NO DATA,NO DATA,NO DATA,Mountain View Dr,350,Feet,40,1 - Rear End,NO DATA,445896,223235,NO DATA,NO DATA,NO DATA,State System (State Highways and Class I TH links),US-7,0.47,U007-0405,LRS,Property Damage Only,"(44.50909004, -73.17972133)"
4011,VT0040500,12CC01782,03/24/2012,US-7 Roosevelt Highway,Colchester,NO DATA,NO DATA,7,NO DATA,Bay Road,NO DATA,NO DATA,35,"8 - No Turns, Thru moves only, Broadside ^<",NO DATA,447200,227807,NO DATA,NO DATA,NO DATA,State System (State Highways and Class I TH links),US-7,3.43,U007-0405,LRS,Injury,"(44.54828852, -73.16486565)"
4012,VT0040700,12SH01451,06/21/2012,US-7 (5380Shelburne Rd),Shelburne,NO DATA,NO DATA,NO DATA,NO DATA,NO DATA,NO DATA,NO DATA,35,1 - Rear End,South,441968,209036,NO DATA,NO DATA,NO DATA,State System (State Highways and Class I TH links),US-7,1.88,U007-0413,LRS,Property Damage Only,"(44.37933747, -73.22804522)"
4013,VT0040600,12MT02193,06/08/2012,US Route 7,Milton,NO DATA,NO DATA,7,NO DATA,West Milton Road,NO DATA,NO DATA,35,6 - Single Vehicle Crash,South,004-48-914,002-36-562,NO DATA,NO DATA,NO DATA,State System (State Highways and Class I TH links),US-7,2.45,U007-0410,LRS,Property Damage Only,"(44.62737126, -73.14437896)"
4021,VT0040100,2012BU00866,01/10/2012,US-7 (285 Shelburne Rd),Burlington,NO DATA,NO DATA,7,NO DATA,Dunkin Donuts,NO DATA,NO DATA,30,"10 - Left Turn and Thru, Angle Broadside -->v--",NO DATA,NO DATA,NO DATA,NO DATA,NO DATA,NO DATA,State System (State Highways and Class I TH links),US-7,0.8,U007-0403,LRS,Property Damage Only,"(44.45708644, -73.20840679)"
4022,VT0040100,2012BU015535,06/26/2012,US-7 Shelburne Rd,Burlington,NO DATA,NO DATA,NO DATA,NO DATA,Prospect Pkwy,200,Feet,30,"10 - Left Turn and Thru, Angle Broadside -->v--",South,NO DATA,NO DATA,NO DATA,NO DATA,NO DATA,State System (State Highways and Class I TH links),US-7,0.78,U007-0403,LRS,Property Damage Only,"(44.45680739, -73.20843295)"
4023,VT0040400,12WS006389,12/27/2012,US-7 (155 Main Street),Winooski City,NO DATA,7,NO DATA,NO DATA,NO DATA,NO DATA,NO DATA,25,3 - Same Direction Sideswipe,NO DATA,004-45-389,002-21-734,NO DATA,NO DATA,NO DATA,State System (State Highways and Class I TH links),US-7,0.39,U007-0418,LRS,Property Damage Only,"(44.49410999, -73.18648347)"
4024,VT0040300,12SB08858,07/13/2012,US-7 Shelburne Rd,South Burlington,NO DATA,NO DATA,NO DATA,NO DATA,Brewer Pkwy,200,Feet,35,1 - Rear End,South,443494,216051,NO DATA,NO DATA,NO DATA,State System (State Highways and Class I TH links),US-7,1.48,U007-0414,LRS,Property Damage Only,"(44.44219916, -73.20986996)"
4025,VT0040100,2012BU032263,12/23/2012,US-7 Shelburne Rd,Burlington,NO DATA,NO DATA,NO DATA,NO DATA,Flynn Ave,NO DATA,Feet,30,"10 - Left Turn and Thru, Angle Broadside -->v--",South,NO DATA,NO DATA,NO DATA,NO DATA,NO DATA,State System (State Highways and Class I TH links),US-7,0.66,U007-0403,LRS,Property Damage Only,"(44.45513379, -73.20860280)"
4033,VT0040700,12SH01059,05/10/2012,US-7 Shelburne Road,Shelburne,NO DATA,NO DATA,NO DATA,NO DATA,Shelburne Road And Marset Road,0,Miles,35,NO DATA,South,441787,208298,NO DATA,NO DATA,NO DATA,State System (State Highways and Class I TH links),US-7,0.92,U007-0413,LRS,Injury,"(44.36600782, -73.23311763)"
4034,VT0040100,201214976,06/20/2012,US-7 Shelburne Rd,Burlington,NO DATA,NO DATA,NO DATA,NO DATA,Flynn Ave,5,Feet,25,"18 - Right Turn and Thru, Broadside ^<--",North,NO DATA,NO DATA,NO DATA,NO DATA,NO DATA,State System (State Highways and Class I TH links),US-7,0.63,U007-0403,LRS,Property Damage Only,"(44.45471612, -73.20865716)"
4035,VT0040100,2012BU013924,06/09/2012,US-7 Shelburne Street,Burlington,NO DATA,NO DATA,NO DATA,NO DATA,Flynn Avenue,NO DATA,NO DATA,30,1 - Rear End,NO DATA,NO DATA,NO DATA,NO DATA,NO DATA,NO DATA,State System (State Highways and Class I TH links),US-7,0.63,U007-0403,LRS,Property Damage Only,"(44.45471612, -73.20865716)"
4036,VT0040700,12SH03151,12/26/2012,US-7 (5252 Shelburne Road),Shelburne,NO DATA,NO DATA,7,NO DATA,NO DATA,NO DATA,NO DATA,35,"10 - Left Turn and Thru, Angle Broadside -->v--",NO DATA,442021,209216,NO DATA,NO DATA,NO DATA,State System (State Highways and Class I TH links),US-7,2,U007-0413,LRS,Property Damage Only,"(44.38101064, -73.22740588)"
4037,VT0040400,12WS005810,11/26/2012,US-7 Main St,Winooski City,NO DATA,NO DATA,NO DATA,NO DATA,W Spring St,NO DATA,NO DATA,25,"8 - No Turns, Thru moves only, Broadside ^<",North,004-45-421,002-21-842,NO DATA,NO DATA,NO DATA,State System (State Highways and Class I TH links),US-7,0.44,U007-0418,LRS,Property Damage Only,"(44.49479187, -73.18616375)"
4045,VT0040100,2012BU014213,06/12/2012,US-7 (408 Shelburne Rd),Burlington,NO DATA,NO DATA,NO DATA,NO DATA,Shelburne Rd,NO DATA,NO DATA,30,"8 - No Turns, Thru moves only, Broadside ^<",NO DATA,NO DATA,NO DATA,NO DATA,NO DATA,NO DATA,State System (State Highways and Class I TH links),US-7,0.58,U007-0403,LRS,Property Damage Only,"(44.45401776, -73.20870411)"
4046,VT0040100,2012BU015725,06/28/2012,US-7 Shelburne Rd,Burlington,NO DATA,NO DATA,NO DATA,NO DATA,Ferguson Ave,100,Feet,30,1 - Rear End,North,NO DATA,NO DATA,NO DATA,NO DATA,NO DATA,State System (State Highways and Class I TH links),US-7,0.58,U007-0403,LRS,Property Damage Only,"(44.45401776, -73.20870411)"
4047,VT0141000,12NW00794,06/16/2012,US Route 5,Norwich,NO DATA,NO DATA,5,NO DATA,135 US Route 5,NO DATA,NO DATA,40,NO DATA,North,514676,133079,NO DATA,NO DATA,NO DATA,State System (State Highways and Class I TH links),US-5,0.6,U005-1411,LRS,Injury,"(43.70340417, -72.31248598)"
4048,VT0040100,2012BU021168,08/22/2012,US-7 Shelburne Rd,Burlington,NO DATA,NO DATA,NO DATA,NO DATA,Ferguson Ave,NO DATA,NO DATA,30,"10 - Left Turn and Thru, Angle Broadside -->v--",NO DATA,NO DATA,NO DATA,NO DATA,NO DATA,NO DATA,State System (State Highways and Class I TH links),US-7,0.56,U007-0403,LRS,Property Damage Only,"(44.45373875, -73.20873074)"
4049,VT0040100,2012BU022980,09/08/2012,US-7 Shelburne Rd,Burlington,NO DATA,NO DATA,NO DATA,NO DATA,Fergusen Ave,20,Feet,30,1 - Rear End,South,NO DATA,NO DATA,NO DATA,NO DATA,NO DATA,State System (State Highways and Class I TH links),US-7,0.56,U007-0403,LRS,Property Damage Only,"(44.45373875, -73.20873074)"
4050,VT0040300,12SB005874,05/17/2012,US-7 Shelburne Street,Burlington,NO DATA,NO DATA,NO DATA,NO DATA,Hadley Road,5,Feet,35,NO DATA,North,NO DATA,NO DATA,NO DATA,NO DATA,NO DATA,State System (State Highways and Class I TH links),US-7,0.44,U007-0403,LRS,Property Damage Only,"(44.45206492, -73.20889333)"
4058,VT0040700,12SH01157,05/21/2012,US-7 (3155 Shelburne Rd),Shelburne,NO DATA,NO DATA,NO DATA,NO DATA,Shelburne Rd @ Champlain Drive,NO DATA,NO DATA,40,NO DATA,NO DATA,442986,212305,NO DATA,NO DATA,NO DATA,State System (State Highways and Class I TH links),US-7,4.06,U007-0413,LRS,Property Damage Only,"(44.40961672, -73.21549681)"
4059,VT0040100,2012BU012989,05/30/2012,US-7 (515 Shelburne Road),Burlington,NO DATA,NO DATA,NO DATA,NO DATA,Ledge Road,NO DATA,NO DATA,25,4 - Opp Direction Sideswipe,NO DATA,NO DATA,NO DATA,NO DATA,NO DATA,NO DATA,State System (State Highways and Class I TH links),US-7,0.38,U007-0403,LRS,Property Damage Only,"(44.45122667, -73.20894055)"
4060,VT0040100,2012BU021892,08/29/2012,US-7 Shelburne Ave,Burlington,NO DATA,NO DATA,NO DATA,NO DATA,Home Ave,1,Feet,25,3 - Same Direction Sideswipe,West,NO DATA,NO DATA,NO DATA,NO DATA,NO DATA,State System (State Highways and Class I TH links),US-7,0.33,U007-0403,LRS,Property Damage Only,"(44.45052966, -73.20901491)"
4061,VT0040100,2012BU017617,07/17/2012,US-7 Shelburne Rd,Burlington,NO DATA,NO DATA,NO DATA,NO DATA,Home Ave,NO DATA,NO DATA,30,3 - Same Direction Sideswipe,NO DATA,NO DATA,NO DATA,NO DATA,NO DATA,NO DATA,State System (State Highways and Class I TH links),US-7,0.33,U007-0403,LRS,Property Damage Only,"(44.45052966, -73.20901491)"
4062,VT0040600,12MT00061,01/05/2012,US-7 (50 River St.),Milton,NO DATA,NO DATA,NO DATA,NO DATA,US Route 7,NO DATA,NO DATA,35,1 - Rear End,North,NO DATA,NO DATA,NO DATA,NO DATA,NO DATA,State System (State Highways and Class I TH links),US-7,4.76,U007-0410,LRS,Property Damage Only,"(44.63586669, -73.11374113)"
4070,VT0040100,2012BU012151,05/22/2012,US-7 Shelburne Rd,Burlington,NO DATA,NO DATA,NO DATA,NO DATA,Home Ave,NO DATA,NO DATA,25,1 - Rear End,NO DATA,NO DATA,NO DATA,NO DATA,NO DATA,NO DATA,State System (State Highways and Class I TH links),US-7,0.33,U007-0403,LRS,Injury,"(44.45052966, -73.20901491)"
4071,VT0040300,12SB01978,03/14/2012,US-7 (Shelburne Road),South Burlington,NO DATA,NO DATA,7,NO DATA,Swift Street,10,Feet,35,3 - Same Direction Sideswipe,NO DATA,443531,216472,NO DATA,NO DATA,NO DATA,State System (State Highways and Class I TH links),US-7,1.73,U007-0414,LRS,Property Damage Only,"(44.44580914, -73.20942912)"
4072,VT0040300,12SB00807,01/30/2012,US-7 Shelburne Road,South Burlington,NO DATA,NO DATA,NO DATA,NO DATA,Allen Road,10,Feet,35,7 - Other - Explain in Narrative,North,443299,213825,NO DATA,NO DATA,NO DATA,State System (State Highways and Class I TH links),US-7,0.1,U007-0414,LRS,Property Damage Only,"(44.42225143, -73.21192691)"
4073,VT0040500,12CC06419,09/17/2012,US-7 Roosevelt Highway,Colchester,NO DATA,NO DATA,NO DATA,NO DATA,Lower Mountain View Drive,200,Feet,25,"12 - Left Turn and Thru, Same Direction Sideswipe/Angle Crash vv--",East,446008,223155,NO DATA,NO DATA,NO DATA,State System (State Highways and Class I TH links),US-7,0.39,U007-0405,LRS,Property Damage Only,"(44.50796555, -73.18017263)"
4074,VT0040100,2012BU009843,04/26/2012,US-7 Shelburne Rd,Burlington,NO DATA,NO DATA,NO DATA,NO DATA,Home Ave,NO DATA,NO DATA,30,1 - Rear End,NO DATA,NO DATA,NO DATA,NO DATA,NO DATA,NO DATA,State System (State Highways and Class I TH links),US-7,0.33,U007-0403,LRS,Property Damage Only,"(44.45052966, -73.20901491)"
4082,VT0040100,2012BU029697,11/20/2012,US-7 Shelburne Rd,Burlington,NO DATA,NO DATA,NO DATA,NO DATA,Home Ave,NO DATA,NO DATA,25,3 - Same Direction Sideswipe,NO DATA,NO DATA,NO DATA,NO DATA,NO DATA,NO DATA,State System (State Highways and Class I TH links),US-7,0.33,U007-0403,LRS,Property Damage Only,"(44.45052966, -73.20901491)"
4083,VT0040100,2012BU00241,01/03/2012,US-7 (Shelburne Rd/Home Ave),Burlington,NO DATA,NO DATA,NO DATA,NO DATA,I-189,NO DATA,NO DATA,25,1 - Rear End,NO DATA,NO DATA,NO DATA,NO DATA,NO DATA,NO DATA,State System (State Highways and Class I TH links),US-7,0.33,U007-0403,LRS,Property Damage Only,"(44.45052966, -73.20901491)"
4084,VT0040500,12CC01131,02/24/2012,US-7 (ROOSEVELT HWY),Colchester,NO DATA,NO DATA,7,NO DATA,ORCHARD DR,NO DATA,NO DATA,40,3 - Same Direction Sideswipe,NO DATA,446964,227318,NO DATA,NO DATA,NO DATA,State System (State Highways and Class I TH links),US-7,3.11,U007-0405,LRS,Property Damage Only,"(44.54407131, -73.16743923)"
4085,VT0040100,2012BU017571,07/16/2012,US-7 Shelburne Rd,Burlington,NO DATA,NO DATA,NO DATA,NO DATA,Home Ave,10,Feet,30,1 - Rear End,South,NO DATA,NO DATA,NO DATA,NO DATA,NO DATA,State System (State Highways and Class I TH links),US-7,0.33,U007-0403,LRS,Property Damage Only,"(44.45052966, -73.20901491)"
4086,VT0040100,20012BU005757,03/10/2012,US-7 (Shelburne Rd),Burlington,NO DATA,NO DATA,7,NO DATA,Home Ave,NO DATA,NO DATA,30,"16 - Right Turn and Thru, Same Direction Sideswipe/Angle Crash ^^--",NO DATA,NO DATA,NO DATA,NO DATA,NO DATA,NO DATA,State System (State Highways and Class I TH links),US-7,0.33,U007-0403,LRS,Property Damage Only,"(44.45052966, -73.20901491)"
4094,VT0040300,12SB010120,08/06/2012,US-7 Shelburne Road,South Burlington,NO DATA,7,NO DATA,NO DATA,Holmes Road,NO DATA,NO DATA,35,3 - Same Direction Sideswipe,NO DATA,443407,215122,NO DATA,NO DATA,NO DATA,State System (State Highways and Class I TH links),US-7,0.87,U007-0414,LRS,Property Damage Only,"(44.43338203, -73.21077881)"
4095,VT0040100,2012BU014119,06/11/2012,US-7 (595 Shelburne Rd),Burlington,NO DATA,NO DATA,NO DATA,NO DATA,I 189/Shelburne Rd,NO DATA,NO DATA,30,"8 - No Turns, Thru moves only, Broadside ^<",NO DATA,NO DATA,NO DATA,NO DATA,NO DATA,NO DATA,State System (State Highways and Class I TH links),US-7,0.26,U007-0403,LRS,Injury,"(44.44955300, -73.20910551)"
4096,VT0040700,12SH02330,09/18/2012,US-7 (3614 Shelburne Road),Shelburne,NO DATA,NO DATA,NO DATA,NO DATA,Shed Sales/green Mountain Kenworth,NO DATA,NO DATA,40,3 - Same Direction Sideswipe,NO DATA,NO DATA,NO DATA,NO DATA,NO DATA,NO DATA,State System (State Highways and Class I TH links),US-7,3.62,U007-0413,LRS,Injury,"(44.40338615, -73.21749611)"
4097,VT0040400,12WS02322,06/23/2012,US-7 (321 Main St),Winooski City,NO DATA,NO DATA,NO DATA,NO DATA,Burling St,50,Feet,25,NO DATA,South,004-45-054,002-22-199,NO DATA,NO DATA,NO DATA,State System (State Highways and Class I TH links),US-7,0.71,U007-0418,LRS,Property Damage Only,"(44.49841214, -73.18430421)"
4098,VT0040100,2012BU013052,05/31/2012,US-7 Shelburne Rd,Burlington,NO DATA,NO DATA,NO DATA,NO DATA,Price Chopper Enterance,NO DATA,NO DATA,99,1 - Rear End,NO DATA,NO DATA,NO DATA,NO DATA,NO DATA,NO DATA,State System (State Highways and Class I TH links),US-7,0.26,U007-0403,LRS,Property Damage Only,"(44.44955300, -73.20910551)"
4106,VT0040300,12SB017130,12/20/2012,US-7 Shelburne Road,South Burlington,NO DATA,NO DATA,NO DATA,NO DATA,Laurel Hill Drive,25,Feet,35,1 - Rear End,NO DATA,NO DATA,NO DATA,NO DATA,NO DATA,NO DATA,State System (State Highways and Class I TH links),US-7,1.44,U007-0414,LRS,Property Damage Only,"(44.44162158, -73.20994104)"
4107,VT0141000,12NW00982,07/23/2012,303 US Route 5 South,Norwich,NO DATA,NO DATA,5,NO DATA,Fogg's True Value,NO DATA,NO DATA,40,"18 - Right Turn and Thru, Broadside ^<--",NO DATA,514621,132962,NO DATA,NO DATA,NO DATA,State System (State Highways and Class I TH links),US-5,0.08,U005-1411,LRS,Property Damage Only,"(43.69724189, -72.31824863)"
4108,VT0040300,12SB02608,04/06/2012,US-7 (555 Shelburne Road),Burlington,NO DATA,NO DATA,NO DATA,NO DATA,Buffalo Wild Wings,500,Feet,35,1 - Rear End,North,443527,216525,NO DATA,NO DATA,NO DATA,State System (State Highways and Class I TH links),US-7,0.17,U007-0403,LRS,Property Damage Only,"(44.44829789, -73.20923019)"
4109,VT0040100,2012BU032406,12/25/2012,US-7 Shelburne Street,Burlington,NO DATA,NO DATA,NO DATA,NO DATA,Interstate I89 Exit Ramp,40,Feet,30,1 - Rear End,South,NO DATA,NO DATA,NO DATA,NO DATA,NO DATA,State System (State Highways and Class I TH links),US-7,0.16,U007-0403,LRS,Property Damage Only,"(44.44815811, -73.20923547)"
4110,VT0040100,2012BU023682,09/14/2012,US-7 (555 Shelburne Ave),Burlington,NO DATA,NO DATA,NO DATA,NO DATA,189,1,Feet,25,"17 - Right Turn, Same Direction, Rear End ^--^--",South,NO DATA,NO DATA,NO DATA,NO DATA,NO DATA,State System (State Highways and Class I TH links),US-7,0.16,U007-0403,LRS,Property Damage Only,"(44.44815811, -73.20923547)"
4118,VT0040300,12SB05929,05/18/2012,US-7 Shelburne Rd,Burlington,NO DATA,NO DATA,NO DATA,NO DATA,Swift St,100,Feet,35,1 - Rear End,North,443543,216481,NO DATA,NO DATA,NO DATA,State System (State Highways and Class I TH links),US-7,0.02,U007-0403,LRS,Property Damage Only,"(44.44620394, -73.20939403)"
4119,VT0040300,12SB010872,08/21/2012,US-7 Shelburne Rd,South Burlington,NO DATA,7,NO DATA,NO DATA,Baldwin Ave,50,Feet,35,3 - Same Direction Sideswipe,South,443463,215613,NO DATA,NO DATA,NO DATA,State System (State Highways and Class I TH links),US-7,1.23,U007-0414,LRS,Property Damage Only,"(44.43858608, -73.21025160)"
4120,VT0040100,2012BU023266,09/10/2012,US-7 Shelburne Rd,Burlington,NO DATA,NO DATA,NO DATA,NO DATA,I-89,1,Feet,35,3 - Same Direction Sideswipe,West,NO DATA,NO DATA,NO DATA,NO DATA,NO DATA,State System (State Highways and Class I TH links),US-7,0.01,U007-0403,LRS,Property Damage Only,"(44.44606428, -73.20940359)"
4121,VT0040100,2012BU028215,11/01/2012,US-7 Shelburne Road,Burlington,NO DATA,NO DATA,NO DATA,NO DATA,Interstate 189,NO DATA,NO DATA,30,1 - Rear End,NO DATA,NO DATA,NO DATA,NO DATA,NO DATA,NO DATA,State System (State Highways and Class I TH links),US-7,0.01,U007-0403,LRS,Property Damage Only,"(44.44606428, -73.20940359)"
4122,VT0040100,2012BU016057,07/01/2012,US-7 Shelburne Rd,Burlington,NO DATA,NO DATA,NO DATA,NO DATA,I-189,100,Feet,30,3 - Same Direction Sideswipe,South,NO DATA,NO DATA,NO DATA,NO DATA,NO DATA,State System (State Highways and Class I TH links),US-7,0.01,U007-0403,LRS,Property Damage Only,"(44.44606428, -73.20940359)"
4123,VT0040500,12CC04053,06/19/2012,US-7 Roosevelt Hwy,Colchester,NO DATA,NO DATA,7,NO DATA,Poor Farm Road,0,Miles,50,6 - Single Vehicle Crash,South,446882,226480,NO DATA,NO DATA,NO DATA,State System (State Highways and Class I TH links),US-7,2.83,U007-0405,LRS,Injury,"(44.54021448, -73.16868863)"
4131,VTVSP0900,12C301270,05/11/2012,US-7 (25600 Us Rt 7),Sunderland,NO DATA,NO DATA,7,NO DATA,Exit 3,0,Miles,55,6 - Single Vehicle Crash,North,448959,61854,7,215,2560,State System (State Highways and Class I TH links),US-7,2.14,U007-0215,LRS,Property Damage Only,"(43.05510930, -73.12649308)"
4132,VTVSP0900,12C302917,09/22/2012,US-7 (3000 Us Rt 7),Sunderland,NO DATA,NO DATA,7,NO DATA,Exit 3,0,Miles,55,6 - Single Vehicle Crash,South,448212,59867,70,215,80,State System (State Highways and Class I TH links),US-7,0.74,U007-0215,LRS,Injury,"(43.03618920, -73.13604982)"
4133,VT0040400,12WS02130,06/12/2012,US-7 (101 Main Street),Winooski City,NO DATA,NO DATA,NO DATA,NO DATA,Maple Street,100,Feet,25,1 - Rear End,South,004-45-390,002-21-633,NO DATA,NO DATA,NO DATA,State System (State Highways and Class I TH links),US-7,0.28,U007-0418,LRS,Property Damage Only,"(44.49253114, -73.18652408)"
4134,VTVSP0900,12C301984,07/10/2012,US-7 (3000 Us Rt 7),Shaftsbury,NO DATA,NO DATA,7,NO DATA,Radio Tower,NO DATA,NO DATA,55,7 - Other - Explain in Narrative,NO DATA,444332,50005,NO DATA,NO DATA,NO DATA,State System (State Highways and Class I TH links),US-7,1.25,U007-0213,LRS,Injury,"(42.94818887, -73.17690899)"
4135,VTVSP0900,12C301504,06/01/2012,800 US RT 7,Shaftsbury,NO DATA,NO DATA,7,NO DATA,Exit 2,2,Miles,55,6 - Single Vehicle Crash,North,444432,49352,70,213,80,State System (State Highways and Class I TH links),US-7,0.79,U007-0213,LRS,Property Damage Only,"(42.94221862, -73.18067680)"
4136,VT0040600,12MT01886,05/18/2012,US-7 (484 US Route 7),Milton,NO DATA,NO DATA,7,NO DATA,NO DATA,NO DATA,NO DATA,35,1 - Rear End,NO DATA,004-49-000,002-36-574,NO DATA,NO DATA,NO DATA,State System (State Highways and Class I TH links),US-7,2.55,U007-0410,LRS,Injury,"(44.62767647, -73.14243329)"
4144,VTVSP0900,12C303767,12/16/2012,US-7 (1617 Us Rt 7),Pownal,NO DATA,NO DATA,7,NO DATA,King's Way,70,Feet,50,6 - Single Vehicle Crash,North,441899,35783,NO DATA,NO DATA,NO DATA,State System (State Highways and Class I TH links),US-7,6.39,U007-0208,LRS,Property Damage Only,"(42.81695642, -73.21178620)"
4145,VTVSP0900,12C300034,01/05/2012,1850 US RT 7,Pownal,NO DATA,NO DATA,7,NO DATA,Jackson Cross Rd,500,Feet,50,6 - Single Vehicle Crash,South,441636,35053,70,208,640,State System (State Highways and Class I TH links),US-7,6.07,U007-0208,LRS,Property Damage Only,"(42.81270387, -73.21423038)"
4146,VT0040600,12MT03298,08/20/2012,US Route 7,Milton,NO DATA,NO DATA,NO DATA,NO DATA,Center Drive,NO DATA,NO DATA,35,3 - Same Direction Sideswipe,South,450576,235962,NO DATA,NO DATA,NO DATA,State System (State Highways and Class I TH links),US-7,3.67,U007-0410,LRS,Property Damage Only,"(44.62233887, -73.12255301)"
4147,VTVSP0900,12C301749,06/23/2012,2323 Us Rt 7,Pownal,NO DATA,NO DATA,7,NO DATA,Petit Lane,0,Miles,50,6 - Single Vehicle Crash,North,441226,34279,70,208,560,State System (State Highways and Class I TH links),US-7,5.46,U007-0208,LRS,Property Damage Only,"(42.80480850, -73.21961440)"
4148,VTVSP0900,12C303096,10/19/2012,US-7 (1200 Us Rt 7),Pownal,NO DATA,NO DATA,7,NO DATA,Center Street,500,Feet,40,6 - Single Vehicle Crash,South,441099,33760,70,208,11,State System (State Highways and Class I TH links),US-7,5.13,U007-0208,LRS,Property Damage Only,"(42.80005723, -73.22004595)"
4149,VT0040600,12MT03531,09/03/2012,US-7 (441-101 US Route 7),Milton,NO DATA,NO DATA,NO DATA,NO DATA,NO DATA,NO DATA,NO DATA,35,7 - Other - Explain in Narrative,NO DATA,449286,236441,NO DATA,NO DATA,NO DATA,State System (State Highways and Class I TH links),US-7,2.74,U007-0410,LRS,Property Damage Only,"(44.62637876, -73.13907553)"
4157,VT0040500,12CC04997,07/29/2012,US-7 (414 Roosevelt Highway),Colchester,NO DATA,NO DATA,7,NO DATA,NO DATA,NO DATA,NO DATA,40,"14 - Left Turn and Thru, Broadside v<--",NO DATA,445949,223347,NO DATA,NO DATA,NO DATA,State System (State Highways and Class I TH links),US-7,0.39,U007-0405,LRS,Property Damage Only,"(44.50796555, -73.18017263)"
4158,VTVSP0900,12C303534,11/20/2012,7594 US RT 7,Pownal,NO DATA,NO DATA,7,NO DATA,Stewart's Parking Lot,NO DATA,NO DATA,40,"18 - Right Turn and Thru, Broadside ^<--",NO DATA,441482,28079,NO DATA,NO DATA,NO DATA,State System (State Highways and Class I TH links),US-7,0.4,U007-0208,LRS,Property Damage Only,"(42.75052765, -73.21477959)"
4159,VT0040500,12CC02292,04/13/2012,US-7 Roosevelt Highway,Colchester,NO DATA,2,NO DATA,NO DATA,5819 Roosevelt Highway,0,Miles,50,"11 - Left Turn and Thru, Head On ^v--",North,004-47-490E,002-31-367N,NO DATA,NO DATA,NO DATA,State System (State Highways and Class I TH links),US-7,6.01,U007-0405,LRS,Property Damage Only,"(44.58266927, -73.16372095)"