ID,Reporting Agency,Report Number,Date,Street Address,Town,Number,Number1,Number2,Number3,Intersection,Distance From Intersection,Distance Unit,Posted Speed,Direction of Collision,Direction from Intersection,Easting,Northing,Mile Marker,Mile Marker 1,Mile Marker 2,AOT Roadway,AOT Route,AOT Actual Mile,LRS Number,How Mapped,Crash Type,Location 1
4503,VT0041000,12WT04470,12/14/2012,VT-2A Saint George Road,Williston,NO DATA,2A,NO DATA,NO DATA,Marshall Avenue,50,Feet,35,1 - Rear End,South,451222,216110,NO DATA,NO DATA,NO DATA,State System (State Highways and Class I TH links),VT-2A,3.32,V002A0417,LRS,Property Damage Only,"(44.44401701, -73.11250827)"
4504,VT0040200,12ES03321,06/12/2012,VT-2A COLCHESTER RD,Essex,NO DATA,2A,NO DATA,NO DATA,I 289 X 7,NO DATA,NO DATA,40,1 - Rear End,South,450443,224411,NO DATA,NO DATA,NO DATA,State System (State Highways and Class I TH links),VT-2A,2.73,V002A0406,LRS,Property Damage Only,"(44.51864559, -73.12321935)"
4505,VT0041000,12WT03192,09/11/2012,VT-2A (500 Essex Rd),Williston,NO DATA,2A,NO DATA,NO DATA,Morgan Parkway,50,Feet,40,1 - Rear End,North,451204,219597,NO DATA,NO DATA,NO DATA,State System (State Highways and Class I TH links),VT-2A,5.5,V002A0417,LRS,Property Damage Only,"(44.47524423, -73.11334452)"
4506,VT0041000,12WT01850,06/11/2012,Rt. 2a @ Zephyr,Williston,NO DATA,NO DATA,2A,NO DATA,Guy Farm And Yard,10,Feet,35,1 - Rear End,South,450856,217059,NO DATA,NO DATA,NO DATA,State System (State Highways and Class I TH links),VT-2A,3.99,V002A0417,LRS,Property Damage Only,"(44.45347735, -73.11144984)"
4507,VT0120100,12BA01760,03/18/2012,US-302 (475 N Main Street),Barre City,NO DATA,NO DATA,302,NO DATA,Berlin,NO DATA,NO DATA,25,1 - Rear End,NO DATA,004-99-036,001-89-579,NO DATA,NO DATA,NO DATA,State System (State Highways and Class I TH links),US-302,1.34,U302-1201,LRS,Property Damage Only,"(44.20614250, -72.51189572)"
4515,VT0041000,12WT04432,12/11/2012,VT-2A (1033 Essex Road),Williston,NO DATA,2A,NO DATA,NO DATA,Essex Road @ Industrial Avenue,50,Feet,35,1 - Rear End,North,451243,218592,NO DATA,NO DATA,NO DATA,State System (State Highways and Class I TH links),VT-2A,4.94,V002A0417,LRS,Injury,"(44.46714886, -73.11297385)"
4516,VT0040200,12ES00366,01/19/2012,VT-2A (2 PARK ST),Essex,NO DATA,NO DATA,NO DATA,NO DATA,5 CORNERS,4,Feet,25,3 - Same Direction Sideswipe,South,451380,221356,NO DATA,NO DATA,NO DATA,State System (State Highways and Class I TH links),VT-2A,0.65,V002A0406,LRS,Property Damage Only,"(44.49030097, -73.11136825)"
4517,VT0041000,12WT00735,03/09/2012,VT-2A (2200 Essex Road),Williston,NO DATA,NO DATA,NO DATA,NO DATA,Tafts Corners,NO DATA,NO DATA,35,1 - Rear End,NO DATA,451392,216762,NO DATA,NO DATA,NO DATA,State System (State Highways and Class I TH links),VT-2A,3.72,V002A0417,LRS,Property Damage Only,"(44.44959481, -73.11097145)"
4518,VTVSP0700,12A204807,10/11/2012,US-7 (7561 Ethan Allen Highway),Georgia,NO DATA,NO DATA,7,NO DATA,Wilder Drive,2,Feet,50,"14 - Left Turn and Thru, Broadside v<--",North,451744,243600,NO DATA,NO DATA,NO DATA,State System (State Highways and Class I TH links),US-7,7.58,U007-0608,LRS,Injury,"(44.78006898, -73.10549854)"
4519,VT0120100,12BA08825,12/21/2012,US-302 North Main St,Barre City,NO DATA,NO DATA,NO DATA,NO DATA,Berlin St,1,Feet,25,1 - Rear End,West,004-99-195,001-89-590,NO DATA,NO DATA,NO DATA,State System (State Highways and Class I TH links),US-302,1.31,U302-1201,LRS,Injury,"(44.20647673, -72.51227362)"
4520,VT0120600,12BL02083,08/22/2012,US RTE 302,Berlin,NO DATA,NO DATA,302,NO DATA,Overlook Drive,30,Feet,40,3 - Same Direction Sideswipe,East,495709,192075,NO DATA,NO DATA,NO DATA,State System (State Highways and Class I TH links),US-302,0.4,U302-1203,LRS,Property Damage Only,"(44.22949016, -72.55316296)"
4528,VT0041000,12WT00511,02/16/2012,VT-2A St. George Road,Williston,NO DATA,2A,NO DATA,NO DATA,Williston Road,20,Feet,35,1 - Rear End,South,451371,216754,NO DATA,NO DATA,NO DATA,State System (State Highways and Class I TH links),VT-2A,3.72,V002A0417,LRS,Property Damage Only,"(44.44959481, -73.11097145)"
4529,VT0120100,12BA03452,05/22/2012,US-302 N Main Street,Barre City,NO DATA,NO DATA,NO DATA,NO DATA,West Second Street,NO DATA,NO DATA,25,"8 - No Turns, Thru moves only, Broadside ^<",West,004-98-953,001-89-688,NO DATA,NO DATA,NO DATA,State System (State Highways and Class I TH links),US-302,1.25,U302-1201,LRS,Property Damage Only,"(44.20719265, -72.51293770)"
4530,VT0120100,12BA05218,07/23/2012,US-302 (524 North Main St),Barre City,NO DATA,NO DATA,NO DATA,NO DATA,524 North Main St,1,Feet,25,1 - Rear End,North,004-98-963,001-89-684,NO DATA,NO DATA,NO DATA,State System (State Highways and Class I TH links),US-302,1.24,U302-1201,LRS,Property Damage Only,"(44.20731230, -72.51304771)"
4531,VT0120500,12BT01689,06/25/2012,US-302 Washington Rd,Barre Town,NO DATA,110,NO DATA,NO DATA,Mill St,NO DATA,NO DATA,35,4 - Opp Direction Sideswipe,NO DATA,NO DATA,NO DATA,NO DATA,NO DATA,NO DATA,State System (State Highways and Class I TH links),US-302,2.55,U302-1202,LRS,Property Damage Only,"(44.16092148, -72.44864844)"
4532,VT0120100,12BA03684,05/20/2012,US-302 North Main Street,Barre City,NO DATA,NO DATA,NO DATA,NO DATA,Cumberland Farms,50,Feet,25,1 - Rear End,West,005-00-701,001-81-911,NO DATA,NO DATA,NO DATA,State System (State Highways and Class I TH links),US-302,1.21,U302-1201,LRS,Property Damage Only,"(44.20767023, -72.51337983)"
4540,VT0120100,12BA01321,02/29/2012,US 302 (N Main St),Barre City,NO DATA,NO DATA,302,NO DATA,Willey St,NO DATA,NO DATA,25,1 - Rear End,NO DATA,005-00-233,001-88-505,NO DATA,NO DATA,NO DATA,State System (State Highways and Class I TH links),US-302,1.03,U302-1201,LRS,Property Damage Only,"(44.20988444, -72.51521502)"
4541,VT0120100,12BA03474,05/23/2012,US-302 North Main Street,Barre City,NO DATA,NO DATA,NO DATA,NO DATA,Richardson Road,5,Feet,25,3 - Same Direction Sideswipe,North,004-99-867,001-88-574,NO DATA,NO DATA,NO DATA,State System (State Highways and Class I TH links),US-302,0.78,U302-1201,LRS,Property Damage Only,"(44.21147334, -72.51932202)"
4542,VT0120100,12BA07158,10/05/2012,US-302 North Main St,Barre City,NO DATA,NO DATA,NO DATA,NO DATA,825 North Main St,1,Feet,40,1 - Rear End,North,004-98-024,001-90-344,NO DATA,NO DATA,NO DATA,State System (State Highways and Class I TH links),US-302,0.47,U302-1201,LRS,Injury,"(44.21326096, -72.52462292)"
4543,VT0040200,12ES06701,11/09/2012,VT-2A (42 LINCOLN ST),Essex,NO DATA,NO DATA,NO DATA,NO DATA,NO DATA,NO DATA,NO DATA,25,"12 - Left Turn and Thru, Same Direction Sideswipe/Angle Crash vv--",NO DATA,451337,221736,NO DATA,NO DATA,NO DATA,State System (State Highways and Class I TH links),VT-2A,0.93,V002A0406,LRS,Property Damage Only,"(44.49429728, -73.11153492)"
4544,VTVSP1300,12B301521,07/13/2012,US RT 302,Topsham,NO DATA,NO DATA,302,NO DATA,Dana Thurston Rd.,50,Feet,50,6 - Single Vehicle Crash,West,514808,182332,3020,912,0,State System (State Highways and Class I TH links),US-302,0.15,U302-0912,LRS,Property Damage Only,"(44.14137689, -72.31450200)"
4545,VTVSP1200,12A300379,01/21/2012,US Route 302,Orange,NO DATA,NO DATA,302,NO DATA,Provencher Lane,0,Miles,50,6 - Single Vehicle Crash,East,511260,182462,320,908,420,State System (State Highways and Class I TH links),US-302,4.54,U302-0908,LRS,Property Damage Only,"(44.14164664, -72.34980311)"
4553,VTVSP1200,12A302632,06/19/2012,US-302 (268 US Route 302),Orange,NO DATA,NO DATA,302,NO DATA,Reservoir Road,0,Miles,50,6 - Single Vehicle Crash,East,506279,183611,3020,1202,132,State System (State Highways and Class I TH links),US-302,1.35,U302-0908,LRS,Property Damage Only,"(44.14977138, -72.41210377)"
4554,VTVSP1200,12A301960,05/11/2012,US-302,Orange,NO DATA,NO DATA,302,NO DATA,Reservoir Road,1,Miles,50,6 - Single Vehicle Crash,East,506327,183617,3020,980,80,State System (State Highways and Class I TH links),US-302,0.81,U302-0908,LRS,Injury,"(44.15268993, -72.42150617)"
4555,VTVSP1200,12A304132,09/18/2012,US-302,Orange,NO DATA,NO DATA,302,NO DATA,Reservoir Road,10,Feet,50,1 - Rear End,South,505563,183612,3020,1202,31,State System (State Highways and Class I TH links),US-302,0.33,U302-0908,LRS,Property Damage Only,"(44.15250251, -72.42999359)"
4556,VTVSP1300,12B301288,06/21/2012,US-302 (34 Railroad Street),Newbury,NO DATA,NO DATA,302,NO DATA,Engle Drive,0,Miles,30,1 - Rear End,West,536558,183768,302,907,462,State System (State Highways and Class I TH links),US-302,4.84,U302-0907,LRS,Property Damage Only,"(44.15353151, -72.04252294)"
4557,VTVSP1300,12B302804,12/29/2012,US Route 302,Newbury,NO DATA,NO DATA,302,NO DATA,Jct US RT 302 And US RT 5,5,Feet,30,1 - Rear End,East,534982,183998,302,907,440,State System (State Highways and Class I TH links),US-302,4.63,U302-0907,LRS,Property Damage Only,"(44.15246636, -72.04601475)"
4558,VTVSP1300,12B301451,07/07/2012,US RT 302,Newbury,NO DATA,NO DATA,302,NO DATA,US Route 5,100,Feet,30,6 - Single Vehicle Crash,West,536177,183878,302,907,400,State System (State Highways and Class I TH links),US-302,4.6,U302-0907,LRS,Property Damage Only,"(44.15416484, -72.04750914)"
4566,VTVSP1300,12B302385,10/29/2012,US Route 302,Ryegate,NO DATA,NO DATA,302,NO DATA,Witherspoon Road,0,Miles,50,6 - Single Vehicle Crash,West,526723,189412,302,310,20,State System (State Highways and Class I TH links),US-302,0.25,U302-0310,LRS,Property Damage Only,"(44.20431109, -72.16533808)"
4567,VT0040500,12CC00083,01/05/2012,VT-2A (1465 Main Street),Colchester,NO DATA,2A,NO DATA,NO DATA,NO DATA,NO DATA,NO DATA,35,6 - Single Vehicle Crash,NO DATA,004-48-858,002-26-876,NO DATA,NO DATA,NO DATA,State System (State Highways and Class I TH links),VT-2A,0.97,V002A0405,LRS,Property Damage Only,"(44.53878203, -73.14133202)"
4568,VTVSP1300,12B301596,07/21/2012,US-302 Scott Highway,Groton,NO DATA,NO DATA,302,NO DATA,Branch Brook Road,150,Feet,50,6 - Single Vehicle Crash,East,523424,-31473,3020,304,580,State System (State Highways and Class I TH links),US-302,5.58,U302-0304,LRS,Property Damage Only,"(44.21692690, -72.21133919)"
4569,VT0041000,12WT04229,11/28/2012,Route 2a @ Hurricane Lane,Williston,NO DATA,NO DATA,NO DATA,NO DATA,Route 2a @ Hurricane Lane,50,Feet,40,3 - Same Direction Sideswipe,South,450981,215493,NO DATA,NO DATA,NO DATA,State System (State Highways and Class I TH links),VT-2A,2.83,V002A0417,LRS,Property Damage Only,"(44.43742058, -73.11612078)"
4570,VTVSP1300,12B302663,12/07/2012,US RT 302,Groton,NO DATA,NO DATA,302,NO DATA,Route 232,0,Miles,50,6 - Single Vehicle Crash,East,521547,191036,3020,304,460,State System (State Highways and Class I TH links),US-302,5.08,U302-0304,LRS,Property Damage Only,"(44.21954610, -72.22044663)"
4571,VT0110300,12CT01516,12/20/2012,VT-4A Main Street,Castleton,NO DATA,NO DATA,NO DATA,NO DATA,Mechanic Street,150,Feet,30,3 - Same Direction Sideswipe,West,445814,123947,NO DATA,NO DATA,NO DATA,State System (State Highways and Class I TH links),VT-4A,3.38,V004A1103,LRS,Property Damage Only,"(43.61166921, -73.17812515)"
4579,VT0040200,12ES02279,04/27/2012,VT-2A (47 Park St),Essex,NO DATA,NO DATA,NO DATA,NO DATA,Iroquois Ave,NO DATA,NO DATA,25,1 - Rear End,South,451086,223153,NO DATA,NO DATA,NO DATA,State System (State Highways and Class I TH links),VT-2A,0.43,V002A0406,LRS,Property Damage Only,"(44.48734338, -73.11307805)"
4580,VT0041000,12WT02465,07/25/2012,Route 2a @ Maple Tree Place,Williston,NO DATA,NO DATA,NO DATA,NO DATA,Longhorn Steak House,20,Feet,35,3 - Same Direction Sideswipe,South,451259,216172,NO DATA,NO DATA,NO DATA,State System (State Highways and Class I TH links),VT-2A,3.33,V002A0417,LRS,Property Damage Only,"(44.44415220, -73.11243652)"
4581,VTVSP0700,12A202218,05/27/2012,US-7 Ethan Allen Highway,Georgia,NO DATA,NO DATA,7,NO DATA,Oakland Station Road,15,Feet,50,6 - Single Vehicle Crash,North,452297,246248,NO DATA,NO DATA,NO DATA,State System (State Highways and Class I TH links),US-7,2.49,U007-0608,LRS,Injury,"(44.71401858, -73.10139179)"
4582,VTVSP0300,12C105564,10/13/2012,US-7,Wallingford,NO DATA,NO DATA,7,NO DATA,Haven Hill Rd,0,Miles,45,6 - Single Vehicle Crash,South,461657,109299,NO DATA,NO DATA,NO DATA,State System (State Highways and Class I TH links),US-7,6.09,U007-1125,LRS,Property Damage Only,"(43.48096368, -72.97425586)"
4583,VTVSP0300,12C104190,08/10/2012,US-7 (172 N Main St),Wallingford,NO DATA,NO DATA,7,NO DATA,TH 10,NO DATA,NO DATA,30,1 - Rear End,NO DATA,461411,108327,70,1125,570,State System (State Highways and Class I TH links),US-7,5.61,U007-1125,LRS,Property Damage Only,"(43.47425814, -72.97683315)"
4584,VTVSP0300,12C102463,05/16/2012,US-7 (172 N Main St),Wallingford,NO DATA,NO DATA,7,NO DATA,Hull Ave,70,Feet,30,"10 - Left Turn and Thru, Angle Broadside -->v--",North,461417,108322,NO DATA,NO DATA,NO DATA,State System (State Highways and Class I TH links),US-7,5.61,U007-1125,LRS,Injury,"(43.47425814, -72.97683315)"
4592,VTVSP0300,12C106453,11/26/2012,US-7,Rutland Town,NO DATA,NO DATA,7,NO DATA,NO DATA,1,Miles,50,7 - Other - Explain in Narrative,North,460861,127364,70,1120,220,State System (State Highways and Class I TH links),US-7,2.37,U007-1120,LRS,Fatal,"(43.64547168, -72.98511981)"
4593,VT0040200,12ES06509,10/03/2012,VT-2A (224 Colchester Rd),Essex,NO DATA,NO DATA,NO DATA,NO DATA,NO DATA,NO DATA,NO DATA,99,"8 - No Turns, Thru moves only, Broadside ^<",NO DATA,450401,224656,NO DATA,NO DATA,NO DATA,State System (State Highways and Class I TH links),VT-2A,2.86,V002A0406,LRS,Property Damage Only,"(44.52051454, -73.12315692)"
4594,VTVSP0300,12C101042,02/27/2012,US Rt 7 @ 1094 US-7,Rutland Town,NO DATA,NO DATA,7,NO DATA,East Pittsford,1,Miles,50,6 - Single Vehicle Crash,NO DATA,461436,126745,NO DATA,NO DATA,NO DATA,State System (State Highways and Class I TH links),US-7,1.94,U007-1120,LRS,Injury,"(43.64102995, -72.97959084)"
4595,VTVSP0300,12C105683,10/19/2012,US-7,Rutland Town,NO DATA,NO DATA,7,NO DATA,Post Rd,15,Feet,40,1 - Rear End,North,461588,126232,NO DATA,NO DATA,NO DATA,State System (State Highways and Class I TH links),US-7,1.48,U007-1120,LRS,Injury,"(43.63502070, -72.97601774)"
4596,VTVSP0300,12C101057,02/28/2012,VT-3,Pittsford,NO DATA,3,NO DATA,NO DATA,Dawn Meadow Lane,100,Feet,50,NO DATA,North,457996,130983,NO DATA,NO DATA,NO DATA,State System (State Highways and Class I TH links),VT-3,1.74,V003-1116,LRS,Property Damage Only,"(43.68804190, -73.02069208)"
4705,VT0040200,12ES01902,04/10/2012,VT-2A (51 PARK ST),Essex,NO DATA,NO DATA,NO DATA,NO DATA,NO DATA,50,Feet,25,1 - Rear End,South,451209,220947,NO DATA,NO DATA,NO DATA,State System (State Highways and Class I TH links),VT-2A,0.41,V002A0406,LRS,Injury,"(44.48707482, -73.11323473)"
4597,VT0041000,12WT001023,04/02/2012,VT-2A Essex Rd./7928 Williston Road,Williston,NO DATA,NO DATA,NO DATA,NO DATA,Essex Road/Knigt Lane,NO DATA,NO DATA,40,1 - Rear End,NO DATA,451329,217240,NO DATA,NO DATA,NO DATA,State System (State Highways and Class I TH links),VT-2A,4.1,V002A0417,LRS,Property Damage Only,"(44.45505990, -73.11163356)"
4605,VTVSP0300,12C103149,06/20/2012,US-7,Rutland Town,NO DATA,NO DATA,7,NO DATA,Cop John Dr,NO DATA,NO DATA,45,"8 - No Turns, Thru moves only, Broadside ^<",NO DATA,462248,120377,70,1120,40,State System (State Highways and Class I TH links),US-7,0.84,U007-1120,LRS,Property Damage Only,"(43.58544523, -72.96805688)"
4606,VTVSP0300,12C106302,11/17/2012,US Rt 7,Rutland Town,NO DATA,NO DATA,7,NO DATA,Seward Rd,86,Feet,45,1 - Rear End,South,462217,120629,70,1120,80,State System (State Highways and Class I TH links),US-7,0.83,U007-1120,LRS,Property Damage Only,"(43.58530656, -72.96802876)"
4607,VT0041000,12WT01635,05/24/2012,VT-2A Essex Road,Williston,NO DATA,2A,NO DATA,NO DATA,Country Lane,30,Feet,40,1 - Rear End,North,451245,218326,NO DATA,NO DATA,NO DATA,State System (State Highways and Class I TH links),VT-2A,4.67,V002A0417,LRS,Property Damage Only,"(44.46325574, -73.11266609)"
4608,VT0110200,12RL12338,12/05/2012,Rt 7 - South Main Street,Rutland Town,NO DATA,NO DATA,NO DATA,NO DATA,Replay Sports - Rutland Town,NO DATA,NO DATA,35,1 - Rear End,South,462146,121260,NO DATA,NO DATA,NO DATA,State System (State Highways and Class I TH links),US-7,0.81,U007-1120,LRS,Property Damage Only,"(43.58502922, -72.96797252)"
4609,VTVSP0300,12C103654,07/15/2012,US-7,Rutland Town,NO DATA,NO DATA,7,NO DATA,US 4,100,Feet,45,7 - Other - Explain in Narrative,North,462319,119948,70,1120,40,State System (State Highways and Class I TH links),US-7,0.38,U007-1120,LRS,Property Damage Only,"(43.57888697, -72.96672028)"
4610,VT0110200,12RL09263,09/10/2012,US 7 299 North Main Street,Rutland City,NO DATA,NO DATA,NO DATA,NO DATA,Lincoln Avenue,NO DATA,NO DATA,35,6 - Single Vehicle Crash,NO DATA,461548,125744,NO DATA,NO DATA,NO DATA,State System (State Highways and Class I TH links),US-7,2.8,U007-1119,LRS,Injury,"(43.63044819, -72.97626268)"
4611,VT0110200,12RL00248,01/10/2012,(US-7)┬á 299 North Main Street,Rutland City,NO DATA,NO DATA,7,NO DATA,IFO Comcast,NO DATA,NO DATA,35,"8 - No Turns, Thru moves only, Broadside ^<",NO DATA,463137,122011,NO DATA,NO DATA,NO DATA,State System (State Highways and Class I TH links),US-7,2.8,U007-1119,LRS,Property Damage Only,"(43.63044819, -72.97626268)"
4612,VT0110200,12RL06444,07/06/2012,US-7 (261 North Main Street),Rutland City,NO DATA,NO DATA,NO DATA,NO DATA,Noble's Ace Hardware,NO DATA,NO DATA,35,7 - Other - Explain in Narrative,NO DATA,461599,125328,NO DATA,NO DATA,NO DATA,State System (State Highways and Class I TH links),US-7,2.58,U007-1119,LRS,Property Damage Only,"(43.62729199, -72.97571008)"
4613,VT0040200,12ES06789,11/15/2012,VT-2A (63 PARK ST),Essex,NO DATA,NO DATA,NO DATA,NO DATA,NO DATA,NO DATA,NO DATA,25,1 - Rear End,South,454902,199126,NO DATA,NO DATA,NO DATA,State System (State Highways and Class I TH links),VT-2A,0.35,V002A0406,LRS,Property Damage Only,"(44.48626531, -73.11369176)"
4614,VT0110200,12RL03621,04/26/2012,US-7 North Main Street,Rutland City,NO DATA,NO DATA,NO DATA,NO DATA,Field Avenue,NO DATA,Feet,35,1 - Rear End,South,461531,125699,NO DATA,NO DATA,NO DATA,State System (State Highways and Class I TH links),US-7,2.52,U007-1119,LRS,Injury,"(43.62643161, -72.97555484)"
4615,VT0110200,12RL04990,06/01/2012,US-7 North Main Street,Rutland City,NO DATA,NO DATA,NO DATA,NO DATA,Park Mobil,NO DATA,NO DATA,35,"20 - Right Turn and Thru, Angle Broadside -->^--",NO DATA,462622,121521,NO DATA,NO DATA,NO DATA,State System (State Highways and Class I TH links),US-7,2.38,U007-1119,LRS,Property Damage Only,"(43.62442361, -72.97519745)"
4616,VT0110200,12RL08504,08/22/2012,US-7 North Main Street,Rutland City,NO DATA,NO DATA,NO DATA,NO DATA,Sewards Restaurant,NO DATA,NO DATA,35,1 - Rear End,NO DATA,461651,124898,NO DATA,NO DATA,NO DATA,State System (State Highways and Class I TH links),US-7,2.33,U007-1119,LRS,Property Damage Only,"(43.62370614, -72.97507314)"
4617,VT0120500,12BT00516,03/01/2012,US-302 E Barre Rd,Barre Town,NO DATA,NO DATA,302,NO DATA,Messier Dr,1,Miles,40,6 - Single Vehicle Crash,East,005-02-171E,001-86-483N,NO DATA,NO DATA,NO DATA,State System (State Highways and Class I TH links),US-302,1.42,U302-1202,LRS,Property Damage Only,"(44.17169067, -72.46458523)"
4618,VT0110200,12RL12984,12/26/2012,US-7 North Main Street,Rutland City,NO DATA,NO DATA,NO DATA,NO DATA,Tenny Brook,NO DATA,NO DATA,35,"10 - Left Turn and Thru, Angle Broadside -->v--",NO DATA,461651,124898,NO DATA,NO DATA,NO DATA,State System (State Highways and Class I TH links),US-7,2.31,U007-1119,LRS,Property Damage Only,"(43.62341957, -72.97501923)"
4619,VT0110200,12RL00150,01/06/2012,US-7 (North Main Street),Rutland City,NO DATA,NO DATA,7,NO DATA,Vernon Street,NO DATA,NO DATA,35,3 - Same Direction Sideswipe,NO DATA,461651,124898,NO DATA,NO DATA,NO DATA,State System (State Highways and Class I TH links),US-7,2.3,U007-1119,LRS,Property Damage Only,"(43.62327604, -72.97499490)"
4620,VT0110200,12RL10553,10/14/2012,US-7 North Main Street,Rutland City,NO DATA,NO DATA,NO DATA,NO DATA,171 North Main Street,400,Feet,35,2 - Head On,North,461743,124373,NO DATA,NO DATA,NO DATA,State System (State Highways and Class I TH links),US-7,2.19,U007-1119,LRS,Property Damage Only,"(43.62169743, -72.97472416)"
4621,VT0041000,12WT00926,03/24/2012,VT-2A (2777 St. George Road),Williston,NO DATA,NO DATA,NO DATA,NO DATA,NO DATA,NO DATA,NO DATA,35,"10 - Left Turn and Thru, Angle Broadside -->v--",NO DATA,451142,215899,NO DATA,NO DATA,NO DATA,State System (State Highways and Class I TH links),VT-2A,3.2,V002A0417,LRS,Property Damage Only,"(44.44239547, -73.11337181)"
4629,VT0041000,12WT01970,06/20/2012,VT-2A (500 Essex Road),Williston,NO DATA,2A,NO DATA,NO DATA,Jiffy Mart,5,Feet,40,6 - Single Vehicle Crash,South,451194,219639,NO DATA,NO DATA,NO DATA,State System (State Highways and Class I TH links),VT-2A,5.5,V002A0417,LRS,Property Damage Only,"(44.47524423, -73.11334452)"
4630,VT0041000,12WT01964,06/20/2012,VT-2A (2200 Essex Road),Williston,NO DATA,2A,NO DATA,NO DATA,Taft Corners Mobil,35,Feet,35,"8 - No Turns, Thru moves only, Broadside ^<",North,451363,216846,NO DATA,NO DATA,NO DATA,State System (State Highways and Class I TH links),VT-2A,3.75,V002A0417,LRS,Property Damage Only,"(44.45002664, -73.11101875)"
4631,VT0110200,12RL06559,07/09/2012,US-7 North Main Street,Rutland City,NO DATA,NO DATA,NO DATA,NO DATA,Crescent Street,NO DATA,NO DATA,35,1 - Rear End,NO DATA,461752,124180,NO DATA,NO DATA,NO DATA,State System (State Highways and Class I TH links),US-7,1.82,U007-1119,LRS,Property Damage Only,"(43.61639395, -72.97374595)"
4632,VT0110200,12RL12495,12/10/2012,US-7 North Main Street,Rutland City,NO DATA,NO DATA,NO DATA,NO DATA,Crescent Street,NO DATA,NO DATA,30,3 - Same Direction Sideswipe,NO DATA,461753,124105,NO DATA,NO DATA,NO DATA,State System (State Highways and Class I TH links),US-7,1.82,U007-1119,LRS,Property Damage Only,"(43.61639395, -72.97374595)"
4633,VT0110200,12RL08000,08/10/2012,US-7 North Main Street,Rutland City,NO DATA,NO DATA,NO DATA,NO DATA,Crescent Street,NO DATA,NO DATA,35,1 - Rear End,South,461753,124105,NO DATA,NO DATA,NO DATA,State System (State Highways and Class I TH links),US-7,1.82,U007-1119,LRS,Property Damage Only,"(43.61639395, -72.97374595)"
4641,VT0110200,12RL00750,01/27/2012,US-7 North Main Street,Rutland City,NO DATA,NO DATA,NO DATA,NO DATA,Roberts Avenue,75,Feet,35,1 - Rear End,North,461766,123972,NO DATA,NO DATA,NO DATA,State System (State Highways and Class I TH links),US-7,1.69,U007-1119,LRS,Injury,"(43.61452693, -72.97340345)"
4642,VT0110200,12RL00749,01/27/2012,North Main Street,Rutland City,NO DATA,NO DATA,NO DATA,NO DATA,Roberts Avenue,75,Feet,35,"16 - Right Turn and Thru, Same Direction Sideswipe/Angle Crash ^^--",North,461766,123972,NO DATA,NO DATA,NO DATA,State System (State Highways and Class I TH links),US-7,1.69,U007-1119,LRS,Injury,"(43.61452693, -72.97340345)"
4643,VTVSP0100,12A102415,07/01/2012,VT-2A St George Rd,Williston,NO DATA,2A,NO DATA,NO DATA,"I 89, Exit 12",0,Feet,35,"12 - Left Turn and Thru, Same Direction Sideswipe/Angle Crash vv--",South,451083,215702,NO DATA,NO DATA,NO DATA,State System (State Highways and Class I TH links),VT-2A,3.05,V002A0417,LRS,Property Damage Only,"(44.44038218, -73.11449897)"
4644,VT0110200,12RL10707,10/18/2012,US-7 North Main Street,Rutland City,NO DATA,NO DATA,NO DATA,NO DATA,Roberts Avenue,NO DATA,NO DATA,35,"10 - Left Turn and Thru, Angle Broadside -->v--",NO DATA,461810,123719,NO DATA,NO DATA,NO DATA,State System (State Highways and Class I TH links),US-7,1.68,U007-1119,LRS,Injury,"(43.61438333, -72.97337677)"
4645,VTVSP0300,12C104905,09/14/2012,VT-4A,West Rutland,4A,NO DATA,NO DATA,NO DATA,Whipple Hollow Rd TH 4,400,Feet,45,6 - Single Vehicle Crash,West,453450,122841,NO DATA,NO DATA,NO DATA,State System (State Highways and Class I TH links),VT-4A,1.14,V004A1128,LRS,Property Damage Only,"(43.60437880, -73.06614784)"
4653,VT0110200,12RL03742,04/30/2012,US-7 (65 North Main Street),Rutland City,NO DATA,NO DATA,NO DATA,NO DATA,Kendall Avenue,NO DATA,NO DATA,35,"16 - Right Turn and Thru, Same Direction Sideswipe/Angle Crash ^^--",South,461810,123719,NO DATA,NO DATA,NO DATA,State System (State Highways and Class I TH links),US-7,1.58,U007-1119,LRS,Property Damage Only,"(43.61294754, -72.97310849)"