ID,Reporting Agency,Report Number,Date,Street Address,Town,Number,Number1,Number2,Number3,Intersection,Distance From Intersection,Distance Unit,Posted Speed,Direction of Collision,Direction from Intersection,Easting,Northing,Mile Marker,Mile Marker 1,Mile Marker 2,AOT Roadway,AOT Route,AOT Actual Mile,LRS Number,How Mapped,Crash Type,Location 1
4654,VTVSP0100,12A102869,07/28/2012,VT-2A St George Rd,Williston,NO DATA,2A,NO DATA,NO DATA,#2777,NO DATA,NO DATA,35,"8 - No Turns, Thru moves only, Broadside ^<",North,451155,215962,NO DATA,NO DATA,NO DATA,State System (State Highways and Class I TH links),VT-2A,3.18,V002A0417,LRS,Property Damage Only,"(44.44212573, -73.11351760)"
4655,VT0040200,12ES01810,04/05/2012,VT-2A (69 PARK ST),Essex,NO DATA,2A,NO DATA,NO DATA,RIVER ST,NO DATA,NO DATA,25,"8 - No Turns, Thru moves only, Broadside ^<",NO DATA,451153,220782,NO DATA,NO DATA,NO DATA,State System (State Highways and Class I TH links),VT-2A,0.31,V002A0406,LRS,Property Damage Only,"(44.48571955, -73.11397376)"
4656,VT0110200,12RL01077,02/08/2012,US-7 North Main Street,Rutland City,NO DATA,NO DATA,NO DATA,NO DATA,Lagasse's Restaurant Entryway,80,Feet,35,3 - Same Direction Sideswipe,North,461869,123500,NO DATA,NO DATA,NO DATA,State System (State Highways and Class I TH links),US-7,1.45,U007-1119,LRS,Property Damage Only,"(43.61108162, -72.97275373)"
4657,VT0110200,12RL12423,12/08/2012,US-7 North Main Street,Rutland City,NO DATA,NO DATA,NO DATA,NO DATA,Woodstock Avenue,20,Feet,35,3 - Same Direction Sideswipe,West,461852,123493,NO DATA,NO DATA,NO DATA,State System (State Highways and Class I TH links),US-7,1.42,U007-1119,LRS,Property Damage Only,"(43.61065033, -72.97267908)"
4665,VT0110200,12RL03050,04/09/2012,US-7 North Main Street,Rutland City,NO DATA,NO DATA,NO DATA,NO DATA,Woodstock Avenue,NO DATA,NO DATA,35,"8 - No Turns, Thru moves only, Broadside ^<",North,461869,123500,NO DATA,NO DATA,NO DATA,State System (State Highways and Class I TH links),US-7,1.42,U007-1119,LRS,Property Damage Only,"(43.61065033, -72.97267908)"
4666,VT0110200,12RL01623,02/28/2012,US-7 (North Main Street),Rutland City,NO DATA,NO DATA,7,NO DATA,Woodstock Avenue,50,Feet,35,3 - Same Direction Sideswipe,South,461869,123500,NO DATA,NO DATA,NO DATA,State System (State Highways and Class I TH links),US-7,1.41,U007-1119,LRS,Property Damage Only,"(43.61050854, -72.97264459)"
4667,VT0120500,12BT02876,10/22/2012,US-302 (697 E Barre Rd),Barre Town,NO DATA,NO DATA,302,NO DATA,McLaughlin Rd,NO DATA,NO DATA,40,6 - Single Vehicle Crash,NO DATA,NO DATA,NO DATA,NO DATA,NO DATA,NO DATA,State System (State Highways and Class I TH links),US-302,1.16,U302-1202,LRS,Property Damage Only,"(44.17455330, -72.46783280)"
4668,VT0110200,12RL10175,10/04/2012,US-7 North Main Street,Rutland City,NO DATA,NO DATA,NO DATA,NO DATA,Burger King,NO DATA,NO DATA,35,"8 - No Turns, Thru moves only, Broadside ^<",NO DATA,461869,123500,NO DATA,NO DATA,NO DATA,State System (State Highways and Class I TH links),US-7,1.38,U007-1119,LRS,Property Damage Only,"(43.61008320, -72.97254110)"
4669,VT0110200,12RL12573,12/13/2012,US-7 North Main Street,Rutland City,NO DATA,NO DATA,NO DATA,NO DATA,Norton Place,NO DATA,NO DATA,35,3 - Same Direction Sideswipe,NO DATA,461843,123339,NO DATA,NO DATA,NO DATA,State System (State Highways and Class I TH links),US-7,1.37,U007-1119,LRS,Property Damage Only,"(43.60994139, -72.97250683)"
4670,VT0040500,12CC01231,02/29/2012,VT 2A (MAIN ST),Colchester,NO DATA,2A,NO DATA,NO DATA,ROOSEVELT HWY,NO DATA,NO DATA,35,1 - Rear End,NO DATA,447256,228057,NO DATA,NO DATA,NO DATA,State System (State Highways and Class I TH links),VT-2A,2.43,V002A0405,LRS,Property Damage Only,"(44.55099566, -73.16385527)"
4677,VT0040500,12CC06610,09/25/2012,VT-2A (1662 Main Street),Colchester,NO DATA,NO DATA,2A,NO DATA,NO DATA,NO DATA,NO DATA,40,1 - Rear End,NO DATA,449324,226504,NO DATA,NO DATA,NO DATA,State System (State Highways and Class I TH links),VT-2A,0.76,V002A0405,LRS,Property Damage Only,"(44.53707329, -73.13783970)"
4678,VT0110200,12RL11338,11/04/2012,US-7 North Main Street,Rutland City,NO DATA,NO DATA,NO DATA,NO DATA,Park Mobil┬á 5 North Main Street,25,Feet,35,"18 - Right Turn and Thru, Broadside ^<--",North,462133,121265,NO DATA,NO DATA,NO DATA,State System (State Highways and Class I TH links),US-7,1.32,U007-1119,LRS,Property Damage Only,"(43.60922842, -72.97236967)"
4679,VT0041000,12WT02144,07/03/2012,Route 2a @ I-89,Williston,NO DATA,NO DATA,NO DATA,NO DATA,2a @ I-89 Exit 12 Southbound On Ramp,5,Feet,35,"10 - Left Turn and Thru, Angle Broadside -->v--",North,451016,215595,NO DATA,NO DATA,NO DATA,State System (State Highways and Class I TH links),VT-2A,2.93,V002A0417,LRS,Injury,"(44.43876577, -73.11537988)"
4680,VT0110200,12RL03102,04/11/2012,US-7 North Main Street,Rutland City,NO DATA,NO DATA,NO DATA,NO DATA,Park Mobil,NO DATA,NO DATA,35,3 - Same Direction Sideswipe,NO DATA,462133,121265,NO DATA,NO DATA,NO DATA,State System (State Highways and Class I TH links),US-7,1.32,U007-1119,LRS,Property Damage Only,"(43.60922842, -72.97236967)"
4681,VT0110400,12FH01145,08/29/2012,VT-4A Main Street,Fair Haven,NO DATA,NO DATA,NO DATA,NO DATA,Liberty Street,75,Feet,30,3 - Same Direction Sideswipe,North,438209,121634,NO DATA,NO DATA,NO DATA,State System (State Highways and Class I TH links),VT-4A,1.66,V004A1107,LRS,Property Damage Only,"(43.59216113, -73.26503539)"
4689,VT0040200,12ES03359,06/14/2012,VT-2A (39 Park St),Essex,NO DATA,NO DATA,NO DATA,NO DATA,NO DATA,NO DATA,NO DATA,25,1 - Rear End,NO DATA,451225,221068,NO DATA,NO DATA,NO DATA,State System (State Highways and Class I TH links),VT-2A,0.47,V002A0406,LRS,Property Damage Only,"(44.48788470, -73.11277960)"
4690,VT0041000,12WT03698,10/18/2012,VT-2A Saint George Road,Williston,NO DATA,2A,NO DATA,NO DATA,Marshall Avenue,NO DATA,NO DATA,35,3 - Same Direction Sideswipe,NO DATA,451251,216188,NO DATA,NO DATA,NO DATA,State System (State Highways and Class I TH links),VT-2A,3.33,V002A0417,LRS,Property Damage Only,"(44.44415220, -73.11243652)"
4691,VTVSP0700,12A204375,09/20/2012,US-7 Ethan Allen Highway,Georgia,NO DATA,NO DATA,7,NO DATA,VT Route 104a,NO DATA,NO DATA,40,"8 - No Turns, Thru moves only, Broadside ^<",NO DATA,451860,244008,NO DATA,NO DATA,NO DATA,State System (State Highways and Class I TH links),US-7,1.1,U007-0608,LRS,Property Damage Only,"(44.69486881, -73.10777406)"
4692,VT0110200,12RL05030,06/02/2012,US-7 (North Main Street),Rutland City,NO DATA,NO DATA,NO DATA,NO DATA,West Street,NO DATA,NO DATA,35,1 - Rear End,South,462133,121265,NO DATA,NO DATA,NO DATA,State System (State Highways and Class I TH links),US-7,1.28,U007-1119,LRS,Property Damage Only,"(43.60865762, -72.97226265)"
4693,VT0110200,12RL05026,06/02/2012,US-7 (South Main Street),Rutland City,NO DATA,NO DATA,7,NO DATA,West Street,NO DATA,NO DATA,35,1 - Rear End,NO DATA,462133,121265,NO DATA,NO DATA,NO DATA,State System (State Highways and Class I TH links),US-7,1.28,U007-1119,LRS,Property Damage Only,"(43.60865762, -72.97226265)"
4694,VT0040200,11ES01922,04/11/2012,RT 2A,Essex,NO DATA,NO DATA,NO DATA,NO DATA,GATE E,200,Feet,40,3 - Same Direction Sideswipe,South,451069,222759,NO DATA,NO DATA,NO DATA,State System (State Highways and Class I TH links),VT-2A,1.26,V002A0406,LRS,Property Damage Only,"(44.49887109, -73.11323620)"
4702,VT0041000,12WT00795,03/15/2012,VT-2A St. George Road,Williston,NO DATA,2A,NO DATA,NO DATA,Old Creamery Road,NO DATA,NO DATA,30,3 - Same Direction Sideswipe,NO DATA,450542,214366,NO DATA,NO DATA,NO DATA,State System (State Highways and Class I TH links),VT-2A,2.11,V002A0417,LRS,Property Damage Only,"(44.42770350, -73.12134193)"
4703,VT0110300,12CT00167,02/13/2012,Vt Rt 4a,Castleton,NO DATA,4A,NO DATA,NO DATA,At South Street Intersectin,NO DATA,NO DATA,30,1 - Rear End,NO DATA,445064,123657,NO DATA,NO DATA,NO DATA,State System (State Highways and Class I TH links),VT-4A,3.25,V004A1103,LRS,Property Damage Only,"(43.61105765, -73.18058463)"
4704,VT0041000,12WT03920,11/02/2012,VT-2A Essex Road,Williston,NO DATA,2A,NO DATA,NO DATA,Mountain View Road,75,Feet,40,NO DATA,South,451239,218411,NO DATA,NO DATA,NO DATA,State System (State Highways and Class I TH links),VT-2A,4.78,V002A0417,LRS,Property Damage Only,"(44.46483642, -73.11287344)"
4706,VTVSP0700,12A200094,01/07/2012,US-7,Georgia,NO DATA,NO DATA,7,NO DATA,Vt 104A,10,Feet,40,1 - Rear End,East,451626,246122,NO DATA,NO DATA,NO DATA,State System (State Highways and Class I TH links),US-7,1.1,U007-0608,LRS,Property Damage Only,"(44.69486881, -73.10777406)"
4707,VT0120500,12BT03268,12/06/2012,US-302 E Barre Rd,Barre Town,NO DATA,NO DATA,302,NO DATA,Benoit Dr,300,Feet,40,6 - Single Vehicle Crash,North,NO DATA,NO DATA,NO DATA,NO DATA,NO DATA,State System (State Highways and Class I TH links),US-302,0.94,U302-1202,LRS,Property Damage Only,"(44.17752873, -72.46902719)"
4715,VT0041000,12WT02271,07/11/2012,VT-2A (1589 Essex Road),Williston,NO DATA,2A,NO DATA,NO DATA,Hideaway Lane,50,Feet,40,1 - Rear End,North,451276,217908,NO DATA,NO DATA,NO DATA,State System (State Highways and Class I TH links),VT-2A,4.4,V002A0417,LRS,Property Damage Only,"(44.45937260, -73.11219085)"
4716,VT0120500,12BT00379,02/13/2012,FAU 302 (E Barre Rd),Barre Town,NO DATA,NO DATA,302,NO DATA,Barre City/Barre Town Border,0,Miles,40,6 - Single Vehicle Crash,East,005-01-538E,001-86-791N,NO DATA,NO DATA,NO DATA,State System (State Highways and Class I TH links),US-302,0.4,U302-1202,LRS,Property Damage Only,"(44.18070814, -72.47871332)"
4717,VT0040500,12CC06804,10/03/2012,VT-2A Main Street,Colchester,NO DATA,2A,NO DATA,NO DATA,Lily Lane,150,Feet,35,2 - Head On,West,449749,225816,NO DATA,NO DATA,NO DATA,State System (State Highways and Class I TH links),VT-2A,0.21,V002A0405,LRS,Property Damage Only,"(44.53060813, -73.13196905)"
4718,VT0041000,12WT01977,06/21/2012,VT-2A (2777 ST. George Road),Williston,NO DATA,2A,NO DATA,NO DATA,State Police Barracks,10,Feet,35,"10 - Left Turn and Thru, Angle Broadside -->v--",North,451182,215989,NO DATA,NO DATA,NO DATA,State System (State Highways and Class I TH links),VT-2A,3.2,V002A0417,LRS,Injury,"(44.44239547, -73.11337181)"
4719,VT0040200,12ES01424,03/16/2012,VT 2A (106 Park Street),Essex,NO DATA,2A,NO DATA,NO DATA,#106,NO DATA,NO DATA,25,6 - Single Vehicle Crash,NO DATA,451052,220478,NO DATA,NO DATA,NO DATA,State System (State Highways and Class I TH links),VT-2A,0.12,V002A0406,LRS,Property Damage Only,"(44.48311870, -73.11541321)"
4727,VT0041000,12WT04647,12/28/2012,VT-2A Essex Road,Williston,NO DATA,NO DATA,NO DATA,NO DATA,Morgan Parkway,NO DATA,NO DATA,40,"20 - Right Turn and Thru, Angle Broadside -->^--",NO DATA,451201,219552,NO DATA,NO DATA,NO DATA,State System (State Highways and Class I TH links),VT-2A,5.46,V002A0417,LRS,Property Damage Only,"(44.47466595, -73.11331850)"
4728,VT0041000,12WT02250,07/09/2012,VT-2A (2200 Essex Road),Williston,NO DATA,NO DATA,NO DATA,NO DATA,Taft Corners,20,Feet,35,6 - Single Vehicle Crash,North,451353,216818,NO DATA,NO DATA,NO DATA,State System (State Highways and Class I TH links),VT-2A,3.75,V002A0417,LRS,Property Damage Only,"(44.45002664, -73.11101875)"
4729,VT0110200,12RL00548,01/20/2012,US-7 North Main Street,Rutland City,NO DATA,NO DATA,NO DATA,NO DATA,West Street,NO DATA,NO DATA,30,3 - Same Direction Sideswipe,North,462133,121265,NO DATA,NO DATA,NO DATA,State System (State Highways and Class I TH links),US-7,1.28,U007-1119,LRS,Property Damage Only,"(43.60865762, -72.97226265)"
4730,VT0110200,12RL00261,01/10/2012,US-7 (South Main Street),Rutland City,NO DATA,NO DATA,7,NO DATA,Terrill Street,NO DATA,NO DATA,35,1 - Rear End,South,462133,121265,NO DATA,NO DATA,NO DATA,State System (State Highways and Class I TH links),US-7,1.28,U007-1119,LRS,Property Damage Only,"(43.60865762, -72.97226265)"
4731,VT0110200,12RL12134,11/29/2012,US-7 South Main Street,Rutland City,NO DATA,NO DATA,NO DATA,NO DATA,Center Street,NO DATA,NO DATA,30,"9 - Left and Right Turns, Simultaneous Turn Crash --vv--",NO DATA,461840,123102,NO DATA,NO DATA,NO DATA,State System (State Highways and Class I TH links),US-7,1.19,U007-1119,LRS,Property Damage Only,"(43.60736820, -72.97202803)"
4739,VT0041000,12WT00818,03/16/2012,VT-2A Essex Road,Williston,NO DATA,2A,NO DATA,NO DATA,Paul Street,30,Feet,35,"10 - Left Turn and Thru, Angle Broadside -->v--",South,451336,217179,NO DATA,NO DATA,NO DATA,State System (State Highways and Class I TH links),VT-2A,3.99,V002A0417,LRS,Property Damage Only,"(44.45347735, -73.11144984)"
4740,VT0110200,12RL10740,10/19/2012,US-7 South Main Street,Rutland City,NO DATA,NO DATA,NO DATA,NO DATA,Washington Street,NO DATA,NO DATA,30,1 - Rear End,West,461886,122982,NO DATA,NO DATA,NO DATA,State System (State Highways and Class I TH links),US-7,1.1,U007-1119,LRS,Property Damage Only,"(43.60607871, -72.97178482)"
4741,VT0110200,12RL09243,09/09/2012,US-7 South Main Street,Rutland City,NO DATA,NO DATA,NO DATA,NO DATA,Killington Avenue,NO DATA,NO DATA,35,7 - Other - Explain in Narrative,North,461963,122772,NO DATA,NO DATA,NO DATA,State System (State Highways and Class I TH links),US-7,0.97,U007-1119,LRS,Property Damage Only,"(43.60421791, -72.97141854)"
4742,VT0110200,12RL02467,03/23/2012,US-7 (South Main Street),Rutland City,NO DATA,NO DATA,7,NO DATA,Symquest,NO DATA,NO DATA,35,1 - Rear End,NO DATA,462049,121813,NO DATA,NO DATA,NO DATA,State System (State Highways and Class I TH links),US-7,0.96,U007-1119,LRS,Property Damage Only,"(43.60407120, -72.97139329)"
4743,VT0110200,12RL12331,12/05/2012,US-7 South Main Street,Rutland City,NO DATA,NO DATA,NO DATA,NO DATA,Engrem Avenue,NO DATA,NO DATA,35,NO DATA,NO DATA,461952,122658,NO DATA,NO DATA,NO DATA,State System (State Highways and Class I TH links),US-7,0.9,U007-1119,LRS,Property Damage Only,"(43.60318665, -72.97126170)"
4751,VT0110200,12RL01255,02/15/2012,US-7 South Main Street,Rutland City,NO DATA,NO DATA,NO DATA,NO DATA,Jackson Avenue,NO DATA,NO DATA,35,"14 - Left Turn and Thru, Broadside v<--",NO DATA,461997,122549,NO DATA,NO DATA,NO DATA,State System (State Highways and Class I TH links),US-7,0.83,U007-1119,LRS,Injury,"(43.60216971, -72.97107072)"
4752,VT0041000,12WT04276,11/30/2012,VT-2A (2939 ST. GEORGE ROAD),Williston,NO DATA,NO DATA,NO DATA,NO DATA,NO DATA,NO DATA,NO DATA,35,"10 - Left Turn and Thru, Angle Broadside -->v--",NO DATA,451157,215940,NO DATA,NO DATA,NO DATA,State System (State Highways and Class I TH links),VT-2A,3.07,V002A0417,LRS,Property Damage Only,"(44.44064796, -73.11433963)"
4753,VT0040500,12CC06183,09/08/2012,VT-2A Main Street,Colchester,NO DATA,2A,NO DATA,NO DATA,Roosevelt Highwy (US Rt 7),25,Feet,35,1 - Rear End,East,447256,228056,NO DATA,NO DATA,NO DATA,State System (State Highways and Class I TH links),VT-2A,2.43,V002A0405,LRS,Property Damage Only,"(44.55099566, -73.16385527)"
4754,VT0110200,12RL01491,02/23/2012,US-7 South Main Street,Rutland City,NO DATA,NO DATA,NO DATA,NO DATA,Hopkins Street,NO DATA,NO DATA,35,1 - Rear End,North,461975,122465,NO DATA,NO DATA,NO DATA,State System (State Highways and Class I TH links),US-7,0.79,U007-1119,LRS,Property Damage Only,"(43.60158656, -72.97098477)"
4755,VT0110200,12RL07912,08/08/2012,US-7 South Main Street,Rutland City,NO DATA,NO DATA,NO DATA,NO DATA,Hopkins Street,50,Feet,35,1 - Rear End,South,461975,122465,NO DATA,NO DATA,NO DATA,State System (State Highways and Class I TH links),US-7,0.78,U007-1119,LRS,Property Damage Only,"(43.60144131, -72.97095717)"
4763,VT0041000,12WT04080,11/15/2012,VT-2A Saint George Road,Williston,NO DATA,2A,NO DATA,NO DATA,Williston Road,30,Feet,35,4 - Opp Direction Sideswipe,South,451375,216726,NO DATA,NO DATA,NO DATA,State System (State Highways and Class I TH links),VT-2A,3.72,V002A0417,LRS,Property Damage Only,"(44.44959481, -73.11097145)"
4764,VT0040400,12WS00903,03/21/2012,US-7 Main Street,Winooski City,NO DATA,NO DATA,NO DATA,NO DATA,West Allen Street,NO DATA,NO DATA,25,1 - Rear End,NO DATA,004-45-392,002-21-476,NO DATA,NO DATA,NO DATA,State System (State Highways and Class I TH links),US-7,0.2,U007-0418S,LRS,Property Damage Only,"(44.49139061, -73.18652288)"
4765,VT0110200,12RL06442,07/06/2012,US-7 South Main Street,Rutland City,NO DATA,NO DATA,NO DATA,NO DATA,Clover Street,50,Feet,35,1 - Rear End,South,461686,122135,NO DATA,NO DATA,NO DATA,State System (State Highways and Class I TH links),US-7,0.71,U007-1119,LRS,Property Damage Only,"(43.60042447, -72.97076469)"
4766,VT0110200,12RL04356,05/17/2012,US-7 (South Main Street),Rutland City,NO DATA,NO DATA,7,NO DATA,Clover Street,NO DATA,NO DATA,35,1 - Rear End,NO DATA,461686,122135,NO DATA,NO DATA,NO DATA,State System (State Highways and Class I TH links),US-7,0.71,U007-1119,LRS,Property Damage Only,"(43.60042447, -72.97076469)"
4767,VT0120500,12BT03010,11/07/2012,VT-14 (473 E Barre Rd),Barre Town,NO DATA,14,NO DATA,NO DATA,Poulin Auto,NO DATA,NO DATA,40,6 - Single Vehicle Crash,NO DATA,NO DATA,NO DATA,NO DATA,NO DATA,NO DATA,State System (State Highways and Class I TH links),US-302,0.14,U302-1202,LRS,Injury,"(44.18313291, -72.48274154)"
4768,VT0110200,12RL05403,06/13/2012,US-7 (South Main Street),Rutland City,NO DATA,NO DATA,7,NO DATA,Clover Street,NO DATA,NO DATA,35,NO DATA,NO DATA,461686,122135,NO DATA,NO DATA,NO DATA,State System (State Highways and Class I TH links),US-7,0.71,U007-1119,LRS,Injury,"(43.60042447, -72.97076469)"
4775,VT0110200,12RL05674,06/19/2012,US-7 South Main Street,Rutland City,NO DATA,NO DATA,NO DATA,NO DATA,Kia Dealership - 130 South Main St,NO DATA,NO DATA,35,3 - Same Direction Sideswipe,North,461686,122135,NO DATA,NO DATA,NO DATA,State System (State Highways and Class I TH links),US-7,0.66,U007-1119,LRS,Property Damage Only,"(43.59969850, -72.97062447)"
4776,VT0110200,12RL04115,05/10/2012,US-7 South Main Street,Rutland City,NO DATA,NO DATA,NO DATA,NO DATA,Dunkin Donuts,NO DATA,NO DATA,35,1 - Rear End,NO DATA,462035,122153,NO DATA,NO DATA,NO DATA,State System (State Highways and Class I TH links),US-7,0.6,U007-1119,LRS,Property Damage Only,"(43.59882749, -72.97045501)"
4777,VT0120200,1211-12-420476,03/08/2012,US-302 River St.,Montpelier,NO DATA,NO DATA,NO DATA,NO DATA,352 River St.,NO DATA,NO DATA,40,1 - Rear End,NO DATA,NO DATA,NO DATA,NO DATA,NO DATA,NO DATA,State System (State Highways and Class I TH links),US-302,0.49,U302-1211,LRS,Property Damage Only,"(44.24005319, -72.55288736)"
4778,VT0110200,12RL05622,06/19/2012,US-7 (South Main Street),Rutland City,NO DATA,NO DATA,7,NO DATA,Strongs Avenue,NO DATA,NO DATA,35,1 - Rear End,NO DATA,462055,122153,NO DATA,NO DATA,NO DATA,State System (State Highways and Class I TH links),US-7,0.59,U007-1119,LRS,Property Damage Only,"(43.59868207, -72.97042913)"
4779,VT0110200,12RL05757,06/21/2012,US-7 (South Main Street),Rutland City,NO DATA,NO DATA,7,NO DATA,Strongs Avenue,NO DATA,NO DATA,35,3 - Same Direction Sideswipe,NO DATA,462035,122153,NO DATA,NO DATA,NO DATA,State System (State Highways and Class I TH links),US-7,0.59,U007-1119,LRS,Property Damage Only,"(43.59868207, -72.97042913)"
4787,VT0110200,12RL00603,01/23/2012,US-7 (South Main Street),Rutland City,NO DATA,NO DATA,7,NO DATA,KFC/#1 Chinese Rest. Entrance,125,Feet,35,"8 - No Turns, Thru moves only, Broadside ^<",North,462035,122153,NO DATA,NO DATA,NO DATA,State System (State Highways and Class I TH links),US-7,0.55,U007-1119,LRS,Property Damage Only,"(43.59812549, -72.97031948)"
4788,VT0110400,12FH01488,10/27/2012,VT-4A (111 Main St),Fair Haven,NO DATA,NO DATA,NO DATA,NO DATA,Main St,NO DATA,NO DATA,10,7 - Other - Explain in Narrative,North,438202,121880,NO DATA,NO DATA,NO DATA,State System (State Highways and Class I TH links),VT-4A,1.83,V004A1107,LRS,Property Damage Only,"(43.59461174, -73.26545885)"
4789,VT0110200,12RL00544,01/20/2012,US-7┬á (153 South Main Street),Rutland City,NO DATA,NO DATA,7,NO DATA,Kentucky Fried Chicken,60,Feet,35,3 - Same Direction Sideswipe,South,462035,122153,NO DATA,NO DATA,NO DATA,State System (State Highways and Class I TH links),US-7,0.55,U007-1119,LRS,Property Damage Only,"(43.59812549, -72.97031948)"
4790,VT0110200,12RL10933,10/24/2012,US-7 South Main Street,Rutland City,NO DATA,NO DATA,NO DATA,NO DATA,Kentucky Fried Chicken,180,Feet,35,"10 - Left Turn and Thru, Angle Broadside -->v--",South,462011,122109,NO DATA,NO DATA,NO DATA,State System (State Highways and Class I TH links),US-7,0.52,U007-1119,LRS,Property Damage Only,"(43.59770798, -72.97024264)"
4791,VT0110200,12RL11137,10/29/2012,US-7 South Main Street,Rutland City,NO DATA,NO DATA,NO DATA,NO DATA,Trolly Square Entrance,NO DATA,NO DATA,35,"12 - Left Turn and Thru, Same Direction Sideswipe/Angle Crash vv--",NO DATA,462003,122182,NO DATA,NO DATA,NO DATA,State System (State Highways and Class I TH links),US-7,0.48,U007-1119,LRS,Injury,"(43.59715118, -72.97014137)"
4799,VT0110200,12RL08543,08/23/2012,US 7 South Main Street,Rutland City,NO DATA,NO DATA,NO DATA,NO DATA,Park Street,NO DATA,NO DATA,35,7 - Other - Explain in Narrative,NO DATA,462025,121967,NO DATA,NO DATA,NO DATA,State System (State Highways and Class I TH links),US-7,0.46,U007-1119,LRS,Injury,"(43.59686578, -72.97008932)"
4800,VT0110200,12RL02646,03/28/2012,US-7 South Main Street,Rutland City,NO DATA,NO DATA,NO DATA,NO DATA,Park Street,NO DATA,NO DATA,35,3 - Same Direction Sideswipe,South,462003,122182,NO DATA,NO DATA,NO DATA,State System (State Highways and Class I TH links),US-7,0.46,U007-1119,LRS,Injury,"(43.59686578, -72.97008932)"
4801,VT0110200,12RL00638,01/24/2012,US-7 South Main Street,Rutland City,NO DATA,NO DATA,NO DATA,NO DATA,Allen Street,NO DATA,NO DATA,35,"8 - No Turns, Thru moves only, Broadside ^<",NO DATA,462044,121850,NO DATA,NO DATA,NO DATA,State System (State Highways and Class I TH links),US-7,0.4,U007-1119,LRS,Property Damage Only,"(43.59597814, -72.96992678)"
4802,VT0120600,12BL02159,08/30/2012,US-302 (1016 US Rte 302),Barre Town,NO DATA,NO DATA,302,NO DATA,Family Heirloom,NO DATA,NO DATA,40,"14 - Left Turn and Thru, Broadside v<--",South,NO DATA,NO DATA,NO DATA,NO DATA,NO DATA,State System (State Highways and Class I TH links),US-302,0.02,U302-1202,LRS,Property Damage Only,"(44.18469176, -72.48388284)"
4803,VT0110200,12RL08844,08/30/2012,US-7 South Main Street,Rutland City,NO DATA,NO DATA,NO DATA,NO DATA,Fairgrounds Entrance,50,Feet,35,3 - Same Direction Sideswipe,South,462044,121850,NO DATA,NO DATA,NO DATA,State System (State Highways and Class I TH links),US-7,0.4,U007-1119,LRS,Property Damage Only,"(43.59597814, -72.96992678)"
4811,VT0120600,12BL02166,08/31/2012,US-302 Barre - Montpelier Road,Berlin,NO DATA,NO DATA,302,NO DATA,RIver Run Manor,50,Feet,40,1 - Rear End,West,497104,190650,NO DATA,NO DATA,NO DATA,State System (State Highways and Class I TH links),US-302,1.7,U302-1203,LRS,Property Damage Only,"(44.21622603, -72.53642604)"
4812,VT0110200,12RL03361,04/18/2012,US-7 South Main Street,Rutland City,NO DATA,NO DATA,NO DATA,NO DATA,Dana Avenue,NO DATA,NO DATA,35,"8 - No Turns, Thru moves only, Broadside ^<",NO DATA,462083,121567,NO DATA,NO DATA,NO DATA,State System (State Highways and Class I TH links),US-7,0.2,U007-1119,LRS,Property Damage Only,"(43.59314619, -72.96941657)"
4813,VT0041000,12WT04502,12/17/2012,VT-2A (4185 Saint George Road),Williston,NO DATA,2A,NO DATA,NO DATA,NO DATA,NO DATA,NO DATA,40,6 - Single Vehicle Crash,NO DATA,450340,213870,NO DATA,NO DATA,NO DATA,State System (State Highways and Class I TH links),VT-2A,1.79,V002A0417,LRS,Injury,"(44.42345803, -73.12371013)"
4814,VT0110200,12RL07121,07/21/2012,US-7 South Main Street,Rutland City,NO DATA,NO DATA,NO DATA,NO DATA,Dana Avenue,NO DATA,NO DATA,35,1 - Rear End,South,462083,121567,NO DATA,NO DATA,NO DATA,State System (State Highways and Class I TH links),US-7,0.2,U007-1119,LRS,Property Damage Only,"(43.59314619, -72.96941657)"
4815,VT0110300,12CT00600,05/27/2012,VT-4A (1653 Vt Rt 4A),Castleton,NO DATA,4A,NO DATA,NO DATA,1653 Vt Rt 4A,100,Feet,40,3 - Same Direction Sideswipe,West,445599,123846,NO DATA,NO DATA,NO DATA,State System (State Highways and Class I TH links),VT-4A,2.36,V004A1103,LRS,Property Damage Only,"(43.60716136, -73.19719094)"
4823,VT0041000,12WT04194,11/26/2012,VT-2A St George Road/7928 Williston Road,Williston,NO DATA,NO DATA,NO DATA,NO DATA,St George Road/Hurricane Lane,NO DATA,NO DATA,35,"8 - No Turns, Thru moves only, Broadside ^<",NO DATA,450973,215486,NO DATA,NO DATA,NO DATA,State System (State Highways and Class I TH links),VT-2A,2.84,V002A0417,LRS,Property Damage Only,"(44.43755466, -73.11604511)"