ID,Reporting Agency,Report Number,Date,Street Address,Town,Number,Number1,Number2,Number3,Intersection,Distance From Intersection,Distance Unit,Posted Speed,Direction of Collision,Direction from Intersection,Easting,Northing,Mile Marker,Mile Marker 1,Mile Marker 2,AOT Roadway,AOT Route,AOT Actual Mile,LRS Number,How Mapped,Crash Type,Location 1
4824,VT0110200,12RL07820,08/06/2012,US-7 South Main Street,Rutland City,NO DATA,NO DATA,NO DATA,NO DATA,Panera Bread,NO DATA,NO DATA,35,4 - Opp Direction Sideswipe,NO DATA,462111,121355,NO DATA,NO DATA,NO DATA,State System (State Highways and Class I TH links),US-7,0.1,U007-1119,LRS,Property Damage Only,"(43.59173325, -72.96914427)"
4825,VT0110300,12CT00036,01/12/2012,Vt Rt 4a,Castleton,NO DATA,4A,NO DATA,NO DATA,Crampton Road,1,Miles,40,6 - Single Vehicle Crash,East,446597,123948,NO DATA,NO DATA,NO DATA,State System (State Highways and Class I TH links),VT-4A,4.64,V004A1103,LRS,Property Damage Only,"(43.61113282, -73.15454786)"
4826,VT0041000,12WT01234,04/20/2012,VT-2A Essex Road,Williston,NO DATA,2A,NO DATA,NO DATA,Mountain View Road,NO DATA,NO DATA,35,NO DATA,NO DATA,451232,218489,NO DATA,NO DATA,NO DATA,State System (State Highways and Class I TH links),VT-2A,4.79,V002A0417,LRS,Property Damage Only,"(44.46498011, -73.11289303)"
4827,VT0110200,12RL06575,07/09/2012,US-7 South Main St/Curtis Avenue,Rutland City,NO DATA,NO DATA,NO DATA,NO DATA,South Main Street,NO DATA,NO DATA,30,1 - Rear End,NO DATA,462111,121355,NO DATA,NO DATA,NO DATA,State System (State Highways and Class I TH links),US-7,0.1,U007-1119,LRS,Property Damage Only,"(43.59173325, -72.96914427)"
4835,VT0040400,12WS004167,08/30/2012,US-7 (38 Main St),Winooski City,NO DATA,NO DATA,NO DATA,NO DATA,W Center St,NO DATA,Feet,25,"8 - No Turns, Thru moves only, Broadside ^<",East,004-45-400,002-21-404,NO DATA,NO DATA,NO DATA,State System (State Highways and Class I TH links),US-7,0.15,U007-0418S,LRS,Property Damage Only,"(44.49070490, -73.18640493)"
4836,VTVSP0300,12C104732,09/03/2012,Us Rt 7,Pittsford,NO DATA,NO DATA,7,NO DATA,Kendall Hill Road,1,Miles,50,6 - Single Vehicle Crash,North,456360,137500,NO DATA,NO DATA,NO DATA,State System (State Highways and Class I TH links),US-7,6.21,U007-1116,LRS,Injury,"(43.73647981, -73.04178812)"
4837,OTHER,12PC00317,08/04/2012,US-7 (5308 US Rt.7),Pittsford,NO DATA,NO DATA,7,NO DATA,Kennell Hill Rd.,0,Miles,50,6 - Single Vehicle Crash,North,NO DATA,NO DATA,NO DATA,NO DATA,NO DATA,State System (State Highways and Class I TH links),US-7,5.36,U007-1116,LRS,Injury,"(43.72480656, -73.03891779)"
4838,VTVSP0300,12C102687,05/27/2012,US-7 (4123 US Rt 7),Pittsford,NO DATA,NO DATA,7,NO DATA,Plains Rd (TH 9),200,Feet,35,1 - Rear End,South,457151,134518,70,1116,423,State System (State Highways and Class I TH links),US-7,4.12,U007-1116,LRS,Injury,"(43.70913071, -73.03087543)"
4839,VT0120100,12BA06502,09/18/2012,US-302 Washington Street,Barre City,NO DATA,NO DATA,NO DATA,NO DATA,W Patterson Street,NO DATA,NO DATA,25,"8 - No Turns, Thru moves only, Broadside ^<",NO DATA,004-99-881,001-88-560,NO DATA,NO DATA,NO DATA,State System (State Highways and Class I TH links),US-302,2.78,U302-1201,LRS,Property Damage Only,"(44.19152656, -72.49157887)"
4840,VTVSP0300,12C104521,08/25/2012,US-7,Pittsford,NO DATA,NO DATA,7,NO DATA,Depot Hill Rd,NO DATA,NO DATA,25,4 - Opp Direction Sideswipe,NO DATA,457237,134434,NO DATA,NO DATA,NO DATA,State System (State Highways and Class I TH links),US-7,4.1,U007-1116,LRS,Property Damage Only,"(43.70892044, -73.03058987)"
4848,VTVSP0300,12C102893,06/06/2012,US-7 1905,Pittsford,NO DATA,NO DATA,7,NO DATA,NO DATA,NO DATA,NO DATA,50,6 - Single Vehicle Crash,NO DATA,459821,132489,NO DATA,NO DATA,NO DATA,State System (State Highways and Class I TH links),US-7,1.89,U007-1116,LRS,Injury,"(43.69143520, -72.99851295)"
4849,VT0040200,12ES00074,01/05/2012,VT-2A (260 Colchester Rd),Essex,NO DATA,NO DATA,NO DATA,NO DATA,Payas North,NO DATA,NO DATA,50,6 - Single Vehicle Crash,NO DATA,450249,225314,NO DATA,NO DATA,NO DATA,State System (State Highways and Class I TH links),VT-2A,3.13,V002A0406,LRS,Property Damage Only,"(44.52424208, -73.12485398)"
4850,VT0111000,12-PC-00462,12/06/2012,US-7 (1832 US Route 7),Pittsford,NO DATA,NO DATA,NO DATA,NO DATA,Depot Hill Rd.,400,Feet,35,2 - Head On,North,NO DATA,NO DATA,NO DATA,NO DATA,NO DATA,State System (State Highways and Class I TH links),US-7,1.84,U007-1116,LRS,Injury,"(43.69089100, -72.99785114)"
4851,VT0111000,12PC00412,11/05/2012,US Route 7,Pittsford,NO DATA,NO DATA,NO DATA,NO DATA,Evelyn Dr.,5,Feet,50,4 - Opp Direction Sideswipe,North,NO DATA,NO DATA,NO DATA,NO DATA,NO DATA,State System (State Highways and Class I TH links),US-7,1.81,U007-1116,LRS,Injury,"(43.69056590, -72.99745185)"
4852,VT0110300,12CT01196,10/02/2012,Route 4A,Castleton,NO DATA,4,NO DATA,NO DATA,Blissville Road,NO DATA,NO DATA,40,"13 - Left Turns, Same Direction, Rear End v--v--",NO DATA,440823,122947,NO DATA,NO DATA,NO DATA,State System (State Highways and Class I TH links),VT-4A,0.52,V004A1103,LRS,Property Damage Only,"(43.60490288, -73.23300954)"
4853,VT0041000,12WT02874,08/22/2012,VT-2A Essex Rd,Williston,NO DATA,2A,NO DATA,NO DATA,O'Brian Court,300,Feet,35,1 - Rear End,South,451310,217538,NO DATA,NO DATA,NO DATA,State System (State Highways and Class I TH links),VT-2A,4.16,V002A0417,LRS,Injury,"(44.45592274, -73.11174058)"
4861,VTVSP0300,12C103313,06/28/2012,US Rt 7,Clarendon,NO DATA,NO DATA,7,NO DATA,VT Rt 7B,1,Miles,55,6 - Single Vehicle Crash,South,462461,117529,70,1105,440,State System (State Highways and Class I TH links),US-7,4.26,U007-1105,LRS,Property Damage Only,"(43.55350254, -72.96448992)"
4862,VTVSP0300,12C100793,02/13/2012,US-7,Clarendon,NO DATA,NO DATA,7,NO DATA,VT Rte 103,100,Feet,55,1 - Rear End,North,462982,115842,NO DATA,NO DATA,NO DATA,State System (State Highways and Class I TH links),US-7,3.36,U007-1105,LRS,Property Damage Only,"(43.54138976, -72.95810916)"
4863,VTVSP0300,12C106123,11/09/2012,Vt Rt 7 S,Clarendon,NO DATA,7,NO DATA,NO DATA,VT Rt 103,10,Feet,50,NO DATA,South,462991,115690,70,1105,320,State System (State Highways and Class I TH links),US-7,3.34,U007-1105,LRS,Property Damage Only,"(43.54110168, -72.95806601)"
4864,VT0120100,12BA03677,05/30/2012,US-302 Washington,Barre City,NO DATA,NO DATA,NO DATA,NO DATA,W Patterson St,NO DATA,NO DATA,25,"8 - No Turns, Thru moves only, Broadside ^<",West,005-00-703,001-07-918,NO DATA,NO DATA,NO DATA,State System (State Highways and Class I TH links),US-302,2.78,U302-1201,LRS,Property Damage Only,"(44.19152656, -72.49157887)"
4865,VTVSP0300,12C105678,10/19/2012,US-7,Clarendon,NO DATA,NO DATA,7,NO DATA,VT Rte 103,NO DATA,NO DATA,45,"10 - Left Turn and Thru, Angle Broadside -->v--",NO DATA,462987,115740,NO DATA,NO DATA,NO DATA,State System (State Highways and Class I TH links),US-7,3.34,U007-1105,LRS,Property Damage Only,"(43.54110168, -72.95806601)"
4866,VT0120600,12BL02262,09/12/2012,US RT 302,Berlin,NO DATA,NO DATA,302,NO DATA,Dunkin Donuts Parking Lot,10,Feet,35,"8 - No Turns, Thru moves only, Broadside ^<",East,NO DATA,NO DATA,NO DATA,NO DATA,NO DATA,State System (State Highways and Class I TH links),US-302,1.33,U302-1203,LRS,Property Damage Only,"(44.21935349, -72.54235760)"
4874,VT0110100,12BD03094,12/14/2012,US-7 Grove Street,Brandon,NO DATA,NO DATA,NO DATA,NO DATA,Route 73 West,NO DATA,NO DATA,25,NO DATA,NO DATA,452281,144600,NO DATA,NO DATA,NO DATA,State System (State Highways and Class I TH links),US-7,4.2,U007-1102,LRS,Injury,"(43.80008029, -73.09279162)"
4875,VT0120100,12BA03748,06/01/2012,US-302 Washington St,Barre City,NO DATA,NO DATA,NO DATA,NO DATA,West Patterson St,1,Feet,25,"10 - Left Turn and Thru, Angle Broadside -->v--",North,005-00-690,001-87-911,NO DATA,NO DATA,NO DATA,State System (State Highways and Class I TH links),US-302,2.78,U302-1201,LRS,Property Damage Only,"(44.19152656, -72.49157887)"
4876,VT0110100,12BD02257,09/11/2012,US-7 Conant SQ,Brandon,1,7,NO DATA,NO DATA,Pearl Street,100,Feet,25,1 - Rear End,South,452363,144589,NO DATA,NO DATA,NO DATA,State System (State Highways and Class I TH links),US-7,4.17,U007-1102,LRS,Property Damage Only,"(43.80001328, -73.09226047)"
4877,VT0110100,12BD01935,08/08/2012,US-7 (9.5 Conant Sq),Brandon,NO DATA,NO DATA,NO DATA,NO DATA,Prospect St.,200,Feet,25,1 - Rear End,South,452522,144578,NO DATA,NO DATA,NO DATA,State System (State Highways and Class I TH links),US-7,4.03,U007-1102,LRS,Property Damage Only,"(43.79978826, -73.08976348)"
4878,VT0110100,12BD00308,02/09/2012,US-7 (11 Center Street),Brandon,NO DATA,NO DATA,7,NO DATA,Entrance To Cafe Provence,NO DATA,NO DATA,25,NO DATA,NO DATA,452660,144427,NO DATA,NO DATA,NO DATA,State System (State Highways and Class I TH links),US-7,3.91,U007-1102,LRS,Property Damage Only,"(43.79865322, -73.08851549)"
4879,VT0041000,12WT02824,08/20/2012,VT-2A St George Rd,Williston,NO DATA,2A,NO DATA,NO DATA,Marshall Ave,200,Feet,35,1 - Rear End,South,451231,216122,NO DATA,NO DATA,NO DATA,State System (State Highways and Class I TH links),VT-2A,3.29,V002A0417,LRS,Injury,"(44.44361145, -73.11272352)"
4887,VT0041000,12WT03493,10/02/2012,VT-2A (500 Essex Road)/morgan Parkway,Williston,NO DATA,NO DATA,NO DATA,NO DATA,7928 Williston Rd.,NO DATA,NO DATA,40,1 - Rear End,NO DATA,451178,219888,NO DATA,NO DATA,NO DATA,State System (State Highways and Class I TH links),VT-2A,5.5,V002A0417,LRS,Property Damage Only,"(44.47524423, -73.11334452)"
4888,VT0041000,12WT04522,12/18/2012,VT-2A Essex RD,Williston,NO DATA,2A,NO DATA,NO DATA,Helena DR,25,Feet,35,3 - Same Direction Sideswipe,South,451356,216913,NO DATA,NO DATA,NO DATA,State System (State Highways and Class I TH links),VT-2A,3.86,V002A0417,LRS,Property Damage Only,"(44.45160888, -73.11120948)"
4889,VT0110100,12BD02051,08/20/2012,US-7 Franklin Street,Brandon,NO DATA,7,NO DATA,NO DATA,146 Hummiston Drive,5,Feet,50,2 - Head On,South,NO DATA,NO DATA,NO DATA,NO DATA,NO DATA,State System (State Highways and Class I TH links),US-7,2.56,U007-1102,LRS,Property Damage Only,"(43.78663280, -73.06918859)"
4890,VT0110100,12BD00147,01/19/2012,US-7 (1408 Franklin Street),Brandon,NO DATA,7,NO DATA,NO DATA,Country Club Road,50,Feet,50,1 - Rear End,East,NO DATA,NO DATA,NO DATA,NO DATA,NO DATA,State System (State Highways and Class I TH links),US-7,2.47,U007-1102,LRS,Property Damage Only,"(43.78616158, -73.06738586)"
4891,VT0110100,12BD00016,01/03/2012,US-7 (2336 Franklin Street),Brandon,NO DATA,7,NO DATA,NO DATA,Naylor And Breen,50,Feet,50,2 - Head On,East,NO DATA,NO DATA,NO DATA,NO DATA,NO DATA,State System (State Highways and Class I TH links),US-7,1.63,U007-1102,LRS,Property Damage Only,"(43.77795560, -73.05645971)"
4892,VT0110100,12BD01070,05/13/2012,US-7 (2473 Franklin Street),Brandon,NO DATA,NO DATA,7,NO DATA,Pinewood Garden┬á Center,10,Feet,50,"14 - Left Turn and Thru, Broadside v<--",East,455452,141703,NO DATA,NO DATA,NO DATA,State System (State Highways and Class I TH links),US-7,1.35,U007-1102,LRS,Property Damage Only,"(43.77453320, -73.05348987)"
4900,VT0110100,12BD03224,12/27/2012,US-7 FRANKLIN ST,Brandon,1,NO DATA,NO DATA,NO DATA,4 VAN NESS DR,20,NO DATA,50,2 - Head On,South,455827,139725,NO DATA,NO DATA,NO DATA,State System (State Highways and Class I TH links),US-7,0.06,U007-1102,LRS,Injury,"(43.75645080, -73.04850767)"
4901,VT0041000,12WT01072,04/06/2012,VT-2A (2939 St. George Road),Williston,NO DATA,NO DATA,NO DATA,NO DATA,NO DATA,NO DATA,NO DATA,35,1 - Rear End,NO DATA,451158,215863,NO DATA,NO DATA,NO DATA,State System (State Highways and Class I TH links),VT-2A,3.07,V002A0417,LRS,Property Damage Only,"(44.44064796, -73.11433963)"
4902,VT0060300,12SW00483,05/12/2012,US-7 CANADA STREET,Swanton,NO DATA,NO DATA,NO DATA,NO DATA,GRAND AVENUE,50,Feet,30,NO DATA,NO DATA,NO DATA,NO DATA,NO DATA,NO DATA,NO DATA,State System (State Highways and Class I TH links),US-7,5.88,U007-0615,LRS,Property Damage Only,"(44.91946330, -73.12523367)"
4903,VT0060300,12SW01516,11/25/2012,US-7 Grand Avenue,Swanton,NO DATA,NO DATA,NO DATA,NO DATA,First Street,NO DATA,NO DATA,30,"15 - Left Turns, Opposite Directions, Head On/Angle Crash --^v--",NO DATA,450701,268871,NO DATA,NO DATA,NO DATA,State System (State Highways and Class I TH links),US-7,5.87,U007-0615,LRS,Property Damage Only,"(44.91939971, -73.12534961)"
4904,VTVSP0700,12A205533,11/20/2012,US-7 Grand Avenue,Swanton,NO DATA,NO DATA,7,NO DATA,Bushey And Grand Avenue,NO DATA,NO DATA,40,4 - Opp Direction Sideswipe,North,451623,268223,NO DATA,NO DATA,NO DATA,State System (State Highways and Class I TH links),US-7,5.08,U007-0615,LRS,Injury,"(44.91263410, -73.11271732)"
4905,VTVSP0700,12A204347,09/19/2012,US-7 (130 St. Albans Road),Swanton,NO DATA,NO DATA,7,NO DATA,Woods Hill Road,100,Feet,50,"10 - Left Turn and Thru, Angle Broadside -->v--",North,453142,266279,70,615,330,State System (State Highways and Class I TH links),US-7,3.45,U007-0615,LRS,Property Damage Only,"(44.89540523, -73.09316207)"
4913,VTVSP0700,12A204105,09/05/2012,US-7 (376 St Albans Road),Swanton,NO DATA,NO DATA,NO DATA,NO DATA,NO DATA,500,Feet,50,6 - Single Vehicle Crash,South,452735,264566,NO DATA,NO DATA,NO DATA,State System (State Highways and Class I TH links),US-7,1.98,U007-0615,LRS,Injury,"(44.87608612, -73.09827983)"
4914,VTVSP0700,12A200480,02/04/2012,US-7 St. Albans Road,Swanton,NO DATA,NO DATA,7,NO DATA,Sugar Maple Drive,NO DATA,NO DATA,40,6 - Single Vehicle Crash,North,452933,262295,NO DATA,NO DATA,NO DATA,State System (State Highways and Class I TH links),US-7,0.8,U007-0615,LRS,Injury,"(44.85932772, -73.09556707)"
4915,VTVSP0700,12A205268,11/06/2012,US Route 7,Swanton,NO DATA,NO DATA,7,NO DATA,Country Club,500,Feet,50,6 - Single Vehicle Crash,South,453325,261454,NO DATA,NO DATA,NO DATA,State System (State Highways and Class I TH links),US-7,0.21,U007-0615,LRS,Property Damage Only,"(44.85172609, -73.09049395)"
4916,VT0060100,12SA03505,07/11/2012,US-7 (363 Swanton Road),St. Albans Town,NO DATA,NO DATA,NO DATA,NO DATA,VT RT 207,NO DATA,Feet,50,1 - Rear End,North,004-53-908E,002-60-066N,NO DATA,NO DATA,NO DATA,State System (State Highways and Class I TH links),US-7,2.2,U007-0613,LRS,Property Damage Only,"(44.83934918, -73.08247169)"
4917,VT0060100,12SA01848,04/15/2012,Us Rt 7; Sheldon Road,St. Albans Town,NO DATA,7,NO DATA,NO DATA,The St Albans Messenger Office,30,Feet,35,1 - Rear End,North,004-54-084E,002-58-526N,NO DATA,NO DATA,NO DATA,State System (State Highways and Class I TH links),US-7,2.2,U007-0613,LRS,Property Damage Only,"(44.83934918, -73.08247169)"
4918,VT0120600,12BL00673,03/20/2012,Rte. 302,Berlin,NO DATA,NO DATA,302,NO DATA,Dunkin Donuts,20,Feet,40,1 - Rear End,West,004-96-585E,001-91-020N,NO DATA,NO DATA,NO DATA,State System (State Highways and Class I TH links),US-302,1.32,U302-1203,LRS,Property Damage Only,"(44.21941408, -72.54253951)"
4926,VT0060100,12SA04795,09/10/2012,US-7 (277 Swanton Road),St. Albans Town,NO DATA,7,NO DATA,NO DATA,Highate Commons,600,Feet,35,3 - Same Direction Sideswipe,North,004-53-901E,002-60-137N,NO DATA,NO DATA,NO DATA,State System (State Highways and Class I TH links),US-7,2.16,U007-0613,LRS,Property Damage Only,"(44.83887132, -73.08213308)"
4927,VT0060100,12SA00273,01/16/2012,US-7 (211 Swanton Road),St. Albans Town,NO DATA,NO DATA,NO DATA,NO DATA,Highgate Commons Shopping Center,100,Feet,99,"8 - No Turns, Thru moves only, Broadside ^<",South,004-53-987E,002-57-905N,NO DATA,NO DATA,NO DATA,State System (State Highways and Class I TH links),US-7,2.16,U007-0613,LRS,Injury,"(44.83887132, -73.08213308)"
4928,VT0120100,12BA06871,09/23/2012,US-302 Washington St,Barre City,NO DATA,NO DATA,NO DATA,NO DATA,Charles St,NO DATA,NO DATA,25,1 - Rear End,NO DATA,005-00-585,001-87-984,NO DATA,NO DATA,NO DATA,State System (State Highways and Class I TH links),US-302,2.68,U302-1201,LRS,Property Damage Only,"(44.19249001, -72.49317763)"
4929,VT0060100,12SA02053,04/26/2012,US-7 (351 Swanton Rd),St. Albans Town,NO DATA,NO DATA,NO DATA,NO DATA,TD Bank North,300,Feet,10,"8 - No Turns, Thru moves only, Broadside ^<",East,004-54-041E,002-60-059N,NO DATA,NO DATA,NO DATA,State System (State Highways and Class I TH links),US-7,2.16,U007-0613,LRS,Property Damage Only,"(44.83887132, -73.08213308)"
4930,VT0060100,12SA01327,03/16/2012,US-7 (277 North Main Street),St. Albans Town,NO DATA,7,NO DATA,NO DATA,Messenger Office,30,Feet,35,1 - Rear End,South,004-54-094E,002-58-589N,NO DATA,NO DATA,NO DATA,State System (State Highways and Class I TH links),US-7,2.16,U007-0613,LRS,Property Damage Only,"(44.83887132, -73.08213308)"
4938,VT0120600,12BL01158,05/16/2012,US RTE 302,Berlin,NO DATA,NO DATA,NO DATA,NO DATA,Ames Drive,1,Feet,40,"12 - Left Turn and Thru, Same Direction Sideswipe/Angle Crash vv--",West,496271,191275,NO DATA,NO DATA,NO DATA,State System (State Highways and Class I TH links),US-302,1.07,U302-1203,LRS,Property Damage Only,"(44.22148156, -72.54659195)"
4939,VTVSP0100,12A102153,06/13/2012,VT-2A,Williston,NO DATA,NO DATA,NO DATA,89,Exit 12/Route 2a,100,Feet,65,1 - Rear End,South,451096,215565,NO DATA,NO DATA,NO DATA,State System (State Highways and Class I TH links),VT-2A,2.93,V002A0417,LRS,Property Damage Only,"(44.43876577, -73.11537988)"
4940,VT0060100,12SA03159,06/25/2012,US-7 (183 Swanton Rd),St. Albans Town,NO DATA,7,NO DATA,NO DATA,McDonalds Franklin Park West,400,Feet,35,1 - Rear End,North,004-54-083E,002-59-815N,NO DATA,NO DATA,NO DATA,State System (State Highways and Class I TH links),US-7,2.05,U007-0613,LRS,Property Damage Only,"(44.83754271, -73.08124325)"
4941,VT0110400,12FH01612,11/25/2012,Main St,Fair Haven,NO DATA,NO DATA,NO DATA,NO DATA,Liberty Street,NO DATA,NO DATA,30,7 - Other - Explain in Narrative,South,438217,121615,NO DATA,NO DATA,NO DATA,State System (State Highways and Class I TH links),VT-4A,1.67,V004A1107,LRS,Property Damage Only,"(43.59230265, -73.26507123)"
4942,VT0060100,12SA03611,07/16/2012,183 Swanton Rd,St. Albans Town,NO DATA,NO DATA,7,NO DATA,Merchants Bank,NO DATA,Feet,35,1 - Rear End,East,004-54-017E,002-59-866N,NO DATA,NO DATA,NO DATA,State System (State Highways and Class I TH links),US-7,2.05,U007-0613,LRS,Property Damage Only,"(44.83754271, -73.08124325)"
4950,VT0060100,12SA03236,06/29/2012,US-7 (75 Swanton Road),St. Albans Town,NO DATA,NO DATA,7,NO DATA,Franklin Park West,50,Feet,35,1 - Rear End,South,004-54-109E,002-59-765N,NO DATA,NO DATA,NO DATA,State System (State Highways and Class I TH links),US-7,1.95,U007-0613,LRS,Property Damage Only,"(44.83633897, -73.08042221)"
4951,VT0060100,12SA01199,03/09/2012,US-7 Swanton Rd,St. Albans Town,NO DATA,NO DATA,NO DATA,NO DATA,Franklin Park West,100,Feet,35,1 - Rear End,South,004-54-101E,002-59-774N,NO DATA,NO DATA,NO DATA,State System (State Highways and Class I TH links),US-7,1.94,U007-0613,LRS,Property Damage Only,"(44.83621755, -73.08034320)"
4952,VT0060100,12SA02407,05/16/2012,US-7 (138 Swanton Rd),St. Albans Town,NO DATA,NO DATA,NO DATA,NO DATA,Burger King,30,Feet,40,"20 - Right Turn and Thru, Angle Broadside -->^--",West,004-54-026,002-59-872,NO DATA,NO DATA,NO DATA,State System (State Highways and Class I TH links),US-7,1.84,U007-0613,LRS,Property Damage Only,"(44.83500961, -73.07953441)"
4953,VT0120100,12BA06935,09/26/2012,US-302 (155 Washington St),Barre City,NO DATA,NO DATA,NO DATA,NO DATA,155 Washington St,1,Feet,25,"11 - Left Turn and Thru, Head On ^v--",North,004-98-577,001-89-425,NO DATA,NO DATA,NO DATA,State System (State Highways and Class I TH links),US-302,2.68,U302-1201,LRS,Property Damage Only,"(44.19249001, -72.49317763)"
4954,VT0060100,12SA00462,01/26/2012,US-7 (138 Swanton Road),St. Albans Town,NO DATA,7,NO DATA,NO DATA,Dunkin Donuts,1200,Feet,35,3 - Same Direction Sideswipe,South,004-54-154E,002-59-594N,NO DATA,NO DATA,NO DATA,State System (State Highways and Class I TH links),US-7,1.84,U007-0613,LRS,Property Damage Only,"(44.83500961, -73.07953441)"
4962,VT0060100,12SA02589,05/25/2012,US-7 (75 Swanton Road),St. Albans Town,NO DATA,NO DATA,NO DATA,NO DATA,Old Orchard Road,NO DATA,NO DATA,35,1 - Rear End,North,004-53-268E,002-56-963N,NO DATA,NO DATA,NO DATA,State System (State Highways and Class I TH links),US-7,1.52,U007-0613,LRS,Property Damage Only,"(44.83055046, -73.07968698)"
4963,VT0040400,12WS005393,11/04/2012,1 Main St,Winooski City,NO DATA,NO DATA,NO DATA,NO DATA,W Canal St,25,Feet,25,3 - Same Direction Sideswipe,East,004-45-391,002-21-378,NO DATA,NO DATA,NO DATA,State System (State Highways and Class I TH links),US-7,0.12,U007-0418S,LRS,Property Damage Only,"(44.49028697, -73.18645421)"
4964,VT0060100,12SA06171,11/21/2012,US-7 (53 Swanton Rd),St. Albans Town,NO DATA,NO DATA,NO DATA,NO DATA,Seymour Rd,120,Feet,35,1 - Rear End,North,004-54-137E,002-58-879N,NO DATA,NO DATA,NO DATA,State System (State Highways and Class I TH links),US-7,1.4,U007-0613,LRS,Property Damage Only,"(44.82882759, -73.07999810)"
4965,VT0060100,12SA04829,09/12/2012,US-7 Swanton Rd,St. Albans Town,NO DATA,NO DATA,NO DATA,NO DATA,Rewes Dr,NO DATA,Feet,35,"14 - Left Turn and Thru, Broadside v<--",East,004-54-063E,002-58-528N,NO DATA,NO DATA,NO DATA,State System (State Highways and Class I TH links),US-7,1.16,U007-0613,LRS,Property Damage Only,"(44.82542818, -73.08068418)"
4966,VT0060100,12SA04904,09/15/2012,US-7; East On-ramp,St. Albans Town,NO DATA,NO DATA,NO DATA,NO DATA,Rewes Drive,NO DATA,Feet,35,1 - Rear End,North,004-54-085E,002-58-529N,NO DATA,NO DATA,NO DATA,State System (State Highways and Class I TH links),US-7,1.16,U007-0613,LRS,Injury,"(44.82542818, -73.08068418)"
4974,VT0110300,12CT00318,03/24/2012,Vt Rt 4a,Castleton,NO DATA,4A,NO DATA,NO DATA,705 Vt Rt 4a,20,Feet,50,6 - Single Vehicle Crash,West,445128,123691,NO DATA,NO DATA,NO DATA,State System (State Highways and Class I TH links),VT-4A,3.31,V004A1103,LRS,Property Damage Only,"(43.61134339, -73.17945166)"
4975,VT0041000,12WT00496,02/16/2012,VT-2A Essex Road,Williston,NO DATA,2A,NO DATA,NO DATA,Industrial Avenue/Mountain View Road,NO DATA,Feet,40,"11 - Left Turn and Thru, Head On ^v--",NO DATA,451233,218495,NO DATA,NO DATA,NO DATA,State System (State Highways and Class I TH links),VT-2A,4.79,V002A0417,LRS,Property Damage Only,"(44.46498011, -73.11289303)"
4976,VT0060100,12SA04841,09/12/2012,US-7 (165 N. Main),St. Albans City,NO DATA,NO DATA,NO DATA,NO DATA,Lakeview Terrace,1,Feet,25,"14 - Left Turn and Thru, Broadside v<--",East,004-54-057E,002-58-319N,NO DATA,NO DATA,NO DATA,State System (State Highways and Class I TH links),US-7,2.14,U007-0612,LRS,Property Damage Only,"(44.82377041, -73.08098060)"
4977,VT0040200,12ES05510,09/11/2012,VT-2A (5 CORNERS 2A),Essex,NO DATA,NO DATA,NO DATA,NO DATA,NO DATA,NO DATA,NO DATA,25,1 - Rear End,South,455001,199336,NO DATA,NO DATA,NO DATA,State System (State Highways and Class I TH links),VT-2A,0.67,V002A0406,LRS,Property Damage Only,"(44.49057069, -73.11121549)"
4978,VT0060100,12SA06719,12/21/2012,US-7 (245 North Main St),St. Albans City,NO DATA,NO DATA,NO DATA,NO DATA,Farrar St,250,Feet,35,1 - Rear End,North,004-54-016E,002-58-129N,NO DATA,NO DATA,NO DATA,State System (State Highways and Class I TH links),US-7,2.01,U007-0612,LRS,Property Damage Only,"(44.82189469, -73.08135644)"
4986,VT0060100,12SA04360,08/20/2012,US-7 North Main Street,St. Albans City,NO DATA,7,NO DATA,NO DATA,Upper Newton Street,NO DATA,NO DATA,25,1 - Rear End,NO DATA,004-53-974E,002-57-767N,NO DATA,NO DATA,NO DATA,State System (State Highways and Class I TH links),US-7,1.79,U007-0612,LRS,Property Damage Only,"(44.81871732, -73.08197085)"
4987,VT0060100,12SA02831,06/08/2012,US-7 (168 North Main St),St. Albans City,NO DATA,NO DATA,NO DATA,NO DATA,Brainerd St,60,Feet,25,1 - Rear End,North,004-53-919E,002-57-550N,NO DATA,NO DATA,NO DATA,State System (State Highways and Class I TH links),US-7,1.64,U007-0612,LRS,Property Damage Only,"(44.81653961, -73.08240274)"
4988,VT0060100,12SA02302,05/10/2012,US-7 (168 North Main),St. Albans City,NO DATA,NO DATA,NO DATA,NO DATA,North Main St,30,Feet,25,2 - Head On,West,004-53-908E,002-57-582N,NO DATA,NO DATA,NO DATA,State System (State Highways and Class I TH links),US-7,1.64,U007-0612,LRS,Property Damage Only,"(44.81653961, -73.08240274)"