ID,Reporting Agency,Report Number,Date,Street Address,Town,Number,Number1,Number2,Number3,Intersection,Distance From Intersection,Distance Unit,Posted Speed,Direction of Collision,Direction from Intersection,Easting,Northing,Mile Marker,Mile Marker 1,Mile Marker 2,AOT Roadway,AOT Route,AOT Actual Mile,LRS Number,How Mapped,Crash Type,Location 1
4989,VT0041000,12WT04504,12/17/2012,VT-2A St George Rd,Williston,NO DATA,2A,NO DATA,NO DATA,Marshall Ave,50,Feet,35,1 - Rear End,South,451233,216132,NO DATA,NO DATA,NO DATA,State System (State Highways and Class I TH links),VT-2A,3.32,V002A0417,LRS,Property Damage Only,"(44.44401701, -73.11250827)"
4990,VT0060100,12SA00676,02/09/2012,US-7 (163 N Main Street),St. Albans City,NO DATA,7,NO DATA,NO DATA,Brainerd Street,30,Feet,25,1 - Rear End,South,004-54-324E,002-56-397N,NO DATA,NO DATA,NO DATA,State System (State Highways and Class I TH links),US-7,1.62,U007-0612,LRS,Property Damage Only,"(44.81624934, -73.08246125)"
4998,VT0041000,12WT01367,05/04/2012,VT-2A Essex Road,Williston,NO DATA,2A,NO DATA,NO DATA,Zephyr Road,25,Feet,35,1 - Rear End,South,451333,217217,NO DATA,NO DATA,NO DATA,State System (State Highways and Class I TH links),VT-2A,4,V002A0417,LRS,Property Damage Only,"(44.45362153, -73.11146039)"
4999,VT0060100,12SA02659,05/29/2012,US-7 N. Main St.,St. Albans City,NO DATA,NO DATA,NO DATA,NO DATA,Hoyt St,NO DATA,NO DATA,25,7 - Other - Explain in Narrative,South,004-53-884E,002-57-252N,NO DATA,NO DATA,NO DATA,State System (State Highways and Class I TH links),US-7,1.48,U007-0612,LRS,Property Damage Only,"(44.81421712, -73.08286713)"
5000,VT0060100,12SA01452,03/23/2012,US-7 (132 North Main Street),St. Albans City,NO DATA,NO DATA,NO DATA,NO DATA,Hoyt Street,20,Feet,25,1 - Rear End,South,004-51-749E,002-56-962N,NO DATA,NO DATA,NO DATA,State System (State Highways and Class I TH links),US-7,1.47,U007-0612,LRS,Injury,"(44.81407115, -73.08288658)"
5001,VT0060100,12SA02336,05/12/2012,US-7 (112 N Main St),St. Albans City,NO DATA,NO DATA,NO DATA,NO DATA,Hudson St,1,Feet,25,NO DATA,North,004-53-899,002-57-224,NO DATA,NO DATA,NO DATA,State System (State Highways and Class I TH links),US-7,1.44,U007-0612,LRS,Injury,"(44.81363325, -73.08294491)"
5002,VT0060100,12SA03600,07/15/2012,US-7 (104 North Main St),St. Albans City,NO DATA,7,NO DATA,NO DATA,Hudson St,30,Feet,25,4 - Opp Direction Sideswipe,North,004-53-899E,002-57-229N,NO DATA,NO DATA,NO DATA,State System (State Highways and Class I TH links),US-7,1.43,U007-0612,LRS,Property Damage Only,"(44.81348728, -73.08296441)"
5010,VT0060100,12SA02339,05/12/2012,US-7 (86 N Main St),St. Albans City,NO DATA,NO DATA,NO DATA,NO DATA,Subway,1,Feet,25,5 - Rear-to-rear,East,004-53-865,002-57-150,NO DATA,NO DATA,NO DATA,State System (State Highways and Class I TH links),US-7,1.4,U007-0612,LRS,Property Damage Only,"(44.81305144, -73.08304720)"
5011,VT0060100,12SA03258,06/30/2012,US-7 (86 N Main St),St. Albans City,NO DATA,NO DATA,NO DATA,NO DATA,Bank St,150,Feet,25,"8 - No Turns, Thru moves only, Broadside ^<",North,004-53-874E,002-57-027N,NO DATA,NO DATA,NO DATA,State System (State Highways and Class I TH links),US-7,1.4,U007-0612,LRS,Property Damage Only,"(44.81305144, -73.08304720)"
5012,VT0060100,12SA00864,02/20/2012,US-7 (65 North Main Street),St. Albans City,NO DATA,NO DATA,NO DATA,NO DATA,Bank Street,5,Feet,25,3 - Same Direction Sideswipe,West,004-53-916E,002-57-074N,NO DATA,NO DATA,NO DATA,State System (State Highways and Class I TH links),US-7,1.37,U007-0612,LRS,Property Damage Only,"(44.81261581, -73.08313262)"
5013,VT0060100,12SA05535,10/19/2012,US-7 (65 North Main Street),St. Albans City,NO DATA,NO DATA,NO DATA,NO DATA,Jeff Seafood,100,Feet,25,3 - Same Direction Sideswipe,West,004-53-877E,002-57-121N,NO DATA,NO DATA,NO DATA,State System (State Highways and Class I TH links),US-7,1.37,U007-0612,LRS,Injury,"(44.81261581, -73.08313262)"
5014,VT0040200,12ES00109,01/06/2012,VT-2A (67 Park St),Essex,NO DATA,NO DATA,NO DATA,NO DATA,South St,NO DATA,NO DATA,25,7 - Other - Explain in Narrative,NO DATA,451120,220816,NO DATA,NO DATA,NO DATA,State System (State Highways and Class I TH links),VT-2A,0.32,V002A0406,LRS,Injury,"(44.48585553, -73.11390135)"
5022,VT0060100,12SA01431,03/22/2012,US-7 (39 North Main Street),St. Albans City,NO DATA,NO DATA,NO DATA,NO DATA,Kingman Street,100,Feet,25,1 - Rear End,South,004-51-749E,002-56-962N,NO DATA,NO DATA,NO DATA,State System (State Highways and Class I TH links),US-7,1.31,U007-0612,LRS,Property Damage Only,"(44.81174367, -73.08329464)"
5023,VT0041000,12WT04169,11/23/2012,VT-2A (2777 Saint George Road),Williston,NO DATA,2A,NO DATA,NO DATA,Vermont State Police Barracks,50,Feet,35,"10 - Left Turn and Thru, Angle Broadside -->v--",South,451174,215961,NO DATA,NO DATA,NO DATA,State System (State Highways and Class I TH links),VT-2A,3.2,V002A0417,LRS,Property Damage Only,"(44.44239547, -73.11337181)"
5024,VT0040500,12CC04725,07/14/2012,VT-2A Main Street,Colchester,NO DATA,2A,NO DATA,NO DATA,Roosevelt Highway,3,Feet,35,1 - Rear End,South,447256,228032,NO DATA,NO DATA,NO DATA,State System (State Highways and Class I TH links),VT-2A,2.43,V002A0405,LRS,Property Damage Only,"(44.55099566, -73.16385527)"
5025,VT0060100,12SA00169,01/11/2012,US-7 (34 N Main Street),St. Albans City,NO DATA,NO DATA,7,NO DATA,Lake St,150,Feet,25,7 - Other - Explain in Narrative,North,004-53-489,002-55-970,NO DATA,NO DATA,NO DATA,State System (State Highways and Class I TH links),US-7,1.3,U007-0612,LRS,Property Damage Only,"(44.81159840, -73.08332256)"
5026,VT0060100,12SA05009,09/21/2012,US-7 (34 N Main Street),St. Albans City,NO DATA,NO DATA,NO DATA,NO DATA,Eatons Jewelry,200,Feet,25,7 - Other - Explain in Narrative,North,004-53-863E,002-56-969N,NO DATA,NO DATA,NO DATA,State System (State Highways and Class I TH links),US-7,1.3,U007-0612,LRS,Property Damage Only,"(44.81159840, -73.08332256)"
5034,VT0041000,12WT02706,08/10/2012,VT-2A (2200 Essex Road),Williston,NO DATA,2A,NO DATA,NO DATA,Taft Corners (Essex Rd And Williston Rd),NO DATA,NO DATA,35,2 - Head On,North,451367,216791,NO DATA,NO DATA,NO DATA,State System (State Highways and Class I TH links),VT-2A,3.75,V002A0417,LRS,Injury,"(44.45002664, -73.11101875)"
5035,VT0060100,12SA03537,07/12/2012,US-7 South Main St,St. Albans City,NO DATA,NO DATA,NO DATA,NO DATA,Lake St,NO DATA,NO DATA,25,3 - Same Direction Sideswipe,South,004-53-852E,002-57-015N,NO DATA,NO DATA,NO DATA,State System (State Highways and Class I TH links),US-7,1.25,U007-0612,LRS,Property Damage Only,"(44.81087150, -73.08345636)"
5160,VTVSP0400,12D101281,04/27/2012,VT-11,Londonderry,NO DATA,11,NO DATA,NO DATA,Maurice Lane,175,Feet,50,6 - Single Vehicle Crash,West,476581,79309,NO DATA,NO DATA,NO DATA,State System (State Highways and Class I TH links),VT-11,3.89,V011-1310,LRS,Property Damage Only,"(43.21246948, -72.78715799)"
5036,VT0060100,12SA06560,12/12/2012,US-7 S Main Street,St. Albans City,NO DATA,NO DATA,NO DATA,NO DATA,Lake Street,1,Feet,25,"16 - Right Turn and Thru, Same Direction Sideswipe/Angle Crash ^^--",South,004-53-832E,002-56-881N,NO DATA,NO DATA,NO DATA,State System (State Highways and Class I TH links),US-7,1.25,U007-0612,LRS,Property Damage Only,"(44.81087150, -73.08345636)"
5037,VT0060100,12SA02999,06/17/2012,US-7 (8 South Main),St. Albans City,NO DATA,NO DATA,NO DATA,NO DATA,Lake St,3,Feet,25,1 - Rear End,South,004-53-828E,002-56-862N,NO DATA,NO DATA,NO DATA,State System (State Highways and Class I TH links),US-7,1.25,U007-0612,LRS,Property Damage Only,"(44.81087150, -73.08345636)"
5038,VT0060100,12SA05780,11/01/2012,US-7 (14 S. Main St),St. Albans City,NO DATA,NO DATA,NO DATA,NO DATA,Lake Street,50,Feet,25,7 - Other - Explain in Narrative,South,004-53-821E,002-56-870N,NO DATA,NO DATA,NO DATA,State System (State Highways and Class I TH links),US-7,1.24,U007-0612,LRS,Injury,"(44.81072568, -73.08348533)"
5046,VT0040400,12WS006355,12/24/2012,US-7 (1 Main St),Winooski City,NO DATA,NO DATA,NO DATA,NO DATA,Rotary,50,Feet,25,3 - Same Direction Sideswipe,NO DATA,004-45-391,002-21-340,NO DATA,NO DATA,NO DATA,State System (State Highways and Class I TH links),US-7,0.12,U007-0418S,LRS,Property Damage Only,"(44.49028697, -73.18645421)"
5047,VT0060100,12SA00136,01/09/2012,US-7 (38 South Main St),St. Albans City,NO DATA,NO DATA,NO DATA,NO DATA,Lake Street,200,Feet,25,3 - Same Direction Sideswipe,South,004-53-816E,002-56-775N,NO DATA,NO DATA,NO DATA,State System (State Highways and Class I TH links),US-7,1.19,U007-0612,LRS,Property Damage Only,"(44.81000166, -73.08363644)"
5048,VT0060100,12SA05829,11/04/2012,US-7 (38 S Main St),St. Albans City,NO DATA,NO DATA,NO DATA,NO DATA,Fairfield St,80,Feet,25,1 - Rear End,South,004-53-833E,002-56-817N,NO DATA,NO DATA,NO DATA,State System (State Highways and Class I TH links),US-7,1.19,U007-0612,LRS,Property Damage Only,"(44.81000166, -73.08363644)"
5049,VT0060100,12SA06288,11/28/2012,US-7 S Main St,St. Albans City,NO DATA,NO DATA,NO DATA,NO DATA,Stebbins St,1,Feet,25,1 - Rear End,South,004-53-839E,002-56-724N,NO DATA,NO DATA,NO DATA,State System (State Highways and Class I TH links),US-7,1.12,U007-0612,LRS,Property Damage Only,"(44.80899902, -73.08383471)"
5050,VT0060100,12SA04065,08/06/2012,US-7 S Main St,St. Albans City,NO DATA,NO DATA,7,NO DATA,75,NO DATA,NO DATA,25,1 - Rear End,East,004-53-801E,002-56-645N,NO DATA,NO DATA,NO DATA,State System (State Highways and Class I TH links),US-7,1.09,U007-0612,LRS,Property Damage Only,"(44.80856951, -73.08392160)"
5058,VT0060100,12SA02882,06/12/2012,US-7 (86 South Main St),St. Albans City,NO DATA,NO DATA,NO DATA,NO DATA,BFA Parking Lot,NO DATA,Feet,10,1 - Rear End,North,004-53-057E,002-55-271N,NO DATA,NO DATA,NO DATA,State System (State Highways and Class I TH links),US-7,1.02,U007-0612,LRS,Property Damage Only,"(44.80756986, -73.08414399)"
5059,VTVSP0700,12A203590,08/09/2012,US-7 South Main Street,St. Albans City,NO DATA,NO DATA,7,NO DATA,Lower Welden Street,15,Feet,25,"10 - Left Turn and Thru, Angle Broadside -->v--",South,453774,256529,NO DATA,NO DATA,NO DATA,State System (State Highways and Class I TH links),US-7,0.96,U007-0612,LRS,Injury,"(44.80679192, -73.08466709)"
5060,VT0060100,12SA05729,10/30/2012,US-7 S. Main St,St. Albans City,NO DATA,NO DATA,NO DATA,NO DATA,Upper/Lower Welden,NO DATA,NO DATA,25,"8 - No Turns, Thru moves only, Broadside ^<",North,004-53-752E,002-56-457N,NO DATA,NO DATA,NO DATA,State System (State Highways and Class I TH links),US-7,0.95,U007-0612,LRS,Injury,"(44.80667190, -73.08478001)"
5061,VT0040200,12ES06034,10/05/2012,VT-2A (47 MAIN ST),Essex,NO DATA,NO DATA,NO DATA,NO DATA,CHURCH ST,NO DATA,NO DATA,25,1 - Rear End,East,451630,221490,NO DATA,NO DATA,NO DATA,State System (State Highways and Class I TH links),VT-2A,2.41,V002A0406,LRS,Property Damage Only,"(44.51424643, -73.12171914)"
5062,VT0060100,12SA04090,08/07/2012,US-7 (100 South Main),St. Albans City,NO DATA,NO DATA,NO DATA,NO DATA,Lower┬á Welden,NO DATA,NO DATA,25,4 - Opp Direction Sideswipe,East,004-53-715E,002-56-465N,NO DATA,NO DATA,NO DATA,State System (State Highways and Class I TH links),US-7,0.94,U007-0612,LRS,Property Damage Only,"(44.80654806, -73.08488473)"
5070,VT0060100,12SA00798,02/16/2012,US-7 (190 South Main Street),St. Albans City,NO DATA,NO DATA,NO DATA,NO DATA,I89 Access Road,500,Feet,25,2 - Head On,South,004-53-356E,002-55-825N,NO DATA,NO DATA,NO DATA,State System (State Highways and Class I TH links),US-7,0.51,U007-0612,LRS,Property Damage Only,"(44.80114394, -73.08918924)"
5071,VT0040400,12WS00042,01/05/2012,US-7 (1 Main Street),Winooski City,NO DATA,NO DATA,7,NO DATA,West Canal Street,50,Feet,25,3 - Same Direction Sideswipe,West,004-45-391,002-21-340,NO DATA,NO DATA,NO DATA,State System (State Highways and Class I TH links),US-7,0.1,U007-0418S,LRS,Property Damage Only,"(44.49001558, -73.18650551)"
5072,VT0041000,12WT03792,10/24/2012,VT-2A Saint George Road,Williston,NO DATA,2A,NO DATA,NO DATA,Exit 12 South Bound On Ramp,10,Feet,35,1 - Rear End,North,451039,215638,NO DATA,NO DATA,NO DATA,State System (State Highways and Class I TH links),VT-2A,2.93,V002A0417,LRS,Property Damage Only,"(44.43876577, -73.11537988)"
5073,VT0110400,12FH00744,06/07/2012,VT-4A Prospect St,Fair Haven,NO DATA,NO DATA,NO DATA,NO DATA,Scale House,NO DATA,NO DATA,50,2 - Head On,West,436203,121080,NO DATA,NO DATA,NO DATA,State System (State Highways and Class I TH links),VT-4A,0.16,V004A1107,LRS,Property Damage Only,"(43.58730056, -73.28996171)"
5074,VT0041000,12WT04671,12/30/2012,VT-2A Essex Road,Williston,NO DATA,2A,NO DATA,NO DATA,Mountain View Road,NO DATA,NO DATA,40,"8 - No Turns, Thru moves only, Broadside ^<",NO DATA,451233,218496,NO DATA,NO DATA,NO DATA,State System (State Highways and Class I TH links),VT-2A,4.79,V002A0417,LRS,Injury,"(44.46498011, -73.11289303)"
5082,VT0020100,12BN07982,11/12/2012,VT-7A Northside Drive,Bennington,NO DATA,NO DATA,NO DATA,NO DATA,Hicks Avenue,NO DATA,NO DATA,35,3 - Same Direction Sideswipe,NO DATA,442448,44233,NO DATA,NO DATA,NO DATA,State System (State Highways and Class I TH links),VT-7A,0.28,V007A0202,LRS,Property Damage Only,"(42.89617884, -73.20478349)"
5083,VT0020100,12BN03430,05/25/2012,VT-7A Northside Drive,Bennington,NO DATA,67,NO DATA,NO DATA,Hicks Avenue,NO DATA,NO DATA,35,1 - Rear End,NO DATA,442426,44282,NO DATA,NO DATA,NO DATA,State System (State Highways and Class I TH links),VT-7A,0.28,V007A0202,LRS,Property Damage Only,"(42.89617884, -73.20478349)"
5084,VTVSP1100,12D300497,01/31/2012,VT Route 12,Brookfield,NO DATA,12,NO DATA,NO DATA,Brookfield Gulf,NO DATA,NO DATA,50,6 - Single Vehicle Crash,NO DATA,488224,171286,NO DATA,NO DATA,NO DATA,State System (State Highways and Class I TH links),VT-12,2.7,V012-0903,LRS,Injury,"(44.04161687, -72.64659850)"
5085,VT0080100,12MR02016,07/29/2012,VT-12 Upper Main St.,Morristown,NO DATA,NO DATA,NO DATA,NO DATA,Park St.,3,Feet,25,1 - Rear End,East,NO DATA,NO DATA,NO DATA,NO DATA,NO DATA,State System (State Highways and Class I TH links),VT-12,3.3,V012-0807,LRS,Property Damage Only,"(44.56182317, -72.59634904)"
5086,VT0080100,12MR01681,06/28/2012,VT-12 (384 UPPER MAIN STREET),Morristown,NO DATA,NO DATA,NO DATA,NO DATA,MAPLE STREET,0,Miles,25,3 - Same Direction Sideswipe,East,492746,229004,NO DATA,NO DATA,NO DATA,State System (State Highways and Class I TH links),VT-12,3.02,V012-0807,LRS,Property Damage Only,"(44.56139457, -72.59067028)"
5087,VT0080100,12MR03313,12/26/2012,VT-12 (1300 ELMORE STREET),Morristown,NO DATA,NO DATA,NO DATA,NO DATA,DEMARS ROAD,25,Feet,25,6 - Single Vehicle Crash,East,493785,228174,NO DATA,NO DATA,NO DATA,State System (State Highways and Class I TH links),VT-12,2.18,V012-0807,LRS,Property Damage Only,"(44.55379184, -72.57831139)"
5095,VT0140200,12SF03224,08/13/2012,VT-11 Clinton Street,Springfield,NO DATA,11,NO DATA,NO DATA,South Street,5,Feet,35,"10 - Left Turn and Thru, Angle Broadside -->v--",North,501659,88231,NO DATA,NO DATA,NO DATA,State System (State Highways and Class I TH links),VT-11,4.93,V011-1418,LRS,Injury,"(43.29474259, -72.48008412)"
5096,VT0140200,12SF01950,05/29/2012,VT-11 Clinton Street,Springfield,NO DATA,NO DATA,NO DATA,NO DATA,South Street,NO DATA,NO DATA,35,7 - Other - Explain in Narrative,NO DATA,501642,88230,NO DATA,NO DATA,NO DATA,State System (State Highways and Class I TH links),VT-11,4.91,V011-1418,LRS,Injury,"(43.29502337, -72.48010972)"
5097,VT0140200,12SF02498,07/03/2012,VT-11 (148 Main Street),Springfield,NO DATA,NO DATA,NO DATA,NO DATA,NO DATA,NO DATA,Miles,25,6 - Single Vehicle Crash,NO DATA,501617,88311,NO DATA,NO DATA,NO DATA,State System (State Highways and Class I TH links),VT-11,4.89,V011-1418,LRS,Injury,"(43.29528607, -72.48022765)"
5098,VT0140200,12SF00053,01/04/2012,VT 11 (148 Main Street),Springfield,NO DATA,11,NO DATA,NO DATA,Senior Center,250,Feet,25,NO DATA,East,501617,88329,NO DATA,NO DATA,NO DATA,State System (State Highways and Class I TH links),VT-11,4.89,V011-1418,LRS,Property Damage Only,"(43.29528607, -72.48022765)"
5099,VT0140200,12SF01971,05/31/2012,VT-11 MAIN STREET,Springfield,1,NO DATA,NO DATA,NO DATA,SPRINGFIELD POST OFFICE,500,Feet,25,"17 - Right Turn, Same Direction, Rear End ^--^--",East,501547,88435,NO DATA,NO DATA,NO DATA,State System (State Highways and Class I TH links),VT-11,4.84,V011-1418,LRS,Property Damage Only,"(43.29586960, -72.48076482)"
5100,VT0140200,12SF00639,02/28/2012,VT 11 (96 Main Street),Springfield,NO DATA,11,NO DATA,NO DATA,Town Hall,200,Miles,25,1 - Rear End,West,501496,88503,NO DATA,NO DATA,NO DATA,State System (State Highways and Class I TH links),VT-11,4.75,V011-1418,LRS,Property Damage Only,"(43.29692801, -72.48168137)"
5108,VT0140200,12SF04405,10/19/2012,VT-11 (46 MAIN STREET),Springfield,NO DATA,11,NO DATA,NO DATA,NO DATA,NO DATA,NO DATA,25,"10 - Left Turn and Thru, Angle Broadside -->v--",NO DATA,501457,88766,NO DATA,NO DATA,NO DATA,State System (State Highways and Class I TH links),VT-11,4.65,V011-1418,LRS,Property Damage Only,"(43.29831879, -72.48196318)"
5109,VT0140200,12SF00217,01/19/2012,VT-11 (40 Main Street),Springfield,1,NO DATA,NO DATA,NO DATA,Village Pizza,1,Feet,25,NO DATA,East,501465,88715,NO DATA,NO DATA,NO DATA,State System (State Highways and Class I TH links),VT-11,4.64,V011-1418,LRS,Property Damage Only,"(43.29845858, -72.48198509)"
5110,VT0140200,12SF00044,01/03/2012,VT-11 (29 Main Street),Springfield,NO DATA,NO DATA,NO DATA,NO DATA,Park Street,NO DATA,NO DATA,25,1 - Rear End,NO DATA,501454,88727,NO DATA,NO DATA,NO DATA,State System (State Highways and Class I TH links),VT-11,4.62,V011-1418,LRS,Property Damage Only,"(43.29873706, -72.48195039)"
5111,VT0140200,12SF01450,04/24/2012,VT-11 Main Street,Springfield,NO DATA,11,NO DATA,NO DATA,Summer Street,10,Feet,35,1 - Rear End,South,501457,88738,NO DATA,NO DATA,NO DATA,State System (State Highways and Class I TH links),VT-11,4.62,V011-1418,LRS,Property Damage Only,"(43.29873706, -72.48195039)"
5112,VT0140200,12SF04329,10/14/2012,VT-11 Main Street,Springfield,NO DATA,NO DATA,NO DATA,NO DATA,Summer Street,0,Feet,25,NO DATA,NO DATA,501461,88731,NO DATA,NO DATA,NO DATA,State System (State Highways and Class I TH links),VT-11,4.61,V011-1418,LRS,Property Damage Only,"(43.29887652, -72.48193181)"
5113,VT0140200,12SF03473,08/24/2012,VT-11 Main Street,Springfield,NO DATA,11,NO DATA,NO DATA,Summer Street,NO DATA,NO DATA,25,"10 - Left Turn and Thru, Angle Broadside -->v--",North,501462,88725,NO DATA,NO DATA,NO DATA,State System (State Highways and Class I TH links),VT-11,4.61,V011-1418,LRS,Property Damage Only,"(43.29887652, -72.48193181)"
5121,VT0140200,12SF02733,07/17/2012,VT-11 (209 River St),Springfield,NO DATA,11,NO DATA,NO DATA,Rte 106,100,Feet,35,"20 - Right Turn and Thru, Angle Broadside -->^--",South,500566,89326,NO DATA,NO DATA,NO DATA,State System (State Highways and Class I TH links),VT-11,4.01,V011-1418,LRS,Property Damage Only,"(43.30387031, -72.49049723)"
5122,VT0020100,12BN04898,07/19/2012,VT-7A Northside Drive,Bennington,NO DATA,67A,NO DATA,NO DATA,Hicks Avenue,NO DATA,NO DATA,35,5 - Rear-to-rear,NO DATA,442437,44193,NO DATA,NO DATA,NO DATA,State System (State Highways and Class I TH links),VT-7A,0.26,V007A0202,LRS,Injury,"(42.89598553, -73.20448658)"
5123,VT0140200,12SF04321,10/13/2012,VT-11 River Street,Springfield,NO DATA,11,NO DATA,NO DATA,#209 River Street,NO DATA,NO DATA,35,"10 - Left Turn and Thru, Angle Broadside -->v--",NO DATA,500789,89296,NO DATA,NO DATA,NO DATA,State System (State Highways and Class I TH links),VT-11,4.01,V011-1418,LRS,Property Damage Only,"(43.30387031, -72.49049723)"
5124,VT0140200,12SF03135,08/08/2012,209 River Street,Springfield,NO DATA,11,NO DATA,NO DATA,NO DATA,NO DATA,NO DATA,99,NO DATA,NO DATA,500786,89308,NO DATA,NO DATA,NO DATA,State System (State Highways and Class I TH links),VT-11,4.01,V011-1418,LRS,Property Damage Only,"(43.30387031, -72.49049723)"
5125,VT0140200,12SF02813,07/23/2012,River Street (VT RTE 11),Springfield,NO DATA,11,NO DATA,NO DATA,"Chester Road (VT Rte 11), Rte 106 Intersection",45,Feet,35,1 - Rear End,East,500729,89311,NO DATA,NO DATA,NO DATA,State System (State Highways and Class I TH links),VT-11,4,V011-1418,LRS,Property Damage Only,"(43.30391189, -72.49066744)"
5126,VT0140200,12SF00980,03/23/2012,VERMONT ROUTE 11,Springfield,NO DATA,1,NO DATA,NO DATA,JUNCTION OF ROUTE 11 EAST AND 106 SOUTH,1,Feet,35,NO DATA,NO DATA,500692,89296,NO DATA,NO DATA,NO DATA,State System (State Highways and Class I TH links),VT-11,4,V011-1418,LRS,Property Damage Only,"(43.30391189, -72.49066744)"
5134,VT0140200,12SF03141,08/08/2012,VERMONT ROUTE 11 W,Springfield,NO DATA,1,NO DATA,NO DATA,PARK STREET,100,Feet,35,3 - Same Direction Sideswipe,North,500422,88842,NO DATA,NO DATA,NO DATA,State System (State Highways and Class I TH links),VT-11,3.58,V011-1418,LRS,Property Damage Only,"(43.30013546, -72.49453314)"
5135,VT0140200,12SF02486,07/02/2012,VT-11 Chester Road,Springfield,NO DATA,11,NO DATA,NO DATA,Old Chester Road,NO DATA,NO DATA,40,3 - Same Direction Sideswipe,NO DATA,500328,88787,NO DATA,NO DATA,NO DATA,State System (State Highways and Class I TH links),VT-11,3.47,V011-1418,LRS,Property Damage Only,"(43.29910597, -72.49591665)"
5136,VT0140200,12SF00462,02/10/2012,VT-11 CHESTER ROAD,Springfield,NO DATA,NO DATA,NO DATA,NO DATA,WALKER ROAD,800,Feet,40,6 - Single Vehicle Crash,East,500029,88697,NO DATA,NO DATA,NO DATA,State System (State Highways and Class I TH links),VT-11,3.43,V011-1418,LRS,Injury,"(43.29897100, -72.49668752)"
5137,VT0140200,12SF04711,11/08/2012,VT-11 (78 CHESTER RD),Springfield,NO DATA,11,NO DATA,NO DATA,FAIRGROUND HEIGHTS,NO DATA,NO DATA,45,"8 - No Turns, Thru moves only, Broadside ^<",NO DATA,499724,88848,NO DATA,NO DATA,NO DATA,State System (State Highways and Class I TH links),VT-11,3.08,V011-1418,LRS,Property Damage Only,"(43.29960263, -72.50310817)"
5138,VTVSP0400,12D101817,06/14/2012,VT-11 Chester Rd,Springfield,NO DATA,11,NO DATA,NO DATA,Fairground Heights Road,580,Feet,40,6 - Single Vehicle Crash,West,499606,88951,110,1418,329,State System (State Highways and Class I TH links),VT-11,2.96,V011-1418,LRS,Injury,"(43.30072178, -72.50492529)"
5139,VT0140200,12SF03425,08/22/2012,VT-11,Springfield,NO DATA,11,NO DATA,91,I91 North Bound Off Ramp,1,Feet,40,"8 - No Turns, Thru moves only, Broadside ^<",North,505512,85200,NO DATA,NO DATA,NO DATA,State System (State Highways and Class I TH links),VT-11,2.56,V011-1418,LRS,Injury,"(43.30034599, -72.51262073)"
5147,VT0140600,12CH00474,05/12/2012,VT-11 Main Street,Chester,NO DATA,11,NO DATA,NO DATA,The Green,NO DATA,NO DATA,30,"10 - Left Turn and Thru, Angle Broadside -->v--",NO DATA,NO DATA,NO DATA,NO DATA,NO DATA,NO DATA,State System (State Highways and Class I TH links),VT-11,4.83,V011-1407,LRS,Property Damage Only,"(43.26487149, -72.59996898)"
5148,VT0020100,12BN08359,11/28/2012,VT-7A (110 Northside Drive,Bennington,NO DATA,NO DATA,NO DATA,NO DATA,NO DATA,NO DATA,NO DATA,35,NO DATA,NO DATA,442308,44373,NO DATA,NO DATA,NO DATA,State System (State Highways and Class I TH links),VT-7A,0.23,V007A0202,LRS,Property Damage Only,"(42.89569544, -73.20404134)"
5149,VT0140600,12CH00403,04/22/2012,VT-11 (518 Main Street),Chester,NO DATA,11,NO DATA,NO DATA,VT RT 11 East,NO DATA,NO DATA,25,6 - Single Vehicle Crash,East,NO DATA,NO DATA,NO DATA,NO DATA,NO DATA,State System (State Highways and Class I TH links),VT-11,4.59,V011-1407,LRS,Property Damage Only,"(43.26614989, -72.60431253)"
5150,VT0140600,12CH00244,02/29/2012,VT RT 11 West,Chester,NO DATA,11,NO DATA,NO DATA,Goldthwaite Road,1,Feet,50,6 - Single Vehicle Crash,NO DATA,NO DATA,NO DATA,NO DATA,NO DATA,NO DATA,State System (State Highways and Class I TH links),VT-11,3.24,V011-1407,LRS,Property Damage Only,"(43.26947131, -72.62920501)"
5151,VT0140600,12CH00727,07/20/2012,VT RT 11 West,Chester,NO DATA,11,NO DATA,NO DATA,1/4 Mile West Of VT RT 11 W And Goldthwait Rd.,NO DATA,NO DATA,50,6 - Single Vehicle Crash,NO DATA,NO DATA,NO DATA,NO DATA,NO DATA,NO DATA,State System (State Highways and Class I TH links),VT-11,2.99,V011-1407,LRS,Property Damage Only,"(43.26613363, -72.63144189)"
5152,VT0140600,12CH00254,03/03/2012,VT-11 (2868 VT RT 11 West),Chester,NO DATA,11,NO DATA,NO DATA,NO DATA,NO DATA,NO DATA,50,6 - Single Vehicle Crash,NO DATA,NO DATA,NO DATA,NO DATA,NO DATA,NO DATA,State System (State Highways and Class I TH links),VT-11,1.51,V011-1407,LRS,Property Damage Only,"(43.26207768, -72.65634651)"