ID,Reporting Agency,Report Number,Date,Street Address,Town,Number,Number1,Number2,Number3,Intersection,Distance From Intersection,Distance Unit,Posted Speed,Direction of Collision,Direction from Intersection,Easting,Northing,Mile Marker,Mile Marker 1,Mile Marker 2,AOT Roadway,AOT Route,AOT Actual Mile,LRS Number,How Mapped,Crash Type,Location 1
5161,VTVSP0400,12D101295,04/28/2012,VT-11 (3714 VT RT 11),Londonderry,NO DATA,11,NO DATA,NO DATA,Maurice Lane,0,Miles,50,6 - Single Vehicle Crash,East,476623,79251,110,1310,380,State System (State Highways and Class I TH links),VT-11,2.7,V011-1310,LRS,Property Damage Only,"(43.22530444, -72.80096446)"
5162,VTVSP0400,12D100175,01/13/2012,VT Route 11,Londonderry,NO DATA,11,NO DATA,NO DATA,VT Route 100 North,NO DATA,NO DATA,30,6 - Single Vehicle Crash,NO DATA,475003,80796,110,1310,200,State System (State Highways and Class I TH links),VT-11,2.32,V011-1310,LRS,Property Damage Only,"(43.22686162, -72.80773871)"
5163,VTVSP0400,12D104103,12/20/2012,VT Route 11,Londonderry,NO DATA,11,NO DATA,NO DATA,Old Stowell Hill,20,Feet,50,6 - Single Vehicle Crash,West,473331,81527,NO DATA,NO DATA,NO DATA,State System (State Highways and Class I TH links),VT-11,1.92,V011-1310,LRS,Property Damage Only,"(43.22927969, -72.81513982)"
5164,VTVSP0400,12D100955,03/24/2012,VT-11,Londonderry,NO DATA,11,NO DATA,NO DATA,Jct VT Route 100 South,0,Miles,40,6 - Single Vehicle Crash,West,473795,81146,NO DATA,NO DATA,NO DATA,State System (State Highways and Class I TH links),VT-11,1.51,V011-1310,LRS,Injury,"(43.22988869, -72.82240712)"
5165,VTVSP0400,12D102508,08/10/2012,Route 11,Londonderry,NO DATA,11,NO DATA,NO DATA,Sherwood Forest,600,Feet,50,6 - Single Vehicle Crash,East,472031,81705,NO DATA,NO DATA,NO DATA,State System (State Highways and Class I TH links),VT-11,0.3,V011-1310,LRS,Injury,"(43.23506068, -72.84421511)"
5173,VT0020800,12WH01437,10/20/2012,Vermont Route 11 & 30,Winhall,NO DATA,NO DATA,NO DATA,NO DATA,Old Peru Road,600,Feet,50,6 - Single Vehicle Crash,East,NO DATA,NO DATA,NO DATA,NO DATA,NO DATA,State System (State Highways and Class I TH links),VT-11,0.18,V011-0216,LRS,Property Damage Only,"(43.18931345, -73.00097215)"
5174,VTVSP0400,12D104057,12/17/2012,Vt-11,Peru,NO DATA,11,NO DATA,NO DATA,Dump Road,250,Feet,50,6 - Single Vehicle Crash,East,469523,81650,NO DATA,NO DATA,NO DATA,State System (State Highways and Class I TH links),VT-11,4.14,V011-0207,LRS,Property Damage Only,"(43.23422831, -72.87478751)"
5175,VTVSP0400,12D104232,12/30/2012,VT-11,Peru,NO DATA,11,NO DATA,NO DATA,Dump Rd,250,Feet,50,2 - Head On,West,469418,81637,NO DATA,NO DATA,NO DATA,State System (State Highways and Class I TH links),VT-11,4.04,V011-0207,LRS,Injury,"(43.23435844, -72.87680920)"
5176,VTVSP0400,12D100222,01/17/2012,VT RT 11,Peru,NO DATA,11,NO DATA,NO DATA,South Road,1,Miles,50,6 - Single Vehicle Crash,East,468210,81616,NO DATA,NO DATA,NO DATA,State System (State Highways and Class I TH links),VT-11,3.23,V011-0207,LRS,Injury,"(43.23359166, -72.89278242)"
5177,VTVSP0400,12D100058,01/05/2012,VT-11,Peru,NO DATA,11,NO DATA,NO DATA,Main St (East End),75,Feet,50,6 - Single Vehicle Crash,West,467844,81400,NO DATA,NO DATA,NO DATA,State System (State Highways and Class I TH links),VT-11,3.11,V011-0207,LRS,Property Damage Only,"(43.23270848, -72.89488553)"
5178,VTVSP0400,12D103549,10/31/2012,Vt Rt 11,Peru,NO DATA,11,NO DATA,NO DATA,South Road,NO DATA,NO DATA,50,"14 - Left Turn and Thru, Broadside v<--",NO DATA,467655,81038,NO DATA,NO DATA,NO DATA,State System (State Highways and Class I TH links),VT-11,2.74,V011-0207,LRS,Injury,"(43.22871221, -72.89834192)"
5186,VT0020400,12MC01146,06/20/2012,VT-11 Depot Street,Manchester,NO DATA,1130,NO DATA,NO DATA,Highland Ave,NO DATA,NO DATA,35,"12 - Left Turn and Thru, Same Direction Sideswipe/Angle Crash vv--",NO DATA,374226,75889,NO DATA,NO DATA,NO DATA,State System (State Highways and Class I TH links),VT-11,0.59,V011-0206,LRS,Property Damage Only,"(43.17273749, -73.04682094)"
5187,VT0020100,12BN00797,02/06/2012,VT 7A (Northside Drive),Bennington,NO DATA,7A,NO DATA,NO DATA,NO DATA,50,Feet,35,3 - Same Direction Sideswipe,West,442584,44118,NO DATA,NO DATA,NO DATA,State System (State Highways and Class I TH links),VT-7A,0.19,V007A0202,LRS,Property Damage Only,"(42.89530423, -73.20345315)"
5188,VT0020100,12BN06080,08/29/2012,VT-7A Northside Drive,Bennington,NO DATA,67A,NO DATA,NO DATA,Benmont Avenue,NO DATA,NO DATA,30,"8 - No Turns, Thru moves only, Broadside ^<",NO DATA,442581,44094,NO DATA,NO DATA,NO DATA,State System (State Highways and Class I TH links),VT-7A,0.12,V007A0202,LRS,Property Damage Only,"(42.89467620, -73.20236136)"
5189,VT0020400,12MC01518,08/02/2012,VT-11 Depot Street,Manchester,NO DATA,NO DATA,NO DATA,NO DATA,NO DATA,NO DATA,NO DATA,25,3 - Same Direction Sideswipe,East,455471,74892,NO DATA,NO DATA,NO DATA,State System (State Highways and Class I TH links),VT-11,0.58,V011-0206,LRS,Injury,"(43.17277022, -73.04701309)"
5190,VT0020400,12MC01279,07/02/2012,VT-11 Depot St,Manchester,NO DATA,1130,NO DATA,NO DATA,Highland Ave,NO DATA,NO DATA,25,7 - Other - Explain in Narrative,NO DATA,455525,74875,NO DATA,NO DATA,NO DATA,State System (State Highways and Class I TH links),VT-11,0.58,V011-0206,LRS,Injury,"(43.17277022, -73.04701309)"
5198,VT0141000,12NW00972,07/21/2012,VT RT 10A,Norwich,NO DATA,10A,NO DATA,NO DATA,River Road,NO DATA,NO DATA,30,"8 - No Turns, Thru moves only, Broadside ^<",East,516038,133764,NO DATA,NO DATA,NO DATA,State System (State Highways and Class I TH links),VT-10A,0.48,V010A1411,LRS,Property Damage Only,"(43.70385607, -72.30090491)"
5199,VT0141000,12NW00917,07/11/2012,Route 10A,Norwich,NO DATA,10A,NO DATA,NO DATA,River Road,NO DATA,NO DATA,30,1 - Rear End,NO DATA,515940,133785,NO DATA,NO DATA,NO DATA,State System (State Highways and Class I TH links),VT-10A,0.48,V010A1411,LRS,Property Damage Only,"(43.70385607, -72.30090491)"
5200,VT0141000,12NW01709,12/23/2012,Route 10A,Norwich,NO DATA,10A,NO DATA,NO DATA,River Road,150,Feet,30,1 - Rear End,West,515566,134032,NO DATA,NO DATA,NO DATA,State System (State Highways and Class I TH links),VT-10A,0.45,V010A1411,LRS,Property Damage Only,"(43.70397033, -72.30147871)"
5201,VT0141000,12NW01251,09/19/2012,VT RT 10A,Norwich,NO DATA,10A,NO DATA,NO DATA,River Road,250,Feet,30,1 - Rear End,West,515988,133772,NO DATA,NO DATA,NO DATA,State System (State Highways and Class I TH links),VT-10A,0.43,V010A1411,LRS,Injury,"(43.70404593, -72.30186142)"
5202,VT0141000,12NW00771,06/11/2012,VT RT 10A,Norwich,NO DATA,10A,NO DATA,NO DATA,I91,NO DATA,NO DATA,30,6 - Single Vehicle Crash,NO DATA,515663,133901,NO DATA,NO DATA,NO DATA,State System (State Highways and Class I TH links),VT-10A,0.21,V010A1411,LRS,Property Damage Only,"(43.70521975, -72.30580991)"
5203,VT0141000,12NW00798,06/16/2012,VT RT 10A,Norwich,NO DATA,10A,NO DATA,NO DATA,US Route 5,NO DATA,NO DATA,30,"8 - No Turns, Thru moves only, Broadside ^<",North,515531,134225,NO DATA,NO DATA,NO DATA,State System (State Highways and Class I TH links),VT-10A,0,V010A1411,LRS,Injury,"(43.70800551, -72.30722527)"
5211,VT0140600,12CH01230,12/17/2012,VT RT 10,Chester,NO DATA,10,NO DATA,NO DATA,VT RT 103,600,Feet,40,2 - Head On,East,NO DATA,NO DATA,NO DATA,NO DATA,NO DATA,State System (State Highways and Class I TH links),VT-10,0.11,V010-1407,LRS,Injury,"(43.32458293, -72.60566492)"
5212,VT0130300,12WM01408,11/23/2012,Vermont Route 9; East,Wilmington,NO DATA,9,NO DATA,NO DATA,Sun & Ski Road,500,Feet,50,6 - Single Vehicle Crash,East,004-75-238,000-39-927,90,1322,700,State System (State Highways and Class I TH links),VT-9,7.05,V009-1322,LRS,Property Damage Only,"(42.85925642, -72.80339129)"
5213,VT0130300,12WM00189,02/04/2012,Vermont Route 9,Wilmington,NO DATA,9,NO DATA,NO DATA,Molly Stark State Park,300,Feet,50,6 - Single Vehicle Crash,East,004-74-363,000-39-469,90,1322,634,State System (State Highways and Class I TH links),VT-9,6.41,V009-1322,LRS,Property Damage Only,"(42.85495094, -72.81312995)"
5214,VT0130300,12WM00815,07/07/2012,Vermont Route 9; East,Wilmington,NO DATA,9,NO DATA,NO DATA,Sparrow Lane,20,Feet,50,6 - Single Vehicle Crash,East,NO DATA,NO DATA,NO DATA,NO DATA,NO DATA,State System (State Highways and Class I TH links),VT-9,6.18,V009-1322,LRS,Property Damage Only,"(42.85484550, -72.81766565)"
5215,VT0130300,12WM01536,12/22/2012,VT RT 9,Wilmington,NO DATA,9,NO DATA,NO DATA,Charles Forrest Rd,0,Miles,50,6 - Single Vehicle Crash,East,004-73-844,000-40-469,90,1322,580,State System (State Highways and Class I TH links),VT-9,5.6,V009-1322,LRS,Property Damage Only,"(42.85444139, -72.82842569)"
5216,VT0130300,12WM00137,01/23/2012,Vermont Route 9; East,Wilmington,NO DATA,9,NO DATA,NO DATA,Lake Raponda Road,2000,Feet,50,6 - Single Vehicle Crash,West,004-73-125,000-39-372,NO DATA,NO DATA,NO DATA,State System (State Highways and Class I TH links),VT-9,5.52,V009-1322,LRS,Property Damage Only,"(42.85375438, -72.82968815)"
5217,VT0130300,12WM00152,01/26/2012,Vermont Route 9; East,Wilmington,NO DATA,9,NO DATA,NO DATA,Shearer Hill Road,30,Feet,50,6 - Single Vehicle Crash,West,004-72-425,000-39-500,NO DATA,NO DATA,NO DATA,State System (State Highways and Class I TH links),VT-9,5.1,V009-1322,LRS,Property Damage Only,"(42.85484730, -72.83731043)"
5218,VT0020100,12BN05394,08/04/2012,VT-7A Northside Drive,Bennington,NO DATA,67-A,NO DATA,NO DATA,Benmont Avenue,NO DATA,NO DATA,35,1 - Rear End,NO DATA,442602,44097,NO DATA,NO DATA,NO DATA,State System (State Highways and Class I TH links),VT-7A,0.11,V007A0202,LRS,Property Damage Only,"(42.89460888, -73.20218625)"
5219,VT0130300,12WM01057,08/31/2012,Vermont Route 9E; Vermont Route 100S,Wilmington,NO DATA,9,NO DATA,NO DATA,Vermont Route 100; South,NO DATA,NO DATA,50,1 - Rear End,NO DATA,004-71-186,000-40-136,90,1322,440,State System (State Highways and Class I TH links),VT-9,4.13,V009-1322,LRS,Property Damage Only,"(42.86071384, -72.85261366)"
5220,VT0130300,12WM00083,01/13/2012,178 Vermont Route 9; East,Wilmington,NO DATA,9,NO DATA,NO DATA,White House Inn,60,Feet,40,6 - Single Vehicle Crash,West,004-70-891,000-40-466,NO DATA,NO DATA,NO DATA,State System (State Highways and Class I TH links),VT-9,3.92,V009-1322,LRS,Property Damage Only,"(42.86306325, -72.85501774)"
5221,VT0130300,12WM01058,08/31/2012,VT-9 (87 Vermont Route 9),Wilmington,NO DATA,9,NO DATA,NO DATA,Wilmington Short Stop Mobil,NO DATA,NO DATA,25,1 - Rear End,NO DATA,004-70-262,000-40-685,90,1322,340,State System (State Highways and Class I TH links),VT-9,3.43,V009-1322,LRS,Property Damage Only,"(42.86570182, -72.86379050)"
5222,VT0020100,12BN04534,07/05/2012,VT-7A (101 Northside Drive),Bennington,NO DATA,NO DATA,NO DATA,NO DATA,Entrance Of Gardner Motorsports,NO DATA,NO DATA,30,3 - Same Direction Sideswipe,NO DATA,441188,45540,NO DATA,NO DATA,NO DATA,State System (State Highways and Class I TH links),VT-7A,0.08,V007A0202,LRS,Injury,"(42.89444878, -73.20163360)"
5223,VT0130300,12WM00947,08/05/2012,VT-9 (88 East Main Street),Wilmington,NO DATA,9,NO DATA,NO DATA,Mobil Station - East Entrance,NO DATA,NO DATA,25,"14 - Left Turn and Thru, Broadside v<--",NO DATA,004-70-289,000-40-693,90,1322,340,State System (State Highways and Class I TH links),VT-9,3.42,V009-1322,LRS,Property Damage Only,"(42.86574166, -72.86398203)"
5224,VT0130300,12WM01270,10/17/2012,VT-9 (70 Vermont Route 9; East),Wilmington,NO DATA,9,NO DATA,NO DATA,Mobil Gas Station,150,Feet,25,2 - Head On,NO DATA,004-70-135,000-40-735,90,1322,320,State System (State Highways and Class I TH links),VT-9,3.34,V009-1322,LRS,Property Damage Only,"(42.86606651, -72.86551167)"
5225,VT0130300,12WM01577,12/29/2012,Vermont Route 9,Wilmington,NO DATA,9,NO DATA,NO DATA,43 Vermont Route 9; East,20,Feet,25,1 - Rear End,West,004-69-940,000-40-771,90,1322,320,State System (State Highways and Class I TH links),VT-9,3.23,V009-1322,LRS,Property Damage Only,"(42.86661098, -72.86756893)"
5226,VT0130300,12WM00597,05/16/2012,Vermont Route 9; E,Wilmington,NO DATA,9,NO DATA,NO DATA,Church Street,20,Feet,25,1 - Rear End,North,004-69-728,000-40-951,90,1322,310,State System (State Highways and Class I TH links),VT-9,3.12,V009-1322,LRS,Property Damage Only,"(42.86737622, -72.86947963)"
5227,VT0130300,12WM01026,08/25/2012,VT-9 (18 East Main Street),Wilmington,NO DATA,9,NO DATA,NO DATA,NO DATA,NO DATA,NO DATA,25,1 - Rear End,NO DATA,004-70-236,000-42-368,90,1322,320,State System (State Highways and Class I TH links),VT-9,3.1,V009-1322,LRS,Property Damage Only,"(42.86755848, -72.86979120)"
5228,VT0130300,12WM01511,12/18/2012,VT-9 (2 East Main St),Wilmington,NO DATA,9,NO DATA,NO DATA,VT RT 100,NO DATA,NO DATA,25,1 - Rear End,East,004-69-670,000-40-963,NO DATA,NO DATA,NO DATA,State System (State Highways and Class I TH links),VT-9,3.02,V009-1322,LRS,Property Damage Only,"(42.86833754, -72.87097526)"
5236,VT0130300,12WM00074,01/12/2012,Vermont Route 9; West,Wilmington,NO DATA,9,NO DATA,NO DATA,Wilmington,0,Miles,40,6 - Single Vehicle Crash,West,004-68-533,000-41-368,NO DATA,NO DATA,NO DATA,State System (State Highways and Class I TH links),VT-9,2.23,V009-1322,LRS,Property Damage Only,"(42.87180128, -72.88523003)"
5237,VTVSP1000,12D203501,12/19/2012,Route 9,Marlboro,NO DATA,9,NO DATA,NO DATA,Macarthur Rd TH#26,1,Miles,50,6 - Single Vehicle Crash,East,484139,42028,90,1311,720,State System (State Highways and Class I TH links),VT-9,8.14,V009-1311,LRS,Property Damage Only,"(42.87767607, -72.68140800)"
5238,VTVSP1000,12D203313,11/30/2012,Route 9,Marlboro,NO DATA,9,NO DATA,NO DATA,Mile Marker,170,Feet,50,6 - Single Vehicle Crash,NO DATA,484607,41857,90,1311,760,State System (State Highways and Class I TH links),VT-9,7.57,V009-1311,LRS,Property Damage Only,"(42.87754422, -72.68979997)"
5239,VTVSP1000,12D202430,08/30/2012,VT-9,Marlboro,NO DATA,9,NO DATA,NO DATA,Hamilton Road,200,Feet,50,6 - Single Vehicle Crash,East,484847,41746,90,1311,780,State System (State Highways and Class I TH links),VT-9,7.37,V009-1311,LRS,Property Damage Only,"(42.87823856, -72.69358287)"
5240,VTVSP1000,12D203238,11/23/2012,VT Route 9,Marlboro,NO DATA,9,NO DATA,NO DATA,McArthur Rd,100,Feet,50,6 - Single Vehicle Crash,West,483982,42055,90,1311,720,State System (State Highways and Class I TH links),VT-9,7.32,V009-1311,LRS,Property Damage Only,"(42.87826907, -72.69456918)"
5241,VTVSP1000,12D203229,11/22/2012,VT Route 9,Marlboro,NO DATA,9,NO DATA,NO DATA,Macarthur Road,150,Feet,50,7 - Other - Explain in Narrative,West,483946,42081,90,1311,740,State System (State Highways and Class I TH links),VT-9,7.31,V009-1311,LRS,Injury,"(42.87827562, -72.69476933)"
5249,VTVSP1000,12D201830,07/03/2012,Vermont Route 9,Marlboro,NO DATA,9,NO DATA,NO DATA,South Road,NO DATA,NO DATA,50,7 - Other - Explain in Narrative,NO DATA,481847,40720,NO DATA,NO DATA,NO DATA,State System (State Highways and Class I TH links),VT-9,5.43,V009-1311,LRS,Injury,"(42.86638787, -72.72214407)"
5250,VTVSP1000,12D202925,10/21/2012,Route 9,Marlboro,NO DATA,9,NO DATA,NO DATA,South Road (TH#3),200,Feet,50,6 - Single Vehicle Crash,West,481814,40689,90,1311,520,State System (State Highways and Class I TH links),VT-9,5.4,V009-1311,LRS,Injury,"(42.86614599, -72.72262718)"
5251,VTVSP1000,12D202878,10/16/2012,VT Route 9 East,Marlboro,NO DATA,9,NO DATA,NO DATA,4180 VT Route 9 East,40,Feet,50,3 - Same Direction Sideswipe,West,479940,40508,90,1311,400,State System (State Highways and Class I TH links),VT-9,4.12,V009-1311,LRS,Property Damage Only,"(42.86420271, -72.74423773)"
5252,VTVSP1000,12D200526,02/20/2012,Vt Rt 9,Marlboro,NO DATA,9,NO DATA,NO DATA,Augur Hole Rd TH #1,50,Feet,50,6 - Single Vehicle Crash,West,479379,40396,90,1311,380,State System (State Highways and Class I TH links),VT-9,3.72,V009-1311,LRS,Injury,"(42.86374348, -72.75136069)"
5253,VTVSP1000,12D202160,08/04/2012,Vermont Route 9,Marlboro,NO DATA,9,NO DATA,NO DATA,Adams Cross Road,1,Miles,50,6 - Single Vehicle Crash,East,478553,40179,90,1311,300,State System (State Highways and Class I TH links),VT-9,3.13,V009-1311,LRS,Property Damage Only,"(42.86152917, -72.76209280)"
5254,VTVSP1000,12D200549,02/22/2012,Vermont Route 9,Marlboro,NO DATA,9,NO DATA,NO DATA,Golden Eagle Motel,200,Feet,50,6 - Single Vehicle Crash,West,478130,39993,NO DATA,NO DATA,NO DATA,State System (State Highways and Class I TH links),VT-9,2.87,V009-1311,LRS,Property Damage Only,"(42.86019333, -72.76684048)"
5262,VT0130200,12BB08017,10/20/2012,VT-9 Western Ave,Brattleboro,NO DATA,NO DATA,NO DATA,NO DATA,Forrest St,NO DATA,NO DATA,25,NO DATA,NO DATA,004-94-668,000-39-198,NO DATA,NO DATA,NO DATA,State System (State Highways and Class I TH links),VT-9,6.69,V009-1302,LRS,Property Damage Only,"(42.85324246, -72.56392123)"
5263,VT0130200,12BB04546,06/19/2012,VT-9 (194 High St),Brattleboro,NO DATA,NO DATA,NO DATA,NO DATA,Forrest St,NO DATA,NO DATA,25,3 - Same Direction Sideswipe,NO DATA,004-94-653,000-39-175,NO DATA,NO DATA,NO DATA,State System (State Highways and Class I TH links),VT-9,6.6,V009-1302,LRS,Property Damage Only,"(42.85273088, -72.56555963)"
5264,VT0130200,12BB09201,12/06/2012,VT-9 Western Ave,Brattleboro,NO DATA,NO DATA,NO DATA,NO DATA,Cedar St,NO DATA,NO DATA,30,"8 - No Turns, Thru moves only, Broadside ^<",NO DATA,004-94-389,000-39-134,NO DATA,NO DATA,NO DATA,State System (State Highways and Class I TH links),VT-9,6.45,V009-1302,LRS,Injury,"(42.85230973, -72.56838552)"
5265,VT0130200,12BB09604,12/21/2012,VT-9 Western Ave,Brattleboro,NO DATA,NO DATA,NO DATA,NO DATA,Union Hill & Cedar St,NO DATA,NO DATA,25,NO DATA,NO DATA,004-94-389,000-39-134,NO DATA,NO DATA,NO DATA,State System (State Highways and Class I TH links),VT-9,6.45,V009-1302,LRS,Property Damage Only,"(42.85230973, -72.56838552)"
5266,VT0130200,12BB06701,08/30/2012,VT-9 Western Ave,Brattleboro,NO DATA,NO DATA,NO DATA,NO DATA,Cedar St,NO DATA,NO DATA,25,"20 - Right Turn and Thru, Angle Broadside -->^--",NO DATA,NO DATA,NO DATA,NO DATA,NO DATA,NO DATA,State System (State Highways and Class I TH links),VT-9,6.45,V009-1302,LRS,Injury,"(42.85230973, -72.56838552)"
5274,VTVSP1000,12D202341,08/20/2012,VT-9,Brattleboro,NO DATA,NO DATA,9,NO DATA,I91 N On Ramp,10,Feet,35,1 - Rear End,South,495281,42822,NO DATA,NO DATA,NO DATA,State System (State Highways and Class I TH links),VT-9,5.9,V009-1302,LRS,Injury,"(42.85072906, -72.57886883)"
5275,VT0130200,12BB01585,03/02/2012,VT-9 Western Ave,Brattleboro,NO DATA,NO DATA,NO DATA,NO DATA,I-91 Exit 2,NO DATA,NO DATA,30,"10 - Left Turn and Thru, Angle Broadside -->v--",NO DATA,NO DATA,NO DATA,NO DATA,NO DATA,NO DATA,State System (State Highways and Class I TH links),VT-9,5.9,V009-1302,LRS,Property Damage Only,"(42.85072906, -72.57886883)"
5276,VT0130200,12BB02340,03/31/2012,VT-9 Western Ave,Brattleboro,NO DATA,NO DATA,NO DATA,NO DATA,Entrance To 91 N/B,NO DATA,NO DATA,25,4 - Opp Direction Sideswipe,NO DATA,004-95-369,000-42-812,NO DATA,NO DATA,NO DATA,State System (State Highways and Class I TH links),VT-9,5.9,V009-1302,LRS,Property Damage Only,"(42.85072906, -72.57886883)"
5277,VT0130200,12BB07060,09/12/2012,VT-9 Western Ave,Brattleboro,NO DATA,NO DATA,NO DATA,NO DATA,I-91,NO DATA,NO DATA,30,"14 - Left Turn and Thru, Broadside v<--",NO DATA,004-93-463,000-38-934,NO DATA,NO DATA,NO DATA,State System (State Highways and Class I TH links),VT-9,5.85,V009-1302,LRS,Property Damage Only,"(42.85060041, -72.57982460)"
5278,VT0130200,12BB02873,04/20/2012,VT-9 Western Ave,Brattleboro,NO DATA,NO DATA,NO DATA,NO DATA,I-91 SB,NO DATA,NO DATA,30,1 - Rear End,NO DATA,004-93-463,000-38-934,NO DATA,NO DATA,NO DATA,State System (State Highways and Class I TH links),VT-9,5.85,V009-1302,LRS,Property Damage Only,"(42.85060041, -72.57982460)"
5286,VT0130200,12BB01278,02/19/2012,VT 9 (Western Ave),Brattleboro,NO DATA,9,NO DATA,NO DATA,Guilford St,NO DATA,NO DATA,30,1 - Rear End,NO DATA,004-92-977,000-38-889,NO DATA,NO DATA,NO DATA,State System (State Highways and Class I TH links),VT-9,5.53,V009-1302,LRS,Property Damage Only,"(42.85017448, -72.58603714)"
5287,VT0130200,12BB02608,04/11/2012,VT 9 (Western Ave),Brattleboro,NO DATA,9,NO DATA,NO DATA,Guilford St,NO DATA,NO DATA,30,1 - Rear End,West,004-93-013,000-38-887,NO DATA,NO DATA,NO DATA,State System (State Highways and Class I TH links),VT-9,5.53,V009-1302,LRS,Injury,"(42.85017448, -72.58603714)"
5288,VT0130200,12BB02459,04/04/2012,VT 9 (Western Ave),Brattleboro,NO DATA,9,NO DATA,NO DATA,Guilford St,NO DATA,NO DATA,30,1 - Rear End,NO DATA,004-93-045,000-38-851,NO DATA,NO DATA,NO DATA,State System (State Highways and Class I TH links),VT-9,5.53,V009-1302,LRS,Property Damage Only,"(42.85017448, -72.58603714)"
5289,VT0130200,12BB03466,05/13/2012,VT-9 (618 Western Ave),Brattleboro,NO DATA,NO DATA,NO DATA,NO DATA,Planet Gas Station,NO DATA,NO DATA,35,1 - Rear End,NO DATA,NO DATA,NO DATA,NO DATA,NO DATA,NO DATA,State System (State Highways and Class I TH links),VT-9,5.48,V009-1302,LRS,Property Damage Only,"(42.85014403, -72.58702034)"
5290,VT0130200,12BB01473,02/27/2012,VT 9┬á (570 Western Ave),Brattleboro,NO DATA,9,NO DATA,NO DATA,Planet Gas Station,NO DATA,NO DATA,30,6 - Single Vehicle Crash,NO DATA,004-95-467,000-37-339,NO DATA,NO DATA,NO DATA,State System (State Highways and Class I TH links),VT-9,5.46,V009-1302,LRS,Fatal,"(42.85012105, -72.58741557)"
5291,VT0130200,12BB03925,05/29/2012,VT-9 Western Ave,Brattleboro,NO DATA,NO DATA,NO DATA,NO DATA,Brookside Lane,NO DATA,NO DATA,35,1 - Rear End,NO DATA,004-90-551,000-40-679,NO DATA,NO DATA,NO DATA,State System (State Highways and Class I TH links),VT-9,5.35,V009-1302,LRS,Property Damage Only,"(42.85035327, -72.58957724)"
5299,VT0130200,12BB00506,01/20/2012,VT-9 (1020 Western Ave),Brattleboro,NO DATA,9,NO DATA,NO DATA,Laundromat,75,Feet,99,NO DATA,NO DATA,004-91-651,000-39-520,NO DATA,NO DATA,NO DATA,State System (State Highways and Class I TH links),VT-9,4.61,V009-1302,LRS,Property Damage Only,"(42.85547124, -72.60169979)"
5300,VT0130200,12BB01583,03/02/2012,VT 9 (1020 Western Ave),Brattleboro,NO DATA,9,NO DATA,NO DATA,Greenleaf St,NO DATA,NO DATA,25,1 - Rear End,West,004-91-651,000-39-520,NO DATA,NO DATA,NO DATA,State System (State Highways and Class I TH links),VT-9,4.6,V009-1302,LRS,Property Damage Only,"(42.85559278, -72.60180548)"
5301,VT0130200,12BB01310,02/19/2012,VT 9 (1020 Western Ave),Brattleboro,NO DATA,9,NO DATA,NO DATA,Greenleaf St,100,Feet,30,1 - Rear End,NO DATA,004-91-651,000-39-520,NO DATA,NO DATA,NO DATA,State System (State Highways and Class I TH links),VT-9,4.6,V009-1302,LRS,Property Damage Only,"(42.85559278, -72.60180548)"
5302,VT0130200,12BB07225,09/18/2012,VT-9 Western Ave,Brattleboro,NO DATA,NO DATA,NO DATA,NO DATA,Greenleaf St,NO DATA,NO DATA,25,1 - Rear End,NO DATA,004-91-651,000-39-520,NO DATA,NO DATA,NO DATA,State System (State Highways and Class I TH links),VT-9,4.58,V009-1302,LRS,Property Damage Only,"(42.85583723, -72.60201371)"
5303,VT0130200,12BB07019,09/11/2012,VT-9 (1063 Western Ave),Brattleboro,NO DATA,NO DATA,NO DATA,NO DATA,Greenleaf St,NO DATA,NO DATA,25,"12 - Left Turn and Thru, Same Direction Sideswipe/Angle Crash vv--",NO DATA,004-91-651,000-39-520,NO DATA,NO DATA,NO DATA,State System (State Highways and Class I TH links),VT-9,4.53,V009-1302,LRS,Property Damage Only,"(42.85648572, -72.60244177)"
5311,VTVSP0800,12B203038,09/05/2012,VT RT 5A,Westmore,NO DATA,NO DATA,5A,NO DATA,VT RT 16,1,Miles,35,6 - Single Vehicle Crash,South,534906,252838,NO DATA,NO DATA,NO DATA,State System (State Highways and Class I TH links),VT-5A,6.06,V005A1019,LRS,Property Damage Only,"(44.77597721, -72.06014937)"
5312,VT0130200,12BB07887,10/16/2012,VT-9 Marlboro Rd,Brattleboro,NO DATA,NO DATA,NO DATA,NO DATA,New England House Resturant,NO DATA,NO DATA,50,1 - Rear End,NO DATA,004-90-696,000-40-632,NO DATA,NO DATA,NO DATA,State System (State Highways and Class I TH links),VT-9,3.67,V009-1302,LRS,Property Damage Only,"(42.86536814, -72.61336729)"
5313,VT0130200,12BB03761,05/23/2012,VT-9 (317 Marlboro Rd),Brattleboro,NO DATA,NO DATA,NO DATA,NO DATA,Cumberland Farms,NO DATA,NO DATA,40,3 - Same Direction Sideswipe,NO DATA,004-90-549,000-40-679,NO DATA,NO DATA,NO DATA,State System (State Highways and Class I TH links),VT-9,3.52,V009-1302,LRS,Property Damage Only,"(42.86607010, -72.61617566)"