ID,Reporting Agency,Report Number,Date,Street Address,Town,Number,Number1,Number2,Number3,Intersection,Distance From Intersection,Distance Unit,Posted Speed,Direction of Collision,Direction from Intersection,Easting,Northing,Mile Marker,Mile Marker 1,Mile Marker 2,AOT Roadway,AOT Route,AOT Actual Mile,LRS Number,How Mapped,Crash Type,Location 1
5631,VT0080000,12LC02930,10/16/2012,Route 15,Johnson,NO DATA,15,NO DATA,NO DATA,Hunt Farm Drive,0,Miles,50,4 - Opp Direction Sideswipe,East,479824,238927,NO DATA,NO DATA,NO DATA,State System (State Highways and Class I TH links),VT-15,0.035,V015-0806,LRS,Property Damage Only,"(44.65021783, -72.75391776)"
5632,VT0080000,12LC02898,10/12/2012,VT-15 (868 Rt 15),Hyde Park,NO DATA,15,NO DATA,NO DATA,East Main Street,200,Feet,50,4 - Opp Direction Sideswipe,East,491715,231962,NO DATA,NO DATA,NO DATA,State System (State Highways and Class I TH links),VT-15,2.7,V015-0805,LRS,Property Damage Only,"(44.58828078, -72.60382223)"
5633,VT0080000,12LC03058,10/27/2012,VT-15,Hyde Park,NO DATA,15,NO DATA,NO DATA,E. Main Street,0,Miles,50,6 - Single Vehicle Crash,West,491551,232295,NO DATA,NO DATA,NO DATA,State System (State Highways and Class I TH links),VT-15,2.34,V015-0805,LRS,Property Damage Only,"(44.59244802, -72.60823824)"
5641,VT0080100,12MR02088,08/04/2012,VT-15 E,Morristown,NO DATA,NO DATA,NO DATA,NO DATA,Center Rd.,50,Feet,40,"10 - Left Turn and Thru, Angle Broadside -->v--",East,492675,230622,NO DATA,NO DATA,NO DATA,State System (State Highways and Class I TH links),VT-15,0.91,V015-0807,LRS,Property Damage Only,"(44.57527853, -72.59178024)"
5642,VTVSP1200,12A304323,10/02/2012,VT17,Fayston,NO DATA,17,NO DATA,NO DATA,German Flats RD,NO DATA,NO DATA,40,6 - Single Vehicle Crash,NO DATA,470244,187316,170,1203,420,State System (State Highways and Class I TH links),VT-17,4.24,V017-1208,LRS,Property Damage Only,"(44.18560720, -72.87198371)"
5643,VT0080100,12MR02459,09/10/2012,VERMONT ROUTE 15 W,Morristown,NO DATA,15,NO DATA,NO DATA,356 VERMONT ROUTE 15 W,NO DATA,NO DATA,40,1 - Rear End,NO DATA,492298,230977,NO DATA,NO DATA,NO DATA,State System (State Highways and Class I TH links),VT-15,0.51,V015-0807,LRS,Property Damage Only,"(44.57947773, -72.59716481)"
5644,VT0080100,12MR03071,11/25/2012,VT-15W,Morristown,NO DATA,NO DATA,NO DATA,NO DATA,Dunkin Donuts,NO DATA,NO DATA,40,1 - Rear End,NO DATA,492442,230791,NO DATA,NO DATA,NO DATA,State System (State Highways and Class I TH links),VT-15,0.71,V015-0807,LRS,Property Damage Only,"(44.57714837, -72.59495484)"
5645,VT0080000,12LC01354,05/21/2012,Vt Rt 15,Hyde Park,NO DATA,15,NO DATA,NO DATA,Vt Rt┬á 100,NO DATA,NO DATA,35,6 - Single Vehicle Crash,NO DATA,NO DATA,NO DATA,NO DATA,NO DATA,NO DATA,State System (State Highways and Class I TH links),VT-15,1.82,V015-0805,LRS,Property Damage Only,"(44.59730620, -72.61620021)"
5646,VT0080000,12LC01637,06/13/2012,Vt Rt 15 E,Hyde Park,NO DATA,15,NO DATA,NO DATA,344 Rt 15,25,Feet,50,1 - Rear End,West,501997,231693,NO DATA,NO DATA,NO DATA,State System (State Highways and Class I TH links),VT-15,1.5,V015-0805,LRS,Injury,"(44.59783368, -72.62275809)"
5654,VT0080000,12LC02313,08/20/2012,VT-15 (1204 Vt Rt 15),Hyde Park,NO DATA,15,NO DATA,NO DATA,NO DATA,137,Feet,50,1 - Rear End,East,NO DATA,NO DATA,NO DATA,NO DATA,NO DATA,State System (State Highways and Class I TH links),VT-15,0.61,V015-0805,LRS,Injury,"(44.60234875, -72.63909768)"
5656,VT0080000,12LC00140,01/17/2012,Rt 15,Hyde Park,NO DATA,15,NO DATA,NO DATA,Sterling View Road,0,Miles,50,4 - Opp Direction Sideswipe,East,488562,234165,NO DATA,NO DATA,NO DATA,State System (State Highways and Class I TH links),VT-15,0.32,V015-0805,LRS,Property Damage Only,"(44.60546110, -72.64275907)"
5657,VTVSP0100,12A104504,11/17/2012,VT RT 15,Cambridge,NO DATA,15,NO DATA,NO DATA,Madonna Mobil/Church Street,200,Feet,40,3 - Same Direction Sideswipe,East,473530,238331,150,802,480,State System (State Highways and Class I TH links),VT-15,4.82,V015-0802,LRS,Property Damage Only,"(44.64471195, -72.83397227)"
5658,VTVSP0100,12A104422,11/10/2012,4393 VT RT 15,Cambridge,NO DATA,15,NO DATA,NO DATA,McGovern Drive,0,Miles,50,1 - Rear End,East,473193,238244,150,802,440,State System (State Highways and Class I TH links),VT-15,4.36,V015-0802,LRS,Property Damage Only,"(44.64431089, -72.84281105)"
5659,VTVSP1200,12A302556,06/17/2012,VT-17 Mill Brook Road,Fayston,NO DATA,17,NO DATA,NO DATA,Resort Road,50,Feet,40,6 - Single Vehicle Crash,North,466694,189225,170,1208,125,State System (State Highways and Class I TH links),VT-17,1.26,V017-1208,LRS,Injury,"(44.20232936, -72.91667300)"
5660,VTVSP0100,050512A103283,08/24/2012,Rt 15,Cambridge,NO DATA,15,NO DATA,NO DATA,Maple Outlet,NO DATA,NO DATA,50,4 - Opp Direction Sideswipe,West,471036,238477,802,38,150,State System (State Highways and Class I TH links),VT-15,3.77,V015-0802,LRS,Property Damage Only,"(44.64495299, -72.85416496)"
5668,VT0040400,12WS02093,06/10/2012,VT-15 (356 East Allen Street),Winooski City,NO DATA,NO DATA,NO DATA,NO DATA,Gorge Road,50,Feet,25,4 - Opp Direction Sideswipe,South,004-46-612,002-21-638,NO DATA,NO DATA,NO DATA,State System (State Highways and Class I TH links),VT-15,0.75,V015-0418,LRS,Property Damage Only,"(44.49329380, -73.17129248)"
5669,VTVSP1200,12A304410,10/08/2012,VT-17 (4680 Vermont RT 17),Fayston,NO DATA,17,NO DATA,NO DATA,Mad River Ski Area,800,Feet,40,6 - Single Vehicle Crash,North,466860,189510,170,1208,120,State System (State Highways and Class I TH links),VT-17,1.15,V017-1208,LRS,Injury,"(44.20292791, -72.91500999)"
5670,VT0040400,12WS00584,02/24/2012,VT 15 (East Allen Street),Winooski City,NO DATA,15,NO DATA,NO DATA,Florida Avenue,NO DATA,NO DATA,25,1 - Rear End,NO DATA,004-46-616,002-21-683,NO DATA,NO DATA,NO DATA,State System (State Highways and Class I TH links),VT-15,0.75,V015-0418,LRS,Property Damage Only,"(44.49329380, -73.17129248)"
5671,VT0040500,12CC03973,06/16/2012,VT-15 College Parkway,Winooski City,NO DATA,15,NO DATA,NO DATA,Florida Avenue,NO DATA,NO DATA,25,1 - Rear End,NO DATA,446655,221664,NO DATA,NO DATA,NO DATA,State System (State Highways and Class I TH links),VT-15,0.75,V015-0418,LRS,Property Damage Only,"(44.49329380, -73.17129248)"
5672,VT0040400,12WS004331,09/07/2012,VT-15 E Allen St,Winooski City,NO DATA,NO DATA,NO DATA,NO DATA,Florida Ave,NO DATA,NO DATA,25,"10 - Left Turn and Thru, Angle Broadside -->v--",NO DATA,004-46-612,002-21-638,NO DATA,NO DATA,NO DATA,State System (State Highways and Class I TH links),VT-15,0.75,V015-0418,LRS,Property Damage Only,"(44.49329380, -73.17129248)"
5680,VT0040400,12WS00854,03/18/2012,VT-15 East Allen Street,Winooski City,NO DATA,15,NO DATA,NO DATA,Exit 15 I89 Off Ramp,30,Feet,25,1 - Rear End,West,004-46-521,002-21-661,NO DATA,NO DATA,NO DATA,State System (State Highways and Class I TH links),VT-15,0.72,V015-0418,LRS,Injury,"(44.49328421, -73.17189453)"
5681,VT0080000,12LC01240,05/09/2012,VT Rt 15,Wolcott,NO DATA,15,NO DATA,NO DATA,NO DATA,NO DATA,NO DATA,50,6 - Single Vehicle Crash,East,205794,225875,NO DATA,NO DATA,NO DATA,State System (State Highways and Class I TH links),VT-15,6.32,V015-0810,LRS,Property Damage Only,"(44.53303944, -72.42704544)"
5682,VT0040400,12WS006421,12/29/2012,VT-15 E Allen St,Winooski City,NO DATA,NO DATA,NO DATA,NO DATA,Interstate Off Ramp,25,Feet,25,"8 - No Turns, Thru moves only, Broadside ^<",West,004-46-521,002-21-661,NO DATA,NO DATA,NO DATA,State System (State Highways and Class I TH links),VT-15,0.71,V015-0418,LRS,Property Damage Only,"(44.49327985, -73.17209516)"
5683,VT0040400,12WS004510,09/17/2012,VT-15 E Allen St,Winooski City,NO DATA,NO DATA,NO DATA,NO DATA,I89 Exit 15,75,Feet,25,1 - Rear End,West,004-46-522,002-21-666,NO DATA,NO DATA,NO DATA,State System (State Highways and Class I TH links),VT-15,0.7,V015-0418,LRS,Property Damage Only,"(44.49327624, -73.17229582)"
5684,VT0040400,12WS00120,01/13/2012,VT 15 (East Allen Street),Winooski City,NO DATA,15,NO DATA,NO DATA,I89 Exit 15,15,Feet,25,1 - Rear End,East,004-46-522,002-21-666,NO DATA,NO DATA,NO DATA,State System (State Highways and Class I TH links),VT-15,0.69,V015-0418,LRS,Property Damage Only,"(44.49327262, -73.17249649)"
5692,VT0040400,12WS02396,06/29/2012,VT-15 East Allen Street,Winooski City,NO DATA,NO DATA,NO DATA,NO DATA,Exit 15 Off Ramp,NO DATA,Feet,25,1 - Rear End,West,004-46-522,002-21-666,NO DATA,NO DATA,NO DATA,State System (State Highways and Class I TH links),VT-15,0.68,V015-0418,LRS,Property Damage Only,"(44.49326871, -73.17269714)"
5693,VTVSP1200,12A302067,05/19/2012,VT RT 17,Fayston,NO DATA,17,NO DATA,NO DATA,Mad River Glen,900,Feet,40,6 - Single Vehicle Crash,West,466931,189327,170,1208,60,State System (State Highways and Class I TH links),VT-17,1.09,V017-1208,LRS,Injury,"(44.20332688, -72.91396767)"
5694,VT0040400,12WS00034,01/04/2012,VT 15 (363 East Allen Street),Winooski City,NO DATA,15,NO DATA,NO DATA,NO DATA,150,Feet,25,1 - Rear End,West,004-46-521,002-21-661,NO DATA,NO DATA,NO DATA,State System (State Highways and Class I TH links),VT-15,0.66,V015-0418,LRS,Injury,"(44.49325893, -73.17309837)"
5695,VT0040400,12WS02356,06/25/2012,VT-15 East Allen Street,Winooski City,NO DATA,NO DATA,NO DATA,NO DATA,Exit 15 On Ramp,100,Feet,25,"10 - Left Turn and Thru, Angle Broadside -->v--",East,004-46-394,002-21-673,NO DATA,NO DATA,NO DATA,State System (State Highways and Class I TH links),VT-15,0.63,V015-0418,LRS,Property Damage Only,"(44.49324164, -73.17370008)"
5696,VT0040400,12WS003317,07/16/2012,VT-15 East Allen Street,Winooski City,NO DATA,NO DATA,NO DATA,NO DATA,Exit 15 On Ramp,25,Feet,25,1 - Rear End,West,004-46-394,002-21-673,NO DATA,NO DATA,NO DATA,State System (State Highways and Class I TH links),VT-15,0.62,V015-0418,LRS,Property Damage Only,"(44.49323578, -73.17390064)"
5704,VT0040400,12WS004187,08/31/2012,VT-15 E Allen St,Winooski City,NO DATA,NO DATA,NO DATA,NO DATA,Dion St,NO DATA,NO DATA,25,3 - Same Direction Sideswipe,East,004-46-300,002-21-670,NO DATA,NO DATA,NO DATA,State System (State Highways and Class I TH links),VT-15,0.58,V015-0418,LRS,Property Damage Only,"(44.49320020, -73.17470193)"
5705,VT0040400,12WS006119,12/14/2012,VT-15 (298 E Allen St),Winooski City,NO DATA,15,NO DATA,NO DATA,Dion St,10,Feet,25,1 - Rear End,South,004-46-307,002-21-671,NO DATA,NO DATA,NO DATA,State System (State Highways and Class I TH links),VT-15,0.57,V015-0418,LRS,Property Damage Only,"(44.49318782, -73.17490191)"
5706,VT0040400,12WS003750,08/08/2012,VT-15 (298 E Allen St),Winooski City,NO DATA,NO DATA,NO DATA,NO DATA,Dion St,5,Feet,25,"8 - No Turns, Thru moves only, Broadside ^<",North,004-46-300,002-21-670,NO DATA,NO DATA,NO DATA,State System (State Highways and Class I TH links),VT-15,0.57,V015-0418,LRS,Property Damage Only,"(44.49318782, -73.17490191)"
5707,VT0040400,12WS01297,04/19/2012,VT-15 (298 East Allen Street),Winooski City,NO DATA,NO DATA,NO DATA,NO DATA,Dion Street,10,Feet,25,"8 - No Turns, Thru moves only, Broadside ^<",West,004-46-307,002-21-671,NO DATA,NO DATA,NO DATA,State System (State Highways and Class I TH links),VT-15,0.57,V015-0418,LRS,Injury,"(44.49318782, -73.17490191)"
5708,VT0040400,12WS004010,08/23/2012,VT-15 (298 E Allen St),Winooski City,NO DATA,NO DATA,NO DATA,NO DATA,NO DATA,NO DATA,NO DATA,25,3 - Same Direction Sideswipe,NO DATA,004-46-300,002-21-670,NO DATA,NO DATA,NO DATA,State System (State Highways and Class I TH links),VT-15,0.57,V015-0418,LRS,Property Damage Only,"(44.49318782, -73.17490191)"
5716,VT0040400,12WS01799,05/23/2012,VT-15 (171 East Allen Street),Winooski City,NO DATA,15,NO DATA,NO DATA,West Spring Street,50,Feet,25,1 - Rear End,West,004-46-024,002-21-601,NO DATA,NO DATA,NO DATA,State System (State Highways and Class I TH links),VT-15,0.32,V015-0418,LRS,Property Damage Only,"(44.49229325, -73.17975790)"
5717,VT0040400,12WS01542,05/04/2012,VT-15 (135 East Allen Street),Winooski City,NO DATA,NO DATA,NO DATA,NO DATA,East Street,100,Feet,25,"8 - No Turns, Thru moves only, Broadside ^<",East,004-45-754,002-21-488,NO DATA,NO DATA,NO DATA,State System (State Highways and Class I TH links),VT-15,0.25,V015-0418,LRS,Property Damage Only,"(44.49188286, -73.18106611)"
5718,VT0040400,12WS005435,11/06/2012,VT-15 E Allen St,Winooski City,NO DATA,NO DATA,NO DATA,NO DATA,East St,150,Feet,25,3 - Same Direction Sideswipe,East,004-46-024,002-21-601,NO DATA,NO DATA,NO DATA,State System (State Highways and Class I TH links),VT-15,0.24,V015-0418,LRS,Property Damage Only,"(44.49182625, -73.18125421)"
5719,VT0040400,12WS006339,12/23/2012,VT-15 E Allen St,Winooski City,NO DATA,15,NO DATA,NO DATA,Abenaki Way,NO DATA,NO DATA,25,3 - Same Direction Sideswipe,NO DATA,004-45-754,002-21-488,NO DATA,NO DATA,NO DATA,State System (State Highways and Class I TH links),VT-15,0.21,V015-0418,LRS,Property Damage Only,"(44.49165640, -73.18181851)"
5720,VT0040400,12WS006400,12/28/2012,VT-15 (3 E Allen St),Winooski City,NO DATA,NO DATA,NO DATA,NO DATA,Main St,15,Feet,25,"8 - No Turns, Thru moves only, Broadside ^<",West,004-45-474,002-21-468,NO DATA,NO DATA,NO DATA,State System (State Highways and Class I TH links),VT-15,0.19,V015-0418,LRS,Property Damage Only,"(44.49153781, -73.18219143)"
5728,VT0040400,12WS005101,10/19/2012,VT-15 E Allen St,Winooski City,NO DATA,NO DATA,NO DATA,NO DATA,Barlow St,NO DATA,NO DATA,25,NO DATA,East,004-45-585,002-21-473,NO DATA,NO DATA,NO DATA,State System (State Highways and Class I TH links),VT-15,0.09,V015-0418,LRS,Injury,"(44.49137577, -73.18419278)"
5729,VT0040400,12WS003296,07/15/2012,VT-15 (41 E Allen St),Winooski City,NO DATA,15,NO DATA,NO DATA,Cascade Way,100,Feet,25,1 - Rear End,West,004-45-585,002-21-473,NO DATA,NO DATA,NO DATA,State System (State Highways and Class I TH links),VT-15,0.06,V015-0418,LRS,Injury,"(44.49138312, -73.18480484)"
5730,VT0040400,12WS005414,11/05/2012,VT-15 (33 E Allen Sst_,Winooski City,NO DATA,15,NO DATA,NO DATA,Weaver Lane,50,Feet,25,1 - Rear End,East,004-45-474,002-21-468,NO DATA,NO DATA,NO DATA,State System (State Highways and Class I TH links),VT-15,0.04,V015-0418,LRS,Injury,"(44.49138802, -73.18521288)"
5731,VT0040400,12WS003381,07/20/2012,VT-15 (27 E Allen St),Winooski City,NO DATA,NO DATA,NO DATA,NO DATA,NO DATA,NO DATA,NO DATA,25,4 - Opp Direction Sideswipe,NO DATA,004-45-474,002-21-468,NO DATA,NO DATA,NO DATA,State System (State Highways and Class I TH links),VT-15,0.03,V015-0418,LRS,Property Damage Only,"(44.49139046, -73.18541690)"
5732,VT0040400,12WS00647,02/29/2012,VT 15 (East Allen Street),Winooski City,NO DATA,15,NO DATA,NO DATA,Weaver Lane,NO DATA,NO DATA,25,6 - Single Vehicle Crash,West,004-45-474,002-21-468,NO DATA,NO DATA,NO DATA,State System (State Highways and Class I TH links),VT-15,0.02,V015-0418,LRS,Property Damage Only,"(44.49134791, -73.18560853)"
5733,VTVSP0100,12A100749,02/26/2012,VT-15 (1061 VT Route 15),Westford,NO DATA,15,NO DATA,NO DATA,NO DATA,NO DATA,NO DATA,50,4 - Opp Direction Sideswipe,NO DATA,465799,234518,NO DATA,NO DATA,NO DATA,State System (State Highways and Class I TH links),VT-15,1.24,V015-0416,LRS,Injury,"(44.61147093, -72.92996172)"
5741,VTVSP0700,12A104359,11/05/2012,VT Route 15,Underhill,NO DATA,15,NO DATA,NO DATA,Park Street,5,Feet,35,"10 - Left Turn and Thru, Angle Broadside -->v--",NO DATA,464595,225063,NO DATA,NO DATA,NO DATA,State System (State Highways and Class I TH links),VT-15,0.04,V015-0415,LRS,Property Damage Only,"(44.52561086, -72.94517509)"
5742,VTVSP0100,12A104527,11/19/2012,VT-15 (373 Route 15),Jericho,NO DATA,15,NO DATA,NO DATA,Raceway Rd,0,Miles,35,1 - Rear End,East,465089,335844,150,409,345,State System (State Highways and Class I TH links),VT-15,3.53,V015-0409,LRS,Injury,"(44.52190203, -72.94696351)"
5743,VTVSP0100,12A101846,05/24/2012,VT-15,Jericho,NO DATA,15,NO DATA,NO DATA,Mill River Bridge,NO DATA,NO DATA,50,1 - Rear End,NO DATA,464163,223947,NO DATA,NO DATA,NO DATA,State System (State Highways and Class I TH links),VT-15,3.12,V015-0409,LRS,Property Damage Only,"(44.51647194, -72.94922586)"
5744,VTVSP0100,12A100100,01/09/2012,VT-15,Jericho,NO DATA,15,NO DATA,NO DATA,Browns Trace Rd,20,Feet,50,1 - Rear End,North,463855,223633,150,409,271,State System (State Highways and Class I TH links),VT-15,2.71,V015-0409,LRS,Injury,"(44.51200384, -72.95465763)"
5745,VT0080000,12LC02130,08/01/2012,VT-15 (1320 Vt Rt 15),Johnson,NO DATA,15,NO DATA,NO DATA,NO DATA,NO DATA,NO DATA,50,6 - Single Vehicle Crash,East,486697,235659,NO DATA,NO DATA,NO DATA,State System (State Highways and Class I TH links),VT-15,5.53,V015-0806,LRS,Injury,"(44.62063841, -72.66753750)"
5746,VTVSP0100,12A100470,02/07/2012,Route 15,Jericho,NO DATA,15,NO DATA,NO DATA,Browns Trace Rd,0,Miles,50,1 - Rear End,West,463865,223558,NO DATA,NO DATA,NO DATA,State System (State Highways and Class I TH links),VT-15,2.61,V015-0409,LRS,Injury,"(44.51161784, -72.95663869)"
5747,VTVSP0100,12A102284,06/21/2012,Route 15,Jericho,NO DATA,15,NO DATA,NO DATA,Jericho East Rd,0,Miles,50,1 - Rear End,West,463095,223438,NO DATA,NO DATA,NO DATA,State System (State Highways and Class I TH links),VT-15,2.14,V015-0409,LRS,Property Damage Only,"(44.51006822, -72.96602071)"
5755,VT0040200,12ES02398,05/03/2012,VT-15 Pearl St,Essex,NO DATA,15,NO DATA,NO DATA,West St Ext,NO DATA,NO DATA,45,3 - Same Direction Sideswipe,West,449818,222420,NO DATA,NO DATA,NO DATA,State System (State Highways and Class I TH links),VT-15,1.02,V015-0406W,LRS,Property Damage Only,"(44.49995756, -73.13097101)"
5756,VT0040200,12ES04100,07/16/2012,VT-15 (203 PEARL ST),Essex,NO DATA,NO DATA,NO DATA,NO DATA,NO DATA,NO DATA,NO DATA,45,1 - Rear End,NO DATA,449708,222513,NO DATA,NO DATA,NO DATA,State System (State Highways and Class I TH links),VT-15,0.91,V015-0406W,LRS,Property Damage Only,"(44.50099708, -73.13265208)"
5757,VT0040200,12ES07462,12/16/2012,VT-15 (255 Pearl St),Essex,NO DATA,15,NO DATA,NO DATA,Susie Wilson Rd,75,Feet,45,2 - Head On,East,449324,222796,NO DATA,NO DATA,NO DATA,State System (State Highways and Class I TH links),VT-15,0.62,V015-0406W,LRS,Property Damage Only,"(44.50359963, -73.13722414)"
5758,VT0040200,12ES01152,03/02/2012,VT-15 Pearl St,Essex,NO DATA,NO DATA,NO DATA,NO DATA,Susie Wilson Rd,NO DATA,NO DATA,45,1 - Rear End,NO DATA,449291,223083,NO DATA,NO DATA,NO DATA,State System (State Highways and Class I TH links),VT-15,0.57,V015-0406W,LRS,Injury,"(44.50388204, -73.13815241)"
5759,VT0040200,12ES07464,12/16/2012,VT-15 Pearl St,Essex,NO DATA,15,NO DATA,NO DATA,Susie Wilson Rd,NO DATA,NO DATA,40,1 - Rear End,NO DATA,449277,222819,NO DATA,NO DATA,NO DATA,State System (State Highways and Class I TH links),VT-15,0.57,V015-0406W,LRS,Property Damage Only,"(44.50388204, -73.13815241)"
5760,VT0040200,12ES06525,10/31/2012,VT-15 PEARL ST,Essex,NO DATA,15,NO DATA,NO DATA,SUSIE WILSON RD,25,Feet,45,7 - Other - Explain in Narrative,West,449282,222808,NO DATA,NO DATA,NO DATA,State System (State Highways and Class I TH links),VT-15,0.57,V015-0406W,LRS,Property Damage Only,"(44.50388204, -73.13815241)"
5768,VT0040200,12ES01171,03/03/2012,VT 15 (Jericho Rd),Essex,NO DATA,15,NO DATA,NO DATA,Naylor Rd,NO DATA,NO DATA,40,1 - Rear End,NO DATA,453655,223501,NO DATA,NO DATA,NO DATA,State System (State Highways and Class I TH links),VT-15,7.43,V015-0406,LRS,Property Damage Only,"(44.50222888, -73.02106936)"
5769,VT0040200,12ES07041,11/27/2012,VT-15 JERICHO RD,Essex,NO DATA,15,NO DATA,NO DATA,SAXON HILL RD,145,Feet,45,6 - Single Vehicle Crash,East,458358,222527,NO DATA,NO DATA,NO DATA,State System (State Highways and Class I TH links),VT-15,7.3,V015-0406,LRS,Property Damage Only,"(44.50184836, -73.02316487)"
5770,VT0040200,12ES02298,04/28/2012,Vt 15 (145 Jericho Rd),Essex,NO DATA,15,NO DATA,NO DATA,NO DATA,220,Feet,50,1 - Rear End,East,453401,212212,NO DATA,NO DATA,NO DATA,State System (State Highways and Class I TH links),VT-15,6.96,V015-0406,LRS,Property Damage Only,"(44.50224674, -73.02983750)"
5771,VT0080000,12LC00421,02/21/2012,VT-15 (51 Lower Main Street),Johnson,NO DATA,NO DATA,NO DATA,NO DATA,Railroad Street,60,Feet,25,"16 - Right Turn and Thru, Same Direction Sideswipe/Angle Crash ^^--",East,485722,237559,NO DATA,NO DATA,NO DATA,State System (State Highways and Class I TH links),VT-15,4.15,V015-0806,LRS,Property Damage Only,"(44.63490396, -72.67835324)"
5772,VT0040200,12ES06234,10/16/2012,VT-15 (130 JERICHO RD),Essex,NO DATA,NO DATA,NO DATA,NO DATA,ESSEX,NO DATA,NO DATA,40,1 - Rear End,NO DATA,457642,222667,NO DATA,NO DATA,NO DATA,State System (State Highways and Class I TH links),VT-15,6.74,V015-0406,LRS,Property Damage Only,"(44.50309775, -73.03304553)"
5773,VT0040200,12ES06185,10/12/2012,VT-15 (121 JERICHO RD),Essex,NO DATA,NO DATA,NO DATA,NO DATA,NO DATA,NO DATA,NO DATA,40,1 - Rear End,NO DATA,457511,222688,NO DATA,NO DATA,NO DATA,State System (State Highways and Class I TH links),VT-15,6.66,V015-0406,LRS,Property Damage Only,"(44.50339376, -73.03413857)"
5781,VTVSP0600,12C200991,04/15/2012,VT-17 (5909 Vt Rt 17),Buel's Gore,NO DATA,17,NO DATA,NO DATA,Gore Road,1,Miles,40,6 - Single Vehicle Crash,East,463113,190929,NO DATA,NO DATA,NO DATA,State System (State Highways and Class I TH links),VT-17,0.11,V017-0402,LRS,Property Damage Only,"(44.21758382, -72.96147794)"
5782,VT0080000,12LC02035,07/23/2012,Vt Rt 5,Wolcott,NO DATA,15,NO DATA,NO DATA,East Hill Road,200,Feet,35,6 - Single Vehicle Crash,West,303492,227091,NO DATA,NO DATA,NO DATA,State System (State Highways and Class I TH links),VT-15,4.64,V015-0810,LRS,Property Damage Only,"(44.54209493, -72.45602140)"
5783,VTVSP0600,12C202742,09/06/2012,VT-17 (2476 Main Street),New Haven,NO DATA,17,NO DATA,NO DATA,Legend Lane,20,Feet,50,1 - Rear End,East,449436,180726,170,113,600,State System (State Highways and Class I TH links),VT-17,5.91,V017-0113,LRS,Property Damage Only,"(44.12475024, -73.13299385)"
5784,VTVSP0600,12C202939,09/23/2012,VT-22A (1403 Route 22A),Panton,NO DATA,22A,NO DATA,NO DATA,1403 Vt Rt 22A,25,Feet,50,3 - Same Direction Sideswipe,South,437417,182194,NO DATA,NO DATA,NO DATA,State System (State Highways and Class I TH links),VT-22A,1.33,V022A0115,LRS,Property Damage Only,"(44.13691741, -73.28256119)"
5785,VT0080100,12MR00413,02/24/2012,VT-15 116 Rt. 15W,Morristown,NO DATA,NO DATA,NO DATA,NO DATA,Stone Grill,NO DATA,NO DATA,40,1 - Rear End,NO DATA,492196,230468,NO DATA,NO DATA,NO DATA,State System (State Highways and Class I TH links),VT-15,0.75,V015-0807,LRS,Property Damage Only,"(44.57678103, -72.59432534)"
5786,VTVSP0600,12C203642,11/23/2012,647 Vt Rt 22A,Orwell,NO DATA,22A,NO DATA,NO DATA,Brown Road,2,Miles,50,6 - Single Vehicle Crash,North,435114,147116,NO DATA,NO DATA,NO DATA,State System (State Highways and Class I TH links),VT-22A,6.38,V022A0114,LRS,Property Damage Only,"(43.84867408, -73.30932884)"
5794,VT0040200,12ES04654,08/10/2012,VT-15 (125 Center Rd),Essex,NO DATA,NO DATA,NO DATA,NO DATA,Jericho Rd,NO DATA,NO DATA,35,1 - Rear End,NO DATA,455536,223653,NO DATA,NO DATA,NO DATA,State System (State Highways and Class I TH links),VT-15,5.32,V015-0406,LRS,Property Damage Only,"(44.51182494, -73.05971037)"
5795,VT0040200,12ES05954,10/01/2012,VT-15 (124 Center Rd),Essex,NO DATA,NO DATA,NO DATA,NO DATA,NO DATA,NO DATA,NO DATA,35,7 - Other - Explain in Narrative,East,452734,222640,NO DATA,NO DATA,NO DATA,State System (State Highways and Class I TH links),VT-15,5.31,V015-0406,LRS,Property Damage Only,"(44.51178110, -73.05990011)"
5796,VT0040200,12ES07608,12/24/2012,VT-15 (112 CENTER RD),Essex,NO DATA,NO DATA,NO DATA,NO DATA,NO DATA,NO DATA,NO DATA,35,1 - Rear End,NO DATA,455291,223600,NO DATA,NO DATA,NO DATA,State System (State Highways and Class I TH links),VT-15,5.19,V015-0406,LRS,Property Damage Only,"(44.51131666, -73.06220276)"
5797,VT0040200,12ES01042,02/24/2012,VT 15 (106 CENTER RD),Essex,NO DATA,15,NO DATA,NO DATA,NO DATA,NO DATA,NO DATA,35,1 - Rear End,NO DATA,455178,223593,NO DATA,NO DATA,NO DATA,State System (State Highways and Class I TH links),VT-15,5.13,V015-0406,LRS,Property Damage Only,"(44.51115490, -73.06337802)"
5798,VTVSP0600,12C201652,06/12/2012,81 VT RT 22A,Orwell,NO DATA,22A,NO DATA,NO DATA,Needham Hill Road TH#40,1,Miles,50,6 - Single Vehicle Crash,North,434777,141077,221,114,320,State System (State Highways and Class I TH links),VT-22A,0.76,V022A0114,LRS,Property Damage Only,"(43.76801019, -73.30969705)"