ID,Reporting Agency,Report Number,Date,Street Address,Town,Number,Number1,Number2,Number3,Intersection,Distance From Intersection,Distance Unit,Posted Speed,Direction of Collision,Direction from Intersection,Easting,Northing,Mile Marker,Mile Marker 1,Mile Marker 2,AOT Roadway,AOT Route,AOT Actual Mile,LRS Number,How Mapped,Crash Type,Location 1
5799,VT0040200,12ES01040,02/24/2012,VT 15 (106 CENTER RD),Essex,NO DATA,15,NO DATA,NO DATA,NO DATA,NO DATA,NO DATA,35,1 - Rear End,NO DATA,455178,223593,NO DATA,NO DATA,NO DATA,State System (State Highways and Class I TH links),VT-15,5.13,V015-0406,LRS,Property Damage Only,"(44.51115490, -73.06337802)"
5807,VT0040200,12ES05642,09/17/2012,VT-15 (76 CENTER RD),Essex,NO DATA,15,NO DATA,NO DATA,NO DATA,NO DATA,NO DATA,35,1 - Rear End,NO DATA,454760,223563,NO DATA,NO DATA,NO DATA,State System (State Highways and Class I TH links),VT-15,4.85,V015-0406,LRS,Property Damage Only,"(44.51072076, -73.06892561)"
5808,VTVSP0600,12C201889,06/28/2012,VT-17 (2180 VT Route 17),New Haven,NO DATA,17,NO DATA,NO DATA,2180 VT Route 17,0,Miles,45,6 - Single Vehicle Crash,West,448856,180742,NO DATA,NO DATA,NO DATA,State System (State Highways and Class I TH links),VT-17,5.62,V017-0113,LRS,Injury,"(44.12502006, -73.13871235)"
5809,VT0040200,12ES06995,11/26/2012,VT-15 (76 Center Rd),Essex,NO DATA,NO DATA,NO DATA,NO DATA,Edb,NO DATA,NO DATA,35,1 - Rear End,NO DATA,454930,223550,NO DATA,NO DATA,NO DATA,State System (State Highways and Class I TH links),VT-15,4.85,V015-0406,LRS,Property Damage Only,"(44.51072076, -73.06892561)"
5810,VT0040200,12ES02374,05/02/2012,VT 15 (76 Center Rd),Essex,NO DATA,15,NO DATA,NO DATA,IFO Essex Discount Beverage,NO DATA,NO DATA,35,1 - Rear End,NO DATA,1045708,3482152,NO DATA,NO DATA,NO DATA,State System (State Highways and Class I TH links),VT-15,4.85,V015-0406,LRS,Property Damage Only,"(44.51072076, -73.06892561)"
5811,VT0040200,12ES02377,05/02/2012,VT 15 (IFO 76 Center Rd),Essex,NO DATA,15,NO DATA,NO DATA,NO DATA,NO DATA,NO DATA,15,1 - Rear End,NO DATA,454785,223554,NO DATA,NO DATA,NO DATA,State System (State Highways and Class I TH links),VT-15,4.85,V015-0406,LRS,Property Damage Only,"(44.51072076, -73.06892561)"
5812,VT0040200,12ES02287,04/28/2012,VT-15 (76 CENTER RD),Essex,NO DATA,NO DATA,NO DATA,NO DATA,NO DATA,NO DATA,NO DATA,35,4 - Opp Direction Sideswipe,NO DATA,453970,223496,NO DATA,NO DATA,NO DATA,State System (State Highways and Class I TH links),VT-15,4.85,V015-0406,LRS,Injury,"(44.51072076, -73.06892561)"
5820,VT0040200,12ES02843,05/23/2012,VT-15 Center Rd,Essex,NO DATA,15,NO DATA,NO DATA,Londonderry Ln,NO DATA,NO DATA,35,"10 - Left Turn and Thru, Angle Broadside -->v--",NO DATA,454229,223538,NO DATA,NO DATA,NO DATA,State System (State Highways and Class I TH links),VT-15,4.52,V015-0406,LRS,Property Damage Only,"(44.51040496, -73.07549297)"
5821,VTVSP0600,12C200290,02/04/2012,VT-17 (2015 Main St),New Haven,NO DATA,17,NO DATA,NO DATA,North St (TH #6),0,Miles,45,6 - Single Vehicle Crash,East,448624,180761,NO DATA,NO DATA,NO DATA,State System (State Highways and Class I TH links),VT-17,5.46,V017-0113,LRS,Property Damage Only,"(44.12522593, -73.14179086)"
5822,VT0040200,12ES01097,02/27/2012,VT 15 (CENTER RD),Essex,NO DATA,15,NO DATA,NO DATA,ESSEX WAY,NO DATA,NO DATA,40,1 - Rear End,NO DATA,454018,223483,NO DATA,NO DATA,NO DATA,State System (State Highways and Class I TH links),VT-15,4.39,V015-0406,LRS,Property Damage Only,"(44.51030511, -73.07808219)"
5823,VT0040200,12ES00495,01/26/2012,VT 15 (CENTER RD),Essex,NO DATA,15,NO DATA,NO DATA,ESSEX WAY,25,Feet,40,1 - Rear End,West,452938,223514,NO DATA,NO DATA,NO DATA,State System (State Highways and Class I TH links),VT-15,4.39,V015-0406,LRS,Property Damage Only,"(44.51030511, -73.07808219)"
5824,VTVSP0600,12C203415,11/02/2012,2009 Vt Rt 22A,Bridport,NO DATA,22A,NO DATA,NO DATA,Saw Mill Road,NO DATA,NO DATA,50,2 - Head On,NO DATA,435218,167189,NO DATA,NO DATA,NO DATA,State System (State Highways and Class I TH links),VT-22A,4.29,V022A0102,LRS,Property Damage Only,"(44.00155042, -73.30776152)"
5825,VT0040200,12ES03763,06/30/2012,VT-15 CENTER RD,Essex,NO DATA,15,NO DATA,NO DATA,ESSEX WAY,NO DATA,NO DATA,40,2 - Head On,NO DATA,450238,195108,NO DATA,NO DATA,NO DATA,State System (State Highways and Class I TH links),VT-15,4.38,V015-0406,LRS,Injury,"(44.51029970, -73.07828153)"
5833,VT0040200,12ES00265,01/15/2012,VT-15 UPPER MAIN ST,Essex,NO DATA,15,NO DATA,NO DATA,BILLIE BUTLER DR,50,Feet,40,1 - Rear End,East,453367,212266,NO DATA,NO DATA,NO DATA,State System (State Highways and Class I TH links),VT-15,3.94,V015-0406,LRS,Property Damage Only,"(44.50827927, -73.08650011)"
5834,VT0040200,12ES01220,03/07/2012,VT 15 (74 Upper Main St),Essex,NO DATA,15,NO DATA,NO DATA,NO DATA,NO DATA,NO DATA,40,1 - Rear End,NO DATA,453424,223355,NO DATA,NO DATA,NO DATA,State System (State Highways and Class I TH links),VT-15,3.93,V015-0406,LRS,Injury,"(44.50816764, -73.08666362)"
5835,VT0040200,12ES06889,11/20/2012,VT-15 (72 UPPER MAIN ST),Essex,NO DATA,NO DATA,NO DATA,NO DATA,NO DATA,NO DATA,NO DATA,40,1 - Rear End,NO DATA,454026,223501,NO DATA,NO DATA,NO DATA,State System (State Highways and Class I TH links),VT-15,3.92,V015-0406,LRS,Property Damage Only,"(44.50805167, -73.08682129)"
5836,VTVSP0600,12C200493,02/28/2012,VT-17 (1328 VT RT 17),Addison,NO DATA,17,NO DATA,NO DATA,Otter Creek Road TH#6,1,Miles,45,6 - Single Vehicle Crash,East,439212,176193,NO DATA,NO DATA,NO DATA,State System (State Highways and Class I TH links),VT-17,10.03,V017-0101,LRS,Property Damage Only,"(44.08328020, -73.27182425)"
5837,VT0040200,12ES05024,08/27/2012,VT-15 (72 Upper Main St),Essex,NO DATA,NO DATA,NO DATA,NO DATA,NO DATA,NO DATA,NO DATA,99,4 - Opp Direction Sideswipe,NO DATA,450837,221716,NO DATA,NO DATA,NO DATA,State System (State Highways and Class I TH links),VT-15,3.92,V015-0406,LRS,Property Damage Only,"(44.50805167, -73.08682129)"
5838,VT0040200,12ES01688,03/30/2012,72 Upper Main St,Essex,NO DATA,NO DATA,NO DATA,NO DATA,I-289,NO DATA,NO DATA,40,"8 - No Turns, Thru moves only, Broadside ^<",NO DATA,453308,223279,NO DATA,NO DATA,NO DATA,State System (State Highways and Class I TH links),VT-15,3.91,V015-0406,LRS,Property Damage Only,"(44.50793571, -73.08697897)"
5846,VT0040200,12ES00236,01/13/2012,VT-15 (51 UPPER MAIN),Essex,NO DATA,15,NO DATA,NO DATA,NO DATA,NO DATA,NO DATA,40,1 - Rear End,NO DATA,452995,222975,NO DATA,NO DATA,NO DATA,State System (State Highways and Class I TH links),VT-15,3.66,V015-0406,LRS,Property Damage Only,"(44.50563919, -73.09108941)"
5847,VT0040200,12ES07475,12/17/2012,VT-15 JERICHO RD,Essex,NO DATA,15,NO DATA,NO DATA,SAND HILL RD,NO DATA,NO DATA,35,"14 - Left Turn and Thru, Broadside v<--",NO DATA,004-50-526E,002-24-078N,NO DATA,NO DATA,NO DATA,State System (State Highways and Class I TH links),VT-15,3.29,V015-0406,LRS,Property Damage Only,"(44.50159419, -73.09592349)"
5848,VT0040200,12ES01806,04/05/2012,VT-15 (172 Main St),Essex,NO DATA,NO DATA,NO DATA,NO DATA,NO DATA,NO DATA,NO DATA,30,3 - Same Direction Sideswipe,NO DATA,452587,222526,NO DATA,NO DATA,NO DATA,State System (State Highways and Class I TH links),VT-15,3.27,V015-0406,LRS,Property Damage Only,"(44.50136775, -73.09617190)"
5849,VTVSP0600,12C200512,03/01/2012,VT Rt 17,Addison,NO DATA,17,NO DATA,NO DATA,Jersey St (TH #7),1,Miles,50,6 - Single Vehicle Crash,East,430914,176154,170,101,540,State System (State Highways and Class I TH links),VT-17,5.31,V017-0101,LRS,Property Damage Only,"(44.08233929, -73.36274337)"
5850,VT0040200,12ES06165,10/12/2012,VT-15 (130 Main St),Essex,NO DATA,NO DATA,NO DATA,NO DATA,NO DATA,NO DATA,NO DATA,30,1 - Rear End,NO DATA,452283,222082,NO DATA,NO DATA,NO DATA,State System (State Highways and Class I TH links),VT-15,2.88,V015-0406,LRS,Property Damage Only,"(44.49688574, -73.10077487)"
5851,VT0040200,12ES06592,11/03/2012,VT-15 (119 MAIN ST),Essex,NO DATA,NO DATA,NO DATA,NO DATA,CRESTVIEW,NO DATA,NO DATA,30,1 - Rear End,East,452116,221946,NO DATA,NO DATA,NO DATA,State System (State Highways and Class I TH links),VT-15,2.82,V015-0406,LRS,Property Damage Only,"(44.49631464, -73.10167024)"
5859,VT0040200,12ES05111,08/29/2012,VT-15 (87 MAIN ST),Essex,NO DATA,NO DATA,NO DATA,NO DATA,NO DATA,NO DATA,NO DATA,99,5 - Rear-to-rear,NO DATA,452032,221743,NO DATA,NO DATA,NO DATA,State System (State Highways and Class I TH links),VT-15,2.67,V015-0406,LRS,Property Damage Only,"(44.49489383, -73.10391699)"
5860,VT0040200,12ES03691,06/28/2012,VT-15 (81 MAIN ST),Essex,NO DATA,15,NO DATA,NO DATA,EDUCATIONAL DR,75,NO DATA,25,1 - Rear End,NO DATA,451873,221711,NO DATA,NO DATA,NO DATA,State System (State Highways and Class I TH links),VT-15,2.58,V015-0406,LRS,Property Damage Only,"(44.49404269, -73.10526678)"
5861,VT0040200,12ES00599,01/31/2012,VT 15 (81 Main Street),Essex,NO DATA,15,NO DATA,NO DATA,NO DATA,NO DATA,NO DATA,25,1 - Rear End,NO DATA,451949,221706,NO DATA,NO DATA,NO DATA,State System (State Highways and Class I TH links),VT-15,2.57,V015-0406,LRS,Property Damage Only,"(44.49395439, -73.10542391)"
5862,VT0040200,12ES00568,01/29/2012,VT 15 (55 MAIN ST),Essex,NO DATA,15,NO DATA,NO DATA,GROVE ST,NO DATA,NO DATA,25,1 - Rear End,NO DATA,451699,221560,NO DATA,NO DATA,NO DATA,State System (State Highways and Class I TH links),VT-15,2.45,V015-0406,LRS,Injury,"(44.49283003, -73.10723541)"
5863,VT0040200,12ES02726,05/17/2012,VT-15 MAIN ST,Essex,NO DATA,15,NO DATA,NO DATA,GROVE ST,NO DATA,NO DATA,25,"10 - Left Turn and Thru, Angle Broadside -->v--",NO DATA,451692,221573,NO DATA,NO DATA,NO DATA,State System (State Highways and Class I TH links),VT-15,2.44,V015-0406,LRS,Property Damage Only,"(44.49273712, -73.10738740)"
5864,VT0040200,12ES07175,12/03/2012,VT-15 (55 Main St),Essex,NO DATA,15,NO DATA,NO DATA,Grove St,50,Feet,25,1 - Rear End,South,451686,221562,NO DATA,NO DATA,NO DATA,State System (State Highways and Class I TH links),VT-15,2.43,V015-0406,LRS,Property Damage Only,"(44.49264523, -73.10754060)"
5872,VT0040200,12ES01535,03/22/2012,VT 15 (4 Main Street),Essex,NO DATA,15,NO DATA,NO DATA,NO DATA,NO DATA,NO DATA,25,5 - Rear-to-rear,NO DATA,451876,221676,NO DATA,NO DATA,NO DATA,State System (State Highways and Class I TH links),VT-15,2.24,V015-0406,LRS,Property Damage Only,"(44.49088960, -73.11043959)"
5873,VT0040200,12ES06890,11/20/2012,VT-15 (2 MAIN ST),Essex,NO DATA,NO DATA,NO DATA,NO DATA,NO DATA,NO DATA,NO DATA,25,1 - Rear End,NO DATA,451389,221330,NO DATA,NO DATA,NO DATA,State System (State Highways and Class I TH links),VT-15,2.2,V015-0406,LRS,Property Damage Only,"(44.49057631, -73.11110576)"
5874,VT0040200,12ES01436,03/17/2012,VT-15 Pearl St,Essex,NO DATA,NO DATA,NO DATA,NO DATA,5 Corners,NO DATA,NO DATA,25,1 - Rear End,East,455710,199602,NO DATA,NO DATA,NO DATA,State System (State Highways and Class I TH links),VT-15,2.19,V015-0406,LRS,Property Damage Only,"(44.49055011, -73.11129263)"
5875,VT0040200,12ES03714,06/29/2012,VT-15 (1 PEARL ST),Essex,NO DATA,15,NO DATA,NO DATA,5 Corners,NO DATA,NO DATA,25,1 - Rear End,West,451349,221363,NO DATA,NO DATA,NO DATA,State System (State Highways and Class I TH links),VT-15,2.17,V015-0406,LRS,Property Damage Only,"(44.49064721, -73.11167524)"
5876,VTVSP0600,12C201227,05/07/2012,VT-17 (6089 VT RT 17),Addison,NO DATA,17,NO DATA,NO DATA,Fisher Point Road PVT,800,Feet,50,"10 - Left Turn and Thru, Angle Broadside -->v--",South,427254,173925,170,101,208,State System (State Highways and Class I TH links),VT-17,2.26,V017-0101,LRS,Injury,"(44.06229708, -73.40784368)"
5877,VT0040200,12ES00545,01/28/2012,VT 15 (4 Pearl St),Essex,NO DATA,15,NO DATA,NO DATA,NO DATA,50,Feet,25,7 - Other - Explain in Narrative,West,450561,221840,NO DATA,NO DATA,NO DATA,State System (State Highways and Class I TH links),VT-15,2.14,V015-0406,LRS,Property Damage Only,"(44.49080902, -73.11224112)"
5885,VT0040200,12ES07631,12/26/2012,VT-15 (41 PEARL ST),Essex,NO DATA,NO DATA,NO DATA,NO DATA,NO DATA,NO DATA,NO DATA,25,1 - Rear End,NO DATA,451074,221522,NO DATA,NO DATA,NO DATA,State System (State Highways and Class I TH links),VT-15,1.97,V015-0406,LRS,Property Damage Only,"(44.49205444, -73.11520887)"
5886,VT0040200,12ES06841,11/18/2012,VT-15 (41 PEARL ST),Essex,NO DATA,NO DATA,NO DATA,NO DATA,SUMMIT ST,NO DATA,NO DATA,25,1 - Rear End,NO DATA,451055,221505,NO DATA,NO DATA,NO DATA,State System (State Highways and Class I TH links),VT-15,1.97,V015-0406,LRS,Property Damage Only,"(44.49205444, -73.11520887)"
5887,VT0040200,12ES07588,12/23/2012,VT-15 Pearl St,Essex,NO DATA,15,NO DATA,NO DATA,S Summit,NO DATA,NO DATA,25,1 - Rear End,NO DATA,451009,221537,NO DATA,NO DATA,NO DATA,State System (State Highways and Class I TH links),VT-15,1.93,V015-0406,LRS,Property Damage Only,"(44.49238660, -73.11587577)"
5888,VT0040200,12ES04165,07/19/2012,VT-15 Pearl St,Essex,NO DATA,NO DATA,NO DATA,NO DATA,S Summit,NO DATA,NO DATA,25,6 - Single Vehicle Crash,NO DATA,450853,221482,NO DATA,NO DATA,NO DATA,State System (State Highways and Class I TH links),VT-15,1.93,V015-0406,LRS,Property Damage Only,"(44.49238660, -73.11587577)"
5889,VT0040200,12ES07572,12/22/2012,VT-15 (49 PEARL ST),Essex,NO DATA,NO DATA,NO DATA,NO DATA,S SUMMIT ST,NO DATA,NO DATA,25,6 - Single Vehicle Crash,NO DATA,NO DATA,NO DATA,NO DATA,NO DATA,NO DATA,State System (State Highways and Class I TH links),VT-15,1.91,V015-0406,LRS,Injury,"(44.49255557, -73.11620639)"
5890,VT0040200,12ES01786,04/04/2012,VT 15 (54 PEARL ST),Essex,NO DATA,15,NO DATA,NO DATA,NO DATA,NO DATA,NO DATA,25,"8 - No Turns, Thru moves only, Broadside ^<",East,449716,223433,NO DATA,NO DATA,NO DATA,State System (State Highways and Class I TH links),VT-15,1.87,V015-0406,LRS,Property Damage Only,"(44.49289468, -73.11686647)"
5898,VT0040200,12ES04862,08/21/2012,VT-15 (56 PEARL ST),Essex,NO DATA,NO DATA,NO DATA,NO DATA,SOUTH SUMMIT ST,300,Feet,25,5 - Rear-to-rear,West,450978,221632,NO DATA,NO DATA,NO DATA,State System (State Highways and Class I TH links),VT-15,1.85,V015-0406,LRS,Property Damage Only,"(44.49306433, -73.11719644)"
5899,VT0040200,12ES04746,08/15/2012,VT-15 (56 PEARL ST),Essex,NO DATA,NO DATA,NO DATA,NO DATA,NO DATA,NO DATA,NO DATA,25,1 - Rear End,East,450349,221315,NO DATA,NO DATA,NO DATA,State System (State Highways and Class I TH links),VT-15,1.85,V015-0406,LRS,Property Damage Only,"(44.49306433, -73.11719644)"
5900,VT0040200,12ES06207,10/14/2012,VT-15 (66 PEARL ST),Essex,NO DATA,NO DATA,NO DATA,NO DATA,NO DATA,NO DATA,NO DATA,99,"8 - No Turns, Thru moves only, Broadside ^<",NO DATA,450856,221637,NO DATA,NO DATA,NO DATA,State System (State Highways and Class I TH links),VT-15,1.8,V015-0406,LRS,Property Damage Only,"(44.49348255, -73.11802716)"
5901,VTVSP0600,12C200703,03/19/2012,VT-22A (3437 VT RT 22A),Bridport,NO DATA,22A,NO DATA,NO DATA,Crown Point Road TH#1,1,Miles,40,"14 - Left Turn and Thru, Broadside v<--",South,434806,164856,NO DATA,NO DATA,NO DATA,State System (State Highways and Class I TH links),VT-22A,2.86,V022A0102,LRS,Property Damage Only,"(43.98149593, -73.31272985)"
5902,VT0040200,12ES06484,10/29/2012,72 PEARL ST,Essex,NO DATA,NO DATA,NO DATA,NO DATA,NO DATA,NO DATA,NO DATA,25,"14 - Left Turn and Thru, Broadside v<--",NO DATA,450766,221607,NO DATA,NO DATA,NO DATA,State System (State Highways and Class I TH links),VT-15,1.77,V015-0406,LRS,Property Damage Only,"(44.49372981, -73.11852916)"
5903,VT0040200,12ES05010,08/27/2012,VT-15 (67 PEARL ST),Essex,NO DATA,NO DATA,NO DATA,NO DATA,NO DATA,NO DATA,NO DATA,25,1 - Rear End,NO DATA,450837,221716,NO DATA,NO DATA,NO DATA,State System (State Highways and Class I TH links),VT-15,1.76,V015-0406,LRS,Property Damage Only,"(44.49380971, -73.11869886)"
5911,VT0040200,12ES05529,09/12/2012,VT-15 (81 Main St),Essex,NO DATA,NO DATA,NO DATA,NO DATA,NO DATA,NO DATA,NO DATA,25,1 - Rear End,NO DATA,455168,199357,NO DATA,NO DATA,NO DATA,State System (State Highways and Class I TH links),VT-15,1.69,V015-0406,LRS,Property Damage Only,"(44.49435882, -73.11989605)"
5912,VT0040200,12ES06866,11/19/2012,VT-15 (99 Pearl St),Essex,NO DATA,NO DATA,NO DATA,NO DATA,"Essex Jct Shopping Center, West Entrance",NO DATA,NO DATA,25,"10 - Left Turn and Thru, Angle Broadside -->v--",NO DATA,454393,199482,NO DATA,NO DATA,NO DATA,State System (State Highways and Class I TH links),VT-15,1.64,V015-0406,LRS,Injury,"(44.49475122, -73.12075105)"
5913,VT0080100,12MR01013,04/25/2012,#116 VT 15,Morristown,NO DATA,15,NO DATA,NO DATA,Stone Grill,300,Feet,45,1 - Rear End,West,492757,230402,NO DATA,NO DATA,NO DATA,State System (State Highways and Class I TH links),VT-15,0.69,V015-0807,LRS,Property Damage Only,"(44.57733187, -72.59526978)"
5914,VT0040200,12ES06551,11/01/2012,VT-15 (106 PEARL ST),Essex,NO DATA,15,NO DATA,NO DATA,MCDONALDS,0,Miles,25,"14 - Left Turn and Thru, Broadside v<--",East,450636,221758,NO DATA,NO DATA,NO DATA,State System (State Highways and Class I TH links),VT-15,1.57,V015-0406,LRS,Property Damage Only,"(44.49529999, -73.12194857)"
5915,VT0040200,12ES02122,04/20/2012,VT-15 (106 Pearl St),Essex,NO DATA,NO DATA,NO DATA,NO DATA,Macs Market,500,Feet,25,5 - Rear-to-rear,West,450571,221808,NO DATA,NO DATA,NO DATA,State System (State Highways and Class I TH links),VT-15,1.57,V015-0406,LRS,Property Damage Only,"(44.49529999, -73.12194857)"
5916,VT0040200,12ES4904,08/23/2012,VT-15 (105 PEARL ST),Essex,NO DATA,NO DATA,NO DATA,NO DATA,CVE,NO DATA,NO DATA,99,6 - Single Vehicle Crash,NO DATA,450667,222064,NO DATA,NO DATA,NO DATA,State System (State Highways and Class I TH links),VT-15,1.56,V015-0406,LRS,Property Damage Only,"(44.49537751, -73.12212043)"
5924,VT0040200,12ES05747,09/21/2012,VT-15 Pearl St,Essex,NO DATA,NO DATA,NO DATA,NO DATA,NO DATA,NO DATA,NO DATA,35,1 - Rear End,NO DATA,450004,222265,NO DATA,NO DATA,NO DATA,State System (State Highways and Class I TH links),VT-15,1.15,V015-0406,LRS,Property Damage Only,"(44.49870155, -73.12901565)"
5925,VT0030100,12HW01609,11/11/2012,Vt Rt 16,Greensboro,NO DATA,NO DATA,NO DATA,NO DATA,Taylor Rd,1,Miles,50,6 - Single Vehicle Crash,North,529277,206827,NO DATA,NO DATA,NO DATA,State System (State Highways and Class I TH links),VT-16,4.72,V016-1009,LRS,Injury,"(44.60202200, -72.22025208)"
5926,VT0040200,12ES07615,12/24/2012,VT-15 Pearl St,Essex,NO DATA,NO DATA,NO DATA,NO DATA,West St Ext,NO DATA,NO DATA,45,6 - Single Vehicle Crash,NO DATA,449806,222376,NO DATA,NO DATA,NO DATA,State System (State Highways and Class I TH links),VT-15,1.02,V015-0406,LRS,Injury,"(44.49987205, -73.13107075)"
5927,VT0040200,12ES07096,11/30/2012,VT-15 (189 Pearl St),Essex,NO DATA,15,NO DATA,NO DATA,West St Ext,NO DATA,NO DATA,45,1 - Rear End,NO DATA,449803,222371,NO DATA,NO DATA,NO DATA,State System (State Highways and Class I TH links),VT-15,1.02,V015-0406,LRS,Property Damage Only,"(44.49987205, -73.13107075)"
5928,VT0040200,12ES05330,09/04/2012,VT-15 PEARL ST,Essex,NO DATA,NO DATA,NO DATA,NO DATA,WEST ST EXT,NO DATA,NO DATA,35,6 - Single Vehicle Crash,NO DATA,449811,222376,NO DATA,NO DATA,NO DATA,State System (State Highways and Class I TH links),VT-15,1.02,V015-0406,LRS,Property Damage Only,"(44.49987205, -73.13107075)"
5929,VT0040200,12ES03510,06/20/2012,VT-15 (188 Pearl St),Essex,NO DATA,15,NO DATA,NO DATA,West St Ext,NO DATA,NO DATA,35,1 - Rear End,NO DATA,449815,222365,NO DATA,NO DATA,NO DATA,State System (State Highways and Class I TH links),VT-15,1.01,V015-0406,LRS,Property Damage Only,"(44.49996637, -73.13122347)"
5937,VT0040200,12ES01103,02/28/2012,VT Rt 15,Essex,NO DATA,15,NO DATA,NO DATA,Susie Wilson Rd,NO DATA,NO DATA,45,2 - Head On,West,449220,222830,NO DATA,NO DATA,NO DATA,State System (State Highways and Class I TH links),VT-15,0.56,V015-0406,LRS,Property Damage Only,"(44.50384527, -73.13840508)"
5938,VTVSP0800,12B201993,06/30/2012,VT-16 Church Street,Barton,NO DATA,16,NO DATA,NO DATA,School Street,NO DATA,NO DATA,35,3 - Same Direction Sideswipe,West,525344,248816,NO DATA,NO DATA,NO DATA,State System (State Highways and Class I TH links),VT-16,2.24,V016-1002,LRS,Property Damage Only,"(44.74928595, -72.18042586)"
5939,VT0040200,12ES04279,07/23/2012,VT-15 (20 FORT PARKWAY),Essex,NO DATA,15,NO DATA,NO DATA,NO DATA,NO DATA,NO DATA,45,3 - Same Direction Sideswipe,NO DATA,429375,261322,NO DATA,NO DATA,NO DATA,State System (State Highways and Class I TH links),VT-15,0.39,V015-0406,LRS,Injury,"(44.50406503, -73.14189233)"
5940,VT0040500,12CC05868,08/29/2012,VT-15 College Parkway,Colchester,NO DATA,15,NO DATA,NO DATA,Barnes Avenue,200,Feet,45,1 - Rear End,East,448369,222619,NO DATA,NO DATA,NO DATA,State System (State Highways and Class I TH links),VT-15,1.31,V015-0405W,LRS,Injury,"(44.50165353, -73.14992824)"
5941,VT0080100,12MR00698,03/27/2012,VT-15 (396 Vermont Route 15),Morristown,NO DATA,NO DATA,NO DATA,NO DATA,396 Vermont Route 15,200,Feet,40,1 - Rear End,West,004-92-228E,002-31-097N,NO DATA,NO DATA,NO DATA,State System (State Highways and Class I TH links),VT-15,0.47,V015-0807,LRS,Property Damage Only,"(44.58003166, -72.59738845)"
5942,VT0040500,12CC08473,12/15/2012,VT-15 Colllege Parkway,Colchester,NO DATA,15,NO DATA,NO DATA,Barnes Avenue,NO DATA,NO DATA,35,1 - Rear End,NO DATA,448291,222574,NO DATA,NO DATA,NO DATA,State System (State Highways and Class I TH links),VT-15,1.28,V015-0405W,LRS,Injury,"(44.50142065, -73.15043614)"
5950,VT0040500,12CC00173,01/10/2012,VT-15 (807 College Parkway),Colchester,NO DATA,NO DATA,NO DATA,NO DATA,National Guard Road,NO DATA,NO DATA,35,1 - Rear End,NO DATA,447784,222240,NO DATA,NO DATA,NO DATA,State System (State Highways and Class I TH links),VT-15,0.84,V015-0405W,LRS,Property Damage Only,"(44.49784352, -73.15773461)"
5951,VTVSP0600,12C201068,04/22/2012,VT RT 22A,Bridport,NO DATA,22A,NO DATA,NO DATA,North Cream Hill Road TH#42,0,Miles,50,3 - Same Direction Sideswipe,South,434806,160917,221,102,61,State System (State Highways and Class I TH links),VT-22A,0.37,V022A0102,LRS,Property Damage Only,"(43.94602049, -73.31233095)"
5952,VT0040500,12CC02433,04/17/2012,VT-15 College Pkway,Colchester,NO DATA,15,NO DATA,NO DATA,National Guard Rd,0,Miles,35,1 - Rear End,West,447772,222223,NO DATA,NO DATA,NO DATA,State System (State Highways and Class I TH links),VT-15,0.84,V015-0405W,LRS,Property Damage Only,"(44.49784352, -73.15773461)"
5953,VT0040500,12CC04672,07/12/2012,VT-15 College Parkway,Colchester,NO DATA,15,NO DATA,NO DATA,Cumberland Farms,NO DATA,NO DATA,35,1 - Rear End,NO DATA,447619,222120,NO DATA,NO DATA,NO DATA,State System (State Highways and Class I TH links),VT-15,0.81,V015-0405W,LRS,Property Damage Only,"(44.49759870, -73.15823138)"
5954,VT0040500,12CC00626,01/31/2012,790 College Parkway,Colchester,NO DATA,15,NO DATA,NO DATA,NO DATA,NO DATA,NO DATA,35,"8 - No Turns, Thru moves only, Broadside ^<",NO DATA,447802,222120,NO DATA,NO DATA,NO DATA,State System (State Highways and Class I TH links),VT-15,0.81,V015-0405W,LRS,Property Damage Only,"(44.49759870, -73.15823138)"
5962,VT0040500,12CC02974,05/08/2012,424 College Parkway,Colchester,NO DATA,15,NO DATA,NO DATA,Lime Kiln Road,40,Feet,35,1 - Rear End,NO DATA,004-47-248,002-21-621,NO DATA,NO DATA,NO DATA,State System (State Highways and Class I TH links),VT-15,0.39,V015-0405W,LRS,Property Damage Only,"(44.49294993, -73.16329765)"
5963,VT0040500,12CC01263,03/02/2012,VT 15 (College Parkway),Colchester,NO DATA,15,NO DATA,NO DATA,Lime Kiln Rd,NO DATA,Miles,35,1 - Rear End,East,447240,221603,NO DATA,NO DATA,NO DATA,State System (State Highways and Class I TH links),VT-15,0.38,V015-0405W,LRS,Property Damage Only,"(44.49288899, -73.16347897)"
5964,VT0040500,12CC07696,11/03/2012,VT-15 College Parkway,Colchester,NO DATA,15,NO DATA,NO DATA,Lime Kiln Road,10,NO DATA,35,1 - Rear End,West,447247,221622,NO DATA,NO DATA,NO DATA,State System (State Highways and Class I TH links),VT-15,0.38,V015-0405W,LRS,Property Damage Only,"(44.49288899, -73.16347897)"
5965,VT0040500,12CC06653,09/27/2012,VT-15 College Parkway,Colchester,NO DATA,15,NO DATA,NO DATA,Lime Kiln Road,NO DATA,NO DATA,35,1 - Rear End,NO DATA,447250,221615,NO DATA,NO DATA,NO DATA,State System (State Highways and Class I TH links),VT-15,0.38,V015-0405W,LRS,Property Damage Only,"(44.49288899, -73.16347897)"
5966,VT0040500,12CC02807,05/02/2012,VT-15 College Parkway,Colchester,NO DATA,15,NO DATA,NO DATA,Lime Kiln Rd,NO DATA,NO DATA,35,1 - Rear End,NO DATA,447256,221630,NO DATA,NO DATA,NO DATA,State System (State Highways and Class I TH links),VT-15,0.38,V015-0405W,LRS,Property Damage Only,"(44.49288899, -73.16347897)"