ID,Reporting Agency,Report Number,Date,Street Address,Town,Number,Number1,Number2,Number3,Intersection,Distance From Intersection,Distance Unit,Posted Speed,Direction of Collision,Direction from Intersection,Easting,Northing,Mile Marker,Mile Marker 1,Mile Marker 2,AOT Roadway,AOT Route,AOT Actual Mile,LRS Number,How Mapped,Crash Type,Location 1
5967,VT0040500,12CC02524,04/19/2012,VT-15 College Parkway,Colchester,NO DATA,NO DATA,NO DATA,NO DATA,Lime Kiln Road,10,Feet,35,6 - Single Vehicle Crash,West,447199,221594,NO DATA,NO DATA,NO DATA,State System (State Highways and Class I TH links),VT-15,0.38,V015-0405W,LRS,Property Damage Only,"(44.49288899, -73.16347897)"
5975,VT0080100,12MR02967,11/10/2012,3135 Vermont Route 15 E,Morristown,NO DATA,NO DATA,NO DATA,NO DATA,NO DATA,NO DATA,NO DATA,50,3 - Same Direction Sideswipe,NO DATA,497244,229865,NO DATA,NO DATA,NO DATA,State System (State Highways and Class I TH links),VT-15,4.01,V015-0807,LRS,Property Damage Only,"(44.56898714, -72.53477179)"
5976,VT0040500,12CC00163,01/09/2012,VT 15 (College Parkway),Colchester,NO DATA,15,NO DATA,NO DATA,NATIONAL GUARD RD,400,Feet,35,1 - Rear End,West,447666,222144,NO DATA,NO DATA,NO DATA,State System (State Highways and Class I TH links),VT-15,0.92,V015-0405,LRS,Injury,"(44.49832843, -73.15647179)"
5977,VT0040500,12CC05819,08/27/2012,VT-15 College Parkway,Colchester,NO DATA,15,NO DATA,NO DATA,Camp Johnson,175,Feet,35,1 - Rear End,South,447817,222204,NO DATA,NO DATA,NO DATA,State System (State Highways and Class I TH links),VT-15,0.89,V015-0405,LRS,Property Damage Only,"(44.49808684, -73.15696445)"
5978,VTVSP0600,12C200548,03/05/2012,7242 VT RT 22A,Addison,NO DATA,22A,NO DATA,NO DATA,149 Grandview Lane (Private Road),50,Feet,50,6 - Single Vehicle Crash,South,435745,173311,NO DATA,NO DATA,NO DATA,State System (State Highways and Class I TH links),VT-22A,1.83,V022A0101,LRS,Injury,"(44.05588625, -73.30172291)"
5979,VT0040500,12CC04937,07/22/2012,VT-15 (807 College Parkway),Colchester,NO DATA,NO DATA,NO DATA,NO DATA,NO DATA,NO DATA,NO DATA,99,1 - Rear End,NO DATA,447648,222159,NO DATA,NO DATA,NO DATA,State System (State Highways and Class I TH links),VT-15,0.84,V015-0405,LRS,Property Damage Only,"(44.49768397, -73.15778529)"
5980,VT0030100,12HW01744,12/17/2012,Vt Rt 16,Hardwick,NO DATA,NO DATA,NO DATA,NO DATA,Bailey Hazen Rd,50,Feet,50,6 - Single Vehicle Crash,North,517176,225537,NO DATA,NO DATA,NO DATA,State System (State Highways and Class I TH links),VT-16,3.08,V016-0305,LRS,Property Damage Only,"(44.52987092, -72.28389854)"
5988,VT0040500,12CC03576,05/31/2012,VT-15 (790 College Pkwy),Colchester,NO DATA,15,NO DATA,NO DATA,NO DATA,NO DATA,NO DATA,35,1 - Rear End,NO DATA,447624,222061,NO DATA,NO DATA,NO DATA,State System (State Highways and Class I TH links),VT-15,0.77,V015-0405,LRS,Property Damage Only,"(44.49712238, -73.15893682)"
5989,VT0040500,12CC03629,06/02/2012,VT-15 College Parkway,Colchester,NO DATA,15,NO DATA,NO DATA,Johnson Avenue,NO DATA,NO DATA,35,1 - Rear End,NO DATA,447599,222107,NO DATA,NO DATA,NO DATA,State System (State Highways and Class I TH links),VT-15,0.64,V015-0405,LRS,Property Damage Only,"(44.49591532, -73.16085924)"
5990,VT0040500,12CC07153,10/16/2012,VT-15 College Parkway,Colchester,NO DATA,15,NO DATA,NO DATA,Campus Road,100,Feet,35,1 - Rear End,West,447362,221831,NO DATA,NO DATA,NO DATA,State System (State Highways and Class I TH links),VT-15,0.58,V015-0405,LRS,Property Damage Only,"(44.49515996, -73.16141832)"
5991,VT0040500,12CC05047,07/26/2012,VT-15 College Parkway,Colchester,NO DATA,15,NO DATA,NO DATA,Winooski Park,20,Feet,35,1 - Rear End,South,446973,221631,NO DATA,NO DATA,NO DATA,State System (State Highways and Class I TH links),VT-15,0.57,V015-0405,LRS,Property Damage Only,"(44.49503431, -73.16151217)"
5992,VT0040500,12CC00390,01/19/2012,VT 15 (College Parkway),Colchester,NO DATA,15,NO DATA,NO DATA,Campus Rd,100,Feet,35,1 - Rear End,West,447378,221852,NO DATA,NO DATA,NO DATA,State System (State Highways and Class I TH links),VT-15,0.56,V015-0405,LRS,Property Damage Only,"(44.49490806, -73.16160440)"
5993,VT0030100,12HW01372,09/29/2012,Vt Rt 16,Hardwick,NO DATA,NO DATA,NO DATA,NO DATA,Jct Main St & Ward Hill,NO DATA,NO DATA,50,"8 - No Turns, Thru moves only, Broadside ^<",NO DATA,515499,224156,NO DATA,NO DATA,NO DATA,State System (State Highways and Class I TH links),VT-16,1.69,V016-0305,LRS,Property Damage Only,"(44.51754768, -72.30498231)"
6001,VT0080100,12MR1102683,10/07/2012,VT-15,Morristown,NO DATA,15,NO DATA,NO DATA,NO DATA,NO DATA,NO DATA,40,3 - Same Direction Sideswipe,NO DATA,NO DATA,NO DATA,NO DATA,NO DATA,NO DATA,State System (State Highways and Class I TH links),VT-15,0.84,V015-0807,LRS,Property Damage Only,"(44.57595495, -72.59290855)"
6002,VT0040500,12CC04625,07/10/2012,VT-15 College Parkway,Colchester,NO DATA,15,NO DATA,NO DATA,In Front Of 230,NO DATA,NO DATA,35,"12 - Left Turn and Thru, Same Direction Sideswipe/Angle Crash vv--",West,447040,221645,NO DATA,NO DATA,NO DATA,State System (State Highways and Class I TH links),VT-15,0.26,V015-0405,LRS,Property Damage Only,"(44.49294298, -73.16588160)"
6003,VT0040500,12CC00966,02/16/2012,VT 15 (44 College Parkway),Colchester,NO DATA,15,NO DATA,NO DATA,Campus Road,250,Feet,35,1 - Rear End,East,004-46-729,002-21-658,NO DATA,NO DATA,NO DATA,State System (State Highways and Class I TH links),VT-15,0.25,V015-0405,LRS,Property Damage Only,"(44.49295814, -73.16608411)"
6004,VT0040500,12CC04826,07/17/2012,VT-15 College Parkway,Colchester,NO DATA,15,NO DATA,NO DATA,West Entrance To St Michaels College,NO DATA,NO DATA,35,1 - Rear End,NO DATA,446946,221629,NO DATA,NO DATA,NO DATA,State System (State Highways and Class I TH links),VT-15,0.22,V015-0405,LRS,Property Damage Only,"(44.49300361, -73.16669162)"
6005,VT0040500,12CC02465,04/18/2012,VT-15 College Pkway,Colchester,NO DATA,15,NO DATA,NO DATA,Campus Road (west),NO DATA,NO DATA,35,1 - Rear End,NO DATA,447373,221835,NO DATA,NO DATA,NO DATA,State System (State Highways and Class I TH links),VT-15,0.22,V015-0405,LRS,Property Damage Only,"(44.49300361, -73.16669162)"
6013,VT0040500,12CC03304,05/21/2012,VT-15 (124 College Parkway),Colchester,NO DATA,15,NO DATA,NO DATA,NO DATA,NO DATA,NO DATA,35,1 - Rear End,NO DATA,004-46-850,002-21-649,NO DATA,NO DATA,NO DATA,State System (State Highways and Class I TH links),VT-15,0.16,V015-0405,LRS,Property Damage Only,"(44.49308661, -73.16790775)"
6014,VT0040500,12CC03178,05/16/2012,VT-15 (124 College Parkway),Colchester,NO DATA,15,NO DATA,NO DATA,Days Inn (West Entrance),NO DATA,NO DATA,35,"8 - No Turns, Thru moves only, Broadside ^<",NO DATA,004-46-824E,002-21-619N,NO DATA,NO DATA,NO DATA,State System (State Highways and Class I TH links),VT-15,0.16,V015-0405,LRS,Property Damage Only,"(44.49308661, -73.16790775)"
6015,VT0040500,12CC00434,01/22/2012,VT-15 (124 College Parkway),Colchester,NO DATA,15,NO DATA,NO DATA,NO DATA,NO DATA,NO DATA,35,1 - Rear End,NO DATA,004-46-038E,002-21-625N,NO DATA,NO DATA,NO DATA,State System (State Highways and Class I TH links),VT-15,0.16,V015-0405,LRS,Property Damage Only,"(44.49308661, -73.16790775)"
6016,VT0040500,12CC06728,09/30/2012,College Parkway,Colchester,NO DATA,15,NO DATA,NO DATA,124 College Parkway (Days Inn),NO DATA,NO DATA,35,1 - Rear End,NO DATA,446873,221647,NO DATA,NO DATA,NO DATA,State System (State Highways and Class I TH links),VT-15,0.15,V015-0405,LRS,Property Damage Only,"(44.49310035, -73.16811045)"
6017,VT0040500,12CC04874,07/19/2012,VT-15 (129 College Parkway),Colchester,NO DATA,15,NO DATA,NO DATA,NO DATA,NO DATA,NO DATA,35,1 - Rear End,NO DATA,004-46-875,002-21-648,NO DATA,NO DATA,NO DATA,State System (State Highways and Class I TH links),VT-15,0.15,V015-0405,LRS,Property Damage Only,"(44.49310035, -73.16811045)"
6025,VT0040500,12CC03364,05/23/2012,VT 15 (College Parkway),Colchester,NO DATA,15,NO DATA,NO DATA,George Street,125,Feet,35,3 - Same Direction Sideswipe,East,004-46-655,002-21-662,NO DATA,NO DATA,NO DATA,State System (State Highways and Class I TH links),VT-15,0.02,V015-0405,LRS,Property Damage Only,"(44.49328033, -73.17074539)"
6026,VTVSP0100,12A101090,03/24/2012,VT RT 15,Morristown,NO DATA,15,NO DATA,NO DATA,Silver Ridge Road,100,Feet,40,"8 - No Turns, Thru moves only, Broadside ^<",West,492314,230957,NO DATA,NO DATA,NO DATA,State System (State Highways and Class I TH links),VT-15,0.58,V015-0807,LRS,Property Damage Only,"(44.57852087, -72.59672097)"
6027,VTVSP0200,12B103664,11/08/2012,VT-15 (2459 VT Route 15),Walden,NO DATA,15,NO DATA,NO DATA,Davidson Dr,0,Miles,50,"8 - No Turns, Thru moves only, Broadside ^<",West,522198,214616,150,315,620,State System (State Highways and Class I TH links),VT-15,6.62,V015-0315,LRS,Injury,"(44.43041211, -72.22057887)"
6028,VTVSP0200,12B101378,05/07/2012,VT Route 15,Walden,NO DATA,15,NO DATA,NO DATA,Brookside Dr,100,Feet,50,4 - Opp Direction Sideswipe,West,521882,216673,150,315,520,State System (State Highways and Class I TH links),VT-15,5.17,V015-0315,LRS,Property Damage Only,"(44.44996014, -72.22498576)"
6029,VTVSP0200,12B100565,02/25/2012,Vt Rt 15,Walden,NO DATA,15,NO DATA,NO DATA,Hillside Drive,0,Miles,50,6 - Single Vehicle Crash,East,521241,216475,150,315,480,State System (State Highways and Class I TH links),VT-15,4.93,V015-0315,LRS,Injury,"(44.44940430, -72.22967304)"
6030,VTVSP0200,12B1038806,11/19/2012,VT Route 15,Walden,NO DATA,15,NO DATA,NO DATA,Hillside Dr,0,Miles,50,6 - Single Vehicle Crash,West,520876,216443,NO DATA,NO DATA,NO DATA,State System (State Highways and Class I TH links),VT-15,4.5,V015-0315,LRS,Property Damage Only,"(44.44791510, -72.23788620)"
6038,VT0030100,12HW01610,11/19/2012,Vt Rt 15 East,Hardwick,NO DATA,NO DATA,NO DATA,NO DATA,Vt Rt 16,0,Miles,50,6 - Single Vehicle Crash,East,523999,200102,NO DATA,NO DATA,NO DATA,State System (State Highways and Class I TH links),VT-15,6.06,V015-0305,LRS,Property Damage Only,"(44.49608419, -72.32019946)"
6039,VT0030100,12HW00227,02/25/2012,Vt Rt 15,Hardwick,NO DATA,NO DATA,NO DATA,NO DATA,Vt Rt 15 - Vt Rt 16,NO DATA,NO DATA,50,1 - Rear End,NO DATA,NO DATA,NO DATA,NO DATA,NO DATA,NO DATA,State System (State Highways and Class I TH links),VT-15,5.76,V015-0305,LRS,Property Damage Only,"(44.49948709, -72.32386658)"
6040,VT0030100,12HW01345,09/24/2012,Vt Rt 15,Hardwick,NO DATA,NO DATA,NO DATA,NO DATA,Vt Rt 16,NO DATA,NO DATA,50,1 - Rear End,East,NO DATA,NO DATA,NO DATA,NO DATA,NO DATA,State System (State Highways and Class I TH links),VT-15,5.76,V015-0305,LRS,Injury,"(44.49948709, -72.32386658)"
6041,VT0030100,12HW00772,06/07/2012,Vt Rt 15,Hardwick,NO DATA,NO DATA,NO DATA,NO DATA,Vt Rt 16,NO DATA,NO DATA,50,NO DATA,NO DATA,NO DATA,NO DATA,NO DATA,NO DATA,NO DATA,State System (State Highways and Class I TH links),VT-15,5.76,V015-0305,LRS,Property Damage Only,"(44.49948709, -72.32386658)"
6042,VT0030100,12HW00844,06/21/2012,Vt Rt 15 East,Hardwick,NO DATA,NO DATA,NO DATA,NO DATA,Vt Rt 15 East And Bailey Farm Rd,NO DATA,Feet,50,4 - Opp Direction Sideswipe,East,523373,200170,NO DATA,NO DATA,NO DATA,State System (State Highways and Class I TH links),VT-15,4.6,V015-0305,LRS,Property Damage Only,"(44.50238745, -72.34499818)"
6043,VT0030100,12HW00003,01/02/2012,Vt Rt 15,Hardwick,NO DATA,NO DATA,NO DATA,NO DATA,Tri Star Motors,1000,Feet,50,6 - Single Vehicle Crash,East,NO DATA,NO DATA,NO DATA,NO DATA,NO DATA,State System (State Highways and Class I TH links),VT-15,4.25,V015-0305,LRS,Property Damage Only,"(44.50182597, -72.35190190)"
6051,VT0030100,12HW01691,12/06/2012,VT-15 (35 South Main St),Hardwick,NO DATA,NO DATA,NO DATA,NO DATA,Wolcott St,300,Feet,30,3 - Same Direction Sideswipe,North,515408,222708,NO DATA,NO DATA,NO DATA,State System (State Highways and Class I TH links),VT-15,3.42,V015-0305,LRS,Property Damage Only,"(44.50432085, -72.36667473)"
6052,VT0080000,12LC02589,09/13/2012,VT Rt 15,Johnson,NO DATA,15,NO DATA,NO DATA,Vt Rt 15 And Maple Hill Road,NO DATA,NO DATA,50,1 - Rear End,West,487545,234545,NO DATA,NO DATA,NO DATA,State System (State Highways and Class I TH links),VT-15,6.21,V015-0806,LRS,Injury,"(44.61388505, -72.65715798)"
6053,VT0030100,12HW00807,06/13/2012,VT-15 Wolcott St,Hardwick,NO DATA,NO DATA,NO DATA,NO DATA,Wolcott St & South Main Street,NO DATA,NO DATA,30,7 - Other - Explain in Narrative,South,NO DATA,NO DATA,NO DATA,NO DATA,NO DATA,State System (State Highways and Class I TH links),VT-15,3.35,V015-0305,LRS,Property Damage Only,"(44.50393281, -72.36798918)"
6054,VT0030100,12HW00553,05/02/2012,VT-15 Mill St,Hardwick,NO DATA,NO DATA,NO DATA,NO DATA,South Main St,40,Feet,35,1 - Rear End,West,NO DATA,NO DATA,NO DATA,NO DATA,NO DATA,State System (State Highways and Class I TH links),VT-15,3.34,V015-0305,LRS,Property Damage Only,"(44.50404746, -72.36811234)"
6055,VT0030100,12HW01304,09/16/2012,VT-15 Wolcott St,Hardwick,NO DATA,NO DATA,NO DATA,NO DATA,West Church St,NO DATA,NO DATA,30,1 - Rear End,NO DATA,510324,222919,NO DATA,NO DATA,NO DATA,State System (State Highways and Class I TH links),VT-15,3.14,V015-0305,LRS,Property Damage Only,"(44.50650293, -72.37021305)"
6056,VT0030100,12HW01620,11/21/2012,VT-15 Wolcott St,Hardwick,NO DATA,NO DATA,NO DATA,NO DATA,Perry Oil,5,Feet,30,3 - Same Direction Sideswipe,North,522119,200541,NO DATA,NO DATA,NO DATA,State System (State Highways and Class I TH links),VT-15,2.95,V015-0305,LRS,Property Damage Only,"(44.50891498, -72.37205119)"
6064,VT0110400,12FH01369,10/04/2012,VT-22A Washington St,Fair Haven,NO DATA,NO DATA,NO DATA,NO DATA,Lewis Lane,NO DATA,NO DATA,30,2 - Head On,South,437431,122759,NO DATA,NO DATA,NO DATA,State System (State Highways and Class I TH links),VT-22A,2.2,V022A1107,LRS,Injury,"(43.60171006, -73.27415774)"
6065,VT0110400,12FH01371,10/05/2012,VT-22A WASHINGTON ST,Fair Haven,NO DATA,NO DATA,NO DATA,NO DATA,LEWIS LANE,50,Feet,30,4 - Opp Direction Sideswipe,South,437573,122567,NO DATA,NO DATA,NO DATA,State System (State Highways and Class I TH links),VT-22A,2.19,V022A1107,LRS,Property Damage Only,"(43.60159342, -73.27403961)"
6066,VT0110400,12FH01447,10/20/2012,VT-22A Washington St,Fair Haven,NO DATA,NO DATA,NO DATA,NO DATA,Benson Lane,50,Feet,30,6 - Single Vehicle Crash,South,437625,122479,NO DATA,NO DATA,NO DATA,State System (State Highways and Class I TH links),VT-22A,2.05,V022A1107,LRS,Injury,"(43.59992763, -73.27239447)"
6067,VT0110400,12FH01372,10/01/2012,VT-22A Washington St,Fair Haven,NO DATA,NO DATA,NO DATA,NO DATA,Second Street,500,Feet,30,6 - Single Vehicle Crash,North,437731,122357,NO DATA,NO DATA,NO DATA,State System (State Highways and Class I TH links),VT-22A,2.02,V022A1107,LRS,Property Damage Only,"(43.59956954, -73.27204083)"
6068,VT0110400,12FH01373,10/04/2012,VT-22A Washington St,Fair Haven,NO DATA,NO DATA,NO DATA,NO DATA,Second Street,200,Feet,30,3 - Same Direction Sideswipe,North,437752,122343,NO DATA,NO DATA,NO DATA,State System (State Highways and Class I TH links),VT-22A,1.96,V022A1107,LRS,Property Damage Only,"(43.59885349, -73.27133332)"
6069,VT0110400,12FH01541,11/06/2012,VT-22A (19 Washington St),Fair Haven,NO DATA,NO DATA,NO DATA,NO DATA,First Street,100,Feet,30,6 - Single Vehicle Crash,South,437912,122103,NO DATA,NO DATA,NO DATA,State System (State Highways and Class I TH links),VT-22A,1.78,V022A1107,LRS,Property Damage Only,"(43.59672528, -73.26926183)"
6077,VTVSP0300,12C105214,09/28/2012,VT-22A,Benson,NO DATA,22A,NO DATA,NO DATA,Trinity Farm,0,Miles,50,6 - Single Vehicle Crash,North,436321,132549,NO DATA,NO DATA,NO DATA,State System (State Highways and Class I TH links),VT-22A,1.59,V022A1101,LRS,Property Damage Only,"(43.69151263, -73.29226521)"
6078,VT0110400,12FH00398,03/23/2012,VT RT 22A,Benson,NO DATA,22A,NO DATA,NO DATA,East Road,1,Miles,50,6 - Single Vehicle Crash,North,436356,130518,NO DATA,NO DATA,NO DATA,State System (State Highways and Class I TH links),VT-22A,1.01,V022A1101,LRS,Property Damage Only,"(43.68361421, -73.28953089)"
6079,VTVSP0300,12C100148,01/08/2012,Vt Rt 22A,Benson,NO DATA,30,NO DATA,NO DATA,East Rd,1,Miles,50,6 - Single Vehicle Crash,North,436424,131075,221,1101,80,State System (State Highways and Class I TH links),VT-22A,0.61,V022A1101,LRS,Property Damage Only,"(43.67790782, -73.28853881)"
6080,VT0010300,12VG01038,07/10/2012,VT-22A Main Street,Vergennes,NO DATA,NO DATA,NO DATA,NO DATA,Kennedy Brothers,NO DATA,NO DATA,30,"12 - Left Turn and Thru, Same Direction Sideswipe/Angle Crash vv--",NO DATA,NO DATA,NO DATA,NO DATA,NO DATA,NO DATA,State System (State Highways and Class I TH links),VT-22A,1.84,V022A0120,LRS,Injury,"(44.17650973, -73.24586193)"
6081,VT0010300,12VG00724,05/15/2012,VT-22A Main St,Vergennes,NO DATA,NO DATA,NO DATA,NO DATA,Monkton Road,100,Feet,30,1 - Rear End,North,NO DATA,NO DATA,NO DATA,NO DATA,NO DATA,State System (State Highways and Class I TH links),VT-22A,1.52,V022A0120,LRS,Property Damage Only,"(44.17121025, -73.24844854)"
6082,VT0010300,12VG00844,06/07/2012,VT-22A (65 Main Street),Vergennes,NO DATA,22A,NO DATA,NO DATA,Monkton Road,10,Feet,25,NO DATA,North,NO DATA,NO DATA,NO DATA,NO DATA,NO DATA,State System (State Highways and Class I TH links),VT-22A,1.52,V022A0120,LRS,Property Damage Only,"(44.17121025, -73.24844854)"
6090,VT0010300,12VG00459,03/28/2012,VT-22A Main Street,Vergennes,NO DATA,22A,NO DATA,NO DATA,Park Street,25,Feet,25,NO DATA,West,NO DATA,NO DATA,NO DATA,NO DATA,NO DATA,State System (State Highways and Class I TH links),VT-22A,1.27,V022A0120,LRS,Property Damage Only,"(44.16821350, -73.25121431)"
6091,VT0020800,12WH01747,12/28/2012,Vermont Route 30,Jamaica,NO DATA,NO DATA,NO DATA,NO DATA,Vermont Route 100 N,0,Miles,50,6 - Single Vehicle Crash,North,NO DATA,NO DATA,NO DATA,NO DATA,NO DATA,State System (State Highways and Class I TH links),VT-30,9.01,V030-1309,LRS,Property Damage Only,"(43.14598724, -72.84482701)"
6092,VTVSP1000,12D203434,12/12/2012,Route 30,Jamaica,NO DATA,30,NO DATA,NO DATA,Route 100,100,Feet,40,3 - Same Direction Sideswipe,East,472318,71835,30,1309,920,State System (State Highways and Class I TH links),VT-30,8.84,V030-1309,LRS,Property Damage Only,"(43.14620118, -72.84149605)"
6093,VTVSP1000,12D203135,11/12/2012,8515 VT Route 30,Jamaica,NO DATA,30,NO DATA,NO DATA,Route 100 N,1,Miles,40,4 - Opp Direction Sideswipe,South,473179,71612,300,1309,680,State System (State Highways and Class I TH links),VT-30,8.56,V030-1309,LRS,Property Damage Only,"(43.14591308, -72.83577346)"
6094,VTVSP1000,12D202642,09/21/2012,Route 30,Jamaica,NO DATA,30,NO DATA,NO DATA,Stratton Gate Road,1,Feet,50,6 - Single Vehicle Crash,North,474665,69363,300,1309,680,State System (State Highways and Class I TH links),VT-30,6.47,V030-1309,LRS,Property Damage Only,"(43.12352580, -72.81130344)"
6095,VTVSP1000,12D202335,08/19/2012,Vermont Route 30,Jamaica,NO DATA,30,NO DATA,NO DATA,6081 VT Route 30,NO DATA,NO DATA,50,2 - Head On,NO DATA,475000,68848,30,1309,620,State System (State Highways and Class I TH links),VT-30,6.12,V030-1309,LRS,Fatal,"(43.11945766, -72.80731293)"
6096,VTVSP1000,12D200574,02/24/2012,Vermont Route 30,Jamaica,NO DATA,30,NO DATA,NO DATA,Oak Lane (private),1,Miles,50,2 - Head On,North,476506,66588,300,1309,460,State System (State Highways and Class I TH links),VT-30,4.94,V030-1309,LRS,Injury,"(43.10577270, -72.79460453)"
6104,VT0020800,12WH00316,02/17/2012,VT-30/Ameden Road,Jamaica,NO DATA,NO DATA,NO DATA,NO DATA,Vermont Route 30,250,Feet,50,6 - Single Vehicle Crash,South,NO DATA,NO DATA,NO DATA,NO DATA,NO DATA,State System (State Highways and Class I TH links),VT-30,0.11,V030-1309,LRS,Property Damage Only,"(43.07857211, -72.72488669)"
6105,VTVSP1000,12D202738,10/01/2012,VT-30 West River Road,Dummerston,NO DATA,30,NO DATA,NO DATA,Williamsville Road,NO DATA,NO DATA,50,"10 - Left Turn and Thru, Angle Broadside -->v--",NO DATA,488537,49673,NO DATA,NO DATA,NO DATA,State System (State Highways and Class I TH links),VT-30,5.06,V030-1305,LRS,Property Damage Only,"(42.94713003, -72.64076701)"
6106,VTVSP1000,12D203503,12/19/2012,VT-30 West River Rd,Dummerston,NO DATA,30,NO DATA,NO DATA,Williamsville Rd TH#5,100,Feet,50,6 - Single Vehicle Crash,South,488570,49662,300,1305,440,State System (State Highways and Class I TH links),VT-30,5.04,V030-1305,LRS,Property Damage Only,"(42.94706742, -72.64036363)"
6107,VTVSP1000,12D201798,06/29/2012,VT-30 (2892 West River Road),Dummerston,NO DATA,30,NO DATA,NO DATA,Dummerston Covered Bridge,NO DATA,NO DATA,50,1 - Rear End,NO DATA,490720,48476,NO DATA,NO DATA,NO DATA,State System (State Highways and Class I TH links),VT-30,3.03,V030-1305,LRS,Injury,"(42.93591032, -72.61348365)"
6108,VTVSP1000,12D202941,10/23/2012,VT-30 West River Rd,Dummerston,NO DATA,30,NO DATA,NO DATA,2557 West River Road; Circle K Gas,300,Feet,50,1 - Rear End,South,490924,47580,NO DATA,NO DATA,NO DATA,State System (State Highways and Class I TH links),VT-30,2.29,V030-1305,LRS,Property Damage Only,"(42.92603137, -72.61278962)"
6116,VT0130200,12BB03303,05/07/2012,Route 30,Brattleboro,NO DATA,NO DATA,NO DATA,NO DATA,1/2 Mile NW Of Professional Center,NO DATA,NO DATA,50,6 - Single Vehicle Crash,NO DATA,NO DATA,NO DATA,NO DATA,NO DATA,NO DATA,State System (State Highways and Class I TH links),VT-30,2.35,V030-1302,LRS,Property Damage Only,"(42.88167769, -72.58461684)"
6117,VT0130200,12BB08149,10/25/2012,Route 30,Brattleboro,NO DATA,NO DATA,NO DATA,NO DATA,485 Route 30,NO DATA,NO DATA,55,NO DATA,NO DATA,NO DATA,NO DATA,NO DATA,NO DATA,NO DATA,State System (State Highways and Class I TH links),VT-30,1.91,V030-1302,LRS,Property Damage Only,"(42.87920790, -72.57674177)"
6118,VT0130200,12BB04449,06/15/2012,VT-30 West River Rd,Brattleboro,NO DATA,NO DATA,NO DATA,NO DATA,CVPS,750,Feet,50,6 - Single Vehicle Crash,North,004-93-366,000-42-293,NO DATA,NO DATA,NO DATA,State System (State Highways and Class I TH links),VT-30,1.86,V030-1302,LRS,Property Damage Only,"(42.87884521, -72.57608349)"
6119,VT0130200,12BB02986,04/25/2012,Route 30,Brattleboro,NO DATA,NO DATA,NO DATA,NO DATA,South Of I-91 Bridge Overpass,NO DATA,NO DATA,50,2 - Head On,NO DATA,004-94-195,000-41-494,NO DATA,NO DATA,NO DATA,State System (State Highways and Class I TH links),VT-30,1.32,V030-1302,LRS,Injury,"(42.87358307, -72.57100867)"
6120,VT0130200,12BB08573,11/12/2012,West River Rd,Brattleboro,NO DATA,NO DATA,NO DATA,NO DATA,W Dummerston Rd,NO DATA,NO DATA,35,NO DATA,NO DATA,NO DATA,NO DATA,NO DATA,NO DATA,NO DATA,State System (State Highways and Class I TH links),VT-30,0.79,V030-1302,LRS,Property Damage Only,"(42.86748775, -72.56885681)"
6121,VT0130200,12BB08926,11/25/2012,Rt 30,Brattleboro,NO DATA,NO DATA,NO DATA,NO DATA,Grafton Cheese Co,NO DATA,NO DATA,50,2 - Head On,North,004-94-368,000-40-849,NO DATA,NO DATA,NO DATA,State System (State Highways and Class I TH links),VT-30,0.55,V030-1302,LRS,Property Damage Only,"(42.86392760, -72.56737139)"
6129,VTVSP0300,12C100421,01/23/2012,3090 VT 30,Sudbury,NO DATA,30,NO DATA,NO DATA,VT Rte 73 W,0,Miles,50,6 - Single Vehicle Crash,South,443247,143973,300,1123,300,State System (State Highways and Class I TH links),VT-30,3.28,V030-1123,LRS,Injury,"(43.79525073, -73.20563301)"
6130,VTVSP0300,12C100307,01/17/2012,VT Rt 30,Sudbury,NO DATA,30,NO DATA,NO DATA,Vt Rt 30,0,Miles,50,6 - Single Vehicle Crash,NO DATA,443249,143927,300,1123,280,State System (State Highways and Class I TH links),VT-30,3.1,V030-1123,LRS,Property Damage Only,"(43.79285107, -73.20467025)"
6131,VTVSP0300,12C102196,04/30/2012,VT-30,Sudbury,NO DATA,30,NO DATA,NO DATA,3982 Vt Rt 30,1,Miles,50,3 - Same Direction Sideswipe,South,443348,142681,30,1123,240,State System (State Highways and Class I TH links),VT-30,1.9,V030-1123,LRS,Property Damage Only,"(43.77545175, -73.20293897)"
6132,VTVSP0300,12C100023,01/02/2012,VT-30,Poultney,NO DATA,30,NO DATA,NO DATA,Verona Rd,0,Miles,50,6 - Single Vehicle Crash,South,442309,120571,300,1117,920,State System (State Highways and Class I TH links),VT-30,9.43,V030-1117,LRS,Property Damage Only,"(43.58476499, -73.21283892)"
6133,VTVSP0300,12C102981,06/11/2012,VT-30,Poultney,NO DATA,30,NO DATA,NO DATA,TH 15,1,Miles,50,6 - Single Vehicle Crash,North,442287,120324,300,1117,920,State System (State Highways and Class I TH links),VT-30,8.57,V030-1117,LRS,Property Damage Only,"(43.57342632, -73.21981336)"