ID,Reporting Agency,Report Number,Date,Street Address,Town,Number,Number1,Number2,Number3,Intersection,Distance From Intersection,Distance Unit,Posted Speed,Direction of Collision,Direction from Intersection,Easting,Northing,Mile Marker,Mile Marker 1,Mile Marker 2,AOT Roadway,AOT Route,AOT Actual Mile,LRS Number,How Mapped,Crash Type,Location 1
6296,VT0120500,12BT01187,05/15/2012,VT RT 63,Barre Town,NO DATA,63,NO DATA,NO DATA,Miller Rd Ext & Miller Rd,NO DATA,NO DATA,55,"8 - No Turns, Thru moves only, Broadside ^<",NO DATA,NO DATA,NO DATA,NO DATA,NO DATA,NO DATA,State System (State Highways and Class I TH links),VT-63,0.95,V063-1202,LRS,Injury,"(44.16522410, -72.53984507)"
6297,VT0120500,12BT03217,11/30/2012,Vt Rt 63,Barre Town,NO DATA,63,NO DATA,NO DATA,Miller Rd,NO DATA,NO DATA,55,"20 - Right Turn and Thru, Angle Broadside -->^--",NO DATA,NO DATA,NO DATA,NO DATA,NO DATA,NO DATA,State System (State Highways and Class I TH links),VT-63,0.95,V063-1202,LRS,Injury,"(44.16522410, -72.53984507)"
6298,VT0120500,12BT03127,11/20/2012,VT RT 63,Barre Town,NO DATA,NO DATA,NO DATA,NO DATA,Miller Rd,NO DATA,NO DATA,55,"8 - No Turns, Thru moves only, Broadside ^<",NO DATA,NO DATA,NO DATA,NO DATA,NO DATA,NO DATA,State System (State Highways and Class I TH links),VT-63,0.95,V063-1202,LRS,Property Damage Only,"(44.16522410, -72.53984507)"
6299,VT0120500,12BT01636,06/20/2012,VT RT 63,Barre Town,NO DATA,63,NO DATA,NO DATA,Miller Rd,0,Miles,55,4 - Opp Direction Sideswipe,West,004-97-468E,001-84-775N,NO DATA,NO DATA,NO DATA,State System (State Highways and Class I TH links),VT-63,0.5,V063-1202,LRS,Injury,"(44.16454925, -72.54885021)"
6300,VT0120600,12BL02298,09/15/2012,VT Route 62,Berlin,NO DATA,62,NO DATA,NO DATA,Berlin State Highway,50,Feet,50,3 - Same Direction Sideswipe,West,495303,191136,NO DATA,NO DATA,NO DATA,State System (State Highways and Class I TH links),VT-62,1.51,V062-1203W,LRS,Property Damage Only,"(44.22021467, -72.55887106)"
6301,VT0120600,12BL02674,10/29/2012,VT RT 62,Berlin,NO DATA,62,NO DATA,NO DATA,Fisher Road Intersection,10,NO DATA,35,3 - Same Direction Sideswipe,South,NO DATA,NO DATA,NO DATA,NO DATA,NO DATA,State System (State Highways and Class I TH links),VT-62,1.38,V062-1203W,LRS,Property Damage Only,"(44.21847803, -72.55984593)"
6309,VT0120600,12BL00582,03/09/2012,Rte. 62,Berlin,NO DATA,62,NO DATA,NO DATA,Vast Trail,300,Feet,50,6 - Single Vehicle Crash,East,004-96-440E,001-90-798N,NO DATA,NO DATA,NO DATA,State System (State Highways and Class I TH links),VT-62,2.33,V062-1203,LRS,Property Damage Only,"(44.21736985, -72.54455003)"
6310,VT0120100,12BA08723,12/17/2012,Route 62,Berlin,NO DATA,NO DATA,NO DATA,NO DATA,Benjamim Falls Over Pass,NO DATA,NO DATA,50,6 - Single Vehicle Crash,West,004-99-991,001-88-780,NO DATA,NO DATA,NO DATA,State System (State Highways and Class I TH links),VT-62,1.7,V062-1203,LRS,Injury,"(44.22144026, -72.55575779)"
6311,VT0120600,12BL03209,12/27/2012,VT RT 62,Berlin,NO DATA,NO DATA,NO DATA,NO DATA,Berlin State Highway,250,Feet,50,6 - Single Vehicle Crash,East,495364,191193,NO DATA,NO DATA,NO DATA,State System (State Highways and Class I TH links),VT-62,1.57,V062-1203,LRS,Property Damage Only,"(44.22083689, -72.55810799)"
6312,VT0120600,12BL00718,03/26/2012,Rte. 62,Berlin,NO DATA,NO DATA,NO DATA,NO DATA,Berlin State Highway,65,Feet,50,3 - Same Direction Sideswipe,West,495331,191173,NO DATA,NO DATA,NO DATA,State System (State Highways and Class I TH links),VT-62,1.51,V062-1203,LRS,Property Damage Only,"(44.22013047, -72.55876127)"
6313,VT0120600,12BL02221,09/07/2012,VT-62,Berlin,NO DATA,62,NO DATA,NO DATA,VT RT 62 & Fisher Road,250,Feet,50,2 - Head On,East,NO DATA,NO DATA,NO DATA,NO DATA,NO DATA,State System (State Highways and Class I TH links),VT-62,1.43,V062-1203,LRS,Injury,"(44.21906752, -72.55935407)"
6314,VT0120600,12BL00173,01/20/2012,VT RT 62,Berlin,NO DATA,62,NO DATA,NO DATA,Intersection Of Fisher Road,5,Feet,50,"10 - Left Turn and Thru, Angle Broadside -->v--",North,NO DATA,NO DATA,NO DATA,NO DATA,NO DATA,State System (State Highways and Class I TH links),VT-62,1.38,V062-1203,LRS,Property Damage Only,"(44.21832070, -72.55977950)"
6322,VT0120600,12BL01153,05/15/2012,Vermont Route 62,Berlin,NO DATA,NO DATA,NO DATA,NO DATA,Paine Turnpike North,5,Feet,35,"9 - Left and Right Turns, Simultaneous Turn Crash --vv--",East,494068,190402,NO DATA,NO DATA,NO DATA,State System (State Highways and Class I TH links),VT-62,0.48,V062-1203,LRS,Property Damage Only,"(44.21378484, -72.57443091)"
6323,VT0120600,12BL03096,12/14/2012,Rte. 62,Berlin,NO DATA,62,NO DATA,NO DATA,Paine Turnpike North,5,Feet,50,1 - Rear End,East,004-94-037E,001-90-391N,NO DATA,NO DATA,NO DATA,State System (State Highways and Class I TH links),VT-62,0.48,V062-1203,LRS,Property Damage Only,"(44.21378484, -72.57443091)"
6324,VT0120100,12BA06790,09/19/2012,Vt Route 62,Barre City,NO DATA,NO DATA,NO DATA,NO DATA,N Main St,NO DATA,NO DATA,25,1 - Rear End,NO DATA,004-99-369,001-89-168,NO DATA,NO DATA,NO DATA,State System (State Highways and Class I TH links),VT-62,1.58,V062-1201W,LRS,Property Damage Only,"(44.20250884, -72.50789060)"
6325,VT0120100,12BA00244,01/12/2012,Vermont Route 62,Barre City,NO DATA,NO DATA,NO DATA,NO DATA,North Main Street,100,Feet,40,1 - Rear End,North,004-99-304,001-89-086,NO DATA,NO DATA,NO DATA,State System (State Highways and Class I TH links),VT-62,1.57,V062-1201W,LRS,Property Damage Only,"(44.20242729, -72.50805801)"
6326,VT0120100,12BA08823,12/21/2012,VT-62/ Berlin St.,Barre City,NO DATA,NO DATA,NO DATA,NO DATA,Rt 62,NO DATA,NO DATA,25,"8 - No Turns, Thru moves only, Broadside ^<",West,004-99-195,001-89-415,NO DATA,NO DATA,NO DATA,State System (State Highways and Class I TH links),VT-62,1.2,V062-1201W,LRS,Property Damage Only,"(44.20411118, -72.51478729)"
6334,VTVSP0800,12B204375,12/29/2012,VT RT 58,Lowell,NO DATA,58,NO DATA,NO DATA,VT RT 100,NO DATA,NO DATA,50,"8 - No Turns, Thru moves only, Broadside ^<",West,504138,255520,NO DATA,NO DATA,NO DATA,State System (State Highways and Class I TH links),VT-58,0,V058-1013,LRS,Property Damage Only,"(44.79924730, -72.44762887)"
6335,VTVSP0800,12B200086,01/11/2012,VT-58,Irasburg,NO DATA,58,NO DATA,NO DATA,Lake Region Rd,20,Feet,50,6 - Single Vehicle Crash,North,521241,256190,NO DATA,NO DATA,NO DATA,State System (State Highways and Class I TH links),VT-58,5.71,V058-1011,LRS,Injury,"(44.80544087, -72.23165112)"
6336,VTVSP0800,12B200568,03/01/2012,RT 58,Irasburg,NO DATA,58,NO DATA,NO DATA,Lake Region Road,1,Miles,50,6 - Single Vehicle Crash,West,520268,256043,NO DATA,NO DATA,NO DATA,State System (State Highways and Class I TH links),VT-58,4.97,V058-1011,LRS,Property Damage Only,"(44.80392478, -72.24608300)"
6337,VTVSP0800,12B203063,09/07/2012,VT-58,Irasburg,NO DATA,58,NO DATA,NO DATA,Tree Corners Campground,NO DATA,NO DATA,50,"11 - Left Turn and Thru, Head On ^v--",NO DATA,516140,257298,NO DATA,NO DATA,NO DATA,State System (State Highways and Class I TH links),VT-58,3.18,V058-1011,LRS,Fatal,"(44.81569625, -72.29605377)"
6338,VTVSP0800,12B201989,06/29/2012,VT Rte 58,Irasburg,NO DATA,58,NO DATA,NO DATA,Intersection Houston Road,10,Feet,50,6 - Single Vehicle Crash,East,511354,257805,NO DATA,NO DATA,NO DATA,State System (State Highways and Class I TH links),VT-58,0.07,V058-1011,LRS,Property Damage Only,"(44.82004746, -72.35756846)"
6339,VTVSP0800,12B200570,03/01/2012,VT-58,Barton,NO DATA,NO DATA,58,NO DATA,Nadeau Lane,0,Miles,50,6 - Single Vehicle Crash,East,528138,256131,NO DATA,NO DATA,NO DATA,State System (State Highways and Class I TH links),VT-58,3.36,V058-1002,LRS,Property Damage Only,"(44.80425718, -72.15093731)"
6347,VT0060100,12SA04531,08/29/2012,VT-38 (3649 Lower Newton Road),St. Albans Town,NO DATA,NO DATA,NO DATA,NO DATA,Northwest Correctional Center,NO DATA,Feet,50,6 - Single Vehicle Crash,North,004-50-196E,002-61-594N,NO DATA,NO DATA,NO DATA,State System (State Highways and Class I TH links),VT-38,3.12,V038-0613,LRS,Property Damage Only,"(44.85397702, -73.13334236)"
6348,VT0060100,12SA05178,09/30/2012,2935 Lower Newton Rd,St. Albans Town,NO DATA,38,NO DATA,NO DATA,Bridge #2 RT 38,310,Feet,50,6 - Single Vehicle Crash,West,004-51-016E,002-61-183N,NO DATA,NO DATA,NO DATA,State System (State Highways and Class I TH links),VT-38,2.41,V038-0613,LRS,Property Damage Only,"(44.84941907, -73.12030864)"
6349,VT0060100,12SA02993,06/16/2012,VT-38 (48 Lower Newton Rd),St. Albans Town,NO DATA,38,NO DATA,NO DATA,Sunset Meadows,10,Feet,25,1 - Rear End,West,004-53-576,002-58-037,NO DATA,NO DATA,NO DATA,State System (State Highways and Class I TH links),VT-38,0.28,V038-0613,LRS,Property Damage Only,"(44.82768258, -73.09137804)"
6350,VT0060100,12SA05737,10/30/2012,VT-38 (102 LOWER NEWTON ST),St. Albans City,NO DATA,NO DATA,NO DATA,NO DATA,FINN AVE,500,Feet,25,"16 - Right Turn and Thru, Same Direction Sideswipe/Angle Crash ^^--",West,004-53-411E,002-58-348N,NO DATA,NO DATA,NO DATA,State System (State Highways and Class I TH links),VT-38,0.51,V038-0612,LRS,Property Damage Only,"(44.82386031, -73.08903139)"
6351,VT0060100,12SA03803,07/25/2012,VT-38 (43 L Newton St),St. Albans City,NO DATA,NO DATA,NO DATA,NO DATA,Sticks And Stuff,250,Feet,25,5 - Rear-to-rear,South,004-53-670E,002-57-963N,NO DATA,NO DATA,NO DATA,State System (State Highways and Class I TH links),VT-38,0.2,V038-0612,LRS,Property Damage Only,"(44.82009530, -73.08567107)"
6359,VT0060100,12SA00102,01/08/2012,VT-36 (387 Lake Road),St. Albans Town,NO DATA,NO DATA,NO DATA,NO DATA,Franklin County Sheriffs Department,175,Feet,99,6 - Single Vehicle Crash,North,004-52-061E,002-57-108N,NO DATA,NO DATA,NO DATA,State System (State Highways and Class I TH links),VT-36,2.58,V036-0613,LRS,Property Damage Only,"(44.81185634, -73.10595494)"
6360,VT0060100,12SA04173,08/11/2012,VT-36 (428 Lake Rd),St. Albans Town,NO DATA,NO DATA,NO DATA,NO DATA,St. Albans Town Fire Dept,25,Feet,40,5 - Rear-to-rear,West,004-51-488E,002-57-052N,NO DATA,NO DATA,NO DATA,State System (State Highways and Class I TH links),VT-36,2.23,V036-0613,LRS,Property Damage Only,"(44.81222685, -73.11318386)"
6361,VT0060100,12SA06118,11/19/2012,VT-36 (428 LAKE RD),St. Albans Town,NO DATA,NO DATA,NO DATA,NO DATA,LAKE STREET,100,Feet,35,"19 - Right Turn and Thru, Head On v^--",South,004-51-486E,002-57-022N,NO DATA,NO DATA,NO DATA,State System (State Highways and Class I TH links),VT-36,2.23,V036-0613,LRS,Property Damage Only,"(44.81222685, -73.11318386)"
6362,VT0060100,12SA01369,03/18/2012,VT-36 (460 Lake Rd),St. Albans Town,NO DATA,NO DATA,NO DATA,NO DATA,Maple Ridge Rd,40,Feet,40,2 - Head On,West,004-51-036E,002-56-992N,NO DATA,NO DATA,NO DATA,State System (State Highways and Class I TH links),VT-36,1.95,V036-0613,LRS,Injury,"(44.81151924, -73.11891537)"
6363,VT0060100,12SA03127,06/23/2012,VT-36 (499 Lake Rd),St. Albans Town,NO DATA,36,NO DATA,NO DATA,Kellogg Rd,20,Feet,40,"11 - Left Turn and Thru, Head On ^v--",East,004-50-448E,002-57-049N,NO DATA,NO DATA,NO DATA,State System (State Highways and Class I TH links),VT-36,1.58,V036-0613,LRS,Property Damage Only,"(44.81182548, -73.12628018)"
6371,VT0060100,12SA03645,07/18/2012,VT-36 (60 Lake St),St. Albans City,NO DATA,35,NO DATA,NO DATA,Federal St,NO DATA,NO DATA,25,"10 - Left Turn and Thru, Angle Broadside -->v--",South,004-53-751E,002-57-018N,NO DATA,NO DATA,NO DATA,State System (State Highways and Class I TH links),VT-36,0.77,V036-0612,LRS,Injury,"(44.81088877, -73.08545943)"
6372,VT0060100,12SA03096,06/21/2012,VT-36 Lake Street,St. Albans City,NO DATA,NO DATA,NO DATA,NO DATA,Federal Street,NO DATA,Feet,25,NO DATA,South,004-53-683E,002-56-923N,NO DATA,NO DATA,NO DATA,State System (State Highways and Class I TH links),VT-36,0.76,V036-0612,LRS,Injury,"(44.81089940, -73.08566220)"
6373,VT0060100,12SA06737,12/23/2012,VT-36 Lake St,St. Albans City,NO DATA,NO DATA,NO DATA,NO DATA,Federal St,NO DATA,Feet,25,"10 - Left Turn and Thru, Angle Broadside -->v--",South,004-53-682E,002-56-916N,NO DATA,NO DATA,NO DATA,State System (State Highways and Class I TH links),VT-36,0.76,V036-0612,LRS,Property Damage Only,"(44.81089940, -73.08566220)"
6374,VT0060100,12SA03344,07/03/2012,100 Lake St,St. Albans City,NO DATA,NO DATA,NO DATA,NO DATA,Catherine Street,2,Feet,25,4 - Opp Direction Sideswipe,North,004-53-658E,002-56-895N,NO DATA,NO DATA,NO DATA,State System (State Highways and Class I TH links),VT-36,0.75,V036-0612,LRS,Property Damage Only,"(44.81090884, -73.08586507)"
6375,VT0060100,12SA04522,08/28/2012,VT-36 (100 Lake St),St. Albans City,NO DATA,36,NO DATA,NO DATA,Wendells Furniture,1,Feet,25,"10 - Left Turn and Thru, Angle Broadside -->v--",North,004-53-664E,002-56-870N,NO DATA,NO DATA,NO DATA,State System (State Highways and Class I TH links),VT-36,0.75,V036-0612,LRS,Property Damage Only,"(44.81090884, -73.08586507)"
6383,VT0060100,12SA05247,10/05/2012,VT-36 (211 Lake St),St. Albans City,NO DATA,NO DATA,NO DATA,NO DATA,N/A,1,Feet,25,7 - Other - Explain in Narrative,NO DATA,004-53-254E,002-56-957N,NO DATA,NO DATA,NO DATA,State System (State Highways and Class I TH links),VT-36,0.48,V036-0612,LRS,Property Damage Only,"(44.81114349, -73.09134446)"
6384,VT0060100,12SA01122,03/05/2012,VT-36 (31 Lake St),St. Albans City,NO DATA,NO DATA,NO DATA,NO DATA,N Elm St,5,Feet,25,1 - Rear End,East,004-53-803,002-56-568,NO DATA,NO DATA,NO DATA,State System (State Highways and Class I TH links),VT-36,0.42,V036-0612,LRS,Injury,"(44.81118875, -73.09256265)"
6385,VT0060100,12SA05732,10/30/2012,VT-36 Lake Street,St. Albans City,NO DATA,NO DATA,NO DATA,NO DATA,S. Elm St,NO DATA,NO DATA,25,1 - Rear End,West,004-53-125E,002-56-935N,NO DATA,NO DATA,NO DATA,State System (State Highways and Class I TH links),VT-36,0.42,V036-0612,LRS,Property Damage Only,"(44.81118875, -73.09256265)"
6386,VT0060100,12SA04185,08/12/2012,VT-36 (251 Lake St),St. Albans City,NO DATA,NO DATA,NO DATA,NO DATA,Lake Street,500,Feet,99,6 - Single Vehicle Crash,North,004-53-094E,002-56-984N,NO DATA,NO DATA,NO DATA,State System (State Highways and Class I TH links),VT-36,0.36,V036-0612,LRS,Injury,"(44.81123937, -73.09378183)"
6387,VT0060100,12SA01585,03/31/2012,VT-36 (251 Lake Street),St. Albans City,NO DATA,NO DATA,NO DATA,NO DATA,N Elm Street,NO DATA,Feet,25,"8 - No Turns, Thru moves only, Broadside ^<",North,004-53-200E,002-55-933N,NO DATA,NO DATA,NO DATA,State System (State Highways and Class I TH links),VT-36,0.36,V036-0612,LRS,Property Damage Only,"(44.81123937, -73.09378183)"
6388,VT0060100,12SA00092,01/07/2012,VT-36 Lake Street,St. Albans City,NO DATA,NO DATA,NO DATA,NO DATA,Russell Street,NO DATA,NO DATA,25,7 - Other - Explain in Narrative,NO DATA,004-52-888E,002-56-963N,NO DATA,NO DATA,NO DATA,State System (State Highways and Class I TH links),VT-36,0.27,V036-0612,LRS,Property Damage Only,"(44.81132778, -73.09560949)"
6396,VTVSP1000,12D202021,07/22/2012,Vermont Route 30,Townshend,NO DATA,30,NO DATA,NO DATA,5736 Vermont Route 30,NO DATA,NO DATA,50,6 - Single Vehicle Crash,NO DATA,483315,63817,300,1317,580,State System (State Highways and Class I TH links),VT-30,5.74,V030-1317,LRS,Injury,"(43.07454673, -72.70485358)"
6397,VTVSP1000,12D200136,01/13/2012,Vermont Route 30,Townshend,NO DATA,30,NO DATA,NO DATA,Townshend Dam,500,Feet,50,6 - Single Vehicle Crash,South,483791,61454,300,1317,400,State System (State Highways and Class I TH links),VT-30,3.97,V030-1317,LRS,Property Damage Only,"(43.05294850, -72.69897065)"
6398,VTVSP1000,12D201531,06/04/2012,VT-30 (1412 Vermont Route 30),Townshend,NO DATA,30,NO DATA,NO DATA,Depot Street,20,Feet,35,1 - Rear End,North,486677,59729,300,1317,143,State System (State Highways and Class I TH links),VT-30,1.4,V030-1317,LRS,Property Damage Only,"(43.03762470, -72.66355147)"
6399,VTVSP1000,12D200957,04/05/2012,VT Route 30,Townshend,NO DATA,30,NO DATA,NO DATA,East Hill Road,NO DATA,NO DATA,35,6 - Single Vehicle Crash,NO DATA,486689,59688,300,1317,140,State System (State Highways and Class I TH links),VT-30,1.37,V030-1317,LRS,Injury,"(43.03721374, -72.66340902)"
6400,VTVSP1000,12D202864,10/16/2012,VT RT 30,Townshend,NO DATA,30,NO DATA,NO DATA,Harmonyville Store,0,Miles,35,7 - Other - Explain in Narrative,South,486638,59396,300,1317,126,State System (State Highways and Class I TH links),VT-30,1.29,V030-1317,LRS,Injury,"(43.03609002, -72.66360075)"
6401,VTVSP1100,12D302132,05/29/2012,VT-100 (2520 Vt Rt 100),Rochester,NO DATA,100,NO DATA,NO DATA,Quarry Hill Rd,1,Miles,50,4 - Opp Direction Sideswipe,North,473491,156529,NO DATA,NO DATA,NO DATA,State System (State Highways and Class I TH links),VT-100,8.03,V100-1415,LRS,Injury,"(43.90829041, -72.82990519)"
6409,VT0130300,12WM00379,03/18/2012,Vermont Route 100; North,Wilmington,NO DATA,100,NO DATA,NO DATA,Wilmington/Dover Town Line,100,Feet,50,6 - Single Vehicle Crash,South,004-71-700,000-47-249,NO DATA,NO DATA,NO DATA,State System (State Highways and Class I TH links),VT-100,7.28,V100-1322,LRS,Property Damage Only,"(42.92447334, -72.84643423)"
6410,VT0130300,12WM00131,01/22/2012,Vermont Route 100; North,Wilmington,NO DATA,100,NO DATA,NO DATA,Dover Town Line,0,Miles,50,6 - Single Vehicle Crash,South,004-71-884,000-47-084,1000,1322,736,State System (State Highways and Class I TH links),VT-100,7.2,V100-1322,LRS,Property Damage Only,"(42.92378868, -72.84517681)"
6411,VT0130300,12WM00033,01/05/2012,VT 100 (770 Vermont Route 100; N),Wilmington,NO DATA,100,NO DATA,NO DATA,770 Vermont Route 100; N,150,Feet,50,6 - Single Vehicle Crash,North,004-72-098,000-45-626,NO DATA,NO DATA,NO DATA,State System (State Highways and Class I TH links),VT-100,6.13,V100-1322,LRS,Property Damage Only,"(42.91022677, -72.84186749)"
6412,VT0130300,12WM01281,10/20/2012,Vermont Route 100; N,Wilmington,NO DATA,100,NO DATA,NO DATA,Higley Hill Road,NO DATA,NO DATA,40,4 - Opp Direction Sideswipe,East,004-71-381,000-45-158,NO DATA,NO DATA,NO DATA,State System (State Highways and Class I TH links),VT-100,5.64,V100-1322,LRS,Property Damage Only,"(42.90657402, -72.84976846)"
6413,VT0130300,12WM00302,02/29/2012,VT-100 (661 Vermont Route 100; N),Wilmington,NO DATA,100,NO DATA,NO DATA,River Valley Market,50,Feet,50,6 - Single Vehicle Crash,South,004-71-470,000-45-233,NO DATA,NO DATA,NO DATA,State System (State Highways and Class I TH links),VT-100,5.63,V100-1322,LRS,Property Damage Only,"(42.90646608, -72.84990227)"
6421,VT0130300,12WM00858,07/15/2012,VT-100 (239 VT RT 100 N),Wilmington,NO DATA,100,NO DATA,NO DATA,239 VT RT 100 North,NO DATA,NO DATA,40,6 - Single Vehicle Crash,NO DATA,004-70-187,000-42-506,1000,1322,380,State System (State Highways and Class I TH links),VT-100,3.62,V100-1322,LRS,Injury,"(42.88158931, -72.86475435)"
6422,VT0130300,12WM00428,03/27/2012,Vermont Route 100; N,Wilmington,NO DATA,100,NO DATA,NO DATA,North Star Bowling Alley,100,Feet,40,6 - Single Vehicle Crash,North,004-70-367,000-42-097,100,1322,360,State System (State Highways and Class I TH links),VT-100,3.34,V100-1322,LRS,Property Damage Only,"(42.87787121, -72.86254338)"
6423,VT0130300,12WM01395,11/20/2012,Vermont Route 100; N,Wilmington,NO DATA,100,NO DATA,NO DATA,Stowe Hill Road,0,Miles,40,6 - Single Vehicle Crash,North,004-70-195,000-42-567,NO DATA,NO DATA,NO DATA,State System (State Highways and Class I TH links),VT-100,3.34,V100-1322,LRS,Injury,"(42.87787121, -72.86254338)"
6424,VT0130300,12WM00194,02/05/2012,Vermont Route 100,Wilmington,NO DATA,100,NO DATA,NO DATA,North Star Bowl,12,Feet,40,1 - Rear End,West,004-70-405,000-41-984,NO DATA,NO DATA,NO DATA,State System (State Highways and Class I TH links),VT-100,3.32,V100-1322,LRS,Property Damage Only,"(42.87759165, -72.86243536)"
6425,VT0130300,12WM00407,03/24/2012,VT-100 (2 N Main Street),Wilmington,NO DATA,100,NO DATA,NO DATA,2 N Main Street,NO DATA,NO DATA,25,7 - Other - Explain in Narrative,North,004-69-711,000-41-011,NO DATA,NO DATA,NO DATA,State System (State Highways and Class I TH links),VT-100,2.48,V100-1322,LRS,Property Damage Only,"(42.86849782, -72.87087890)"
6426,VT0130300,12WM01427,11/26/2012,Vermont Route 100; N,Wilmington,NO DATA,100,NO DATA,NO DATA,Vermont Route 9,50,Feet,25,7 - Other - Explain in Narrative,North,004-69-702,000-41-003,NO DATA,NO DATA,NO DATA,State System (State Highways and Class I TH links),VT-100,2.48,V100-1322,LRS,Property Damage Only,"(42.86849782, -72.87087890)"
6434,VTVSP1000,12D202666,09/24/2012,Route 100,Whitingham,NO DATA,100,NO DATA,NO DATA,Wilmington Cross Road,NO DATA,NO DATA,50,"11 - Left Turn and Thru, Head On ^v--",NO DATA,471683,34996,1000,1321,949,State System (State Highways and Class I TH links),VT-100,5.88,V100-1321,LRS,Injury,"(42.78719393, -72.85122409)"
6435,VTVSP1000,12D203277,11/27/2012,VT 100,Whitingham,NO DATA,100,NO DATA,NO DATA,Corse Rd,1000,Feet,50,6 - Single Vehicle Crash,South,469774,32287,1000,1321,480,State System (State Highways and Class I TH links),VT-100,4.9,V100-1321,LRS,Injury,"(42.79023089, -72.86900671)"
6436,VTVSP1000,12D201552,06/06/2012,VT-100 (6178 VT Route 100),Whitingham,NO DATA,100,NO DATA,NO DATA,6178 VT Route 100,NO DATA,NO DATA,40,6 - Single Vehicle Crash,NO DATA,469331,32135,1000,1321,380,State System (State Highways and Class I TH links),VT-100,4.58,V100-1321,LRS,Injury,"(42.78864912, -72.87474810)"
6437,VTVSP1000,12D200303,01/26/2012,VT-100,Whitingham,NO DATA,100,NO DATA,NO DATA,Stimpson Hill Rd,100,Feet,30,4 - Opp Direction Sideswipe,North,468572,32157,NO DATA,NO DATA,NO DATA,State System (State Highways and Class I TH links),VT-100,4.1,V100-1321,LRS,Property Damage Only,"(42.78870384, -72.88382996)"
6438,VTVSP1000,12D200521,02/19/2012,VT-100 (6677 VT Route 100),Whitingham,NO DATA,100,NO DATA,NO DATA,Country Store,20,Feet,30,6 - Single Vehicle Crash,North,468099,32277,1000,1321,380,State System (State Highways and Class I TH links),VT-100,4.08,V100-1321,LRS,Property Damage Only,"(42.78892152, -72.88408381)"
6439,VTVSP1000,12D200223,01/20/2012,6677 VT Route 100,Whitingham,NO DATA,100,NO DATA,NO DATA,Stimpson Hill Road,30,Feet,30,4 - Opp Direction Sideswipe,South,468585,32145,NO DATA,NO DATA,NO DATA,State System (State Highways and Class I TH links),VT-100,4.07,V100-1321,LRS,Property Damage Only,"(42.78903779, -72.88419861)"
6447,VTVSP0400,12D102972,09/12/2012,VT-100,Londonderry,NO DATA,100,NO DATA,NO DATA,Route 11 West,NO DATA,NO DATA,35,"8 - No Turns, Thru moves only, Broadside ^<",NO DATA,474410,81045,NO DATA,NO DATA,NO DATA,State System (State Highways and Class I TH links),VT-100,5.8,V100-1310,LRS,Property Damage Only,"(43.22924555, -72.81476259)"
6448,VTVSP0400,12D102194,07/16/2012,VT-100,Londonderry,NO DATA,100,NO DATA,NO DATA,Hearthstone Lane,NO DATA,NO DATA,35,"12 - Left Turn and Thru, Same Direction Sideswipe/Angle Crash vv--",NO DATA,473798,78322,NO DATA,NO DATA,NO DATA,State System (State Highways and Class I TH links),VT-100,4.02,V100-1310,LRS,Property Damage Only,"(43.20542506, -72.82283482)"
6449,VTVSP0400,12D100431,02/06/2012,VT-100,Londonderry,NO DATA,100,NO DATA,NO DATA,Winhall Hollow Road,NO DATA,NO DATA,30,6 - Single Vehicle Crash,NO DATA,474356,76931,NO DATA,NO DATA,NO DATA,State System (State Highways and Class I TH links),VT-100,2.93,V100-1310,LRS,Property Damage Only,"(43.19195269, -72.81543497)"
6450,VTVSP0400,12D103017,09/16/2012,VT-100 (2317 Route 100),Londonderry,NO DATA,100,NO DATA,NO DATA,Windy Rise Lane,149,Feet,50,6 - Single Vehicle Crash,North,474399,75977,NO DATA,NO DATA,NO DATA,State System (State Highways and Class I TH links),VT-100,2.33,V100-1310,LRS,Injury,"(43.18380304, -72.81466778)"
6451,VTVSP1000,12D200671,03/03/2012,Vt Rt 100,Jamaica,NO DATA,100,NO DATA,NO DATA,Vt Rt 30,1,Miles,50,6 - Single Vehicle Crash,North,472547,73373,1000,1309,280,State System (State Highways and Class I TH links),VT-100,4.1,V100-1309,LRS,Property Damage Only,"(43.15281725, -72.83871900)"
6452,VTVSP1000,12D201331,05/11/2012,Vermont Route 100,Jamaica,NO DATA,100,NO DATA,NO DATA,Coleman Hill Road,100,Feet,20,6 - Single Vehicle Crash,South,472251,72295,1000,1309,400,State System (State Highways and Class I TH links),VT-100,3.87,V100-1309,LRS,Property Damage Only,"(43.15011072, -72.84131147)"
6460,VT0130500,12DV00725,08/28/2012,VT RT 100,Dover,NO DATA,100,NO DATA,NO DATA,"Mount Snow Market Place, South Entrance",NO DATA,NO DATA,40,1 - Rear End,NO DATA,004-71-194E,000-48-896N,NO DATA,NO DATA,NO DATA,State System (State Highways and Class I TH links),VT-100,3.62,V100-1304,LRS,Property Damage Only,"(42.96358507, -72.88606293)"