ID,Reporting Agency,Report Number,Date,Street Address,Town,Number,Number1,Number2,Number3,Intersection,Distance From Intersection,Distance Unit,Posted Speed,Direction of Collision,Direction from Intersection,Easting,Northing,Mile Marker,Mile Marker 1,Mile Marker 2,AOT Roadway,AOT Route,AOT Actual Mile,LRS Number,How Mapped,Crash Type,Location 1
6461,VT0130500,12DV01013,12/26/2012,VT RT 100,Dover,NO DATA,100,NO DATA,NO DATA,South Access Road,NO DATA,NO DATA,50,3 - Same Direction Sideswipe,NO DATA,004-68-583E,000-51-390N,NO DATA,NO DATA,NO DATA,State System (State Highways and Class I TH links),VT-100,3.6,V100-1304,LRS,Injury,"(42.96330769, -72.88595253)"
6462,VT0130500,12DV00933,11/29/2012,VT RT 100,Dover,NO DATA,100,NO DATA,NO DATA,Snow Mountain Market,NO DATA,NO DATA,50,1 - Rear End,NO DATA,004-68-885E,000-50-695N,NO DATA,NO DATA,NO DATA,State System (State Highways and Class I TH links),VT-100,3.03,V100-1304,LRS,Injury,"(42.95576980, -72.88130109)"
6463,VT0130500,12DV00832,10/12/2012,VT RT 100,Dover,NO DATA,NO DATA,NO DATA,NO DATA,Dover Center Complex,NO DATA,NO DATA,50,NO DATA,NO DATA,004-68-929E,000-50-633N,NO DATA,NO DATA,NO DATA,State System (State Highways and Class I TH links),VT-100,3,V100-1304,LRS,Property Damage Only,"(42.95537428, -72.88105218)"
6464,VT0130500,12DV01038,12/29/2012,VT RT 100,Dover,NO DATA,100,NO DATA,NO DATA,Tannery Road,1,Feet,40,1 - Rear End,South,004-69-045E,000-50-387N,NO DATA,NO DATA,NO DATA,State System (State Highways and Class I TH links),VT-100,2.82,V100-1304,LRS,Property Damage Only,"(42.95305337, -72.87943174)"
6465,VT0130500,12DV00654,08/10/2012,VT RT 100,Dover,NO DATA,100,NO DATA,NO DATA,Tannery Road,NO DATA,NO DATA,40,"18 - Right Turn and Thru, Broadside ^<--",NO DATA,004-69-029,000-50-393,NO DATA,NO DATA,NO DATA,State System (State Highways and Class I TH links),VT-100,2.82,V100-1304,LRS,Property Damage Only,"(42.95305337, -72.87943174)"
6473,VTVSP1200,12A305434,12/21/2012,VT-100 (5950 Waterbury Stowe Road),Waterbury,NO DATA,100,NO DATA,NO DATA,Ruby Raymond Road,0,Miles,50,7 - Other - Explain in Narrative,South,481491,-120545,1000,1218,600,State System (State Highways and Class I TH links),VT-100,5.97,V100-1218,LRS,Property Damage Only,"(44.41438015, -72.72144330)"
6474,VTVSP1200,12A304074,09/13/2012,VT-100 Waterbury Stowe RD,Waterbury,NO DATA,100,NO DATA,NO DATA,Beaver Pond Road,852,Feet,50,6 - Single Vehicle Crash,South,482571,211257,1000,1218,500,State System (State Highways and Class I TH links),VT-100,5.04,V100-1218,LRS,Injury,"(44.40162542, -72.71882856)"
6475,VTVSP1200,12A304525,10/19/2012,4940 Vermont Route 100,Waterbury,NO DATA,100,NO DATA,NO DATA,Hunger Mountain Church,NO DATA,NO DATA,50,"18 - Right Turn and Thru, Broadside ^<--",NO DATA,482552,211128,1000,1218,480,State System (State Highways and Class I TH links),VT-100,4.95,V100-1218,LRS,Injury,"(44.40032364, -72.71898059)"
6476,VTVSP1200,12A304816,11/10/2012,VT-100 Waterbury Stowe Road 4182,Waterbury,NO DATA,100,NO DATA,NO DATA,Gregg Hill Road,0,Miles,50,2 - Head On,North,482562,209984,NO DATA,NO DATA,NO DATA,State System (State Highways and Class I TH links),VT-100,4.22,V100-1218,LRS,Injury,"(44.38979963, -72.71874391)"
6477,VTVSP1200,12A300169,01/12/2012,VT-100 Waterbury Stowe RD,Waterbury,NO DATA,100,NO DATA,NO DATA,Sunset Drive,50,Feet,35,1 - Rear End,South,482426,209051,NO DATA,NO DATA,NO DATA,State System (State Highways and Class I TH links),VT-100,3.64,V100-1218,LRS,Property Damage Only,"(44.38165716, -72.72061759)"
6478,VTVSP1200,12A304982,11/21/2012,Vermont Route 100,Waterbury,NO DATA,100,NO DATA,NO DATA,Cold Hollow Cider,200,Feet,35,"10 - Left Turn and Thru, Angle Broadside -->v--",North,482401,209083,1000,1218,334,State System (State Highways and Class I TH links),VT-100,3.61,V100-1218,LRS,Injury,"(44.38122541, -72.72060782)"
6486,VTVSP1200,12A304103,09/15/2012,Vermont Route 100,Waterbury,NO DATA,100,NO DATA,NO DATA,Blush Hill RD,NO DATA,NO DATA,35,1 - Rear End,NO DATA,504401,189321,1000,1218,67,State System (State Highways and Class I TH links),VT-100,0.67,V100-1218,LRS,Property Damage Only,"(44.34478527, -72.74712161)"
6487,VT0120400,12WB00089,01/26/2012,VT-100 Route 110,Waterbury,NO DATA,NO DATA,NO DATA,NO DATA,Blush Hill Road,NO DATA,NO DATA,35,1 - Rear End,South,NO DATA,NO DATA,NO DATA,NO DATA,NO DATA,State System (State Highways and Class I TH links),VT-100,0.67,V100-1218,LRS,Property Damage Only,"(44.34478527, -72.74712161)"
6488,VT0120400,12WB00156,02/23/2012,Route 100,Waterbury,NO DATA,NO DATA,NO DATA,NO DATA,Blush Hill Road,NO DATA,NO DATA,35,1 - Rear End,North,NO DATA,NO DATA,NO DATA,NO DATA,NO DATA,State System (State Highways and Class I TH links),VT-100,0.67,V100-1218,LRS,Property Damage Only,"(44.34478527, -72.74712161)"
6489,VTVSP1200,12A304235,09/26/2012,Vermont Route 100N,Warren,NO DATA,100,NO DATA,NO DATA,114 VT 100,NO DATA,NO DATA,50,"14 - Left Turn and Thru, Broadside v<--",NO DATA,472661,182640,1000,1217,635,State System (State Highways and Class I TH links),VT-100,6.24,V100-1217,LRS,Property Damage Only,"(44.14507108, -72.84108554)"
6490,VTVSP1200,12A302064,05/19/2012,VT-100 (3297 VT Route 100),Warren,NO DATA,100,NO DATA,NO DATA,Hayer Drive,300,Feet,50,6 - Single Vehicle Crash,North,471120,178187,1000,1217,360,State System (State Highways and Class I TH links),VT-100,3.09,V100-1217,LRS,Injury,"(44.10296079, -72.86043648)"
6491,VTVSP1200,12A304391,10/07/2012,VT-100 (3919 VT 100),Warren,NO DATA,100,NO DATA,NO DATA,Residence 3919 VT 100,NO DATA,NO DATA,50,3 - Same Direction Sideswipe,NO DATA,470895,177136,1000,1217,220,State System (State Highways and Class I TH links),VT-100,2.42,V100-1217,LRS,Property Damage Only,"(44.09365366, -72.86336727)"
6499,VTVSP1200,12A303290,07/29/2012,Vermont Route 100S,Waitsfield,NO DATA,100,NO DATA,NO DATA,Center Fayston RD,500,Feet,50,6 - Single Vehicle Crash,North,475921,189773,1000,1216,580,State System (State Highways and Class I TH links),VT-100,5.24,V100-1216,LRS,Injury,"(44.20694532, -72.80341491)"
6500,VTVSP1200,12A303809,08/30/2012,VT-100 Main ST,Waitsfield,100,NO DATA,NO DATA,NO DATA,Tremblay RD,NO DATA,NO DATA,50,1 - Rear End,NO DATA,475340,189429,1000,1216,493,State System (State Highways and Class I TH links),VT-100,4.93,V100-1216,LRS,Injury,"(44.20461985, -72.80854435)"
6501,VTVSP1200,12A302652,06/20/2012,VT-100 (3188 Main ST),Waitsfield,NO DATA,100,NO DATA,NO DATA,Armstrong RD,75,Feet,50,3 - Same Direction Sideswipe,South,475272,189330,1000,1216,493,State System (State Highways and Class I TH links),VT-100,4.85,V100-1216,LRS,Injury,"(44.20370861, -72.80952266)"
6502,VTVSP1200,12A304446,10/11/2012,Main ST VT RT 100,Waitsfield,NO DATA,100,NO DATA,NO DATA,Residence 4492,300,Feet,30,1 - Rear End,South,473907,187682,1000,1216,460,State System (State Highways and Class I TH links),VT-100,3.47,V100-1216,LRS,Property Damage Only,"(44.18893213, -72.82742402)"
6503,VTVSP1200,12A305512,12/26/2012,VT-100 (5119 Main ST),Waitsfield,NO DATA,100,NO DATA,NO DATA,Champlain Farms Gas Station,0,Miles,30,2 - Head On,South,473166,187248,1000,1216,250,State System (State Highways and Class I TH links),VT-100,2.92,V100-1216,LRS,Injury,"(44.18446408, -72.83621674)"
6504,VTVSP1200,12A305584,12/29/2012,Vermont Route 100,Waitsfield,NO DATA,100,NO DATA,NO DATA,Mad River Green,50,Feet,30,1 - Rear End,South,473054,187028,NO DATA,NO DATA,NO DATA,State System (State Highways and Class I TH links),VT-100,2.84,V100-1216,LRS,Property Damage Only,"(44.18364334, -72.83736411)"
6512,VTVSP1200,12A300435,01/26/2012,4232 VT Route 100,Duxbury,NO DATA,100,NO DATA,NO DATA,Crossett Hill,NO DATA,NO DATA,50,"14 - Left Turn and Thru, Broadside v<--",NO DATA,478392,200453,100,1206,420,State System (State Highways and Class I TH links),VT-100,4.21,V100-1206,LRS,Injury,"(44.30474422, -72.77019068)"
6513,VTVSP1200,12A305347,12/16/2012,VT Route 100,Duxbury,NO DATA,100,NO DATA,NO DATA,Crossett Hill Road,10,Feet,50,6 - Single Vehicle Crash,South,478376,200422,1000,1206,420,State System (State Highways and Class I TH links),VT-100,4.17,V100-1206,LRS,Property Damage Only,"(44.30425677, -72.77050447)"
6514,VTVSP1200,12A300784,02/21/2012,VT 100,Duxbury,NO DATA,100,NO DATA,NO DATA,Pine Street,10,Feet,50,2 - Head On,North,477996,199159,1000,1206,380,State System (State Highways and Class I TH links),VT-100,3.32,V100-1206,LRS,Property Damage Only,"(44.29224743, -72.77581404)"
6515,VTVSP1200,12A305085,11/28/2012,VT-100,Duxbury,NO DATA,100,NO DATA,NO DATA,Stevens Brook RD,NO DATA,NO DATA,50,"14 - Left Turn and Thru, Broadside v<--",NO DATA,477965,198981,1000,1206,325,State System (State Highways and Class I TH links),VT-100,3.25,V100-1206,LRS,Property Damage Only,"(44.29123466, -72.77615811)"
6516,VTVSP1200,12A301150,03/13/2012,1667 VT Route 100,Duxbury,NO DATA,100,NO DATA,NO DATA,Turner Hill Road,0,Miles,50,6 - Single Vehicle Crash,South,477280,196392,100,1206,160,State System (State Highways and Class I TH links),VT-100,1.64,V100-1206,LRS,Injury,"(44.26955035, -72.78525455)"
6517,VTVSP1200,12A300640,02/10/2012,VT-100 (804 VT Route 100),Duxbury,NO DATA,100,NO DATA,NO DATA,Sunrise AVE,25,Feet,50,6 - Single Vehicle Crash,South,506255,183598,1000,1206,85,State System (State Highways and Class I TH links),VT-100,0.83,V100-1206,LRS,Injury,"(44.25835098, -72.78816010)"
6525,VTVSP0800,12B200588,03/03/2012,VT-100 (4712),Troy,NO DATA,100,NO DATA,NO DATA,NO DATA,NO DATA,NO DATA,50,6 - Single Vehicle Crash,East,511197,268124,NO DATA,NO DATA,NO DATA,State System (State Highways and Class I TH links),VT-100,2.43,V100-1017,LRS,Property Damage Only,"(44.91205677, -72.36657481)"
6526,VTVSP0800,12B202458,08/01/2012,VT-100,Troy,NO DATA,100,NO DATA,NO DATA,Troy General Store,NO DATA,NO DATA,35,"8 - No Turns, Thru moves only, Broadside ^<",South,507478,267040,NO DATA,NO DATA,NO DATA,State System (State Highways and Class I TH links),VT-100,0.41,V100-1017,LRS,Property Damage Only,"(44.90394226, -72.40505724)"
6527,VTVSP0800,12B203799,11/08/2012,VT RT 100,Troy,NO DATA,100,NO DATA,NO DATA,Troy Country Store,0,Miles,35,"10 - Left Turn and Thru, Angle Broadside -->v--",South,507672,267141,NO DATA,NO DATA,NO DATA,State System (State Highways and Class I TH links),VT-100,0.33,V100-1017,LRS,Injury,"(44.90326950, -72.40634366)"
6528,VTVSP0800,12B203069,09/07/2012,VT-100,Newport Town,NO DATA,100,NO DATA,NO DATA,Buck Rd,5,Feet,50,1 - Rear End,North,516611,268867,NO DATA,NO DATA,NO DATA,State System (State Highways and Class I TH links),VT-100,3.39,V100-1016,LRS,Injury,"(44.91978372, -72.28907102)"
6529,VTVSP0800,12B200263,01/31/2012,1076 VT RT 100,Newport Town,NO DATA,100,NO DATA,NO DATA,RT 14,0,Miles,50,2 - Head On,West,516328,268825,NO DATA,NO DATA,NO DATA,State System (State Highways and Class I TH links),VT-100,2.96,V100-1016,LRS,Property Damage Only,"(44.91985685, -72.29455256)"
6530,VTVSP0800,12B200114,01/13/2012,VT RT 100,Newport Town,100,NO DATA,NO DATA,NO DATA,Cross Road,300,Feet,50,6 - Single Vehicle Crash,North,521200,251846,NO DATA,NO DATA,NO DATA,State System (State Highways and Class I TH links),VT-100,1.63,V100-1016,LRS,Property Damage Only,"(44.91904840, -72.32060337)"
6538,VTVSP0800,12B200168,01/19/2012,VT-100 (8718 Rt 100),Lowell,NO DATA,100,NO DATA,NO DATA,Fiddler's Elbow Road,200,Feet,50,4 - Opp Direction Sideswipe,North,503467,250635,NO DATA,NO DATA,NO DATA,State System (State Highways and Class I TH links),VT-100,1.31,V100-1013,LRS,Property Damage Only,"(44.75690795, -72.45628498)"
6539,VTVSP0800,12B203179,09/16/2012,VT-100,Lowell,NO DATA,100,NO DATA,NO DATA,Wind Towers,NO DATA,NO DATA,50,"10 - Left Turn and Thru, Angle Broadside -->v--",South,503429,250934,NO DATA,NO DATA,NO DATA,State System (State Highways and Class I TH links),VT-100,1.13,V100-1013,LRS,Property Damage Only,"(44.75444795, -72.45695207)"
6540,VT0080200,12ST02113,08/15/2012,Pucker Street,Stowe,NO DATA,100,NO DATA,NO DATA,Randolph Road,20,Feet,50,7 - Other - Explain in Narrative,North,488791,221117,NO DATA,NO DATA,NO DATA,State System (State Highways and Class I TH links),VT-100,6.33,V100-0808,LRS,Injury,"(44.49006177, -72.64113100)"
6541,VT0080200,12ST02415,09/18/2012,VT-100 (2792 Pucker Street),Stowe,NO DATA,100,NO DATA,NO DATA,Richetson's Flats,2,Miles,50,6 - Single Vehicle Crash,South,488359,221032,NO DATA,NO DATA,NO DATA,State System (State Highways and Class I TH links),VT-100,6.15,V100-0808,LRS,Property Damage Only,"(44.48958590, -72.64489403)"
6542,VT0080200,12ST02356,09/12/2012,VT-100 (2657 Pucker Street),Stowe,NO DATA,100,NO DATA,NO DATA,NO DATA,NO DATA,NO DATA,50,1 - Rear End,NO DATA,NO DATA,NO DATA,NO DATA,NO DATA,NO DATA,State System (State Highways and Class I TH links),VT-100,6.03,V100-0808,LRS,Injury,"(44.48930307, -72.64741772)"
6543,VT0080200,12ST02643,10/18/2012,VT-100,Stowe,NO DATA,100,NO DATA,NO DATA,NO DATA,NO DATA,NO DATA,50,6 - Single Vehicle Crash,NO DATA,487952,220873,NO DATA,NO DATA,NO DATA,State System (State Highways and Class I TH links),VT-100,5.81,V100-0808,LRS,Property Damage Only,"(44.48800761, -72.65148986)"
6551,VT0080200,12ST02839,11/11/2012,VT-100 (1295 Pucker Street),Stowe,NO DATA,100,NO DATA,NO DATA,NO DATA,200,Feet,40,6 - Single Vehicle Crash,South,486711,219648,NO DATA,NO DATA,NO DATA,State System (State Highways and Class I TH links),VT-100,4.68,V100-0808,LRS,Property Damage Only,"(44.47694522, -72.66704564)"
6552,VT0080200,12ST02467,09/27/2012,VT-100 (1049 Pucker Street),Stowe,NO DATA,100,NO DATA,NO DATA,NO DATA,NO DATA,NO DATA,40,1 - Rear End,NO DATA,486480,219352,NO DATA,NO DATA,NO DATA,State System (State Highways and Class I TH links),VT-100,4.43,V100-0808,LRS,Injury,"(44.47417711, -72.67004453)"
6553,VT0080200,12ST02368,09/13/2012,VT-100 Maple Street,Stowe,NO DATA,100,NO DATA,NO DATA,West Hill┬á Road,NO DATA,NO DATA,40,1 - Rear End,NO DATA,486204,219020,NO DATA,NO DATA,NO DATA,State System (State Highways and Class I TH links),VT-100,4.17,V100-0808,LRS,Property Damage Only,"(44.47137621, -72.67326705)"
6554,VT0080200,12ST00410,02/11/2012,VT-100 (751 Maple Street),Stowe,NO DATA,100,NO DATA,NO DATA,Shaws Supermarket,1,Feet,40,5 - Rear-to-rear,South,486206,219024,NO DATA,NO DATA,NO DATA,State System (State Highways and Class I TH links),VT-100,4.16,V100-0808,LRS,Property Damage Only,"(44.47129031, -72.67342438)"
6555,VT0080200,12ST00125,01/13/2012,VT 100 (Pucker Street),Stowe,NO DATA,100,NO DATA,NO DATA,West Hill Road,NO DATA,NO DATA,40,NO DATA,NO DATA,486207,219023,NO DATA,NO DATA,NO DATA,State System (State Highways and Class I TH links),VT-100,4.16,V100-0808,LRS,Property Damage Only,"(44.47129031, -72.67342438)"
6556,VT0080200,12ST00517,02/24/2012,VT-100 (473 Maple Street),Stowe,NO DATA,100,NO DATA,NO DATA,Shaws Supermarket,0,Miles,25,7 - Other - Explain in Narrative,South,485878,218768,NO DATA,NO DATA,NO DATA,State System (State Highways and Class I TH links),VT-100,3.8,V100-0808,LRS,Property Damage Only,"(44.46819716, -72.67918344)"
6564,VT0080200,12ST00582,02/29/2012,VT-100 (11 Main Street),Stowe,NO DATA,100,NO DATA,NO DATA,Vt 108,10,Feet,10,2 - Head On,North,485088,218375,NO DATA,NO DATA,NO DATA,State System (State Highways and Class I TH links),VT-100,3.34,V100-0808,LRS,Property Damage Only,"(44.46543647, -72.68714509)"
6565,VT0080200,11ST01162,05/09/2012,VT-100 Main Street,Stowe,NO DATA,NO DATA,NO DATA,NO DATA,Mountain Road,NO DATA,NO DATA,25,NO DATA,NO DATA,NO DATA,NO DATA,NO DATA,NO DATA,NO DATA,State System (State Highways and Class I TH links),VT-100,3.33,V100-0808,LRS,Property Damage Only,"(44.46544394, -72.68735558)"
6566,VT0080200,12ST01082,04/28/2012,Vermont Route 100,Stowe,NO DATA,100,NO DATA,NO DATA,Vermont Route 108,1,Feet,25,"10 - Left Turn and Thru, Angle Broadside -->v--",NO DATA,485086,218372,NO DATA,NO DATA,NO DATA,State System (State Highways and Class I TH links),VT-100,3.33,V100-0808,LRS,Property Damage Only,"(44.46544394, -72.68735558)"
6567,VT0080200,12ST00745,03/20/2012,88 South Main Street,Stowe,NO DATA,NO DATA,NO DATA,NO DATA,NO DATA,NO DATA,NO DATA,25,7 - Other - Explain in Narrative,NO DATA,484927,218327,NO DATA,NO DATA,NO DATA,State System (State Highways and Class I TH links),VT-100,3.23,V100-0808,LRS,Injury,"(44.46504057, -72.68928192)"
6568,VT0080200,12ST01892,07/25/2012,VT-100 (112 S.Main Street),Stowe,NO DATA,100,NO DATA,NO DATA,UPS Store,30,Feet,25,4 - Opp Direction Sideswipe,South,484923,218315,NO DATA,NO DATA,NO DATA,State System (State Highways and Class I TH links),VT-100,3.21,V100-0808,LRS,Property Damage Only,"(44.46483104, -72.68955159)"
6569,VT0080200,12ST01654,06/30/2012,VT-100 (206 S Main St),Stowe,NO DATA,100,NO DATA,NO DATA,NO DATA,NO DATA,NO DATA,25,1 - Rear End,NO DATA,484881,218162,NO DATA,NO DATA,NO DATA,State System (State Highways and Class I TH links),VT-100,3.12,V100-0808,LRS,Property Damage Only,"(44.46357425, -72.68996910)"
6577,VT0080200,12ST00209,01/20/2012,VT 100 911 S. Main Street,Stowe,NO DATA,100,NO DATA,NO DATA,NO DATA,NO DATA,NO DATA,30,1 - Rear End,NO DATA,NO DATA,NO DATA,NO DATA,NO DATA,NO DATA,State System (State Highways and Class I TH links),VT-100,2.41,V100-0808,LRS,Property Damage Only,"(44.45453989, -72.69585788)"
6578,VT0080200,12ST01287,05/24/2012,VT-100 (911 South Main Street),Stowe,NO DATA,100,NO DATA,NO DATA,NO DATA,NO DATA,NO DATA,30,6 - Single Vehicle Crash,NO DATA,NO DATA,NO DATA,NO DATA,NO DATA,NO DATA,State System (State Highways and Class I TH links),VT-100,2.4,V100-0808,LRS,Property Damage Only,"(44.45442422, -72.69597954)"
6579,VT0080200,12ST00741,03/19/2012,VT-100 South Main Street,Stowe,NO DATA,100,NO DATA,NO DATA,Old Farm Rd,NO DATA,NO DATA,30,1 - Rear End,NO DATA,484302,216911,NO DATA,NO DATA,NO DATA,State System (State Highways and Class I TH links),VT-100,2.23,V100-0808,LRS,Injury,"(44.45213088, -72.69713902)"
6580,VT0080200,12ST02977,11/27/2012,VT-100 South Main Street,Stowe,NO DATA,100,NO DATA,NO DATA,Old Farm Road,NO DATA,NO DATA,40,1 - Rear End,NO DATA,484310,216911,NO DATA,NO DATA,NO DATA,State System (State Highways and Class I TH links),VT-100,2.23,V100-0808,LRS,Injury,"(44.45213088, -72.69713902)"
6581,VT0080200,12ST02524,10/05/2012,VT-100 Waterbury Road,Stowe,NO DATA,100,NO DATA,NO DATA,Old Farm Road,NO DATA,NO DATA,40,"14 - Left Turn and Thru, Broadside v<--",NO DATA,484309,216890,NO DATA,NO DATA,NO DATA,State System (State Highways and Class I TH links),VT-100,2.23,V100-0808,LRS,Injury,"(44.45213088, -72.69713902)"
6582,VT0080200,12ST00216,01/21/2012,VT 100 (968 South Main Street),Stowe,NO DATA,100,NO DATA,NO DATA,Old Farm Road,15,Feet,30,6 - Single Vehicle Crash,South,484322,216941,NO DATA,NO DATA,NO DATA,State System (State Highways and Class I TH links),VT-100,2.22,V100-0808,LRS,Property Damage Only,"(44.45199164, -72.69719445)"
6590,VT0080200,12ST00427,02/13/2012,VT-100 (1801 Waterbury Road),Stowe,NO DATA,100,NO DATA,NO DATA,NO DATA,NO DATA,NO DATA,40,6 - Single Vehicle Crash,NO DATA,NO DATA,NO DATA,NO DATA,NO DATA,NO DATA,State System (State Highways and Class I TH links),VT-100,1.51,V100-0808,LRS,Property Damage Only,"(44.44275666, -72.70314699)"
6591,VT0080200,12ST01024,04/21/2012,VT-100 (1801 Waterbury Rd),Stowe,NO DATA,NO DATA,NO DATA,NO DATA,NO DATA,NO DATA,NO DATA,40,6 - Single Vehicle Crash,NO DATA,483853,215866,NO DATA,NO DATA,NO DATA,State System (State Highways and Class I TH links),VT-100,1.51,V100-0808,LRS,Property Damage Only,"(44.44275666, -72.70314699)"
6592,VT0080200,12ST00409,02/11/2012,VT-100 (1900 Waterbury Road),Stowe,NO DATA,NO DATA,NO DATA,NO DATA,NO DATA,NO DATA,NO DATA,40,7 - Other - Explain in Narrative,NO DATA,483606,215726,NO DATA,NO DATA,NO DATA,State System (State Highways and Class I TH links),VT-100,1.39,V100-0808,LRS,Property Damage Only,"(44.44190164, -72.70523779)"
6593,VT0080200,12ST01383,06/06/2012,VT-100 (1900 Waterbury Road),Stowe,NO DATA,100,NO DATA,NO DATA,Gold Brook Road,600,Feet,40,6 - Single Vehicle Crash,South,483711,215797,NO DATA,NO DATA,NO DATA,State System (State Highways and Class I TH links),VT-100,1.39,V100-0808,LRS,Property Damage Only,"(44.44190164, -72.70523779)"
6594,VT0080200,12ST00923,04/10/2012,VT 100 (2305 Waterbury Road),Stowe,NO DATA,NO DATA,NO DATA,NO DATA,Mercier Pond Lane,NO DATA,NO DATA,50,6 - Single Vehicle Crash,NO DATA,484229,216708,NO DATA,NO DATA,NO DATA,State System (State Highways and Class I TH links),VT-100,1.01,V100-0808,LRS,Property Damage Only,"(44.43783562, -72.71021220)"
6602,VT0080100,12MR00273,02/02/2012,VT-100 Brooklyn St.,Morristown,NO DATA,NO DATA,NO DATA,NO DATA,VT-15,NO DATA,NO DATA,40,1 - Rear End,South,NO DATA,NO DATA,NO DATA,NO DATA,NO DATA,State System (State Highways and Class I TH links),VT-100,6.6,V100-0807,LRS,Property Damage Only,"(44.57569459, -72.59251856)"
6603,VT0080100,12MR01981,07/25/2012,VT-100 Brooklyn St.,Morristown,NO DATA,NO DATA,NO DATA,NO DATA,Morrisville Plaza,NO DATA,NO DATA,40,"15 - Left Turns, Opposite Directions, Head On/Angle Crash --^v--",NO DATA,492604,230495,NO DATA,NO DATA,NO DATA,State System (State Highways and Class I TH links),VT-100,6.52,V100-0807,LRS,Property Damage Only,"(44.57466536, -72.59323493)"
6604,VT0080100,12MR02197,08/15/2012,VT-100 Brooklyn St.,Morristown,NO DATA,NO DATA,NO DATA,NO DATA,Morrisville Plaza,NO DATA,NO DATA,40,"10 - Left Turn and Thru, Angle Broadside -->v--",NO DATA,NO DATA,NO DATA,NO DATA,NO DATA,NO DATA,State System (State Highways and Class I TH links),VT-100,6.52,V100-0807,LRS,Injury,"(44.57466536, -72.59323493)"
6605,VT0080100,12MR03011,11/16/2012,VT-100 Brooklyn St.,Morristown,NO DATA,NO DATA,NO DATA,NO DATA,Big Lots/Morrisville Plaza,NO DATA,NO DATA,40,"8 - No Turns, Thru moves only, Broadside ^<",NO DATA,492574,230487,NO DATA,NO DATA,NO DATA,State System (State Highways and Class I TH links),VT-100,6.52,V100-0807,LRS,Property Damage Only,"(44.57466536, -72.59323493)"
6606,VT0080100,12MR01813,07/10/2012,VT-100 Brooklyn St.,Morristown,NO DATA,NO DATA,NO DATA,NO DATA,Vt-15,0,Miles,40,1 - Rear End,South,492622,230592,NO DATA,NO DATA,NO DATA,State System (State Highways and Class I TH links),VT-100,6.4,V100-0807,LRS,Property Damage Only,"(44.57311474, -72.59434727)"
6614,VT0080100,12MR01676,06/28/2012,VT-100 Portland St.,Morristown,NO DATA,NO DATA,NO DATA,NO DATA,Bridge St.,80,Feet,25,3 - Same Direction Sideswipe,South,492176,229194,NO DATA,NO DATA,NO DATA,State System (State Highways and Class I TH links),VT-100,5.64,V100-0807,LRS,Property Damage Only,"(44.56369035, -72.60154095)"
6615,VT0080100,12MR00292,02/06/2012,VT-100 Bridge St.,Morristown,NO DATA,NO DATA,NO DATA,NO DATA,Tomlinson's,NO DATA,NO DATA,25,"10 - Left Turn and Thru, Angle Broadside -->v--",NO DATA,491745,229004,NO DATA,NO DATA,NO DATA,State System (State Highways and Class I TH links),VT-100,5.57,V100-0807,LRS,Property Damage Only,"(44.56361856, -72.60011451)"
6616,VT0080100,12MR02781,10/16/2012,VT-100 (64 Portland St.),Morristown,NO DATA,NO DATA,NO DATA,NO DATA,Power Play Sports,18,Feet,25,"18 - Right Turn and Thru, Broadside ^<--",West,NO DATA,NO DATA,NO DATA,NO DATA,NO DATA,State System (State Highways and Class I TH links),VT-100,5.43,V100-0807,LRS,Property Damage Only,"(44.56271381, -72.59849141)"
6617,VT0080100,12MR02124,08/09/2012,VT-100 (20 Portland St.),Morristown,NO DATA,NO DATA,NO DATA,NO DATA,Windshield World,NO DATA,NO DATA,25,6 - Single Vehicle Crash,NO DATA,492167,229214,NO DATA,NO DATA,NO DATA,State System (State Highways and Class I TH links),VT-100,5.39,V100-0807,LRS,Property Damage Only,"(44.56212990, -72.59847258)"
6618,VT0080100,12MR02608,09/28/2012,VT-100 (16 PORTLAND STREET),Morristown,NO DATA,NO DATA,NO DATA,NO DATA,U.S POST OFFICE,NO DATA,NO DATA,25,7 - Other - Explain in Narrative,NO DATA,492184,229084,NO DATA,NO DATA,NO DATA,State System (State Highways and Class I TH links),VT-100,5.39,V100-0807,LRS,Property Damage Only,"(44.56212990, -72.59847258)"
6626,VT0080100,12MR00070,01/09/2012,VT 100 (Jersey Heights),Morristown,NO DATA,100,NO DATA,NO DATA,Audrey lane,NO DATA,NO DATA,25,1 - Rear End,NO DATA,491614,228657,NO DATA,NO DATA,NO DATA,State System (State Highways and Class I TH links),VT-100,4.88,V100-0807,LRS,Property Damage Only,"(44.55821161, -72.60570305)"
6627,VT0080100,12MR00213,01/27/2012,VT-100 Laporte Rd.,Morristown,NO DATA,NO DATA,NO DATA,NO DATA,Miller Bridge Rd.,100,Feet,40,6 - Single Vehicle Crash,NO DATA,490378,225140,NO DATA,NO DATA,NO DATA,State System (State Highways and Class I TH links),VT-100,4.31,V100-0807,LRS,Property Damage Only,"(44.55379636, -72.61431576)"