ID,Reporting Agency,Report Number,Date,Street Address,Town,Number,Number1,Number2,Number3,Intersection,Distance From Intersection,Distance Unit,Posted Speed,Direction of Collision,Direction from Intersection,Easting,Northing,Mile Marker,Mile Marker 1,Mile Marker 2,AOT Roadway,AOT Route,AOT Actual Mile,LRS Number,How Mapped,Crash Type,Location 1
6628,VT0080100,12MR07578,09/19/2012,VT-100 LaPorte Rd.,Morristown,NO DATA,NO DATA,NO DATA,NO DATA,Oak Ridge Estates,50,Feet,50,1 - Rear End,NO DATA,490855,227902,NO DATA,NO DATA,NO DATA,State System (State Highways and Class I TH links),VT-100,4.16,V100-0807,LRS,Property Damage Only,"(44.55106374, -72.61539915)"
6629,VT0080100,12MR03175,12/08/2012,VT-100,Morristown,NO DATA,100,NO DATA,NO DATA,Cochran Rd.,NO DATA,NO DATA,50,1 - Rear End,NO DATA,NO DATA,NO DATA,NO DATA,NO DATA,NO DATA,State System (State Highways and Class I TH links),VT-100,3.5,V100-0807,LRS,Property Damage Only,"(44.54179207, -72.61794688)"
6630,VT0080100,12MR01475,06/10/2012,VT-100 LAPORTE ROAD,Morristown,NO DATA,100,NO DATA,NO DATA,PLANE VIEW ROAD,100,Feet,50,6 - Single Vehicle Crash,North,490700,225390,NO DATA,NO DATA,NO DATA,State System (State Highways and Class I TH links),VT-100,2.55,V100-0807,LRS,Injury,"(44.52885789, -72.61676594)"
6631,VT0080100,12MR00426,02/25/2012,VT-100 Laporte Road,Morristown,NO DATA,NO DATA,NO DATA,NO DATA,Stanclilff Rd.,0,Miles,50,"10 - Left Turn and Thru, Angle Broadside -->v--",South,490058,223033,NO DATA,NO DATA,NO DATA,State System (State Highways and Class I TH links),VT-100,1.49,V100-0807,LRS,Property Damage Only,"(44.51440846, -72.62269363)"
6639,VT0080000,12LC00008,01/02/2012,VT 100,Hyde Park,NO DATA,100,NO DATA,NO DATA,Grimes Road,200,Feet,99,6 - Single Vehicle Crash,South,490169,236783,NO DATA,NO DATA,NO DATA,State System (State Highways and Class I TH links),VT-100,2.58,V100-0805,LRS,Injury,"(44.63176757, -72.59838953)"
6640,VT0080000,12LC00254,01/31/2012,VT-100 (1855 Vt Rt 100),Hyde Park,NO DATA,100,NO DATA,NO DATA,Manning Road,0,Miles,50,"13 - Left Turns, Same Direction, Rear End v--v--",South,471983,235742,NO DATA,NO DATA,NO DATA,State System (State Highways and Class I TH links),VT-100,1.86,V100-0805,LRS,Property Damage Only,"(44.62154822, -72.60109832)"
6641,VT0080000,12LC03353,11/26/2012,VT-100 (1141 Vt KRt 100),Hyde Park,NO DATA,100,NO DATA,NO DATA,Route 15,1,Miles,50,2 - Head On,North,491441,234685,NO DATA,NO DATA,NO DATA,State System (State Highways and Class I TH links),VT-100,1.15,V100-0805,LRS,Injury,"(44.61231917, -72.60775844)"
6642,VT0080000,12LC00469,02/25/2012,Rt 100,Hyde Park,NO DATA,100,NO DATA,NO DATA,Battle Row Road,0,NO DATA,50,6 - Single Vehicle Crash,North,491354,234330,NO DATA,NO DATA,NO DATA,State System (State Highways and Class I TH links),VT-100,0.32,V100-0805,LRS,Property Damage Only,"(44.60173445, -72.61499566)"
6643,VT0080000,12LC01560,06/08/2012,Vt Rt 100,Hyde Park,NO DATA,100,NO DATA,NO DATA,Battle Row Road,NO DATA,NO DATA,40,1 - Rear End,North,490425,233206,NO DATA,NO DATA,NO DATA,State System (State Highways and Class I TH links),VT-100,0.12,V100-0805,LRS,Injury,"(44.59893663, -72.61557832)"
6644,VT0080000,12LC02390,08/27/2012,VT Rt 100,Hyde Park,NO DATA,100,NO DATA,NO DATA,Vt Rt 15,75,Feet,35,1 - Rear End,South,489052,233442,NO DATA,NO DATA,NO DATA,State System (State Highways and Class I TH links),VT-100,0.01,V100-0805,LRS,Property Damage Only,"(44.59741537, -72.61601619)"
6652,VT0070000,12GIC1972,12/30/2012,VT-78 (246 Rt 78),Alburgh,NO DATA,NO DATA,NO DATA,NO DATA,East Alburg Rd,0,Miles,50,4 - Opp Direction Sideswipe,South,NO DATA,NO DATA,NO DATA,NO DATA,NO DATA,State System (State Highways and Class I TH links),VT-78,2.33,V078-0701,LRS,Property Damage Only,"(44.97130812, -73.23727291)"
6653,VTVSP0700,12A203564,08/08/2012,Vt Route 78,Alburgh,NO DATA,78,NO DATA,NO DATA,Boutah Road,120,Feet,50,6 - Single Vehicle Crash,East,440827,274922,NO DATA,NO DATA,NO DATA,State System (State Highways and Class I TH links),VT-78,1.63,V078-0701,LRS,Injury,"(44.97234532, -73.25121486)"
6654,VTVSP0700,12A205363,11/11/2012,VT-78,Alburgh,NO DATA,78,NO DATA,NO DATA,Boutah Road,NO DATA,NO DATA,50,6 - Single Vehicle Crash,South,440720,274983,NO DATA,NO DATA,NO DATA,State System (State Highways and Class I TH links),VT-78,1.61,V078-0701,LRS,Injury,"(44.97241547, -73.25161301)"
6655,VTVSP0700,12A200603,02/12/2012,VT 78,Alburgh,NO DATA,78,NO DATA,NO DATA,Martell Road,NO DATA,NO DATA,50,6 - Single Vehicle Crash,NO DATA,436891,275467,NO DATA,NO DATA,NO DATA,State System (State Highways and Class I TH links),VT-78,1.15,V078-0701,LRS,Injury,"(44.97100746, -73.26060580)"
6656,VTVSP0700,12A202001,05/16/2012,Vt 78,Alburgh,NO DATA,78,NO DATA,NO DATA,US 2,1,Miles,50,6 - Single Vehicle Crash,East,439483,274638,NO DATA,NO DATA,NO DATA,State System (State Highways and Class I TH links),VT-78,0.81,V078-0701,LRS,Injury,"(44.96909397, -73.26698630)"
6657,VT0070000,12GIC1772,11/14/2012,Vt Route 78,Alburgh,NO DATA,NO DATA,NO DATA,NO DATA,Dump Rd,0,Miles,50,6 - Single Vehicle Crash,West,439013,274097,NO DATA,NO DATA,NO DATA,State System (State Highways and Class I TH links),VT-78,0.34,V078-0701,LRS,Property Damage Only,"(44.96392041, -73.27331398)"
6665,VT0060300,12SW01350,10/21/2012,VT-78 First Street,Swanton,NO DATA,NO DATA,NO DATA,NO DATA,Robin Hood Drive,NO DATA,NO DATA,35,NO DATA,NO DATA,NO DATA,NO DATA,NO DATA,NO DATA,NO DATA,State System (State Highways and Class I TH links),VT-78,7.43,V078-0615,LRS,Property Damage Only,"(44.92146283, -73.11156411)"
6666,VT0060300,12SW00080,01/26/2012,VT-78 First Street,Swanton,NO DATA,NO DATA,NO DATA,NO DATA,Robin Hood Drive,NO DATA,NO DATA,30,1 - Rear End,NO DATA,NO DATA,NO DATA,NO DATA,NO DATA,NO DATA,State System (State Highways and Class I TH links),VT-78,7.43,V078-0615,LRS,Property Damage Only,"(44.92146283, -73.11156411)"
6667,VT0060300,12SW00054,01/20/2012,VT-78 First Street,Swanton,NO DATA,NO DATA,NO DATA,NO DATA,Robin Hood Drive,NO DATA,NO DATA,30,1 - Rear End,NO DATA,NO DATA,NO DATA,NO DATA,NO DATA,NO DATA,State System (State Highways and Class I TH links),VT-78,7.43,V078-0615,LRS,Property Damage Only,"(44.92146283, -73.11156411)"
6668,VT0060300,12SW00087,01/27/2012,VT-78 First Street,Swanton,NO DATA,NO DATA,NO DATA,NO DATA,Brown Avenue,NO DATA,NO DATA,30,"8 - No Turns, Thru moves only, Broadside ^<",NO DATA,NO DATA,NO DATA,NO DATA,NO DATA,NO DATA,State System (State Highways and Class I TH links),VT-78,7.38,V078-0615,LRS,Injury,"(44.92126606, -73.11253552)"
6669,VT0060300,12SW00147,02/14/2012,VT-78 First Street,Swanton,NO DATA,NO DATA,NO DATA,NO DATA,Pine Street,NO DATA,NO DATA,30,1 - Rear End,NO DATA,NO DATA,NO DATA,NO DATA,NO DATA,NO DATA,State System (State Highways and Class I TH links),VT-78,7.22,V078-0615,LRS,Property Damage Only,"(44.92065858, -73.11564006)"
6677,VT0060300,12SW00367,04/13/2012,VT-78 North River,Swanton,NO DATA,NO DATA,NO DATA,NO DATA,Brooklyn Street,NO DATA,NO DATA,30,1 - Rear End,NO DATA,NO DATA,NO DATA,NO DATA,NO DATA,NO DATA,State System (State Highways and Class I TH links),VT-78,6.32,V078-0615,LRS,Property Damage Only,"(44.92427536, -73.12661584)"
6678,VTVSP0700,12A203610,08/10/2012,VT-78 (63 North River Street),Swanton,NO DATA,78,NO DATA,NO DATA,Residence #63,0,Miles,40,6 - Single Vehicle Crash,West,450580,269810,NO DATA,NO DATA,NO DATA,State System (State Highways and Class I TH links),VT-78,6.2,V078-0615,LRS,Injury,"(44.92613924, -73.12612218)"
6679,VTVSP0700,12A200813,02/25/2012,VT-78,Swanton,NO DATA,78,NO DATA,NO DATA,Jonigrin Drive,1,Miles,50,6 - Single Vehicle Crash,NO DATA,450013,270600,NO DATA,NO DATA,NO DATA,State System (State Highways and Class I TH links),VT-78,5.1,V078-0615,LRS,Property Damage Only,"(44.93942149, -73.13896859)"
6680,VTVSP0700,12A202430,06/08/2012,VT-78 (321 North River Street),Swanton,NO DATA,78,NO DATA,NO DATA,Residence #321,NO DATA,NO DATA,50,3 - Same Direction Sideswipe,NO DATA,450244,270387,NO DATA,NO DATA,NO DATA,State System (State Highways and Class I TH links),VT-78,4.6,V078-0615,LRS,Property Damage Only,"(44.94341951, -73.14713942)"
6681,VTVSP0700,12A200299,01/22/2012,VT Route 78,Swanton,NO DATA,78,NO DATA,NO DATA,Louie's Landing,200,Feet,50,6 - Single Vehicle Crash,West,447353,273404,NO DATA,NO DATA,NO DATA,State System (State Highways and Class I TH links),VT-78,3.04,V078-0615,LRS,Injury,"(44.95897057, -73.16755809)"
6682,VTVSP0700,12A204775,10/10/2012,Vt Route 78,Swanton,NO DATA,78,NO DATA,NO DATA,Campbell Bay Road,15,Feet,50,3 - Same Direction Sideswipe,West,446269,274713,NO DATA,NO DATA,NO DATA,State System (State Highways and Class I TH links),VT-78,1.98,V078-0615,LRS,Property Damage Only,"(44.97006520, -73.18116322)"
6690,VTVSP0700,12A201078,03/13/2012,VT Route 105,Swanton,NO DATA,105,NO DATA,NO DATA,Viens Road,100,Feet,50,"8 - No Turns, Thru moves only, Broadside ^<",South,457886,262163,NO DATA,NO DATA,NO DATA,State System (State Highways and Class I TH links),VT-105,1.9,V105-0615,LRS,Injury,"(44.85996482, -73.03246952)"
6691,VT0060300,12SW01600,12/14/2012,VT-105 Sheldon Road,Swanton,NO DATA,NO DATA,NO DATA,NO DATA,Pond Road,500,Feet,50,6 - Single Vehicle Crash,East,457884,262070,NO DATA,NO DATA,NO DATA,State System (State Highways and Class I TH links),VT-105,1.63,V105-0615,LRS,Property Damage Only,"(44.85614710, -73.03346592)"
6692,VTVSP0700,12A202545,06/15/2012,VT-105 (1942 Rt. 105),Swanton,NO DATA,NO DATA,NO DATA,NO DATA,NO DATA,NO DATA,NO DATA,50,6 - Single Vehicle Crash,NO DATA,457025,260156,NO DATA,NO DATA,NO DATA,State System (State Highways and Class I TH links),VT-105,0.4,V105-0615,LRS,Injury,"(44.83986032, -73.04398387)"
6693,VTVSP0700,12A205181,11/01/2012,VT-105 (1904 Sheldon Road),Swanton,NO DATA,105,NO DATA,NO DATA,Vt 105 And Vt 104,500,Feet,50,2 - Head On,NO DATA,456730,259649,NO DATA,NO DATA,NO DATA,State System (State Highways and Class I TH links),VT-105,0.08,V105-0615,LRS,Injury,"(44.83558977, -73.04695571)"
6694,VTVSP0700,12A201264,03/26/2012,VT 105,Sheldon,NO DATA,105,NO DATA,NO DATA,State Park Road,NO DATA,NO DATA,50,"10 - Left Turn and Thru, Angle Broadside -->v--",North,471101,267950,NO DATA,NO DATA,NO DATA,State System (State Highways and Class I TH links),VT-105,8.66,V105-0614,LRS,Injury,"(44.91116812, -72.86694136)"
6695,VTVSP0700,12A201434,04/07/2012,VT 105,Sheldon,NO DATA,105,NO DATA,NO DATA,Vt 120,NO DATA,NO DATA,50,"8 - No Turns, Thru moves only, Broadside ^<",NO DATA,468025,267863,NO DATA,NO DATA,NO DATA,State System (State Highways and Class I TH links),VT-105,6.71,V105-0614,LRS,Property Damage Only,"(44.91033639, -72.90508675)"
6703,VTVSP0700,12A200888,03/01/2012,2454 VT Route 105,Sheldon,NO DATA,105,NO DATA,NO DATA,Mill Street,50,Feet,50,6 - Single Vehicle Crash,East,461850,267332,NO DATA,NO DATA,NO DATA,State System (State Highways and Class I TH links),VT-105,2.45,V105-0614,LRS,Property Damage Only,"(44.90523121, -72.98319564)"
6704,VTVSP0700,12A204921,10/19/2012,Vt 105,Sheldon,NO DATA,105,NO DATA,NO DATA,Mill Street,NO DATA,NO DATA,50,1 - Rear End,East,461690,267357,NO DATA,NO DATA,NO DATA,State System (State Highways and Class I TH links),VT-105,2.35,V105-0614,LRS,Injury,"(44.90521727, -72.98516031)"
6705,VTVSP0700,12A204618,10/01/2012,78 VT Route 105,Sheldon,NO DATA,105,NO DATA,NO DATA,Swanton Town Line,220,Feet,50,6 - Single Vehicle Crash,West,459394,265486,NO DATA,NO DATA,NO DATA,State System (State Highways and Class I TH links),VT-105,0.08,V105-0614,LRS,Property Damage Only,"(44.88552418, -73.01778087)"
6706,VT0060100,12SA01494,03/26/2012,VT-105 (1450 Sheldon Rd),St. Albans Town,NO DATA,105,NO DATA,NO DATA,Route 104,NO DATA,Feet,40,1 - Rear End,South,004-56-188E,002-58-920N,NO DATA,NO DATA,NO DATA,State System (State Highways and Class I TH links),VT-105,1.49,V105-0613,LRS,Property Damage Only,"(44.82966811, -73.05329060)"
6707,VT0060100,12SA04896,09/14/2012,VT-105 (653 Sheldon Road),St. Albans Town,NO DATA,105,NO DATA,NO DATA,Route 104,1,Miles,40,6 - Single Vehicle Crash,West,004-54-991E,002-58-711N,NO DATA,NO DATA,NO DATA,State System (State Highways and Class I TH links),VT-105,0.67,V105-0613,LRS,Injury,"(44.82712550, -73.06898738)"
6708,VT0060100,12SA03862,07/27/2012,VT-105 Sheldon Road,St. Albans Town,NO DATA,NO DATA,NO DATA,NO DATA,RT 7,1,Miles,40,7 - Other - Explain in Narrative,West,004-54-690,002-58-702,NO DATA,NO DATA,NO DATA,State System (State Highways and Class I TH links),VT-105,0.5,V105-0613,LRS,Property Damage Only,"(44.82710362, -73.07238660)"
6716,VTVSP0700,12A201852,05/06/2012,VT-105,Richford,NO DATA,105,NO DATA,NO DATA,Memorial Drive,500,Feet,50,6 - Single Vehicle Crash,West,485140,274970,NO DATA,NO DATA,NO DATA,State System (State Highways and Class I TH links),VT-105,0.24,V105-0611,LRS,Injury,"(44.97466795, -72.68813592)"
6717,VTVSP0700,12A202298,06/01/2012,VT-105 Sampsonville Road,Enosburg,NO DATA,105,NO DATA,NO DATA,Watertower Road,50,Feet,30,1 - Rear End,West,476506,268152,NO DATA,NO DATA,NO DATA,State System (State Highways and Class I TH links),VT-105,1.5,V105-0603,LRS,Property Damage Only,"(44.91319660, -72.79751394)"
6718,VT0060000,12FRC1383,08/12/2012,VT-105 Elm Street,Enosburg,NO DATA,NO DATA,NO DATA,NO DATA,Pleasant St.,1,Feet,25,1 - Rear End,West,476281,268052,NO DATA,NO DATA,NO DATA,State System (State Highways and Class I TH links),VT-105,1.37,V105-0603,LRS,Injury,"(44.91234826, -72.80000102)"
6719,VT0060000,12FRC1307,08/02/2012,VT-105 (107 Elm St),Enosburg,NO DATA,NO DATA,NO DATA,NO DATA,Route 108,500,Feet,25,7 - Other - Explain in Narrative,East,476151,267989,NO DATA,NO DATA,NO DATA,State System (State Highways and Class I TH links),VT-105,1.31,V105-0603,LRS,Injury,"(44.91198261, -72.80109843)"
6720,VTVSP0700,12A200821,02/25/2012,VT 105 (19 Elm Street),Enosburg,NO DATA,105,NO DATA,NO DATA,Vt 108,10,Feet,30,4 - Opp Direction Sideswipe,East,476076,267942,NO DATA,NO DATA,NO DATA,State System (State Highways and Class I TH links),VT-105,1.22,V105-0603,LRS,Property Damage Only,"(44.91141150, -72.80272576)"
6721,VT0060000,12FRC1226,07/19/2012,VT-105 Pearl Street,Enosburg,NO DATA,105,NO DATA,NO DATA,Maplefields,100,Feet,35,"10 - Left Turn and Thru, Angle Broadside -->v--",East,475727,267197,NO DATA,NO DATA,NO DATA,State System (State Highways and Class I TH links),VT-105,0.23,V105-0603,LRS,Injury,"(44.90650201, -72.81551016)"
6729,VTVSP0700,12A200099,01/08/2012,VT-104A Highbridge Road,Georgia,NO DATA,104A,NO DATA,NO DATA,Fishing Access,30,Feet,50,6 - Single Vehicle Crash,West,453480,242639,NO DATA,NO DATA,NO DATA,State System (State Highways and Class I TH links),VT-104A,1.45,V104A0608,LRS,Property Damage Only,"(44.68232537, -73.08666571)"
6730,VTVSP0700,12A204975,10/22/2012,VT-104A,Georgia,NO DATA,104A,NO DATA,NO DATA,US Rt. 7,1,NO DATA,50,7 - Other - Explain in Narrative,East,452266,243651,NO DATA,NO DATA,NO DATA,State System (State Highways and Class I TH links),VT-104A,0.75,V104A0608,LRS,Property Damage Only,"(44.68739247, -73.09700192)"
6731,VTVSP0700,12A205444,11/16/2012,Vt 104A,Georgia,NO DATA,104A,NO DATA,NO DATA,Yankee Park Road,NO DATA,NO DATA,40,"8 - No Turns, Thru moves only, Broadside ^<",North,452481,243520,NO DATA,NO DATA,NO DATA,State System (State Highways and Class I TH links),VT-104A,0.54,V104A0608,LRS,Injury,"(44.68978708, -73.09939805)"
6732,VTVSP0100,12A104232,10/27/2012,VT RT 104,Cambridge,NO DATA,104,NO DATA,NO DATA,1/2 From Fairfax Town Line,1,Miles,50,6 - Single Vehicle Crash,West,NO DATA,NO DATA,1040,802,180,State System (State Highways and Class I TH links),VT-104,1.47,V104-0802,LRS,Injury,"(44.64120615, -72.91608806)"
6733,VT0060100,12SA02907,06/13/2012,VT-104 Fisher Pond Rd,St. Albans Town,NO DATA,NO DATA,NO DATA,NO DATA,French Hill Road,0,Feet,40,1 - Rear End,East,004-55-699E,002-57-529N,NO DATA,NO DATA,NO DATA,State System (State Highways and Class I TH links),VT-104,3.24,V104-0613,LRS,Property Damage Only,"(44.81754186, -73.05963435)"
6741,VT0060100,12SA01079,03/03/2012,VT-104 Fairfax Rd,St. Albans Town,NO DATA,NO DATA,NO DATA,NO DATA,Upper Welden St,300,Feet,40,1 - Rear End,South,004-54-804,002-55-821,NO DATA,NO DATA,NO DATA,State System (State Highways and Class I TH links),VT-104,1.96,V104-0613,LRS,Property Damage Only,"(44.80138712, -73.07067558)"
6742,VT0060100,12SA06260,11/20/2012,Rt 104,St. Albans Town,NO DATA,NO DATA,NO DATA,NO DATA,Grice Brook,1,Feet,40,1 - Rear End,South,004-54-808E,002-55-807N,NO DATA,NO DATA,NO DATA,State System (State Highways and Class I TH links),VT-104,1.93,V104-0613,LRS,Property Damage Only,"(44.80097705, -73.07087323)"
6743,VT0060100,12SA03753,07/23/2012,Route 104,St. Albans Town,NO DATA,104,NO DATA,NO DATA,Gricebrook Rd,15,Feet,40,1 - Rear End,South,004-54-823E,002-55-794N,NO DATA,NO DATA,NO DATA,State System (State Highways and Class I TH links),VT-104,1.93,V104-0613,LRS,Injury,"(44.80097705, -73.07087323)"
6744,VT0060100,12SA03534,07/12/2012,VT RT 104/Access I-89,St. Albans Town,NO DATA,104,NO DATA,NO DATA,VT RT 104,30,Feet,40,1 - Rear End,East,004-54-671E,002-55-271N,NO DATA,NO DATA,NO DATA,State System (State Highways and Class I TH links),VT-104,1.59,V104-0613,LRS,Property Damage Only,"(44.79635454, -73.07320836)"
6745,VT0060100,12SA00687,02/10/2012,VT-104 (277 Fairfax Rd),St. Albans Town,NO DATA,NO DATA,NO DATA,NO DATA,Interstate Access Rd,50,Feet,40,1 - Rear End,North,004-54-642E,002-55-205N,NO DATA,NO DATA,NO DATA,State System (State Highways and Class I TH links),VT-104,1.59,V104-0613,LRS,Property Damage Only,"(44.79635454, -73.07320836)"
6746,VT0060100,12SA04321,08/08/2012,RT 104,St. Albans Town,NO DATA,NO DATA,NO DATA,NO DATA,Access RD,1,Feet,35,1 - Rear End,South,004-54-626E,002-55-248N,NO DATA,NO DATA,NO DATA,State System (State Highways and Class I TH links),VT-104,1.58,V104-0613,LRS,Property Damage Only,"(44.79621724, -73.07327399)"
6753,VT0060000,12FRC0410,03/07/2012,VT-104 (2993 Main Street),Fairfax,NO DATA,104,NO DATA,NO DATA,Benoit Road,20,Feet,50,1 - Rear End,South,453980,252887,NO DATA,NO DATA,NO DATA,State System (State Highways and Class I TH links),VT-104,13.82,V104-0604,LRS,Injury,"(44.76910437, -73.08219202)"
6754,VTVSP0700,12A200655,02/16/2012,2951 Vt. Rt. 104,Fairfax,NO DATA,104,NO DATA,NO DATA,Oakland Station Road,0,Miles,50,"14 - Left Turn and Thru, Broadside v<--",North,453889,251996,NO DATA,NO DATA,NO DATA,State System (State Highways and Class I TH links),VT-104,13.59,V104-0604,LRS,Injury,"(44.76522628, -73.08194516)"
6755,VTVSP0700,12A205549,11/21/2012,VT Route 104,Fairfax,NO DATA,104,NO DATA,NO DATA,Brick Church Road,300,Feet,50,6 - Single Vehicle Crash,North,456057,250454,NO DATA,NO DATA,NO DATA,State System (State Highways and Class I TH links),VT-104,11.94,V104-0604,LRS,Injury,"(44.75282442, -73.05476062)"
6756,VTVSP0700,12A203474,08/03/2012,VT-104 (2339 Vt 104),Fairfax,NO DATA,104,NO DATA,NO DATA,Brick Church Road,1,Miles,50,4 - Opp Direction Sideswipe,South,456362,249409,NO DATA,NO DATA,NO DATA,State System (State Highways and Class I TH links),VT-104,11.03,V104-0604,LRS,Injury,"(44.74010326, -73.04993167)"
6757,VTVSP0700,12A200355,01/26/2012,VT Route 104,Fairfax,NO DATA,104,NO DATA,NO DATA,Kailburn Road,10,Feet,50,6 - Single Vehicle Crash,South,459522,240698,NO DATA,NO DATA,NO DATA,State System (State Highways and Class I TH links),VT-104,10.37,V104-0604,LRS,Property Damage Only,"(44.73087569, -73.04644986)"
6758,VTVSP0700,12A203954,08/28/2012,VT-104 (1785 Vt 104),Fairfax,NO DATA,104,NO DATA,NO DATA,Ridgeview Road,500,Feet,50,1 - Rear End,South,457475,244990,NO DATA,NO DATA,NO DATA,State System (State Highways and Class I TH links),VT-104,8.42,V104-0604,LRS,Injury,"(44.70372752, -73.03669649)"
6766,VTVSP0700,12A204074,09/04/2012,VT-104 (874 Main Street),Fairfax,NO DATA,104,NO DATA,NO DATA,McNeal Road,500,Feet,40,1 - Rear End,South,301743,242328,NO DATA,NO DATA,NO DATA,State System (State Highways and Class I TH links),VT-104,4.13,V104-0604,LRS,Property Damage Only,"(44.65349530, -73.00059205)"
6767,VT0060000,12FRC2019,11/30/2012,VT-104 Main Street,Fairfax,NO DATA,NO DATA,NO DATA,NO DATA,Pigeon Rd,100,Feet,50,6 - Single Vehicle Crash,East,460677,239311,NO DATA,NO DATA,NO DATA,State System (State Highways and Class I TH links),VT-104,3.9,V104-0604,LRS,Property Damage Only,"(44.65296923, -72.99600036)"
6768,VTVSP0700,12A201200,03/22/2012,VT 104 (818 VT Route 104),Fairfax,NO DATA,104,NO DATA,NO DATA,VT Route 128,1,Miles,40,4 - Opp Direction Sideswipe,East,460631,239318,NO DATA,NO DATA,NO DATA,State System (State Highways and Class I TH links),VT-104,3.9,V104-0604,LRS,Injury,"(44.65296923, -72.99600036)"
6769,VTVSP0700,12A203446,08/02/2012,VT-104 Fairfax Dam,Fairfax,NO DATA,NO DATA,NO DATA,NO DATA,Goose Pond / River Road,NO DATA,NO DATA,50,"10 - Left Turn and Thru, Angle Broadside -->v--",North,461194,238959,NO DATA,NO DATA,NO DATA,State System (State Highways and Class I TH links),VT-104,3.48,V104-0604,LRS,Property Damage Only,"(44.64974587, -72.98918207)"
6770,VTVSP0700,12A201189,03/21/2012,VT-104 (716 Main Street),Fairfax,NO DATA,104,NO DATA,NO DATA,Goose Pond Road,NO DATA,NO DATA,50,6 - Single Vehicle Crash,East,461211,238901,1040,604,340,State System (State Highways and Class I TH links),VT-104,3.28,V104-0604,LRS,Property Damage Only,"(44.64708765, -72.98711358)"
6771,VTVSP0700,12A200404,01/30/2012,Vt 104,Fairfax,NO DATA,104,NO DATA,NO DATA,NO DATA,NO DATA,NO DATA,50,1 - Rear End,NO DATA,463313,238941,NO DATA,NO DATA,NO DATA,State System (State Highways and Class I TH links),VT-104,2,V104-0604,LRS,Injury,"(44.64901758, -72.96231931)"
6779,VT0140100,12-LL-00786,08/23/2012,RT. 103,Ludlow,NO DATA,NO DATA,NO DATA,NO DATA,Fox Lane,NO DATA,NO DATA,50,3 - Same Direction Sideswipe,NO DATA,NO DATA,NO DATA,NO DATA,NO DATA,NO DATA,State System (State Highways and Class I TH links),VT-103,3.66,V103-1410,LRS,Property Damage Only,"(43.41455201, -72.70522112)"
6780,VT0140100,12-LL-00689,07/23/2012,Rt. 103,Ludlow,NO DATA,NO DATA,NO DATA,NO DATA,Fox Ln.,NO DATA,NO DATA,50,1 - Rear End,NO DATA,NO DATA,NO DATA,NO DATA,NO DATA,NO DATA,State System (State Highways and Class I TH links),VT-103,3.65,V103-1410,LRS,Property Damage Only,"(43.41441206, -72.70527451)"
6781,VT0140100,12-LL-00022,01/05/2012,VT 103,Ludlow,NO DATA,NO DATA,NO DATA,NO DATA,Locust Rd.,NO DATA,NO DATA,50,6 - Single Vehicle Crash,NO DATA,483367,101583,NO DATA,NO DATA,NO DATA,State System (State Highways and Class I TH links),VT-103,3.64,V103-1410,LRS,Property Damage Only,"(43.41427200, -72.70532713)"
6782,VT0140100,12LL00111,02/02/2012,VT-103 (74 Pond Street),Ludlow,NO DATA,103,NO DATA,NO DATA,74 Pond Street,5,Feet,40,6 - Single Vehicle Crash,North,483162,100332,NO DATA,NO DATA,NO DATA,State System (State Highways and Class I TH links),VT-103,2.89,V103-1410,LRS,Injury,"(43.40359977, -72.70755597)"
6783,VT0140100,12-LL-00995,10/31/2012,VT-103 (215 Main St.),Ludlow,NO DATA,NO DATA,NO DATA,NO DATA,Shaws Plaza,NO DATA,NO DATA,25,1 - Rear End,NO DATA,NO DATA,NO DATA,NO DATA,NO DATA,NO DATA,State System (State Highways and Class I TH links),VT-103,2.3,V103-1410,LRS,Property Damage Only,"(43.39587424, -72.70391075)"
6784,VT0140100,12LL01178,12/29/2012,VT-103 (219 Main Street),Ludlow,NO DATA,NO DATA,NO DATA,NO DATA,Entrance Shaw's Plaza,NO DATA,NO DATA,30,2 - Head On,NO DATA,NO DATA,NO DATA,NO DATA,NO DATA,NO DATA,State System (State Highways and Class I TH links),VT-103,2.27,V103-1410,LRS,Property Damage Only,"(43.39587420, -72.70332366)"
6792,VT0140100,12-LL-01169,12/28/2012,VT-103 (93 Main Street),Ludlow,NO DATA,NO DATA,NO DATA,NO DATA,Gilscoot Ave,NO DATA,NO DATA,25,1 - Rear End,NO DATA,NO DATA,NO DATA,NO DATA,NO DATA,NO DATA,State System (State Highways and Class I TH links),VT-103,1.86,V103-1410,LRS,Property Damage Only,"(43.39675818, -72.69521739)"
6793,VT0140100,12LL00478,05/14/2012,VT-103 (43 Main Street),Ludlow,NO DATA,NO DATA,NO DATA,NO DATA,Entrance To Black River High School,NO DATA,NO DATA,30,2 - Head On,NO DATA,NO DATA,NO DATA,NO DATA,NO DATA,NO DATA,State System (State Highways and Class I TH links),VT-103,1.53,V103-1410,LRS,Injury,"(43.39657451, -72.68863398)"
6794,VT0140100,12LL00798,08/24/2012,VT-103 (9 Main St),Ludlow,NO DATA,NO DATA,NO DATA,NO DATA,Cota And Cota Oil Co.,1,Miles,30,NO DATA,South,NO DATA,NO DATA,NO DATA,NO DATA,NO DATA,State System (State Highways and Class I TH links),VT-103,1.32,V103-1410,LRS,Property Damage Only,"(43.39535797, -72.68467987)"