ID,Reporting Agency,Report Number,Date,Street Address,Town,Number,Number1,Number2,Number3,Intersection,Distance From Intersection,Distance Unit,Posted Speed,Direction of Collision,Direction from Intersection,Easting,Northing,Mile Marker,Mile Marker 1,Mile Marker 2,AOT Roadway,AOT Route,AOT Actual Mile,LRS Number,How Mapped,Crash Type,Location 1
6950,VTVSP1100,12D300195,01/13/2012,VT-107,Royalton,NO DATA,107,NO DATA,NO DATA,I89 Off Ramp And VT 107,10,Feet,50,6 - Single Vehicle Crash,East,493768,147419,NO DATA,NO DATA,NO DATA,State System (State Highways and Class I TH links),VT-107,1.94,V107-1416,LRS,Property Damage Only,"(43.82694201, -72.57754547)"
6951,VTVSP1100,12D300830,02/24/2012,RT 107,Royalton,NO DATA,107,NO DATA,NO DATA,Exit 3,0,Miles,50,6 - Single Vehicle Crash,West,493359,147267,1070,1416,120,State System (State Highways and Class I TH links),VT-107,1.32,V107-1416,LRS,Property Damage Only,"(43.82371396, -72.58899890)"
6960,VT0140500,12WK00882,05/24/2012,VT-106,Woodstock,NO DATA,106,NO DATA,NO DATA,Kelley Way,75,Feet,50,6 - Single Vehicle Crash,South,436085,725160,NO DATA,NO DATA,NO DATA,State System (State Highways and Class I TH links),VT-106,6.18,V106-1424,LRS,Property Damage Only,"(43.60919620, -72.51629023)"
6961,VT0140500,12WK00697,04/26/2012,VT-106 South RD,Woodstock,NO DATA,106,NO DATA,NO DATA,Folden Hill RD,1,Miles,50,6 - Single Vehicle Crash,North,NO DATA,NO DATA,NO DATA,NO DATA,NO DATA,State System (State Highways and Class I TH links),VT-106,4.36,V106-1424,LRS,Property Damage Only,"(43.58371261, -72.51371843)"
6962,VT0140500,12WK00180,01/31/2012,VT 106 (SOUTH ROAD),Woodstock,NO DATA,106,NO DATA,NO DATA,DENSMORE HILL ROAD,300,Feet,50,2 - Head On,North,NO DATA,NO DATA,NO DATA,NO DATA,NO DATA,State System (State Highways and Class I TH links),VT-106,4.24,V106-1424,LRS,Property Damage Only,"(43.58210868, -72.51447042)"
6963,VT0140500,12WK00076,01/14/2012,VT-106 SOUTH ROAD,Woodstock,NO DATA,106,NO DATA,NO DATA,BRYANT ROAD,300,Feet,40,2 - Head On,North,435669,725234,NO DATA,NO DATA,NO DATA,State System (State Highways and Class I TH links),VT-106,3.05,V106-1424,LRS,Property Damage Only,"(43.56711237, -72.52268541)"
6964,VTVSP0400,12D100719,03/03/2012,VT-106,Weathersfield,NO DATA,106,NO DATA,NO DATA,Little Ascutney Road,1,Miles,50,6 - Single Vehicle Crash,North,498353,102250,NO DATA,NO DATA,NO DATA,State System (State Highways and Class I TH links),VT-106,5.82,V106-1420,LRS,Property Damage Only,"(43.42054746, -72.52044915)"
6965,VTVSP0400,12D101591,05/27/2012,VT-106,Weathersfield,NO DATA,106,NO DATA,NO DATA,Quarry Rd,NO DATA,NO DATA,40,3 - Same Direction Sideswipe,NO DATA,498636,96672,NO DATA,NO DATA,NO DATA,State System (State Highways and Class I TH links),VT-106,1.93,V106-1420,LRS,Property Damage Only,"(43.36984808, -72.51705478)"
6973,VT0140200,12SF01438,04/24/2012,Route 106,Springfield,NO DATA,106,NO DATA,NO DATA,Maple,150,Feet,40,1 - Rear End,South,498574,92665,NO DATA,NO DATA,NO DATA,State System (State Highways and Class I TH links),VT-106,2.57,V106-1418,LRS,Property Damage Only,"(43.33491490, -72.51837425)"
6974,VT0140200,12SF00601,02/23/2012,Vermont Route 106,Springfield,NO DATA,106,NO DATA,NO DATA,Irving Gas Station,10,Feet,40,2 - Head On,South,498511,92749,1060,1418,260,State System (State Highways and Class I TH links),VT-106,2.56,V106-1418,LRS,Fatal,"(43.33480055, -72.51825198)"
6975,VT0140200,12SF03202,08/12/2012,VT RT 106,Springfield,NO DATA,106,NO DATA,NO DATA,Mill Road,NO DATA,NO DATA,40,"16 - Right Turn and Thru, Same Direction Sideswipe/Angle Crash ^^--",NO DATA,498624,92533,NO DATA,NO DATA,NO DATA,State System (State Highways and Class I TH links),VT-106,2.42,V106-1418,LRS,Injury,"(43.33303151, -72.51690498)"
6976,VT0140200,12SF04322,10/13/2012,VT┬á RT 106,Springfield,NO DATA,106,NO DATA,NO DATA,Mill Street,0,Feet,40,NO DATA,NO DATA,498627,92540,NO DATA,NO DATA,NO DATA,State System (State Highways and Class I TH links),VT-106,2.42,V106-1418,LRS,Property Damage Only,"(43.33303151, -72.51690498)"
6977,VT0140200,12SF04856,11/18/2012,VT-106River Street,Springfield,NO DATA,106,NO DATA,NO DATA,Piper Road,10,Feet,40,1 - Rear End,South,498692,92353,NO DATA,NO DATA,NO DATA,State System (State Highways and Class I TH links),VT-106,2.32,V106-1418,LRS,Property Damage Only,"(43.33171341, -72.51607595)"
6978,VT0140200,12SF02222,06/16/2012,RT 106,Springfield,NO DATA,NO DATA,NO DATA,NO DATA,Between Reservoir Road And GMC,100,Feet,40,6 - Single Vehicle Crash,West,499040,92026,NO DATA,NO DATA,NO DATA,State System (State Highways and Class I TH links),VT-106,2.02,V106-1418,LRS,Property Damage Only,"(43.32837939, -72.51190474)"
6986,VT0140200,12SF05295,12/24/2012,RT.106,Springfield,NO DATA,NO DATA,NO DATA,NO DATA,Joes Discount Enterance,NO DATA,NO DATA,40,3 - Same Direction Sideswipe,NO DATA,499190,91671,NO DATA,NO DATA,NO DATA,State System (State Highways and Class I TH links),VT-106,1.19,V106-1418,LRS,Property Damage Only,"(43.31806361, -72.50421342)"
6987,VT0140200,12SF03490,08/25/2012,VT-106 (280 RIVER ST),Springfield,NO DATA,106,NO DATA,NO DATA,NO DATA,NO DATA,NO DATA,40,"14 - Left Turn and Thru, Broadside v<--",NO DATA,500231,89889,NO DATA,NO DATA,NO DATA,State System (State Highways and Class I TH links),VT-106,0.59,V106-1418,LRS,Property Damage Only,"(43.31063868, -72.49856247)"
6988,VT0140200,12SF05348,12/29/2012,VT-106 Pete's Pharmacy,Springfield,NO DATA,NO DATA,NO DATA,NO DATA,Route 106,600,Feet,99,7 - Other - Explain in Narrative,East,500290,89751,NO DATA,NO DATA,NO DATA,State System (State Highways and Class I TH links),VT-106,0.42,V106-1418,LRS,Property Damage Only,"(43.30867983, -72.49659333)"
6989,VT0140200,12SF04229,10/08/2012,Route 106,Springfield,NO DATA,106,NO DATA,NO DATA,Dollar General Plaza Parking Lot,NO DATA,NO DATA,40,3 - Same Direction Sideswipe,NO DATA,500263,89849,NO DATA,NO DATA,NO DATA,State System (State Highways and Class I TH links),VT-106,0.26,V106-1418,LRS,Property Damage Only,"(43.30683296, -72.49475101)"
6990,VT0140200,12SF01124,04/02/2012,VT-106 River Street,Springfield,NO DATA,106,NO DATA,NO DATA,Vermont Route 11,1,Feet,40,1 - Rear End,North,NO DATA,NO DATA,NO DATA,NO DATA,NO DATA,State System (State Highways and Class I TH links),VT-106,0.1,V106-1418,LRS,Property Damage Only,"(43.30486572, -72.49318546)"
6991,VT0140200,12SF01570,05/03/2012,VT-106 RIVER STREET,Springfield,1,NO DATA,NO DATA,NO DATA,SPRINGFIELD PHARMACY,2000,Feet,40,1 - Rear End,South,500222,89909,NO DATA,NO DATA,NO DATA,State System (State Highways and Class I TH links),VT-106,0.09,V106-1418,LRS,Injury,"(43.30477480, -72.49303439)"
6999,VTVSP0800,12B201665,06/04/2012,VT-105 (521),Troy,NO DATA,105,NO DATA,NO DATA,River Rd,1,Miles,50,1 - Rear End,East,509593,276860,NO DATA,NO DATA,NO DATA,State System (State Highways and Class I TH links),VT-105,4.06,V105-1017,LRS,Property Damage Only,"(44.99157152, -72.37694548)"
7000,VTVSP0800,12B202524,08/05/2012,VT-105,Troy,NO DATA,105,NO DATA,NO DATA,312 VT Rt 105,NO DATA,NO DATA,50,4 - Opp Direction Sideswipe,NO DATA,506953,275699,NO DATA,NO DATA,NO DATA,State System (State Highways and Class I TH links),VT-105,1.57,V105-1017,LRS,Fatal,"(44.98109615, -72.41178024)"
7001,VTVSP0800,12B200955,04/07/2012,VT-105,Newport Town,NO DATA,105,NO DATA,NO DATA,VT Rt 100,100,Feet,50,6 - Single Vehicle Crash,East,516876,270136,NO DATA,NO DATA,NO DATA,State System (State Highways and Class I TH links),VT-105,4.29,V105-1016,LRS,Injury,"(44.93048757, -72.28725019)"
7002,VTVSP0800,12B201627,05/31/2012,VT RT105,Newport Town,NO DATA,105,NO DATA,NO DATA,Jct VT Rt 100,10,Feet,50,6 - Single Vehicle Crash,East,516767,270029,NO DATA,NO DATA,NO DATA,State System (State Highways and Class I TH links),VT-105,4.27,V105-1016,LRS,Property Damage Only,"(44.93031007, -72.28755135)"
7003,VTVSP0800,12B204401,12/31/2012,3967 VT RT 105,Newport Town,NO DATA,105,NO DATA,NO DATA,3967 VT RT 105,NO DATA,NO DATA,35,6 - Single Vehicle Crash,West,515426,272149,NO DATA,NO DATA,NO DATA,State System (State Highways and Class I TH links),VT-105,2.71,V105-1016,LRS,Property Damage Only,"(44.94908058, -72.30403750)"
7004,VT0100100,12NP00339,02/24/2012,VT-105 Highland Ave,Newport City,NO DATA,NO DATA,NO DATA,NO DATA,Pleasant Street,35,Feet,25,6 - Single Vehicle Crash,West,005-23-067,002-70-676,NO DATA,NO DATA,NO DATA,State System (State Highways and Class I TH links),VT-105,1.38,V105-1015,LRS,Property Damage Only,"(44.93140237, -72.21699613)"
7012,VTVSP0800,12B201269,05/02/2012,VT-105,Derby,NO DATA,105,NO DATA,NO DATA,Hayward Rd,NO DATA,NO DATA,50,"14 - Left Turn and Thru, Broadside v<--",NO DATA,531406,268603,NO DATA,NO DATA,NO DATA,State System (State Highways and Class I TH links),VT-105,3.29,V105-1007,LRS,Property Damage Only,"(44.91655827, -72.10179253)"
7013,VTVSP0800,12B200871,03/30/2012,VT-105,Derby,NO DATA,105,NO DATA,NO DATA,Heritage Dr,100,Feet,50,6 - Single Vehicle Crash,East,530576,269902,NO DATA,NO DATA,NO DATA,State System (State Highways and Class I TH links),VT-105,2.31,V105-1007,LRS,Property Damage Only,"(44.92824695, -72.11212848)"
7014,VTVSP0800,12B200424,02/18/2012,VT Route 105,Derby,NO DATA,105,NO DATA,NO DATA,US Route 5,250,Feet,35,1 - Rear End,East,529160,272756,NO DATA,NO DATA,NO DATA,State System (State Highways and Class I TH links),VT-105,0.05,V105-1007,LRS,Property Damage Only,"(44.95373540, -72.13071011)"
7015,VTVSP0800,12B202866,08/25/2012,Route 105,Coventry,NO DATA,105,NO DATA,NO DATA,Reed Road,NO DATA,NO DATA,35,1 - Rear End,South,519672,270452,NO DATA,NO DATA,NO DATA,State System (State Highways and Class I TH links),VT-105,1.04,V105-1005,LRS,Property Damage Only,"(44.93381382, -72.24957230)"
7016,VTVSP0800,12B201467,05/20/2012,VT 105,Coventry,NO DATA,105,NO DATA,NO DATA,Reed Rd,NO DATA,NO DATA,50,6 - Single Vehicle Crash,East,519663,270436,NO DATA,NO DATA,NO DATA,State System (State Highways and Class I TH links),VT-105,1.04,V105-1005,LRS,Injury,"(44.93381382, -72.24957230)"
7017,VTVSP0800,12B201468,05/20/2012,VT-105,Coventry,NO DATA,105,NO DATA,NO DATA,Reed Rd,10,Feet,50,6 - Single Vehicle Crash,East,519663,270436,NO DATA,NO DATA,NO DATA,State System (State Highways and Class I TH links),VT-105,1.04,V105-1005,LRS,Property Damage Only,"(44.93381382, -72.24957230)"
7025,VTVSP0600,12C203775,12/09/2012,4749 Vt Rt 125,Bridport,NO DATA,125,NO DATA,NO DATA,Market Road West (TH #44),120,Feet,50,6 - Single Vehicle Crash,NO DATA,432047,165994,NO DATA,NO DATA,NO DATA,State System (State Highways and Class I TH links),VT-125,3.46,V125-0102,LRS,Injury,"(43.99102504, -73.34665422)"
7026,VTVSP0600,12C201776,06/21/2012,VT-125 (5856 VT RT 125),Addison,NO DATA,125,NO DATA,NO DATA,Town Line Road,2,Miles,40,6 - Single Vehicle Crash,West,430789,167096,NO DATA,NO DATA,NO DATA,State System (State Highways and Class I TH links),VT-125,1.27,V125-0101,LRS,Property Damage Only,"(44.02674771, -73.39902058)"
7027,VTVSP0400,12D101821,06/15/2012,VT-123,Westminster,NO DATA,123,NO DATA,NO DATA,Railroad Underpass,25,Feet,99,1 - Rear End,East,505019,65017,NO DATA,NO DATA,NO DATA,State System (State Highways and Class I TH links),VT-123,0.06,V123-1320,LRS,Property Damage Only,"(43.08533308, -72.43894246)"
7028,VTVSP0200,12B103935,11/29/2012,Vt Rt 122,Wheelock,NO DATA,122,NO DATA,NO DATA,Sulfur Spring Rd,NO DATA,NO DATA,35,6 - Single Vehicle Crash,South,532695,232131,NO DATA,NO DATA,NO DATA,State System (State Highways and Class I TH links),VT-122,1.37,V122-0317,LRS,Property Damage Only,"(44.58863804, -72.08848999)"
7029,VTVSP0200,12B100108,01/11/2012,881 Vt Rt 122,Wheelock,NO DATA,122,NO DATA,NO DATA,Dexter Crossing Rd,0,Miles,50,1 - Rear End,South,532145,230347,NO DATA,NO DATA,NO DATA,State System (State Highways and Class I TH links),VT-122,0.83,V122-0317,LRS,Property Damage Only,"(44.58492790, -72.07853530)"
7030,VTVSP0200,12B104149,12/17/2012,VT Route 122,Wheelock,NO DATA,122,NO DATA,NO DATA,278 VT Route 122,50,Feet,50,6 - Single Vehicle Crash,South,534016,231294,1220,317,360,State System (State Highways and Class I TH links),VT-122,0.26,V122-0317,LRS,Property Damage Only,"(44.58016302, -72.06865206)"
7038,VTVSP0100,12A103412,09/03/2012,VT RT 118,Eden,NO DATA,118,NO DATA,NO DATA,NO DATA,NO DATA,NO DATA,50,7 - Other - Explain in Narrative,NO DATA,494715,248782,NO DATA,NO DATA,NO DATA,State System (State Highways and Class I TH links),VT-118,2.55,V118-0803,LRS,Injury,"(44.73920049, -72.56685431)"
7039,VTVSP0700,12A201851,05/06/2012,Vt 118 Main Street,Montgomery,118,NO DATA,NO DATA,NO DATA,Mill House Road,NO DATA,NO DATA,35,1 - Rear End,NO DATA,490928,264560,NO DATA,NO DATA,NO DATA,State System (State Highways and Class I TH links),VT-118,6.04,V118-0610,LRS,Property Damage Only,"(44.88106430, -72.61459250)"
7040,VTVSP0700,12A201065,03/12/2012,VT-118,Montgomery,NO DATA,118,NO DATA,NO DATA,Mill House Road,100,NO DATA,30,6 - Single Vehicle Crash,South,490913,264551,NO DATA,NO DATA,NO DATA,State System (State Highways and Class I TH links),VT-118,6.02,V118-0610,LRS,Property Damage Only,"(44.88096223, -72.61420585)"
7041,VTVSP0700,12A202479,06/10/2012,VT-118 (204 Main Street),Montgomery,NO DATA,118,NO DATA,NO DATA,VT Route 242,200,Feet,25,6 - Single Vehicle Crash,West,491379,264210,NO DATA,NO DATA,NO DATA,State System (State Highways and Class I TH links),VT-118,5.83,V118-0610,LRS,Property Damage Only,"(44.87925424, -72.61115833)"
7042,VTVSP0700,12A201230,03/23/2012,VT-118 (1353 South Main Street),Montgomery,NO DATA,118,NO DATA,NO DATA,Residence #1353,NO DATA,NO DATA,50,6 - Single Vehicle Crash,NO DATA,491313,262025,NO DATA,NO DATA,NO DATA,State System (State Highways and Class I TH links),VT-118,4.27,V118-0610,LRS,Property Damage Only,"(44.85825141, -72.60978629)"
7043,VTVSP0700,12A201858,05/06/2012,VT-118 (308 Montgomery Road),Berkshire,NO DATA,118,NO DATA,NO DATA,NO DATA,NO DATA,NO DATA,35,"10 - Left Turn and Thru, Angle Broadside -->v--",NO DATA,483521,270168,NO DATA,NO DATA,NO DATA,State System (State Highways and Class I TH links),VT-118,1.25,V118-0602,LRS,Injury,"(44.93188390, -72.70501550)"
7051,VTVSP0100,12A103096,08/13/2012,VT-117,Jericho,NO DATA,117,NO DATA,NO DATA,Bradley Bow Rd,1,Miles,50,6 - Single Vehicle Crash,South,458579,215407,NO DATA,NO DATA,NO DATA,State System (State Highways and Class I TH links),VT-117,1.71,V117-0409,LRS,Property Damage Only,"(44.45031103, -73.01795976)"
7052,VTVSP0100,12A101534,05/01/2012,VT-117,Jericho,NO DATA,117,NO DATA,NO DATA,Rt 117/Barber Farm Rd,1,Feet,50,1 - Rear End,South,458664,217666,NO DATA,NO DATA,NO DATA,State System (State Highways and Class I TH links),VT-117,1.14,V117-0409,LRS,Property Damage Only,"(44.45789175, -73.01905776)"
7053,VTVSP0100,12A101641,05/09/2012,VT-117,Jericho,NO DATA,117,NO DATA,NO DATA,NO DATA,NO DATA,NO DATA,50,7 - Other - Explain in Narrative,NO DATA,458322,218163,NO DATA,NO DATA,NO DATA,State System (State Highways and Class I TH links),VT-117,0.73,V117-0409,LRS,Property Damage Only,"(44.46251410, -73.02377342)"
7054,VT0040200,12ES06375,10/24/2012,VT-117 RIVER RD,Essex,NO DATA,117,NO DATA,NO DATA,NORTH WILLISTON RD,1,Miles,45,6 - Single Vehicle Crash,North,457834,219070,NO DATA,NO DATA,NO DATA,State System (State Highways and Class I TH links),VT-117,4.3,V117-0406,LRS,Property Damage Only,"(44.47232579, -73.03192579)"
7055,VT0040200,12ES05525,09/12/2012,VT-117 (289 RIVER RD),Essex,NO DATA,NO DATA,NO DATA,NO DATA,NO DATA,NO DATA,NO DATA,50,2 - Head On,NO DATA,456977,219629,NO DATA,NO DATA,NO DATA,State System (State Highways and Class I TH links),VT-117,3.8,V117-0406,LRS,Injury,"(44.47532049, -73.04126173)"
7056,VT0040200,12ES06085,10/09/2012,VT-117 RIVER RD,Essex,NO DATA,117,NO DATA,NO DATA,SANDHILL RD,NO DATA,NO DATA,40,"20 - Right Turn and Thru, Angle Broadside -->^--",NO DATA,456304,220003,NO DATA,NO DATA,NO DATA,State System (State Highways and Class I TH links),VT-117,3.28,V117-0406,LRS,Property Damage Only,"(44.47895378, -73.04932817)"
7064,VT0040200,12ES05835,09/25/2012,VT-117 (23 River Rd),Essex,NO DATA,117,NO DATA,NO DATA,NO DATA,NO DATA,NO DATA,40,1 - Rear End,NO DATA,453214,220527,NO DATA,NO DATA,NO DATA,State System (State Highways and Class I TH links),VT-117,1.28,V117-0406,LRS,Property Damage Only,"(44.48353258, -73.08717324)"
7065,VT0040200,12ES04569,08/06/2012,VT-117 (150 MAPLE ST),Essex,NO DATA,NO DATA,NO DATA,NO DATA,MAPLE ST EXT,NO DATA,NO DATA,25,"8 - No Turns, Thru moves only, Broadside ^<",NO DATA,452655,220599,NO DATA,NO DATA,NO DATA,State System (State Highways and Class I TH links),VT-117,0.89,V117-0406,LRS,Property Damage Only,"(44.48412469, -73.09512827)"
7066,VT0040200,12ES06611,11/05/2012,VT-117 MAPLE ST,Essex,NO DATA,117,NO DATA,NO DATA,IBM ENTRANCE,NO DATA,NO DATA,25,2 - Head On,NO DATA,452648,220604,NO DATA,NO DATA,NO DATA,State System (State Highways and Class I TH links),VT-117,0.88,V117-0406,LRS,Injury,"(44.48417434, -73.09532475)"
7067,VT0040200,12ES00769,02/09/2012,VT 117 (110 Maple St),Essex,NO DATA,117,NO DATA,NO DATA,Rivendell,NO DATA,NO DATA,25,1 - Rear End,NO DATA,452526,220673,NO DATA,NO DATA,NO DATA,State System (State Highways and Class I TH links),VT-117,0.82,V117-0406,LRS,Property Damage Only,"(44.48458661, -73.09643286)"
7068,VT0040200,12ES06696,11/09/2012,VT-117 (104 MAPLE ST),Essex,NO DATA,NO DATA,NO DATA,NO DATA,NO DATA,NO DATA,NO DATA,25,1 - Rear End,NO DATA,452359,220769,NO DATA,NO DATA,NO DATA,State System (State Highways and Class I TH links),VT-117,0.68,V117-0406,LRS,Property Damage Only,"(44.48562262, -73.09896556)"
7069,VT0040200,12ES07199,12/04/2012,VT-117 (104 Maple St),Essex,NO DATA,117,NO DATA,NO DATA,Adl,NO DATA,NO DATA,25,1 - Rear End,NO DATA,452318,220793,NO DATA,NO DATA,NO DATA,State System (State Highways and Class I TH links),VT-117,0.65,V117-0406,LRS,Property Damage Only,"(44.48584839, -73.09950529)"
7077,VT0040200,12ES00594,01/31/2012,VT 117┬á (4 MAPLE ST),Essex,NO DATA,117,NO DATA,NO DATA,NO DATA,NO DATA,NO DATA,25,1 - Rear End,NO DATA,451881,221672,NO DATA,NO DATA,NO DATA,State System (State Highways and Class I TH links),VT-117,0.01,V117-0406,LRS,Property Damage Only,"(44.49047619, -73.11104423)"
7078,VT0040300,12SB005581,05/11/2012,VT-116 Hinesburg Road,South Burlington,NO DATA,NO DATA,NO DATA,NO DATA,Williston Road,30,Feet,35,"11 - Left Turn and Thru, Head On ^v--",North,446591,218644,NO DATA,NO DATA,NO DATA,State System (State Highways and Class I TH links),VT-116,4.24,V116-0414,LRS,Property Damage Only,"(44.46684431, -73.17131779)"
7079,VT0040300,12SB003167,04/26/2012,VT-116 Hinesburg Road,South Burlington,NO DATA,NO DATA,NO DATA,NO DATA,200 Feet South Of Intersection With Williston Road,200,Feet,35,3 - Same Direction Sideswipe,South,446592,218632,NO DATA,NO DATA,NO DATA,State System (State Highways and Class I TH links),VT-116,4.21,V116-0414,LRS,Property Damage Only,"(44.46641429, -73.17124288)"
7080,VT0040300,12SB09930,08/02/2012,VT-116 (26 Hinesburg Road),South Burlington,NO DATA,116,NO DATA,NO DATA,Gracy's Store,220,Feet,35,"8 - No Turns, Thru moves only, Broadside ^<",South,446599,218659,NO DATA,NO DATA,NO DATA,State System (State Highways and Class I TH links),VT-116,4.2,V116-0414,LRS,Property Damage Only,"(44.46627138, -73.17121329)"
7081,VT0040300,12SB007764,06/25/2012,VT-116 (26 Hinesburg Road),South Burlington,NO DATA,NO DATA,NO DATA,NO DATA,Williston Road,25,Feet,35,1 - Rear End,South,446588,218709,NO DATA,NO DATA,NO DATA,State System (State Highways and Class I TH links),VT-116,4.2,V116-0414,LRS,Property Damage Only,"(44.46627138, -73.17121329)"
7082,VT0040300,12SB016720,12/12/2012,VT-116 (39 Hinesburg Road),South Burlington,NO DATA,NO DATA,NO DATA,NO DATA,Williston Road,50,Feet,35,"12 - Left Turn and Thru, Same Direction Sideswipe/Angle Crash vv--",South,446587,218669,NO DATA,NO DATA,NO DATA,State System (State Highways and Class I TH links),VT-116,4.17,V116-0414,LRS,Property Damage Only,"(44.46584266, -73.17112453)"
7083,VT0040300,12SB007603,06/22/2012,VT-116 (41 Hinesburg Road),South Burlington,NO DATA,NO DATA,NO DATA,NO DATA,Price Chopper,50,Feet,35,4 - Opp Direction Sideswipe,North,446578,218632,NO DATA,NO DATA,NO DATA,State System (State Highways and Class I TH links),VT-116,4.17,V116-0414,LRS,Property Damage Only,"(44.46584266, -73.17112453)"
7084,VT0040300,12SB008171,06/30/2012,VT-116 (41 Hinesburg Road),South Burlington,NO DATA,NO DATA,NO DATA,NO DATA,Intersection With Price Chopper Entrance,NO DATA,NO DATA,35,3 - Same Direction Sideswipe,NO DATA,446571,218584,NO DATA,NO DATA,NO DATA,State System (State Highways and Class I TH links),VT-116,4.17,V116-0414,LRS,Property Damage Only,"(44.46584266, -73.17112453)"
7085,VT0040300,12SB005998,05/19/2012,VT-116 Hinesburg Road,South Burlington,NO DATA,NO DATA,NO DATA,NO DATA,Exit From Price Chopper,300,Feet,35,"8 - No Turns, Thru moves only, Broadside ^<",South,446589,218644,NO DATA,NO DATA,NO DATA,State System (State Highways and Class I TH links),VT-116,4.13,V116-0414,LRS,Property Damage Only,"(44.46527104, -73.17100619)"
7086,VT0040300,12SB017237,12/22/2012,VT-116 Hinesburg Rd,South Burlington,NO DATA,116,NO DATA,NO DATA,Gracie's Plaza,10,Feet,35,2 - Head On,South,NO DATA,NO DATA,NO DATA,NO DATA,NO DATA,State System (State Highways and Class I TH links),VT-116,4.1,V116-0414,LRS,Property Damage Only,"(44.46484188, -73.17092167)"
7087,VT0040300,12SB017575,12/29/2012,VT-116 Hinesburg Road,South Burlington,NO DATA,NO DATA,NO DATA,NO DATA,Iby Street,0,Miles,35,4 - Opp Direction Sideswipe,North,446649,218217,NO DATA,NO DATA,NO DATA,State System (State Highways and Class I TH links),VT-116,4.05,V116-0414,LRS,Property Damage Only,"(44.46412576, -73.17078959)"
7088,VT0040300,12SB006207,05/23/2012,VT-116 Hinesburg Road,South Burlington,NO DATA,NO DATA,NO DATA,NO DATA,Market Street,2,Feet,35,"10 - Left Turn and Thru, Angle Broadside -->v--",North,NO DATA,NO DATA,NO DATA,NO DATA,NO DATA,State System (State Highways and Class I TH links),VT-116,4.01,V116-0414,LRS,Property Damage Only,"(44.46355302, -73.17068236)"
7089,VT0040300,12SB009302,07/21/2012,VT-116Hinesburg Road,South Burlington,NO DATA,NO DATA,NO DATA,NO DATA,Prouty Parkway,10,Feet,35,1 - Rear End,South,446705,217760,NO DATA,NO DATA,NO DATA,State System (State Highways and Class I TH links),VT-116,3.63,V116-0414,LRS,Property Damage Only,"(44.45811313, -73.16965293)"
7090,VT0040300,12SB017644,12/31/2012,VT-116 (400 Hinesburg Rd),South Burlington,NO DATA,116,NO DATA,NO DATA,Deane St,5000,Feet,35,3 - Same Direction Sideswipe,North,NO DATA,NO DATA,NO DATA,NO DATA,NO DATA,State System (State Highways and Class I TH links),VT-116,3.55,V116-0414,LRS,Property Damage Only,"(44.45697667, -73.16940453)"
7091,VT0040300,12SB007630,06/22/2012,VT-116 Hinesburg Road,South Burlington,NO DATA,NO DATA,NO DATA,NO DATA,Deane Street,NO DATA,NO DATA,35,1 - Rear End,NO DATA,446709,217705,NO DATA,NO DATA,NO DATA,State System (State Highways and Class I TH links),VT-116,3.54,V116-0414,LRS,Property Damage Only,"(44.45685041, -73.16930745)"
7092,VT0040300,12SB05672,05/13/2012,VT-116 (550 HInesburg Road),South Burlington,NO DATA,NO DATA,NO DATA,NO DATA,NO DATA,NO DATA,NO DATA,35,7 - Other - Explain in Narrative,NO DATA,447031,217387,NO DATA,NO DATA,NO DATA,State System (State Highways and Class I TH links),VT-116,3.37,V116-0414,LRS,Property Damage Only,"(44.45533872, -73.16661666)"
7100,VT0040300,12SB009394,07/23/2012,VT-116 Hinesburg Road,South Burlington,NO DATA,NO DATA,NO DATA,NO DATA,Old Farm Road,5,Feet,35,3 - Same Direction Sideswipe,North,447657,216838,NO DATA,NO DATA,NO DATA,State System (State Highways and Class I TH links),VT-116,2.79,V116-0414,LRS,Property Damage Only,"(44.44995732, -73.15766177)"
7101,VT0040300,12SB015590,11/19/2012,VT-116 Hinesburg Road,South Burlington,NO DATA,NO DATA,NO DATA,NO DATA,Old Farm Road,25,Feet,30,"10 - Left Turn and Thru, Angle Broadside -->v--",West,447659,216841,NO DATA,NO DATA,NO DATA,State System (State Highways and Class I TH links),VT-116,2.79,V116-0414,LRS,Property Damage Only,"(44.44995732, -73.15766177)"
7102,VT0040300,12SB002294,03/26/2012,VT 116 (835 Hinesburg Road),South Burlington,NO DATA,116,NO DATA,NO DATA,Tilley Drive,1000,Feet,35,1 - Rear End,South,447588,216380,NO DATA,NO DATA,NO DATA,State System (State Highways and Class I TH links),VT-116,2.5,V116-0414,LRS,Property Damage Only,"(44.44580523, -73.15831994)"