ID,Reporting Agency,Report Number,Date,Street Address,Town,Number,Number1,Number2,Number3,Intersection,Distance From Intersection,Distance Unit,Posted Speed,Direction of Collision,Direction from Intersection,Easting,Northing,Mile Marker,Mile Marker 1,Mile Marker 2,AOT Roadway,AOT Route,AOT Actual Mile,LRS Number,How Mapped,Crash Type,Location 1
7103,VT0040300,12SB015676,11/21/2012,VT-116 Hinesburg Road,South Burlington,NO DATA,116,NO DATA,NO DATA,Kennedy Drive,50,Feet,35,1 - Rear End,North,447023,217380,NO DATA,NO DATA,NO DATA,State System (State Highways and Class I TH links),VT-116,2.27,V116-0414,LRS,Property Damage Only,"(44.44249889, -73.15805800)"
7104,VT0040300,12SB009837,08/01/2012,VT-116 (1100 Hinesburg Road),South Burlington,NO DATA,116,NO DATA,NO DATA,Vermont Eye Laser,NO DATA,Feet,40,"10 - Left Turn and Thru, Angle Broadside -->v--",NO DATA,447647,215719,NO DATA,NO DATA,NO DATA,State System (State Highways and Class I TH links),VT-116,2.1,V116-0414,LRS,Injury,"(44.44005763, -73.15766116)"
7112,VT0040700,12SH00923,04/23/2012,Vermont Route 116,Shelburne,NO DATA,116,NO DATA,NO DATA,Pond Road,NO DATA,NO DATA,50,1 - Rear End,NO DATA,449289,208863,NO DATA,NO DATA,NO DATA,State System (State Highways and Class I TH links),VT-116,0.03,V116-0413,LRS,Injury,"(44.37993353, -73.13720214)"
7113,VTVSP0100,12A102384,06/29/2012,Route 116,St. George,NO DATA,116,NO DATA,NO DATA,5471 Route 116,50,Feet,50,4 - Opp Direction Sideswipe,South,448997,211140,NO DATA,NO DATA,NO DATA,State System (State Highways and Class I TH links),VT-116,1.47,V116-0412,LRS,Injury,"(44.39904347, -73.13981423)"
7114,VT0040700,12SH03132,12/23/2012,RT 116,St. George,NO DATA,NO DATA,NO DATA,NO DATA,Pond RD,100,Feet,50,NO DATA,South,449309,208787,NO DATA,NO DATA,NO DATA,State System (State Highways and Class I TH links),VT-116,1.04,V116-0412,LRS,Property Damage Only,"(44.37805096, -73.13620312)"
7115,VTVSP0100,12A105148,12/29/2012,VT-116,St. George,NO DATA,116,NO DATA,NO DATA,Vt Rt 2A,NO DATA,NO DATA,50,1 - Rear End,NO DATA,449897,207930,1160,412,32,State System (State Highways and Class I TH links),VT-116,0.3,V116-0412,LRS,Injury,"(44.36946141, -73.12808909)"
7116,VTVSP0100,12A102019,06/04/2012,VT-116,St. George,NO DATA,116,NO DATA,NO DATA,Rte 2A,1,Feet,40,"8 - No Turns, Thru moves only, Broadside ^<",East,449930,207943,NO DATA,NO DATA,NO DATA,State System (State Highways and Class I TH links),VT-116,0.3,V116-0412,LRS,Property Damage Only,"(44.36946141, -73.12808909)"
7117,VTVSP0100,12A103676,09/19/2012,VT-116 (7814 Vt Route 116),St. George,NO DATA,116,NO DATA,NO DATA,Route 2A,0,Miles,50,1 - Rear End,South,450086,207522,NO DATA,NO DATA,NO DATA,State System (State Highways and Class I TH links),VT-116,0.06,V116-0412,LRS,Property Damage Only,"(44.36636583, -73.12604799)"
7125,VT0041200,12HB01079,10/01/2012,Vt Rt 116,Hinesburg,NO DATA,NO DATA,NO DATA,NO DATA,Mechanisville Rd,200,Feet,30,1 - Rear End,North,451220,202700,NO DATA,NO DATA,NO DATA,State System (State Highways and Class I TH links),VT-116,5.5,V116-0407,LRS,Property Damage Only,"(44.34161865, -73.11683114)"
7126,VT0041200,12HB01208,11/08/2012,Vt Rt 116,Hinesburg,NO DATA,NO DATA,NO DATA,NO DATA,Shelburne Falls Rd,150,Feet,40,1 - Rear End,North,454796,189265,NO DATA,NO DATA,NO DATA,State System (State Highways and Class I TH links),VT-116,5.49,V116-0407,LRS,Property Damage Only,"(44.34149446, -73.11672541)"
7127,VT0041200,12HB01195,11/06/2012,Vt Rt 116,Hinesburg,NO DATA,NO DATA,NO DATA,NO DATA,CVU Rd,150,Feet,40,1 - Rear End,North,454785,189290,NO DATA,NO DATA,NO DATA,State System (State Highways and Class I TH links),VT-116,5.49,V116-0407,LRS,Property Damage Only,"(44.34149446, -73.11672541)"
7128,VT0041200,12HB01240,11/15/2012,Vt Rt 116,Hinesburg,NO DATA,NO DATA,NO DATA,NO DATA,CVU Rd,100,Feet,40,1 - Rear End,North,454785,189290,NO DATA,NO DATA,NO DATA,State System (State Highways and Class I TH links),VT-116,5.48,V116-0407,LRS,Property Damage Only,"(44.34137028, -73.11661969)"
7129,VT0041200,12HB01355,12/16/2012,Vt Rt 116,Hinesburg,NO DATA,NO DATA,NO DATA,NO DATA,CVU Rd,NO DATA,NO DATA,40,1 - Rear End,NO DATA,450837,204734,NO DATA,NO DATA,NO DATA,State System (State Highways and Class I TH links),VT-116,5.46,V116-0407,LRS,Property Damage Only,"(44.34112192, -73.11640824)"
7130,VT0041200,12HB01247,11/16/2012,Vt Rt 116,Hinesburg,NO DATA,NO DATA,NO DATA,NO DATA,CVU Rd,NO DATA,NO DATA,40,1 - Rear End,NO DATA,456837,189315,NO DATA,NO DATA,NO DATA,State System (State Highways and Class I TH links),VT-116,5.46,V116-0407,LRS,Property Damage Only,"(44.34112192, -73.11640824)"
7138,VT0041200,12HB00675,06/26/2012,VT-116 (10580 Vt Rt 116),Hinesburg,NO DATA,NO DATA,NO DATA,NO DATA,Charlotte Rd,439,Feet,30,1 - Rear End,North,454918,188441,NO DATA,NO DATA,NO DATA,State System (State Highways and Class I TH links),VT-116,4.64,V116-0407,LRS,Property Damage Only,"(44.33012158, -73.11045490)"
7139,VT0041200,12HB01296,11/29/2012,Vt Rt 116,Hinesburg,NO DATA,NO DATA,NO DATA,NO DATA,Silver St,150,Feet,30,1 - Rear End,North,454939,188313,NO DATA,NO DATA,NO DATA,State System (State Highways and Class I TH links),VT-116,4.46,V116-0407,LRS,Property Damage Only,"(44.32741678, -73.11011440)"
7140,VT0041200,12HB00624,06/14/2012,VT-116 (10997 Vt Rt 116),Hinesburg,NO DATA,NO DATA,NO DATA,NO DATA,Lyman Meadows,100,Feet,30,1 - Rear End,East,455067,188316,NO DATA,NO DATA,NO DATA,State System (State Highways and Class I TH links),VT-116,4.23,V116-0407,LRS,Property Damage Only,"(44.32685202, -73.10640991)"
7141,VT0041200,12HB01211,11/08/2012,Vt Rt 116,Hinesburg,NO DATA,NO DATA,NO DATA,NO DATA,Lavigne Hilll Rd,670,Feet,50,"16 - Right Turn and Thru, Same Direction Sideswipe/Angle Crash ^^--",North,455672,188042,NO DATA,NO DATA,NO DATA,State System (State Highways and Class I TH links),VT-116,3.46,V116-0407,LRS,Property Damage Only,"(44.32014427, -73.09566909)"
7142,VT0041200,12HB00971,09/03/2012,Vt Rt 116,Hinesburg,NO DATA,NO DATA,NO DATA,NO DATA,North Rd,200,Feet,50,6 - Single Vehicle Crash,North,456499,187335,NO DATA,NO DATA,NO DATA,State System (State Highways and Class I TH links),VT-116,2.33,V116-0407,LRS,Injury,"(44.31317641, -73.07668351)"
7143,VT0041200,12HB00148,02/06/2012,Vt Rt 116,Hinesburg,NO DATA,NO DATA,NO DATA,NO DATA,North Rd,NO DATA,NO DATA,50,1 - Rear End,NO DATA,454004,201578,NO DATA,NO DATA,NO DATA,State System (State Highways and Class I TH links),VT-116,2.29,V116-0407,LRS,Property Damage Only,"(44.31258007, -73.07614884)"
7151,VTVSP0600,12C203331,10/26/2012,VT-116 (2832 Route 116),Starksboro,NO DATA,116,NO DATA,NO DATA,2832 Route 116,NO DATA,NO DATA,35,4 - Opp Direction Sideswipe,NO DATA,455588,191063,NO DATA,NO DATA,NO DATA,State System (State Highways and Class I TH links),VT-116,2.82,V116-0119,LRS,Property Damage Only,"(44.22528221, -73.05696888)"
7152,VTVSP0600,12C200974,04/13/2012,VT RT 116,Starksboro,NO DATA,116,NO DATA,NO DATA,Tatro Road TH#25,20,Feet,50,3 - Same Direction Sideswipe,South,455634,190710,116,119,349,State System (State Highways and Class I TH links),VT-116,2.11,V116-0119,LRS,Property Damage Only,"(44.21522545, -73.05517834)"
7153,VTVSP0600,12C200182,01/21/2012,VT-116,Starksboro,NO DATA,116,NO DATA,NO DATA,Th 27,1,Miles,50,3 - Same Direction Sideswipe,North,455579,187950,1160,119,34,State System (State Highways and Class I TH links),VT-116,1.14,V116-0119,LRS,Property Damage Only,"(44.20152840, -73.05064580)"
7154,VT0010200,12-169-AC,10/08/2012,VT-116 Case St.,Middlebury,NO DATA,116,NO DATA,NO DATA,Cobble Rd.,0,Miles,50,NO DATA,NO DATA,NO DATA,NO DATA,NO DATA,NO DATA,NO DATA,State System (State Highways and Class I TH links),VT-116,6.34,V116-0111,LRS,Property Damage Only,"(44.05104254, -73.09288789)"
7155,VT0010200,12-210-AC,12/20/2012,VT-116┬á (5118 Case St.),Middlebury,NO DATA,NO DATA,NO DATA,NO DATA,NO DATA,NO DATA,NO DATA,50,NO DATA,NO DATA,NO DATA,NO DATA,NO DATA,NO DATA,NO DATA,State System (State Highways and Class I TH links),VT-116,5.71,V116-0111,LRS,Property Damage Only,"(44.04225691, -73.09057864)"
7156,VT0010200,12-171-AC,10/12/2012,VT-116┬á┬á CASE ST,Middlebury,NO DATA,NO DATA,NO DATA,NO DATA,LINDALE CIR,50,Feet,50,NO DATA,North,NO DATA,NO DATA,NO DATA,NO DATA,NO DATA,State System (State Highways and Class I TH links),VT-116,4.42,V116-0111,LRS,Injury,"(44.02568436, -73.10051665)"
7164,VT0010100,12BR00143,02/17/2012,VT-116 (3 West St.),Bristol,NO DATA,NO DATA,NO DATA,NO DATA,Adjacent Fuel Dumps Champlain Farms,100,Feet,30,1 - Rear End,East,453646,181618,NO DATA,NO DATA,NO DATA,State System (State Highways and Class I TH links),VT-116,6.6,V116-0103,LRS,Property Damage Only,"(44.13331939, -73.07925074)"
7165,VTVSP0600,12C200624,03/12/2012,132 VT RT 116,Bristol,NO DATA,116,NO DATA,NO DATA,Lovers Lane TH22,0,Miles,40,"8 - No Turns, Thru moves only, Broadside ^<",East,452798,181371,NO DATA,NO DATA,NO DATA,State System (State Highways and Class I TH links),VT-116,5.88,V116-0103,LRS,Property Damage Only,"(44.13060725, -73.08984937)"
7166,VTVSP0600,12C200351,02/12/2012,VT-116 (81 Stony Hill Rd),Bristol,NO DATA,116,NO DATA,NO DATA,Lovers Lane (TH #22),0,Miles,40,6 - Single Vehicle Crash,East,452779,181324,1160,103,580,State System (State Highways and Class I TH links),VT-116,5.78,V116-0103,LRS,Property Damage Only,"(44.13003618, -73.09158710)"
7167,VTVSP0600,12C201317,05/14/2012,VT-116/Vt Rt 17,Bristol,NO DATA,17,NO DATA,NO DATA,Lovers Lane TH#22,NO DATA,NO DATA,40,"14 - Left Turn and Thru, Broadside v<--",East,452526,181249,1160,103,560,State System (State Highways and Class I TH links),VT-116,5.68,V116-0103,LRS,Property Damage Only,"(44.12999814, -73.09357321)"
7168,VTVSP0600,12C203301,10/23/2012,VT Rt 116,Bristol,NO DATA,116,NO DATA,NO DATA,Vt Rt 17,15,Feet,40,"8 - No Turns, Thru moves only, Broadside ^<",West,452193,181216,NO DATA,NO DATA,NO DATA,State System (State Highways and Class I TH links),VT-116,5.48,V116-0103,LRS,Injury,"(44.12939250, -73.09737474)"
7169,VTVSP0600,12C200848,04/02/2012,VT-116 (275 116 S),Bristol,NO DATA,116,NO DATA,NO DATA,VT RT 17,0,Miles,50,"8 - No Turns, Thru moves only, Broadside ^<",South,452200,180727,1160,103,520,State System (State Highways and Class I TH links),VT-116,5.21,V116-0103,LRS,Property Damage Only,"(44.12549416, -73.09744976)"
7177,VTVSP0800,12B203809,11/09/2012,VT-114,Brighton,NO DATA,114,NO DATA,NO DATA,Newark Rd,NO DATA,NO DATA,50,6 - Single Vehicle Crash,South,547135,252648,NO DATA,NO DATA,NO DATA,State System (State Highways and Class I TH links),VT-114,3.7,V114-0504,LRS,Property Damage Only,"(44.78700487, -71.91126884)"
7178,VTVSP0800,12B200190,01/21/2012,VT-114,Brighton,NO DATA,114,NO DATA,NO DATA,Hancock,1,Miles,50,2 - Head On,North,547810,251251,NO DATA,NO DATA,NO DATA,State System (State Highways and Class I TH links),VT-114,2.09,V114-0504,LRS,Injury,"(44.76726546, -71.90092885)"
7179,VTVSP0200,12B100497,02/18/2012,Route 114,Lyndon,NO DATA,114,NO DATA,NO DATA,Mt Hunger Road,0,Miles,50,6 - Single Vehicle Crash,North,543535,230231,1140,307,320,State System (State Highways and Class I TH links),VT-114,3.1,V114-0307,LRS,Injury,"(44.56991455, -71.95316814)"
7180,VTVSP0200,12B104239,12/23/2012,VT Route 114,Lyndon,NO DATA,114,NO DATA,NO DATA,Mt. Hunger Rd,0,Miles,50,6 - Single Vehicle Crash,South,543776,230777,1140,307,360,State System (State Highways and Class I TH links),VT-114,2.8,V114-0307,LRS,Property Damage Only,"(44.56621040, -71.95629823)"
7181,VTVSP0200,12B101693,06/02/2012,VT-114 (2480 E Burke Rd),Lyndon,NO DATA,114,NO DATA,NO DATA,Norrie Rd,200,Feet,50,6 - Single Vehicle Crash,North,542858,229257,NO DATA,NO DATA,NO DATA,State System (State Highways and Class I TH links),VT-114,2.47,V114-0307,LRS,Injury,"(44.56218884, -71.95987469)"
7182,VTVSP0200,12B100031,01/04/2012,Vt Rt 114,Lyndon,NO DATA,NO DATA,5,NO DATA,Vt Rt 122,NO DATA,NO DATA,35,"10 - Left Turn and Thru, Angle Broadside -->v--",East,539723,227350,NO DATA,NO DATA,NO DATA,State System (State Highways and Class I TH links),VT-114,0,V114-0307,LRS,Property Damage Only,"(44.54530627, -72.00016074)"
7190,VT0141000,12TF00025,01/13/2012,VT RT 113,Thetford,NO DATA,113,NO DATA,NO DATA,US RT 5,0,Miles,40,6 - Single Vehicle Crash,West,005-24-658,001-46-049,NO DATA,NO DATA,NO DATA,State System (State Highways and Class I TH links),VT-113,8.35,V113-0911,LRS,Property Damage Only,"(43.81320036, -72.19178292)"
7191,VT0090400,12TF00015,01/08/2012,VT Route 113,Thetford,NO DATA,NO DATA,NO DATA,NO DATA,Berger Road,100,Feet,40,NO DATA,East,NO DATA,NO DATA,NO DATA,NO DATA,NO DATA,State System (State Highways and Class I TH links),VT-113,7.85,V113-0911,LRS,Property Damage Only,"(43.81300185, -72.20067015)"
7192,VT0090400,12TF00399,08/15/2012,VT Route 113,Thetford,NO DATA,113,NO DATA,NO DATA,Cadwell Rd,10,Feet,50,1 - Rear End,West,005-23-960,001-45-882,NO DATA,NO DATA,NO DATA,State System (State Highways and Class I TH links),VT-113,7.77,V113-0911,LRS,Property Damage Only,"(43.81282415, -72.20223177)"
7193,VTVSP1300,12B302273,10/12/2012,VT RT 113,Thetford,NO DATA,113,NO DATA,NO DATA,Camp Farnsworth Road,50,Feet,50,6 - Single Vehicle Crash,East,521094,147282,NO DATA,NO DATA,NO DATA,State System (State Highways and Class I TH links),VT-113,5.6,V113-0911,LRS,Property Damage Only,"(43.82544831, -72.23758760)"
7194,VT0090400,12TF00327,07/09/2012,VT-113 (3686 VT RT 113),Thetford,NO DATA,113,NO DATA,NO DATA,Buzzell Bridge Rd,30,Feet,40,"14 - Left Turn and Thru, Broadside v<--",East,005-20-450,001-47-573,NO DATA,NO DATA,NO DATA,State System (State Highways and Class I TH links),VT-113,5.13,V113-0911,LRS,Property Damage Only,"(43.82815820, -72.24586937)"
7195,VT0090400,12TF00029,01/13/2012,VT RT 113,Thetford,NO DATA,113,NO DATA,NO DATA,Tucker Hill Rd,60,Feet,35,6 - Single Vehicle Crash,East,005-20-275,001-48-100,NO DATA,NO DATA,NO DATA,State System (State Highways and Class I TH links),VT-113,4.77,V113-0911,LRS,Property Damage Only,"(43.83316179, -72.24800432)"
7203,VTVSP0800,12B200074,01/10/2012,VT-242,Jay,NO DATA,242,NO DATA,NO DATA,Cross Road,60,Feet,35,7 - Other - Explain in Narrative,North,504867,271980,NO DATA,NO DATA,NO DATA,State System (State Highways and Class I TH links),VT-242,4.1,V242-1012,LRS,Injury,"(44.94807314, -72.43787598)"
7204,VTVSP0800,12B203566,10/17/2012,VT RT 242,Jay,NO DATA,242,NO DATA,NO DATA,NO DATA,NO DATA,NO DATA,50,6 - Single Vehicle Crash,East,504373,271796,NO DATA,NO DATA,NO DATA,State System (State Highways and Class I TH links),VT-242,3.76,V242-1012,LRS,Injury,"(44.94651906, -72.44444850)"
7205,VTVSP0800,12B203940,11/20/2012,VT RT 242,Jay,NO DATA,242,NO DATA,NO DATA,2941 VT RT 242,10,Feet,40,6 - Single Vehicle Crash,West,502276,271225,NO DATA,NO DATA,NO DATA,State System (State Highways and Class I TH links),VT-242,2.23,V242-1012,LRS,Property Damage Only,"(44.94110154, -72.47128744)"
7206,VTVSP0800,12B203200,09/17/2012,VT-242,Jay,NO DATA,242,NO DATA,NO DATA,Short Cut Rd,0,Miles,35,1 - Rear End,West,500638,270516,NO DATA,NO DATA,NO DATA,State System (State Highways and Class I TH links),VT-242,0.98,V242-1012,LRS,Injury,"(44.93486596, -72.49194486)"
7207,VTVSP0800,12B203989,11/24/2012,VT-242,Jay,NO DATA,242,NO DATA,NO DATA,Snowline Lodge,0,Miles,50,1 - Rear End,West,500447,270120,NO DATA,NO DATA,NO DATA,State System (State Highways and Class I TH links),VT-242,0.49,V242-1012,LRS,Property Damage Only,"(44.92965024, -72.49735240)"
7208,VTVSP0700,12A205937,12/14/2012,VT-242 (124 Mountain Rd.),Montgomery,NO DATA,242,NO DATA,NO DATA,Main St. / Mountain Rd,NO DATA,NO DATA,35,6 - Single Vehicle Crash,North,491497,264045,NO DATA,NO DATA,NO DATA,State System (State Highways and Class I TH links),VT-242,0.13,V242-0610,LRS,Property Damage Only,"(44.87918690, -72.60733143)"
7216,VT0060300,12SW01111,09/04/2012,VT-207 (2176 Highgate Rd),Swanton,NO DATA,NO DATA,NO DATA,NO DATA,NO DATA,NO DATA,NO DATA,50,2 - Head On,NO DATA,455188,266078,NO DATA,NO DATA,NO DATA,State System (State Highways and Class I TH links),VT-207,3.44,V207-0615,LRS,Injury,"(44.89354828, -73.06733983)"
7217,VTVSP0700,12A200062,01/05/2012,VT-207 (2479 Highgate Road),Swanton,NO DATA,207,NO DATA,NO DATA,NO DATA,NO DATA,NO DATA,50,2 - Head On,NO DATA,454569,262716,NO DATA,NO DATA,NO DATA,State System (State Highways and Class I TH links),VT-207,1.19,V207-0615,LRS,Property Damage Only,"(44.86230849, -73.07478000)"
7218,VT0060000,12FRC0555,03/30/2012,VT-207 Highgate Road,Swanton,NO DATA,207,NO DATA,NO DATA,Ceres Rd,NO DATA,NO DATA,50,6 - Single Vehicle Crash,East,454455,261403,NO DATA,NO DATA,NO DATA,State System (State Highways and Class I TH links),VT-207,0.43,V207-0615,LRS,Property Damage Only,"(44.85128680, -73.07591855)"
7219,VT0060300,12SW01431,11/08/2012,VT-207 Highgate Road,Swanton,NO DATA,NO DATA,NO DATA,NO DATA,Bushey Road,NO DATA,NO DATA,50,"11 - Left Turn and Thru, Head On ^v--",NO DATA,454452,261286,NO DATA,NO DATA,NO DATA,State System (State Highways and Class I TH links),VT-207,0.35,V207-0615,LRS,Property Damage Only,"(44.85014128, -73.07623091)"
7220,VT0060100,12SA04116,08/08/2012,Rt 207 IAO I89,St. Albans Town,NO DATA,207,NO DATA,NO DATA,I89,NO DATA,NO DATA,50,"12 - Left Turn and Thru, Same Direction Sideswipe/Angle Crash vv--",North,004-54-195E,002-60-576N,NO DATA,NO DATA,NO DATA,State System (State Highways and Class I TH links),VT-207,0.32,V207-0613,LRS,Property Damage Only,"(44.84408683, -73.07917643)"
7228,VTVSP0300,12C100356,01/20/2012,VT-155,Mt. Holly,NO DATA,155,NO DATA,NO DATA,Straight Rd,600,Feet,50,6 - Single Vehicle Crash,South,474967,99073,NO DATA,NO DATA,NO DATA,State System (State Highways and Class I TH links),VT-155,2.21,V155-1112,LRS,Property Damage Only,"(43.39150279, -72.80922222)"
7229,VT0130600,12VN00069,01/21/2012,VT-142 (122 Fort Bridgman Rd.),Vernon,NO DATA,142,NO DATA,NO DATA,Utility Pole #59,NO DATA,NO DATA,40,6 - Single Vehicle Crash,NO DATA,NO DATA,NO DATA,142,1318,840,State System (State Highways and Class I TH links),VT-142,8.47,V142-1318,LRS,Injury,"(42.82085010, -72.54661119)"
7230,VT0130600,12VN00827,09/04/2012,VT-142 (1388 Fort Bridgeman Rd.),Vernon,NO DATA,NO DATA,NO DATA,NO DATA,Hubbard┬á Rd.,500,Feet,50,6 - Single Vehicle Crash,North,NO DATA,NO DATA,142,1318,600,State System (State Highways and Class I TH links),VT-142,6.08,V142-1318,LRS,Property Damage Only,"(42.78922233, -72.53253416)"
7231,VT0130600,12VN01139,12/27/2012,VT-142 Fort Bridgman Road,Vernon,NO DATA,142,NO DATA,NO DATA,Governor Hunt Road,25,Feet,40,4 - Opp Direction Sideswipe,North,NO DATA,NO DATA,NO DATA,NO DATA,NO DATA,State System (State Highways and Class I TH links),VT-142,4.26,V142-1318,LRS,Property Damage Only,"(42.76654555, -72.51737613)"
7232,VT0130600,12VN00464,05/11/2012,VT-142,Vernon,NO DATA,142,NO DATA,NO DATA,Governor Hunt Road,100,Feet,40,6 - Single Vehicle Crash,South,NO DATA,NO DATA,1318,142,431,State System (State Highways and Class I TH links),VT-142,4.26,V142-1318,LRS,Injury,"(42.76654555, -72.51737613)"
7233,VT0130600,12VN00327,04/06/2012,VT-142,Vernon,NO DATA,142,NO DATA,NO DATA,Utility pole 242,250,Feet,40,6 - Single Vehicle Crash,South,NO DATA,NO DATA,1420,1318,280,State System (State Highways and Class I TH links),VT-142,2.82,V142-1318,LRS,Property Damage Only,"(42.76027641, -72.49318264)"
7241,VTVSP0300,12C100285,01/16/2012,VT-140,Wallingford,NO DATA,140,NO DATA,NO DATA,TH 19,0,Miles,40,2 - Head On,East,466537,106551,NO DATA,NO DATA,NO DATA,State System (State Highways and Class I TH links),VT-140,3.8,V140-1125,LRS,Property Damage Only,"(43.45831228, -72.91446802)"
7242,VTVSP0300,12C101433,03/18/2012,VT-140,Wallingford,NO DATA,140,NO DATA,NO DATA,TH 54,1,Miles,40,6 - Single Vehicle Crash,East,462657,107554,140,1125,20,State System (State Highways and Class I TH links),VT-140,0.9,V140-1125,LRS,Injury,"(43.46725047, -72.96117445)"
7243,VTVSP0300,12C103592,07/13/2012,VT-133 (134 Clarendon Ave),West Rutland,2,NO DATA,NO DATA,NO DATA,Main St (TH 1),0,Miles,35,1 - Rear End,South,455930,121534,NO DATA,NO DATA,NO DATA,State System (State Highways and Class I TH links),VT-133,1.59,V133-1128,LRS,Property Damage Only,"(43.59138483, -73.04571211)"
7244,VTVSP0300,12C100292,01/10/2012,VT-133 (418 Clarendon Ave),West Rutland,NO DATA,133,NO DATA,NO DATA,Casella Ln (Pvt Dr),NO DATA,NO DATA,35,1 - Rear End,NO DATA,455957,120895,1330,1128,100,State System (State Highways and Class I TH links),VT-133,1.31,V133-1128,LRS,Injury,"(43.58732728, -73.04537287)"
7245,VTVSP0300,12C106861,12/16/2012,VT-133,Middletown Springs,NO DATA,140,NO DATA,NO DATA,DAISY HOLLOW ROAD,100,Feet,35,6 - Single Vehicle Crash,South,452555,109214,NO DATA,NO DATA,NO DATA,State System (State Highways and Class I TH links),VT-133,5.4,V133-1111,LRS,Property Damage Only,"(43.48205435, -73.08749465)"
7246,VTVSP0300,12C101115,03/02/2012,VT-133,Middletown Springs,NO DATA,133,NO DATA,NO DATA,Buxton Ave,100,Feet,35,6 - Single Vehicle Crash,North,449897,108972,NO DATA,NO DATA,NO DATA,State System (State Highways and Class I TH links),VT-133,3.36,V133-1111,LRS,Property Damage Only,"(43.47864987, -73.11991476)"
7254,VTVSP0400,12D103878,12/01/2012,VT Route 131,Weathersfield,NO DATA,131,NO DATA,NO DATA,1547 VT Route 131,0,Miles,50,6 - Single Vehicle Crash,West,505199,100714,NO DATA,NO DATA,NO DATA,State System (State Highways and Class I TH links),VT-131,6.76,V131-1420,LRS,Property Damage Only,"(43.40790075, -72.43955486)"
7255,VT0140800,12WF00010,01/13/2012,VT RT 131,Weathersfield,NO DATA,131,NO DATA,NO DATA,Weathersfield Center Rd,NO DATA,Feet,50,6 - Single Vehicle Crash,NO DATA,NO DATA,NO DATA,NO DATA,NO DATA,NO DATA,State System (State Highways and Class I TH links),VT-131,6.2,V131-1420,LRS,Property Damage Only,"(43.41134965, -72.44914212)"
7256,VTVSP0400,12D101583,05/26/2012,VT RT 131,Weathersfield,NO DATA,131,NO DATA,NO DATA,Weathersfield Center Road,NO DATA,NO DATA,50,1 - Rear End,NO DATA,504116,101233,1310,1420,621,State System (State Highways and Class I TH links),VT-131,6.2,V131-1420,LRS,Property Damage Only,"(43.41134965, -72.44914212)"
7257,VT0140800,12WF00465,11/03/2012,VT-131,Weathersfield,NO DATA,131,NO DATA,NO DATA,Gulf Road,0,Miles,50,6 - Single Vehicle Crash,East,NO DATA,NO DATA,NO DATA,NO DATA,NO DATA,State System (State Highways and Class I TH links),VT-131,5.44,V131-1420,LRS,Property Damage Only,"(43.41667130, -72.46165043)"
7258,VTVSP0400,12D102762,08/27/2012,VT-131,Weathersfield,NO DATA,131,NO DATA,NO DATA,Jarvis Road,0,Miles,50,7 - Other - Explain in Narrative,West,503079,101853,1310,1420,540,State System (State Highways and Class I TH links),VT-131,5.39,V131-1420,LRS,Fatal,"(43.41715485, -72.46237672)"
7259,VTVSP0400,12D100874,03/17/2012,VT-131 (3979 VT 131),Weathersfield,NO DATA,131,NO DATA,NO DATA,NO DATA,NO DATA,NO DATA,50,6 - Single Vehicle Crash,NO DATA,501838,102831,NO DATA,NO DATA,NO DATA,State System (State Highways and Class I TH links),VT-131,4.66,V131-1420,LRS,Property Damage Only,"(43.42336277, -72.47442410)"
7267,VTVSP0400,12D100985,03/27/2012,VT-131,Weathersfield,NO DATA,131,NO DATA,NO DATA,VT 106,NO DATA,NO DATA,40,"8 - No Turns, Thru moves only, Broadside ^<",NO DATA,498817,100057,NO DATA,NO DATA,NO DATA,State System (State Highways and Class I TH links),VT-131,1.33,V131-1420,LRS,Injury,"(43.40042263, -72.51443636)"
7268,VT0140800,12WF00044,02/09/2012,Vt Rt 131,Weathersfield,NO DATA,131,NO DATA,NO DATA,VT RT 106,NO DATA,NO DATA,40,1 - Rear End,NO DATA,NO DATA,NO DATA,NO DATA,NO DATA,NO DATA,State System (State Highways and Class I TH links),VT-131,1.33,V131-1420,LRS,Property Damage Only,"(43.40042263, -72.51443636)"
7269,VTVSP0400,12D104217,12/29/2012,VT-131,Weathersfield,NO DATA,131,NO DATA,NO DATA,Upper Falls Rd,NO DATA,NO DATA,50,2 - Head On,NO DATA,498236,99859,NO DATA,NO DATA,NO DATA,State System (State Highways and Class I TH links),VT-131,1.01,V131-1420,LRS,Property Damage Only,"(43.39885301, -72.52071064)"
7270,VT0140800,12WF00273,07/10/2012,VT RT 131,Weathersfield,NO DATA,131,NO DATA,NO DATA,Exit 8 South Off Ramp,NO DATA,NO DATA,40,1 - Rear End,South,NO DATA,NO DATA,NO DATA,NO DATA,NO DATA,State System (State Highways and Class I TH links),VT-131,0.21,V131-1420,LRS,Property Damage Only,"(43.39541552, -72.53452256)"
7271,VTVSP0400,12D101313,04/30/2012,VT-131 (951 VT RT 131),Cavendish,NO DATA,131,NO DATA,NO DATA,Lindberg Dr,0,Miles,50,6 - Single Vehicle Crash,East,492779,99798,1310,1406,340,State System (State Highways and Class I TH links),VT-131,3.35,V131-1406,LRS,Injury,"(43.39549762, -72.59258859)"