ID,Reporting Agency,Report Number,Date,Street Address,Town,Number,Number1,Number2,Number3,Intersection,Distance From Intersection,Distance Unit,Posted Speed,Direction of Collision,Direction from Intersection,Easting,Northing,Mile Marker,Mile Marker 1,Mile Marker 2,AOT Roadway,AOT Route,AOT Actual Mile,LRS Number,How Mapped,Crash Type,Location 1
7272,VTVSP0400,12D100303,01/23/2012,VT RT 131,Cavendish,NO DATA,131,NO DATA,NO DATA,Carlton Rd,0,Miles,40,6 - Single Vehicle Crash,West,492353,99100,1310,1406,280,State System (State Highways and Class I TH links),VT-131,2.88,V131-1406,LRS,Property Damage Only,"(43.38957059, -72.59695580)"
7280,VTVSP0100,12A100109,01/10/2012,1095 Rt 128,Westford,NO DATA,128,NO DATA,NO DATA,NO DATA,NO DATA,NO DATA,50,3 - Same Direction Sideswipe,NO DATA,458699,230779,NO DATA,NO DATA,NO DATA,State System (State Highways and Class I TH links),VT-128,1,V128-0416,LRS,Injury,"(44.57256958, -73.02109359)"
7281,VT0040200,12ES06686,11/08/2012,VT-128 (434 BROWNS RIVER RD),Essex,NO DATA,NO DATA,NO DATA,NO DATA,NO DATA,NO DATA,NO DATA,50,6 - Single Vehicle Crash,NO DATA,457768,228570,NO DATA,NO DATA,NO DATA,State System (State Highways and Class I TH links),VT-128,4.13,V128-0406,LRS,Property Damage Only,"(44.55600725, -73.03126679)"
7282,VT0040200,12ES07109,11/30/2012,VT-128 (405 Browns River Rd),Essex,NO DATA,128,NO DATA,NO DATA,Pettingill,NO DATA,NO DATA,50,1 - Rear End,NO DATA,451890,221667,NO DATA,NO DATA,NO DATA,State System (State Highways and Class I TH links),VT-128,3.85,V128-0406,LRS,Property Damage Only,"(44.55269676, -73.03414916)"
7283,VT0040200,12ES02048,04/17/2012,VT-128 (295 BROWNS RIVER RD),Essex,NO DATA,128,NO DATA,NO DATA,NO DATA,NO DATA,NO DATA,50,6 - Single Vehicle Crash,NO DATA,457729,226571,NO DATA,NO DATA,NO DATA,State System (State Highways and Class I TH links),VT-128,2.81,V128-0406,LRS,Injury,"(44.53818022, -73.03190551)"
7284,VT0040200,12ES00999,02/21/2012,VT 128 (178 BROWNS RIVER),Essex,NO DATA,128,NO DATA,NO DATA,NO DATA,NO DATA,NO DATA,50,1 - Rear End,NO DATA,457669,225057,NO DATA,NO DATA,NO DATA,State System (State Highways and Class I TH links),VT-128,1.8,V128-0406,LRS,Property Damage Only,"(44.52378917, -73.03218501)"
7285,VT0040200,12ES04227,07/21/2012,VT-128 (125 BROWNS RIVER RD),Essex,NO DATA,128,NO DATA,NO DATA,WEED RD,NO DATA,NO DATA,50,6 - Single Vehicle Crash,NO DATA,457399,224155,NO DATA,NO DATA,NO DATA,State System (State Highways and Class I TH links),VT-128,1.21,V128-0406,LRS,Injury,"(44.51613956, -73.03659883)"
7293,VT0010200,12-51-AC,03/03/2012,E MAIN ST,Middlebury,NO DATA,NO DATA,NO DATA,NO DATA,CASE STREET,5,Miles,50,NO DATA,South,NO DATA,NO DATA,NO DATA,NO DATA,NO DATA,State System (State Highways and Class I TH links),VT-125,1.79,V125-0111,LRS,Property Damage Only,"(43.97333479, -73.10628853)"
7294,VT0010200,12-65-AC,04/12/2012,VT-125 CROSS ST,Middlebury,NO DATA,NO DATA,NO DATA,NO DATA,COURT STREET,NO DATA,NO DATA,25,NO DATA,NO DATA,446741,168151,NO DATA,NO DATA,NO DATA,State System (State Highways and Class I TH links),VT-125,1.22,V125-0111,LRS,Property Damage Only,"(44.01159896, -73.16415864)"
7295,VT0010200,12-62-AC,04/03/2012,VT-125┬á┬á CROSS ST,Middlebury,NO DATA,NO DATA,NO DATA,NO DATA,MAIN STREET,30,Feet,25,NO DATA,East,444536,168169,NO DATA,NO DATA,NO DATA,State System (State Highways and Class I TH links),VT-125,0.95,V125-0111,LRS,Property Damage Only,"(44.01200668, -73.16941548)"
7296,VT0010200,12-8-AC,01/11/2012,VT-125┬á┬á COLLEGE ST,Middlebury,NO DATA,NO DATA,NO DATA,NO DATA,WEYBRIDGE & ACADEMY,NO DATA,NO DATA,25,NO DATA,NO DATA,NO DATA,NO DATA,NO DATA,NO DATA,NO DATA,State System (State Highways and Class I TH links),VT-125,0.91,V125-0111,LRS,Property Damage Only,"(44.01098464, -73.17156746)"
7297,VT0010200,12-214-AC,12/22/2012,VT-125 College St.,Middlebury,NO DATA,NO DATA,NO DATA,NO DATA,Storr Ave.,50,Feet,25,NO DATA,North,NO DATA,NO DATA,NO DATA,NO DATA,NO DATA,State System (State Highways and Class I TH links),VT-125,0.73,V125-0111,LRS,Property Damage Only,"(44.01080552, -73.17450791)"
7298,VT0010200,12-57-AC,03/22/2012,VT-125┬á COLLEGE ST,Middlebury,NO DATA,NO DATA,NO DATA,NO DATA,STORRS AVENUE,100,Feet,25,NO DATA,West,NO DATA,NO DATA,NO DATA,NO DATA,NO DATA,State System (State Highways and Class I TH links),VT-125,0.71,V125-0111,LRS,Property Damage Only,"(44.01065860, -73.17483597)"
7306,VTVSP0900,12C301210,05/05/2012,VT-346 (3474 VT RT 346),Pownal,NO DATA,346,NO DATA,NO DATA,North Pownal Rd,0,Miles,35,"14 - Left Turn and Thru, Broadside v<--",East,437277,33917,3460,208,320,State System (State Highways and Class I TH links),VT-346,3.44,V346-0208,LRS,Property Damage Only,"(42.80351012, -73.26674564)"
7307,VTVSP0900,12C303744,12/14/2012,VT-346 (235 Vt Rt 346),Pownal,NO DATA,346,NO DATA,NO DATA,Us Rt 7,0,Miles,35,"8 - No Turns, Thru moves only, Broadside ^<",West,439798,29716,NO DATA,NO DATA,NO DATA,State System (State Highways and Class I TH links),VT-346,0.19,V346-0208,LRS,Property Damage Only,"(42.76503053, -73.23529371)"
7308,VT0070000,12GIC1105,07/30/2012,VT-314,South Hero,NO DATA,314,NO DATA,NO DATA,Eagle Camp Rd,NO DATA,NO DATA,45,1 - Rear End,NO DATA,NO DATA,NO DATA,NO DATA,NO DATA,NO DATA,State System (State Highways and Class I TH links),VT-314,0.67,V314-0705,LRS,Property Damage Only,"(44.66837546, -73.33484100)"
7309,VT0070000,12GIC1014,07/16/2012,VT RT 314,South Hero,NO DATA,NO DATA,NO DATA,NO DATA,US Route 2,0,Miles,45,7 - Other - Explain in Narrative,West,NO DATA,NO DATA,NO DATA,NO DATA,NO DATA,State System (State Highways and Class I TH links),VT-314,0.1,V314-0705,LRS,Property Damage Only,"(44.66488435, -73.32445941)"
7310,VTVSP0900,12C303769,12/16/2012,453 Vt Rt 313,Arlington,NO DATA,313,NO DATA,NO DATA,Tory Lane,50,Feet,35,6 - Single Vehicle Crash,West,446086,64143,NO DATA,NO DATA,NO DATA,State System (State Highways and Class I TH links),VT-313,6.17,V313-0201,LRS,Property Damage Only,"(43.07555558, -73.16222758)"
7311,VT0040200,12ES04603,08/07/2012,I 289 X 8,Essex,NO DATA,NO DATA,NO DATA,NO DATA,ROUTE 15,100,Feet,50,6 - Single Vehicle Crash,West,453045,223370,NO DATA,NO DATA,NO DATA,Ramp or Spur,VT-289,0.19,V289-0000WR009D,LRS,Property Damage Only,"(44.50908998, -73.09059753)"
7319,VT0020100,12BN05847,08/20/2012,VT RT 279,Bennington,NO DATA,279,NO DATA,NO DATA,RT 7 A Overpass,NO DATA,NO DATA,45,6 - Single Vehicle Crash,NO DATA,441915,45297,NO DATA,NO DATA,NO DATA,State System (State Highways and Class I TH links),VT-279,3.55,V279-0202W,LRS,Property Damage Only,"(42.90555987, -73.21174623)"
7320,VT0020100,12BN00250,01/12/2012,Vt Rt 279,Bennington,NO DATA,279,NO DATA,NO DATA,At West Of Bridge SW279,NO DATA,NO DATA,55,6 - Single Vehicle Crash,NO DATA,441320,45242,NO DATA,NO DATA,NO DATA,State System (State Highways and Class I TH links),VT-279,3.17,V279-0202W,LRS,Injury,"(42.90506411, -73.21862178)"
7321,VT0020100,12BN01411,03/07/2012,VT Route 279,Bennington,NO DATA,X,NO DATA,NO DATA,North Bennington Road Exit Ramp,0,Miles,55,2 - Head On,East,440172,46147,2790,202,340,State System (State Highways and Class I TH links),VT-279,3.36,V279-0202,LRS,Injury,"(42.90507902, -73.21502725)"
7322,VT0020100,12BN08959,12/22/2012,Vt Rt 279,Bennington,NO DATA,NO DATA,NO DATA,NO DATA,Route 67 Exchange,200,Feet,55,3 - Same Direction Sideswipe,West,441003,45237,NO DATA,NO DATA,NO DATA,State System (State Highways and Class I TH links),VT-279,2.92,V279-0202,LRS,Property Damage Only,"(42.90490574, -73.22333266)"
7323,VT0020100,12BN03155,05/16/2012,VT Route 279 EB,Bennington,NO DATA,279,NO DATA,NO DATA,Exit┬á 1,300,Feet,55,1 - Rear End,West,440732,45271,NO DATA,NO DATA,NO DATA,State System (State Highways and Class I TH links),VT-279,2.8,V279-0202,LRS,Property Damage Only,"(42.90515171, -73.22572665)"
7324,VT0020100,12BN03178,05/17/2012,Vt RT 279,Bennington,NO DATA,279,NO DATA,NO DATA,Rt 67 A Exit,1,Miles,55,6 - Single Vehicle Crash,West,442671,43164,NO DATA,NO DATA,NO DATA,State System (State Highways and Class I TH links),VT-279,2.46,V279-0202,LRS,Injury,"(42.90604776, -73.23247138)"
7332,VTVSP0600,12C202481,08/14/2012,TH-27 (3 Stevens Orchard Road),Orwell,27,NO DATA,NO DATA,NO DATA,"Stage Road, Cook Road",20,Feet,50,6 - Single Vehicle Crash,East,434281,143707,NO DATA,NO DATA,NO DATA,"City, Village or Urban Compact Street not in FA Ur",TOWN ROAD 0027,999.99,NO DATA,XY,Injury,"(43.79068174, -73.31653978)"
7333,VTVSP0300,12C104186,08/10/2012,TH-1 (1351 Stage Rd),Benson,1,NO DATA,NO DATA,NO DATA,1351 Stage Rd,NO DATA,NO DATA,40,6 - Single Vehicle Crash,NO DATA,434532,132477,NO DATA,NO DATA,NO DATA,"City, Village or Urban Compact Street not in FA Ur",TOWN ROAD 0001,999.99,NO DATA,XY,Injury,"(43.68963695, -73.31205427)"
7334,VTVSP0600,12C201095,04/23/2012,VT RT 22A,Orwell,NO DATA,22A,NO DATA,NO DATA,South Mutton Square Road,2,Miles,50,6 - Single Vehicle Crash,South,434596,140225,NO DATA,NO DATA,NO DATA,State System (State Highways and Class I TH links),VT-22A,999.99,NO DATA,XY,Property Damage Only,"(43.75937274, -73.31220212)"
7335,VT0070000,12GIC1204,08/18/2012,TH-11 Adams School Rd,Grand Isle,NO DATA,NO DATA,NO DATA,NO DATA,Hoag Ln,135,Feet,35,6 - Single Vehicle Crash,South,434713,247306,NO DATA,NO DATA,NO DATA,"City, Village or Urban Compact Street not in FA Ur",TOWN ROAD 0011,999.99,NO DATA,XY,Injury,"(44.72299774, -73.32409264)"
7336,VT0070000,12GIC1189,08/15/2012,TH-1 Station Rd,South Hero,NO DATA,NO DATA,NO DATA,NO DATA,Roys Ridge Rd,NO DATA,NO DATA,40,6 - Single Vehicle Crash,East,434935,238248,NO DATA,NO DATA,NO DATA,"City, Village or Urban Compact Street not in FA Ur",TOWN ROAD 0001,999.99,NO DATA,XY,Property Damage Only,"(44.64151199, -73.32013992)"
7337,VTVSP0600,12C201623,06/09/2012,TH-10 (168 Stove Pipe City Road),Panton,10,NO DATA,NO DATA,NO DATA,Panton Road,1,Miles,50,6 - Single Vehicle Crash,North,435230,184001,NO DATA,NO DATA,NO DATA,"City, Village or Urban Compact Street not in FA Ur",TOWN ROAD 0010,999.99,NO DATA,XY,Injury,"(44.15338642, -73.30966176)"
7345,VTVSP0300,12C101533,03/23/2012,TH-25,Benson,25,NO DATA,NO DATA,NO DATA,Howard Hill Rd,300,Feet,30,6 - Single Vehicle Crash,South,437235,133407,NO DATA,NO DATA,NO DATA,"City, Village or Urban Compact Street not in FA Ur",TOWN ROAD 0025,999.99,NO DATA,XY,Property Damage Only,"(43.69824010, -73.27863816)"
7346,VT0110400,12FH01680,12/10/2012,Shaws Parking Lot,Fair Haven,NO DATA,NO DATA,NO DATA,NO DATA,Washington St,200,Feet,10,7 - Other - Explain in Narrative,West,437346,122736,NO DATA,NO DATA,NO DATA,"Other Public Roadway (Rest Areas, Shopping Center",Unknown,999.99,NO DATA,XY,Property Damage Only,"(43.60221094, -73.27602369)"
7347,VT0020100,12BN04369,06/29/2012,TH-8 (1076 Harringto Road),Bennington,NO DATA,NO DATA,NO DATA,NO DATA,NO DATA,NO DATA,NO DATA,30,6 - Single Vehicle Crash,NO DATA,437368,47449,NO DATA,NO DATA,NO DATA,Street or Town Highways in FA Urban Area,Unknown,999.99,NO DATA,XY,Property Damage Only,"(42.92458625, -73.26719407)"
7348,VT0110400,12FH01019,08/06/2012,Shaws Supermarket,Fair Haven,NO DATA,NO DATA,NO DATA,NO DATA,Rt 22A,NO DATA,NO DATA,10,1 - Rear End,North,437369,122728,NO DATA,NO DATA,NO DATA,"Other Public Roadway (Rest Areas, Shopping Center",Unknown,999.99,NO DATA,XY,Property Damage Only,"(43.60214087, -73.27573791)"
7349,VT0110400,12FH01378,10/05/2012,Washington St,Fair Haven,NO DATA,NO DATA,NO DATA,NO DATA,Shaws Parking Lot,NO DATA,NO DATA,10,1 - Rear End,South,437377,122731,NO DATA,NO DATA,NO DATA,"Other Public Roadway (Rest Areas, Shopping Center",Unknown,999.99,NO DATA,XY,Property Damage Only,"(43.60216854, -73.27563918)"
7350,VT0110400,12FH00479,04/11/2012,Shaws Plaza,Fair Haven,NO DATA,NO DATA,NO DATA,NO DATA,Washington St,1,Feet,10,1 - Rear End,South,437422,122777,NO DATA,NO DATA,NO DATA,"Other Public Roadway (Rest Areas, Shopping Center",Unknown,999.99,NO DATA,XY,Property Damage Only,"(43.60258632, -73.27508718)"
7358,VTVSP0600,12C203997,12/29/2012,Vt Rt 17,Addison,NO DATA,17,NO DATA,NO DATA,Mountain Road TH #5,1,Miles,45,6 - Single Vehicle Crash,East,437816,176454,NO DATA,NO DATA,NO DATA,State System (State Highways and Class I TH links),VT-17,999.99,NO DATA,XY,Property Damage Only,"(44.08569387, -73.27644835)"
7359,VT0110400,12FH01692,12/14/2012,Furnace Street,Fair Haven,NO DATA,NO DATA,NO DATA,NO DATA,Washington St,0,Miles,30,3 - Same Direction Sideswipe,East,437851,122245,NO DATA,NO DATA,NO DATA,"City, Village or Urban Compact Street not in FA Ur",Unknown,999.99,NO DATA,XY,Property Damage Only,"(43.59783420, -73.26971305)"
7360,VT0110400,12FH00839,06/27/2012,Fourth Street,Fair Haven,NO DATA,NO DATA,NO DATA,NO DATA,NO DATA,NO DATA,NO DATA,30,6 - Single Vehicle Crash,South,437875,122579,NO DATA,NO DATA,NO DATA,Street or Town Highways in FA Urban Area,Unknown,999.99,NO DATA,XY,Property Damage Only,"(43.60084222, -73.26945415)"
7361,VT0110400,12FH00027,01/07/2012,33 Mechanic St,Fair Haven,NO DATA,NO DATA,NO DATA,NO DATA,Pine St,NO DATA,NO DATA,10,4 - Opp Direction Sideswipe,NO DATA,437905,122853,NO DATA,NO DATA,NO DATA,"Other Public Roadway (Rest Areas, Shopping Center",Unknown,999.99,NO DATA,XY,Property Damage Only,"(43.60331073, -73.26911403)"
7362,VT0110400,12FH00037,01/19/2012,33 Mechanic,Fair Haven,NO DATA,NO DATA,NO DATA,NO DATA,Pine St,NO DATA,NO DATA,10,1 - Rear End,NO DATA,437913,122858,NO DATA,NO DATA,NO DATA,"Other Public Roadway (Rest Areas, Shopping Center",Unknown,999.99,NO DATA,XY,Property Damage Only,"(43.60335640, -73.26901553)"
7363,VT0110400,12FH01749,12/27/2012,Furnace St,Fair Haven,NO DATA,NO DATA,NO DATA,NO DATA,17 Furnace St,NO DATA,NO DATA,30,4 - Opp Direction Sideswipe,West,437917,122255,NO DATA,NO DATA,NO DATA,"City, Village or Urban Compact Street not in FA Ur",Unknown,999.99,NO DATA,XY,Property Damage Only,"(43.59792970, -73.26889687)"
7371,VT0110400,12FH00779,06/13/2012,Liberty Street,Fair Haven,NO DATA,NO DATA,NO DATA,NO DATA,Fair Haven Dodge Lot,NO DATA,NO DATA,10,"18 - Right Turn and Thru, Broadside ^<--",NO DATA,438346,121639,NO DATA,NO DATA,NO DATA,"Other Public Roadway (Rest Areas, Shopping Center",Unknown,999.99,NO DATA,XY,Property Damage Only,"(43.59242126, -73.26351408)"
7372,VT0040500,12CC03786,06/09/2012,596 Windemere Way,Colchester,NO DATA,NO DATA,NO DATA,NO DATA,Windemere Way Fishing Access,NO DATA,NO DATA,25,3 - Same Direction Sideswipe,NO DATA,438360,226633,NO DATA,NO DATA,NO DATA,Street or Town Highways in FA Urban Area,Unknown,999.99,NO DATA,XY,Injury,"(44.53729659, -73.27558091)"
7373,VT0110400,12FH01280,09/12/2012,Cottage St,Fair Haven,NO DATA,NO DATA,NO DATA,NO DATA,Maple Street,NO DATA,NO DATA,30,"20 - Right Turn and Thru, Angle Broadside -->^--",South,438398,121645,NO DATA,NO DATA,NO DATA,"City, Village or Urban Compact Street not in FA Ur",Unknown,999.99,NO DATA,XY,Injury,"(43.59247956, -73.26287086)"
7374,VTVSP0900,12C303470,11/14/2012,Min. C 0544 (79 VT RT 153),Rupert,NO DATA,153,NO DATA,NO DATA,79 VT RT 153,10,Feet,50,6 - Single Vehicle Crash,South,438425,81161,NO DATA,NO DATA,NO DATA,Minor Collector - Non Fed Aid Rural TH,MinCollector,999.99,NO DATA,XY,Injury,"(43.22811082, -73.25797871)"
7375,VTVSP0700,12A200662,02/16/2012,29 Faywood Road,Grand Isle,NO DATA,NO DATA,NO DATA,NO DATA,Parking Lot Of Complex,NO DATA,NO DATA,99,3 - Same Direction Sideswipe,NO DATA,438441,249508,NO DATA,NO DATA,NO DATA,"Other Public Roadway (Rest Areas, Shopping Center",Unknown,999.99,NO DATA,XY,Property Damage Only,"(44.74314172, -73.27730544)"
7383,VTVSP0900,12C301581,06/09/2012,TH-5 (10 Mt Anthony Rd),Pownal,5,NO DATA,NO DATA,NO DATA,North Pownal Rd,195,Feet,35,2 - Head On,North,438890,34116,NO DATA,NO DATA,NO DATA,"City, Village or Urban Compact Street not in FA Ur",TOWN ROAD 0005,999.99,NO DATA,XY,Injury,"(42.80469591, -73.24710367)"
7384,VT0020100,12BN09094,12/28/2012,West Road MHP,Bennington,NO DATA,NO DATA,NO DATA,NO DATA,22 West Road MHP,1,Feet,99,"8 - No Turns, Thru moves only, Broadside ^<",NO DATA,438940,42459,NO DATA,NO DATA,NO DATA,"Other Public Roadway (Rest Areas, Shopping Center",Unknown,999.99,NO DATA,XY,Property Damage Only,"(42.87979769, -73.24739715)"
7385,VTVSP0300,12C102703,05/27/2012,TH-22 (368 Sawmill Rd),Pawlet,22,NO DATA,NO DATA,NO DATA,Vt Rt 153,0,Miles,30,6 - Single Vehicle Crash,West,439025,91834,NO DATA,NO DATA,NO DATA,"City, Village or Urban Compact Street not in FA Ur",TOWN ROAD 0022,999.99,NO DATA,XY,Injury,"(43.32422293, -73.25177515)"
7386,VT0040500,12CC06623,09/26/2012,Crossfield Drive,Colchester,NO DATA,NO DATA,NO DATA,NO DATA,Porters Point Road,0,Miles,25,6 - Single Vehicle Crash,South,439061,227515,NO DATA,NO DATA,NO DATA,Street or Town Highways in FA Urban Area,Unknown,999.99,NO DATA,XY,Property Damage Only,"(44.54529288, -73.26686561)"
7387,VT0020100,12BN08932,12/21/2012,49 Vermont Route 67,Bennington,NO DATA,67,NO DATA,NO DATA,North Bennington Variety Store Parking Lot,NO DATA,NO DATA,35,4 - Opp Direction Sideswipe,NO DATA,439100,48280,NO DATA,NO DATA,NO DATA,"Other Public Roadway (Rest Areas, Shopping Center",Unknown,999.99,NO DATA,XY,Property Damage Only,"(42.93220642, -73.24607048)"
7388,VT0020100,12BN01805,03/21/2012,TH-23 Austin Hill,Bennington,NO DATA,NO DATA,NO DATA,NO DATA,Bard Road,500,Feet,35,2 - Head On,South,439158,44909,NO DATA,NO DATA,NO DATA,"City, Village or Urban Compact Street not in FA Ur",TOWN ROAD 0023,999.99,NO DATA,XY,Property Damage Only,"(42.90186807, -73.24499436)"
7396,VT0040500,12CC02299,04/13/2012,21 Longwood Circle,Colchester,NO DATA,NO DATA,NO DATA,NO DATA,NO DATA,NO DATA,NO DATA,25,3 - Same Direction Sideswipe,NO DATA,439482,227142,NO DATA,NO DATA,NO DATA,Street or Town Highways in FA Urban Area,Unknown,999.99,NO DATA,XY,Property Damage Only,"(44.54197186, -73.26152440)"
7397,VT0110400,12FH01688,12/14/2012,TH-15 (21 Taconic View Road),Fair Haven,NO DATA,NO DATA,NO DATA,NO DATA,Green Road,NO DATA,NO DATA,30,2 - Head On,South,439590,117504,NO DATA,NO DATA,NO DATA,"City, Village or Urban Compact Street not in FA Ur",TOWN ROAD 0015,999.99,NO DATA,XY,Injury,"(43.55530754, -73.24764932)"
7398,VT0040500,12CC00791,02/08/2012,138 Mallard Dr,Colchester,NO DATA,NO DATA,NO DATA,NO DATA,Into 138,0,Miles,25,"8 - No Turns, Thru moves only, Broadside ^<",West,439600,227030,NO DATA,NO DATA,NO DATA,Street or Town Highways in FA Urban Area,Unknown,999.99,NO DATA,XY,Property Damage Only,"(44.54097391, -73.26002658)"
7399,VTVSP0900,12C302771,09/11/2012,TH-43 (456 Horton Hill Road),Shaftsbury,43,NO DATA,NO DATA,NO DATA,Mattison Road,0,Miles,35,1 - Rear End,East,439873,50485,NO DATA,NO DATA,NO DATA,"City, Village or Urban Compact Street not in FA Ur",TOWN ROAD 0043,999.99,NO DATA,XY,Injury,"(42.95211530, -73.23683809)"
7400,VT0020100,12BN09065,12/27/2012,Rout 7 A,Bennington,NO DATA,NO DATA,NO DATA,NO DATA,Bennington Project,200,Feet,50,6 - Single Vehicle Crash,North,439883,45886,NO DATA,NO DATA,NO DATA,State System (State Highways and Class I TH links),VT-7A,999.99,NO DATA,XY,Property Damage Only,"(42.91071968, -73.23622231)"
7401,VT0020100,12BN08972,12/22/2012,268 Murphy Road,Bennington,NO DATA,NO DATA,NO DATA,NO DATA,Driveway,NO DATA,NO DATA,99,"14 - Left Turn and Thru, Broadside v<--",NO DATA,439886,45867,NO DATA,NO DATA,NO DATA,Street or Town Highways in FA Urban Area,Unknown,999.99,NO DATA,XY,Property Damage Only,"(42.91054890, -73.23618353)"
7409,VT0040500,12CC04368,06/30/2012,Holy Cross Road,Colchester,NO DATA,NO DATA,NO DATA,NO DATA,Rossetti Park Lot,10,Feet,99,7 - Other - Explain in Narrative,North,440208,228119,NO DATA,NO DATA,NO DATA,"Other Public Roadway (Rest Areas, Shopping Center",Unknown,999.99,NO DATA,XY,Property Damage Only,"(44.55082402, -73.25250289)"
7410,VTVSP0600,12C201327,05/15/2012,TH-31 (71 Tuppers Crossing),Ferrisburgh,31,NO DATA,NO DATA,NO DATA,Us Rt 7,50,Feet,40,"10 - Left Turn and Thru, Angle Broadside -->v--",West,440212,187986,70,105,220,"City, Village or Urban Compact Street not in FA Ur",TOWN ROAD 0031,999.99,NO DATA,XY,Property Damage Only,"(44.18967258, -73.24784256)"
7411,VT0040500,12CC05315,08/05/2012,261 Holy Cross Road,Colchester,NO DATA,NO DATA,NO DATA,NO DATA,NO DATA,NO DATA,NO DATA,99,4 - Opp Direction Sideswipe,NO DATA,440221,228042,NO DATA,NO DATA,NO DATA,"Other Public Roadway (Rest Areas, Shopping Center",Unknown,999.99,NO DATA,XY,Property Damage Only,"(44.55013221, -73.25233037)"
7412,VT0040700,12SH01537,06/30/2012,4650 Harbor Rd,Shelburne,NO DATA,NO DATA,NO DATA,NO DATA,Land's End,300,Feet,35,3 - Same Direction Sideswipe,West,440222,215227,NO DATA,NO DATA,NO DATA,Street or Town Highways in FA Urban Area,Unknown,999.99,NO DATA,XY,Property Damage Only,"(44.43481425, -73.25083666)"
7413,VT0040700,12SH02951,11/20/2012,Wake Robin Drive,Shelburne,NO DATA,NO DATA,NO DATA,NO DATA,NO DATA,1,Feet,25,4 - Opp Direction Sideswipe,South,440294,206741,NO DATA,NO DATA,NO DATA,Street or Town Highways in FA Urban Area,Unknown,999.99,NO DATA,XY,Property Damage Only,"(44.35845610, -73.24895763)"
7414,VT0040700,12SH00179,01/25/2012,Shelburne Farms,Shelburne,NO DATA,NO DATA,NO DATA,NO DATA,Harbor Road,1000,Feet,99,3 - Same Direction Sideswipe,West,440318,210738,NO DATA,NO DATA,NO DATA,"Other Public Roadway (Rest Areas, Shopping Center",Unknown,999.99,NO DATA,XY,Property Damage Only,"(44.39442654, -73.24911505)"
7422,VT0110300,12CT00821,07/14/2012,Min. C 0588 Scotch Hill Road,Fair Haven,NO DATA,NO DATA,NO DATA,NO DATA,Slate Quarry,15,Feet,35,6 - Single Vehicle Crash,South,440472,128672,NO DATA,NO DATA,NO DATA,Minor Collector - Non Fed Aid Rural TH,MinCollector,999.99,NO DATA,XY,Injury,"(43.65589161, -73.23796216)"
7423,VTVSP0300,12C104114,08/06/2012,Min. C 0572 Main St,Poultney,NO DATA,NO DATA,NO DATA,NO DATA,Depot Street,20,Feet,30,7 - Other - Explain in Narrative,West,440473,113244,NO DATA,NO DATA,NO DATA,Minor Collector - Non Fed Aid Rural TH,MinCollector,999.99,NO DATA,XY,Property Damage Only,"(43.51703754, -73.23625535)"
7424,VTVSP0600,12C202532,08/18/2012,TH-14 (94 Middlebrook Road),Ferrisburgh,35,NO DATA,NO DATA,NO DATA,US RT 7,100,Feet,35,4 - Opp Direction Sideswipe,West,440482,189751,70,105,300,"City, Village or Urban Compact Street not in FA Ur",TOWN ROAD 0014,999.99,NO DATA,XY,Property Damage Only,"(44.20557815, -73.24466565)"
7425,VT0040500,12CC04958,07/23/2012,16 Heineberg Dr,Colchester,NO DATA,127,NO DATA,NO DATA,Heineberg Dr,100,Feet,99,5 - Rear-to-rear,West,440483,226461,NO DATA,NO DATA,NO DATA,"Other Public Roadway (Rest Areas, Shopping Center",Unknown,999.99,NO DATA,XY,Property Damage Only,"(44.53592709, -73.24885093)"
7426,VT0040500,12CC02697,04/27/2012,77 Heineberg Drive,Colchester,NO DATA,NO DATA,NO DATA,NO DATA,McDonald's Restaurant Parking Lot,NO DATA,NO DATA,99,5 - Rear-to-rear,NO DATA,440491,226240,NO DATA,NO DATA,NO DATA,"Other Public Roadway (Rest Areas, Shopping Center",Unknown,999.99,NO DATA,XY,Property Damage Only,"(44.53393906, -73.24872480)"
7427,VT0040500,12CC02964,05/08/2012,16 Heineberg Dr,Colchester,NO DATA,NO DATA,NO DATA,NO DATA,NO DATA,NO DATA,NO DATA,25,7 - Other - Explain in Narrative,NO DATA,440517,226522,NO DATA,NO DATA,NO DATA,"Other Public Roadway (Rest Areas, Shopping Center",Unknown,999.99,NO DATA,XY,Property Damage Only,"(44.53647881, -73.24843020)"
7434,VT0040700,12SH02036,08/20/2012,501 Wake Robin Dr,Shelburne,NO DATA,NO DATA,NO DATA,NO DATA,Pollar Dr,300,Feet,15,7 - Other - Explain in Narrative,East,440552,206495,NO DATA,NO DATA,NO DATA,Street or Town Highways in FA Urban Area,Unknown,999.99,NO DATA,XY,Property Damage Only,"(44.35626354, -73.24569346)"
7435,VT0040500,12CC05261,08/03/2012,1184 Prim Road,Colchester,NO DATA,NO DATA,NO DATA,NO DATA,Price Chopper,NO DATA,NO DATA,99,7 - Other - Explain in Narrative,NO DATA,440559,226617,NO DATA,NO DATA,NO DATA,"Other Public Roadway (Rest Areas, Shopping Center",Unknown,999.99,NO DATA,XY,Property Damage Only,"(44.53733714, -73.24791274)"
7436,VT0040500,12CC05326,08/05/2012,1184 Prim Road,Colchester,NO DATA,NO DATA,NO DATA,NO DATA,Prim Road Price Chopper,150,Feet,99,7 - Other - Explain in Narrative,West,440559,226617,NO DATA,NO DATA,NO DATA,"Other Public Roadway (Rest Areas, Shopping Center",Unknown,999.99,NO DATA,XY,Property Damage Only,"(44.53733714, -73.24791274)"