ID,Reporting Agency,Report Number,Date,Street Address,Town,Number,Number1,Number2,Number3,Intersection,Distance From Intersection,Distance Unit,Posted Speed,Direction of Collision,Direction from Intersection,Easting,Northing,Mile Marker,Mile Marker 1,Mile Marker 2,AOT Roadway,AOT Route,AOT Actual Mile,LRS Number,How Mapped,Crash Type,Location 1
7599,VT0020100,12BN03396,05/24/2012,305 South Street,Bennington,NO DATA,NO DATA,NO DATA,NO DATA,Parking Lot Of Shell,NO DATA,NO DATA,99,5 - Rear-to-rear,NO DATA,443014,42060,NO DATA,NO DATA,NO DATA,"Other Public Roadway (Rest Areas, Shopping Center",Unknown,999.99,NO DATA,XY,Property Damage Only,"(42.87652083, -73.19749323)"
7606,VT0040700,12SH01781,07/23/2012,185 Pine Haven Shores Road,Shelburne,NO DATA,NO DATA,NO DATA,NO DATA,Parking Lot,NO DATA,NO DATA,15,6 - Single Vehicle Crash,NO DATA,443071,213346,NO DATA,NO DATA,NO DATA,"Other Public Roadway (Rest Areas, Shopping Center",Unknown,999.99,NO DATA,XY,Property Damage Only,"(44.41811702, -73.21484859)"
7607,VT0020100,12BN04402,06/30/2012,35 Kocher Drive,Bennington,NO DATA,NO DATA,NO DATA,NO DATA,Burger King,30,Feet,99,4 - Opp Direction Sideswipe,South,443076,43934,NO DATA,NO DATA,NO DATA,"Other Public Roadway (Rest Areas, Shopping Center",Unknown,999.99,NO DATA,XY,Property Damage Only,"(42.89339393, -73.19692428)"
7608,VT0020100,12BN08214,11/21/2012,141 Hannaford Square,Bennington,NO DATA,NO DATA,NO DATA,NO DATA,Parking Lot,NO DATA,NO DATA,99,2 - Head On,NO DATA,443076,42163,NO DATA,NO DATA,NO DATA,"Other Public Roadway (Rest Areas, Shopping Center",Unknown,999.99,NO DATA,XY,Property Damage Only,"(42.87745258, -73.19674485)"
7609,VT0020100,12BN06447,09/11/2012,215 North Street,Bennington,NO DATA,NO DATA,7,NO DATA,Trustco Bank,NO DATA,NO DATA,99,1 - Rear End,NO DATA,443080,42695,NO DATA,NO DATA,NO DATA,"Other Public Roadway (Rest Areas, Shopping Center",Unknown,999.99,NO DATA,XY,Property Damage Only,"(42.88224159, -73.19674978)"
7610,VT0020100,12BN00638,01/30/2012,215 North Street,Bennington,NO DATA,7,NO DATA,NO DATA,Trustco Bank Parking Lot,NO DATA,NO DATA,99,3 - Same Direction Sideswipe,NO DATA,443081,42670,NO DATA,NO DATA,NO DATA,"Other Public Roadway (Rest Areas, Shopping Center",Unknown,999.99,NO DATA,XY,Property Damage Only,"(42.88201663, -73.19673501)"
7611,VT0020100,12BN04315,06/27/2012,North Street,Bennington,NO DATA,NO DATA,NO DATA,NO DATA,Goodwill Parking Lot,3,Feet,99,1 - Rear End,East,443085,42726,NO DATA,NO DATA,NO DATA,"Other Public Roadway (Rest Areas, Shopping Center",Unknown,999.99,NO DATA,XY,Property Damage Only,"(42.88252101, -73.19669172)"
7618,VT0020100,12BN07052,10/05/2012,North Street,Bennington,NO DATA,NO DATA,NO DATA,NO DATA,Dunkin Donuts Parking Lot,20,Feet,99,5 - Rear-to-rear,NO DATA,443121,42834,NO DATA,NO DATA,NO DATA,"Other Public Roadway (Rest Areas, Shopping Center",Unknown,999.99,NO DATA,XY,Property Damage Only,"(42.88349583, -73.19626201)"
7619,VT0040700,12SH01529,06/30/2012,2989 SHELBURNE ROAD,Shelburne,NO DATA,NO DATA,NO DATA,NO DATA,BAY PLAZA PARKING LOT,NO DATA,NO DATA,99,5 - Rear-to-rear,NO DATA,443126,212745,NO DATA,NO DATA,NO DATA,"Other Public Roadway (Rest Areas, Shopping Center",Unknown,999.99,NO DATA,XY,Property Damage Only,"(44.41271302, -73.21409219)"
7620,VT0040700,12SH01402,06/16/2012,2989 Shelburne Rd,Shelburne,NO DATA,NO DATA,7,NO DATA,Shelburne Bay Plaza Parking Lot,30,Feet,10,1 - Rear End,South,443139,212775,NO DATA,NO DATA,NO DATA,"Other Public Roadway (Rest Areas, Shopping Center",Unknown,999.99,NO DATA,XY,Property Damage Only,"(44.41298401, -73.21393227)"
7621,VT0040300,12SB014139,10/21/2012,1855 Shelburne Rd,South Burlington,NO DATA,NO DATA,NO DATA,NO DATA,NO DATA,NO DATA,NO DATA,99,NO DATA,NO DATA,443163,213805,NO DATA,NO DATA,NO DATA,"Other Public Roadway (Rest Areas, Shopping Center",Unknown,999.99,NO DATA,XY,Property Damage Only,"(44.42225473, -73.21374370)"
7622,VT0040300,12SB009454,07/24/2012,189 Hannaford Drive,South Burlington,NO DATA,NO DATA,NO DATA,NO DATA,Lowes Lot,NO DATA,NO DATA,99,7 - Other - Explain in Narrative,NO DATA,443173,215965,NO DATA,NO DATA,NO DATA,"Other Public Roadway (Rest Areas, Shopping Center",Unknown,999.99,NO DATA,XY,Property Damage Only,"(44.44169303, -73.21385472)"
7630,VT0040500,12CC03094,05/12/2012,Blakely Road,Colchester,NO DATA,NO DATA,NO DATA,NO DATA,Bayside Quick Stop Parking Lot,NO DATA,NO DATA,99,7 - Other - Explain in Narrative,NO DATA,443226,227307,NO DATA,NO DATA,NO DATA,"Other Public Roadway (Rest Areas, Shopping Center",Unknown,999.99,NO DATA,XY,Property Damage Only,"(44.54376103, -73.21443402)"
7631,VT0020100,12BN02980,05/09/2012,Hillside Street,Bennington,NO DATA,NO DATA,NO DATA,NO DATA,Second Congregational Church,NO DATA,NO DATA,99,"20 - Right Turn and Thru, Angle Broadside -->^--",NO DATA,443234,42009,NO DATA,NO DATA,NO DATA,Street or Town Highways in FA Urban Area,Unknown,999.99,NO DATA,XY,Property Damage Only,"(42.87607813, -73.19479554)"
7632,VT0040300,12SB01690,03/03/2012,218 Hannaford Drive,South Burlington,NO DATA,NO DATA,NO DATA,NO DATA,Hannaford's Grocery Store,100,Feet,99,4 - Opp Direction Sideswipe,North,443242,215991,NO DATA,NO DATA,NO DATA,"Other Public Roadway (Rest Areas, Shopping Center",Unknown,999.99,NO DATA,XY,Property Damage Only,"(44.44193241, -73.21299086)"
7633,VT0020100,12BN06981,10/02/2012,Main Street,Bennington,NO DATA,NO DATA,NO DATA,NO DATA,Bank North Parking Lot,NO DATA,NO DATA,99,5 - Rear-to-rear,NO DATA,443244,42338,NO DATA,NO DATA,NO DATA,"Other Public Roadway (Rest Areas, Shopping Center",Unknown,999.99,NO DATA,XY,Property Damage Only,"(42.87904031, -73.19470637)"
7634,VT0040300,2012SB2419,03/30/2012,Hannaford Drive,South Burlington,NO DATA,NO DATA,NO DATA,NO DATA,Fayette Road,NO DATA,NO DATA,25,2 - Head On,NO DATA,443244,215969,NO DATA,NO DATA,NO DATA,"Other Public Roadway (Rest Areas, Shopping Center",Unknown,999.99,NO DATA,XY,Injury,"(44.44173459, -73.21296333)"
7642,VT0020100,12BN05503,08/08/2012,Hawks Place,Bennington,NO DATA,NO DATA,NO DATA,NO DATA,NO DATA,NO DATA,NO DATA,99,3 - Same Direction Sideswipe,NO DATA,443279,42740,NO DATA,NO DATA,NO DATA,Street or Town Highways in FA Urban Area,Unknown,999.99,NO DATA,XY,Property Damage Only,"(42.88266145, -73.19431857)"
7643,VT0040300,12SB015947,11/26/2012,Fayette Road,South Burlington,NO DATA,NO DATA,NO DATA,NO DATA,Hannaford Drive,1,Feet,35,1 - Rear End,South,443283,215946,NO DATA,NO DATA,NO DATA,Street or Town Highways in FA Urban Area,Unknown,999.99,NO DATA,XY,Property Damage Only,"(44.44153068, -73.21247094)"
7644,VT0040300,12SB012327,09/16/2012,Hannaford Drive,South Burlington,NO DATA,NO DATA,NO DATA,NO DATA,Fayette Road,5,Feet,99,"18 - Right Turn and Thru, Broadside ^<--",East,443290,215961,NO DATA,NO DATA,NO DATA,"Other Public Roadway (Rest Areas, Shopping Center",Unknown,999.99,NO DATA,XY,Property Damage Only,"(44.44166621, -73.21238465)"
7645,VTVSP0600,12C203771,12/09/2012,TH-18 Morse Road,Cornwall,18,NO DATA,NO DATA,NO DATA,Vt Rt 30,50,Feet,35,2 - Head On,East,443294,163270,NO DATA,NO DATA,NO DATA,"City, Village or Urban Compact Street not in FA Ur",TOWN ROAD 0018,999.99,NO DATA,XY,Property Damage Only,"(43.96748880, -73.20664288)"
7646,VT0040300,12SB010517,08/14/2012,10 Fayette Road,South Burlington,NO DATA,NO DATA,NO DATA,NO DATA,Palace 9,NO DATA,NO DATA,15,6 - Single Vehicle Crash,NO DATA,443308,215453,NO DATA,NO DATA,NO DATA,"Other Public Roadway (Rest Areas, Shopping Center",Unknown,999.99,NO DATA,XY,Property Damage Only,"(44.43709621, -73.21210303)"
7647,VT0040300,12SB07294,06/15/2012,7 Fayette Road,South Burlington,NO DATA,NO DATA,NO DATA,NO DATA,Zen Garden Restaurant,NO DATA,NO DATA,99,7 - Other - Explain in Narrative,West,443312,215513,NO DATA,NO DATA,NO DATA,"Other Public Roadway (Rest Areas, Shopping Center",Unknown,999.99,NO DATA,XY,Property Damage Only,"(44.43763645, -73.21205934)"
7655,VT0040300,12SB01395,02/21/2012,1333 Shelburne Road,South Burlington,NO DATA,NO DATA,NO DATA,NO DATA,Holmes Road,30,Feet,99,1 - Rear End,North,443350,214989,NO DATA,NO DATA,NO DATA,"Other Public Roadway (Rest Areas, Shopping Center",Unknown,999.99,NO DATA,XY,Property Damage Only,"(44.43292403, -73.21152484)"
7656,VT0040300,2012SB827,01/31/2012,Fayette Drive,South Burlington,NO DATA,NO DATA,NO DATA,NO DATA,McDonalds,50,Feet,25,"10 - Left Turn and Thru, Angle Broadside -->v--",West,443350,215477,NO DATA,NO DATA,NO DATA,Street or Town Highways in FA Urban Area,Unknown,999.99,NO DATA,XY,Property Damage Only,"(44.43731547, -73.21157813)"
7657,VT0020100,12BN08670,12/10/2012,Park Street,Bennington,NO DATA,NO DATA,NO DATA,NO DATA,Spring Street,20,Feet,30,1 - Rear End,South,443375,42744,NO DATA,NO DATA,NO DATA,Street or Town Highways in FA Urban Area,Unknown,999.99,NO DATA,XY,Property Damage Only,"(42.88270458, -73.19314393)"
7658,VT0040300,12SB01172,02/13/2012,1820 Shelburne Road,South Burlington,NO DATA,NO DATA,NO DATA,NO DATA,Allen Road,50,Feet,99,7 - Other - Explain in Narrative,East,443381,213838,NO DATA,NO DATA,NO DATA,"Other Public Roadway (Rest Areas, Shopping Center",Unknown,999.99,NO DATA,XY,Property Damage Only,"(44.42256876, -73.21100993)"
7659,VT0040300,12SB00058,01/03/2012,Green Mountain Drive,South Burlington,NO DATA,NO DATA,NO DATA,NO DATA,SHELBURNE RD / GREEN MOUNTAIN DR,5,Feet,25,1 - Rear End,West,443384,214483,NO DATA,NO DATA,NO DATA,Street or Town Highways in FA Urban Area,Unknown,999.99,NO DATA,XY,Property Damage Only,"(44.42837327, -73.21104262)"
7660,VT0020100,12BN02759,05/01/2012,Gage Street,Bennington,NO DATA,NO DATA,NO DATA,NO DATA,Park Street,NO DATA,NO DATA,25,"8 - No Turns, Thru moves only, Broadside ^<",NO DATA,443387,42678,NO DATA,NO DATA,NO DATA,Street or Town Highways in FA Urban Area,Unknown,999.99,NO DATA,XY,Property Damage Only,"(42.88211138, -73.19299040)"
7667,VT0040300,12SB011387,08/30/2012,Queen City Park Rd,South Burlington,NO DATA,NO DATA,NO DATA,NO DATA,Shelburne Rd,150,Feet,30,7 - Other - Explain in Narrative,West,443440,216326,NO DATA,NO DATA,NO DATA,Street or Town Highways in FA Urban Area,Unknown,999.99,NO DATA,XY,Property Damage Only,"(44.44496252, -73.21054033)"
7668,VT0040300,12SB009377,07/23/2012,1620 Shelburne Rd,South Burlington,NO DATA,NO DATA,NO DATA,NO DATA,Heritage Toyota Parking Lot,NO DATA,NO DATA,99,"8 - No Turns, Thru moves only, Broadside ^<",NO DATA,443444,214505,NO DATA,NO DATA,NO DATA,"Other Public Roadway (Rest Areas, Shopping Center",Unknown,999.99,NO DATA,XY,Property Damage Only,"(44.42857593, -73.21029154)"
7669,VT0040300,12SB02093,03/19/2012,Hannaford Drive,South Burlington,NO DATA,NO DATA,NO DATA,NO DATA,Shelburne Road,100,Feet,25,1 - Rear End,West,443446,215945,NO DATA,NO DATA,NO DATA,"Other Public Roadway (Rest Areas, Shopping Center",Unknown,999.99,NO DATA,XY,Property Damage Only,"(44.44153443, -73.21042341)"
7670,VT0020100,12BN07405,10/18/2012,Shields Drive,Bennington,NO DATA,NO DATA,NO DATA,NO DATA,East Road,40,Feet,25,1 - Rear End,NO DATA,443447,44321,NO DATA,NO DATA,NO DATA,Street or Town Highways in FA Urban Area,Unknown,999.99,NO DATA,XY,Property Damage Only,"(42.89690500, -73.19242141)"
7671,VT0040300,12SB015309,11/13/2012,41 IDX Drive,South Burlington,NO DATA,NO DATA,NO DATA,NO DATA,Shelburne Road,150,Feet,99,NO DATA,West,443453,215074,NO DATA,NO DATA,NO DATA,Street or Town Highways in FA Urban Area,Unknown,999.99,NO DATA,XY,Property Damage Only,"(44.43369698, -73.21024052)"
7672,VT0040300,12SB01734,03/05/2012,1 Baldwin Ave,South Burlington,NO DATA,NO DATA,NO DATA,NO DATA,Shelburne Road,1,Feet,35,"8 - No Turns, Thru moves only, Broadside ^<",North,443458,215612,NO DATA,NO DATA,NO DATA,Street or Town Highways in FA Urban Area,Unknown,999.99,NO DATA,XY,Property Damage Only,"(44.43853875, -73.21023637)"
7679,VT0040300,12SB03022,04/20/2012,793 Shelburne Road,South Burlington,NO DATA,NO DATA,NO DATA,NO DATA,Tailhook Towing,20,Feet,99,3 - Same Direction Sideswipe,South,443495,216268,NO DATA,NO DATA,NO DATA,"Other Public Roadway (Rest Areas, Shopping Center",Unknown,999.99,NO DATA,XY,Property Damage Only,"(44.44444488, -73.20984312)"
7680,VT0040300,12SB014213,10/23/2012,793 Shelburne Road,South Burlington,NO DATA,NO DATA,NO DATA,NO DATA,Gulf & Tailhook Towing,15,Feet,99,NO DATA,East,443496,216281,NO DATA,NO DATA,NO DATA,"Other Public Roadway (Rest Areas, Shopping Center",Unknown,999.99,NO DATA,XY,Property Damage Only,"(44.44456194, -73.20983198)"
7681,VT0040300,12SB00969,02/06/2012,929 SHELBURNE ROAD,South Burlington,NO DATA,NO DATA,NO DATA,NO DATA,Merchants Bank Parking Lot,NO DATA,NO DATA,99,5 - Rear-to-rear,NO DATA,443503,216095,NO DATA,NO DATA,NO DATA,"Other Public Roadway (Rest Areas, Shopping Center",Unknown,999.99,NO DATA,XY,Property Damage Only,"(44.44288871, -73.20972378)"
7682,VT0040300,12SB011305,08/29/2012,973 Shelburne Road,South Burlington,NO DATA,NO DATA,NO DATA,NO DATA,Tail Hook Towing,NO DATA,NO DATA,99,5 - Rear-to-rear,NO DATA,443504,216268,NO DATA,NO DATA,NO DATA,"Other Public Roadway (Rest Areas, Shopping Center",Unknown,999.99,NO DATA,XY,Property Damage Only,"(44.44444558, -73.20973007)"
7683,VT0040300,12SB07804,06/26/2012,793 Shelburne Road,South Burlington,NO DATA,NO DATA,7,NO DATA,Shelburne Road Gulf/Tailhook Towing,50,Feet,35,7 - Other - Explain in Narrative,South,443504,216268,NO DATA,NO DATA,NO DATA,"Other Public Roadway (Rest Areas, Shopping Center",Unknown,999.99,NO DATA,XY,Property Damage Only,"(44.44444558, -73.20973007)"
7691,VT0040300,12SB05750,05/15/2012,1080 Shelburne Road,South Burlington,NO DATA,NO DATA,NO DATA,NO DATA,The Goodwill Store,NO DATA,NO DATA,99,3 - Same Direction Sideswipe,East,443524,215705,NO DATA,NO DATA,NO DATA,"Other Public Roadway (Rest Areas, Shopping Center",Unknown,999.99,NO DATA,XY,Property Damage Only,"(44.43938080, -73.20941752)"
7692,VT0040300,12SB010809,08/20/2012,974 Shelburne Rd,South Burlington,NO DATA,7,NO DATA,NO DATA,Simon's Gulf,1000,Feet,99,5 - Rear-to-rear,South,443534,215993,NO DATA,NO DATA,NO DATA,"Other Public Roadway (Rest Areas, Shopping Center",Unknown,999.99,NO DATA,XY,Property Damage Only,"(44.44197324, -73.20932328)"
7693,VT0040300,2012SB603,01/22/2012,794 Shelburne Road,South Burlington,NO DATA,7,NO DATA,NO DATA,Dattilio's Guns And Tackle,NO DATA,NO DATA,10,1 - Rear End,NO DATA,443539,216280,NO DATA,NO DATA,NO DATA,"Other Public Roadway (Rest Areas, Shopping Center",Unknown,999.99,NO DATA,XY,Property Damage Only,"(44.44455630, -73.20929172)"
7694,VT0020100,12BN01132,02/22/2012,Shields Drive,Bennington,NO DATA,NO DATA,NO DATA,NO DATA,NSK Parking Lot,NO DATA,NO DATA,99,1 - Rear End,NO DATA,443543,44477,NO DATA,NO DATA,NO DATA,"Other Public Roadway (Rest Areas, Shopping Center",Unknown,999.99,NO DATA,XY,Property Damage Only,"(42.89831631, -73.19126178)"
7695,VT0040300,12SB012309,09/16/2012,Laurel Hill Drive,South Burlington,NO DATA,NO DATA,NO DATA,NO DATA,4 Laurel Hill Drive,500,Feet,99,2 - Head On,East,443553,215980,NO DATA,NO DATA,NO DATA,"Other Public Roadway (Rest Areas, Shopping Center",Unknown,999.99,NO DATA,XY,Property Damage Only,"(44.44185774, -73.20908320)"
7703,VT0040700,12SH01399,06/16/2012,88 Oakhill Road,Shelburne,NO DATA,NO DATA,NO DATA,NO DATA,NO DATA,NO DATA,NO DATA,35,7 - Other - Explain in Narrative,NO DATA,443620,213146,NO DATA,NO DATA,NO DATA,Street or Town Highways in FA Urban Area,Unknown,999.99,NO DATA,XY,Property Damage Only,"(44.41636018, -73.20793370)"
7704,VT0040300,12SB011105,08/25/2012,570 Shelburne Rd,South Burlington,NO DATA,NO DATA,NO DATA,NO DATA,NO DATA,NO DATA,NO DATA,99,1 - Rear End,NO DATA,443634,216916,NO DATA,NO DATA,NO DATA,"Other Public Roadway (Rest Areas, Shopping Center",Unknown,999.99,NO DATA,XY,Property Damage Only,"(44.45028697, -73.20816753)"
7705,VT0040300,12SB017277,12/23/2012,514 Farell St,South Burlington,NO DATA,NO DATA,NO DATA,NO DATA,Walgreens,1000,Feet,99,5 - Rear-to-rear,East,443634,216968,NO DATA,NO DATA,NO DATA,Street or Town Highways in FA Urban Area,Unknown,999.99,NO DATA,XY,Property Damage Only,"(44.45075490, -73.20817318)"
7706,VTVSP0900,12C300471,02/18/2012,TH-6 (1228 Strohmaier Rd),Pownal,6,NO DATA,NO DATA,NO DATA,Niles Rd,1,Miles,35,6 - Single Vehicle Crash,South,443636,36980,NO DATA,NO DATA,NO DATA,"City, Village or Urban Compact Street not in FA Ur",TOWN ROAD 0006,999.99,NO DATA,XY,Injury,"(42.83083989, -73.18937187)"
7707,VT0040300,2012SB7349,06/16/2012,40 Green Mountain Drive,South Burlington,NO DATA,NO DATA,NO DATA,NO DATA,Heritage Collision Center,NO DATA,NO DATA,99,7 - Other - Explain in Narrative,NO DATA,443637,214653,NO DATA,NO DATA,NO DATA,Street or Town Highways in FA Urban Area,Unknown,999.99,NO DATA,XY,Property Damage Only,"(44.42992281, -73.20788390)"
7715,VT0020100,12BN07430,10/21/2012,TH-49 Middle Pownal Road,Bennington,NO DATA,NO DATA,NO DATA,NO DATA,452 Middle Pownal Road,50,Feet,35,6 - Single Vehicle Crash,West,443661,40527,NO DATA,NO DATA,NO DATA,"City, Village or Urban Compact Street not in FA Ur",TOWN ROAD 0049,999.99,NO DATA,XY,Injury,"(42.86276970, -73.18942110)"
7716,VT0040300,12SB016606,12/10/2012,Shelburnr Road,South Burlington,NO DATA,NO DATA,NO DATA,NO DATA,Shaw's Parking Lot,50,Feet,15,4 - Opp Direction Sideswipe,East,443668,216845,NO DATA,NO DATA,NO DATA,"Other Public Roadway (Rest Areas, Shopping Center",Unknown,999.99,NO DATA,XY,Property Damage Only,"(44.44965070, -73.20773268)"
7717,VT0040100,2012BU019638,08/07/2012,ARCHIBALD ST,Burlington,NO DATA,NO DATA,NO DATA,NO DATA,NORTH WINOOSKI AVE,25,Feet,25,5 - Rear-to-rear,East,443672,221123,NO DATA,NO DATA,NO DATA,Street or Town Highways in FA Urban Area,Unknown,999.99,NO DATA,XY,Injury,"(44.48814788, -73.20814776)"
7718,VT0040500,12CC03477,05/27/2012,TH-9 Braeloch Rd,Colchester,9,NO DATA,NO DATA,NO DATA,NO DATA,NO DATA,NO DATA,30,NO DATA,NO DATA,443679,232019,NO DATA,NO DATA,NO DATA,Street or Town Highways in FA Urban Area,Unknown,999.99,NO DATA,XY,Property Damage Only,"(44.58619818, -73.20924904)"
7719,VT0040300,12SB14066,10/20/2012,412 Farrell Street,South Burlington,NO DATA,NO DATA,NO DATA,NO DATA,Shelburne Road,500,Feet,25,6 - Single Vehicle Crash,South,443680,216930,NO DATA,NO DATA,NO DATA,Street or Town Highways in FA Urban Area,Unknown,999.99,NO DATA,XY,Property Damage Only,"(44.45041653, -73.20759116)"
7720,VT0040300,12SB13731,10/13/2012,516 Shelburne Road,South Burlington,NO DATA,NO DATA,NO DATA,NO DATA,The Dollar Tree,250,Feet,10,2 - Head On,West,443682,216789,NO DATA,NO DATA,NO DATA,"Other Public Roadway (Rest Areas, Shopping Center",Unknown,999.99,NO DATA,XY,Injury,"(44.44914785, -73.20755072)"
7721,VT0040300,12SB00878,02/02/2012,412 Farrell Street,South Burlington,NO DATA,NO DATA,NO DATA,NO DATA,Walgreens Drug Store,200,Feet,25,"8 - No Turns, Thru moves only, Broadside ^<",East,443688,216914,NO DATA,NO DATA,NO DATA,Street or Town Highways in FA Urban Area,Unknown,999.99,NO DATA,XY,Property Damage Only,"(44.45027317, -73.20748892)"
7722,VT0040300,12SB014413,10/26/2012,370 Shelburne Road,South Burlington,NO DATA,NO DATA,NO DATA,NO DATA,Proctor Avenue,20,Feet,10,5 - Rear-to-rear,North,443706,217427,NO DATA,NO DATA,NO DATA,"Other Public Roadway (Rest Areas, Shopping Center",Unknown,999.99,NO DATA,XY,Property Damage Only,"(44.45489097, -73.20731851)"
7723,VT0020100,12BN07462,10/22/2012,640 Main Street,Bennington,NO DATA,NO DATA,NO DATA,NO DATA,Middle School Parking Lot,NO DATA,NO DATA,99,1 - Rear End,NO DATA,443711,42283,NO DATA,NO DATA,NO DATA,"Other Public Roadway (Rest Areas, Shopping Center",Unknown,999.99,NO DATA,XY,Property Damage Only,"(42.87857978, -73.18898509)"
7724,VT0040700,12SH00499,03/07/2012,97 Summit Circle,Shelburne,66,NO DATA,NO DATA,NO DATA,NO DATA,NO DATA,NO DATA,25,7 - Other - Explain in Narrative,NO DATA,443711,213176,NO DATA,NO DATA,NO DATA,Street or Town Highways in FA Urban Area,Unknown,999.99,NO DATA,XY,Property Damage Only,"(44.41663722, -73.20679441)"
7725,VT0040500,12CC02057,04/03/2012,Blakely Road,Colchester,NO DATA,NO DATA,NO DATA,NO DATA,Malletts Bay School Parking Lot,NO DATA,NO DATA,99,3 - Same Direction Sideswipe,NO DATA,443712,226769,NO DATA,NO DATA,NO DATA,"Other Public Roadway (Rest Areas, Shopping Center",Unknown,999.99,NO DATA,XY,Property Damage Only,"(44.53895783, -73.20826006)"
7726,VT0040500,12CC04394,07/02/2012,609 Blakely Road,Colchester,NO DATA,NO DATA,NO DATA,NO DATA,Malletts Bay School Parking Lot,NO DATA,NO DATA,99,3 - Same Direction Sideswipe,NO DATA,443714,226721,NO DATA,NO DATA,NO DATA,"Other Public Roadway (Rest Areas, Shopping Center",Unknown,999.99,NO DATA,XY,Property Damage Only,"(44.53852605, -73.20822966)"
7727,VT0040300,12SB012580,09/21/2012,69 Swift Street,South Burlington,NO DATA,NO DATA,NO DATA,NO DATA,North Country Federal Credit Union,NO DATA,NO DATA,99,NO DATA,NO DATA,443734,216378,NO DATA,NO DATA,NO DATA,"Other Public Roadway (Rest Areas, Shopping Center",Unknown,999.99,NO DATA,XY,Property Damage Only,"(44.44545337, -73.20685286)"
7728,VT0040300,12SB07302,06/15/2012,69 Swift Street,South Burlington,NO DATA,NO DATA,NO DATA,NO DATA,North Country Federal Credit Union,NO DATA,NO DATA,99,5 - Rear-to-rear,East,443746,216289,NO DATA,NO DATA,NO DATA,"Other Public Roadway (Rest Areas, Shopping Center",Unknown,999.99,NO DATA,XY,Property Damage Only,"(44.44465341, -73.20669246)"
7729,VT0040300,12SB013909,10/17/2012,409 Farrell Street,South Burlington,NO DATA,NO DATA,NO DATA,NO DATA,City Edge Apartment,50,Feet,10,7 - Other - Explain in Narrative,East,443769,216743,NO DATA,NO DATA,NO DATA,"Other Public Roadway (Rest Areas, Shopping Center",Unknown,999.99,NO DATA,XY,Property Damage Only,"(44.44874067, -73.20645279)"
7730,VT0040500,12CC04388,07/02/2012,687 Blakely Road,Colchester,NO DATA,NO DATA,NO DATA,NO DATA,Colchester Resume,NO DATA,NO DATA,99,6 - Single Vehicle Crash,NO DATA,443810,226574,NO DATA,NO DATA,NO DATA,"Other Public Roadway (Rest Areas, Shopping Center",Unknown,999.99,NO DATA,XY,Property Damage Only,"(44.53721073, -73.20700580)"
7731,VT0020100,12BN02984,05/10/2012,713 Main Street,Bennington,NO DATA,NO DATA,NO DATA,NO DATA,Stewarts Shop Parking Lot,10,Feet,99,4 - Opp Direction Sideswipe,North,443819,42264,NO DATA,NO DATA,NO DATA,"Other Public Roadway (Rest Areas, Shopping Center",Unknown,999.99,NO DATA,XY,Property Damage Only,"(42.87841670, -73.18766135)"
7739,VT0040500,12CC06263,09/11/2012,883 Blakely Road,Colchester,NO DATA,NO DATA,NO DATA,NO DATA,Parking Lot,NO DATA,NO DATA,99,1 - Rear End,NO DATA,443968,226335,NO DATA,NO DATA,NO DATA,"Other Public Roadway (Rest Areas, Shopping Center",Unknown,999.99,NO DATA,XY,Property Damage Only,"(44.53507233, -73.20499199)"
7740,VT0040300,12SB010162,08/07/2012,Eastwood Dr,South Burlington,NO DATA,NO DATA,NO DATA,NO DATA,Farrell St,1,Feet,25,2 - Head On,West,443981,216858,NO DATA,NO DATA,NO DATA,Street or Town Highways in FA Urban Area,Unknown,999.99,NO DATA,XY,Property Damage Only,"(44.44979198, -73.20380198)"
7741,VT0110300,12CT00047,01/13/2012,TH-4 (South Street),Castleton,4,NO DATA,NO DATA,NO DATA,Griffin Road,500,Feet,35,6 - Single Vehicle Crash,West,443987,121649,NO DATA,NO DATA,NO DATA,"City, Village or Urban Compact Street not in FA Ur",TOWN ROAD 0004,999.99,NO DATA,XY,Property Damage Only,"(43.59295645, -73.19366320)"
7742,VT0110300,12CT01552,12/28/2012,TH-42 Sand Hill Road,Castleton,NO DATA,NO DATA,NO DATA,NO DATA,Suncrest Terrace,300,Feet,30,6 - Single Vehicle Crash,South,444016,122802,NO DATA,NO DATA,NO DATA,"City, Village or Urban Compact Street not in FA Ur",TOWN ROAD 0042,999.99,NO DATA,XY,Property Damage Only,"(43.60333587, -73.19342326)"
7743,VT0040300,12SB012568,09/21/2012,Eastwood Drive,South Burlington,NO DATA,NO DATA,NO DATA,NO DATA,Meadow Road,25,Feet,25,6 - Single Vehicle Crash,South,444017,217067,NO DATA,NO DATA,NO DATA,Street or Town Highways in FA Urban Area,Unknown,999.99,NO DATA,XY,Property Damage Only,"(44.45167552, -73.20337229)"
7744,VT0040300,12SB13727,10/13/2012,256 Laurel Hill Drive,South Burlington,NO DATA,NO DATA,NO DATA,NO DATA,Black Lantern Lane,150,Feet,25,2 - Head On,East,444024,215702,NO DATA,NO DATA,NO DATA,Street or Town Highways in FA Urban Area,Unknown,999.99,NO DATA,XY,Property Damage Only,"(44.43939264, -73.20313698)"
7752,VT0020100,12BN06716,09/21/2012,106 John Street,Bennington,NO DATA,NO DATA,NO DATA,NO DATA,UCS Building,NO DATA,NO DATA,99,7 - Other - Explain in Narrative,NO DATA,444225,42690,NO DATA,NO DATA,NO DATA,Street or Town Highways in FA Urban Area,Unknown,999.99,NO DATA,XY,Property Damage Only,"(42.88228102, -73.18273450)"