ID,Reporting Agency,Report Number,Date,Street Address,Town,Number,Number1,Number2,Number3,Intersection,Distance From Intersection,Distance Unit,Posted Speed,Direction of Collision,Direction from Intersection,Easting,Northing,Mile Marker,Mile Marker 1,Mile Marker 2,AOT Roadway,AOT Route,AOT Actual Mile,LRS Number,How Mapped,Crash Type,Location 1
7753,VT0040500,12CC03976,06/16/2012,277┬á Lavigne Road,Colchester,NO DATA,NO DATA,NO DATA,NO DATA,Mazza Farm Stand,NO DATA,NO DATA,99,7 - Other - Explain in Narrative,NO DATA,444239,225580,NO DATA,NO DATA,NO DATA,"Other Public Roadway (Rest Areas, Shopping Center",Unknown,999.99,NO DATA,XY,Property Damage Only,"(44.52829929, -73.20150097)"
7754,VTVSP0900,12C300229,01/24/2012,1100 VT RT 7A,Arlington,NO DATA,7A,NO DATA,NO DATA,Gingerbread Lane,300,Feet,50,6 - Single Vehicle Crash,North,444256,60797,71,201,110,State System (State Highways and Class I TH links),VT-7A,999.99,NO DATA,XY,Injury,"(43.04526851, -73.18415880)"
7755,VTVSP0900,12C300204,01/21/2012,Min. C 0622 (352 South Stream Rd),Pownal,3,NO DATA,NO DATA,NO DATA,County,0,Miles,35,6 - Single Vehicle Crash,North,444261,33654,NO DATA,NO DATA,NO DATA,Minor Collector - Non Fed Aid Rural TH,MinCollector,999.99,NO DATA,XY,Injury,"(42.80094679, -73.18139942)"
7756,VT0130200,12BB04702,06/24/2012,28 Chestnut St,Brattleboro,NO DATA,NO DATA,NO DATA,NO DATA,NO DATA,NO DATA,NO DATA,25,NO DATA,NO DATA,444264,38491,NO DATA,NO DATA,NO DATA,Street or Town Highways in FA Urban Area,Unknown,999.99,NO DATA,XY,Property Damage Only,"(42.84448704, -73.18184106)"
7757,VT0040500,12CC02188,04/08/2012,277 Lavigne Rd,Colchester,NO DATA,NO DATA,NO DATA,NO DATA,NO DATA,NO DATA,NO DATA,25,7 - Other - Explain in Narrative,NO DATA,444289,225605,NO DATA,NO DATA,NO DATA,"Other Public Roadway (Rest Areas, Shopping Center",Unknown,999.99,NO DATA,XY,Property Damage Only,"(44.52852812, -73.20087470)"
7765,VT0040500,12CC08080,11/26/2012,111 Colonial Drive,Colchester,NO DATA,NO DATA,NO DATA,NO DATA,Carriage Way,50,Feet,25,6 - Single Vehicle Crash,East,444463,222996,NO DATA,NO DATA,NO DATA,Street or Town Highways in FA Urban Area,Unknown,999.99,NO DATA,XY,Property Damage Only,"(44.50506381, -73.19840534)"
7766,VT0040500,12CC01366,03/07/2012,Bayview Road,Colchester,NO DATA,NO DATA,NO DATA,NO DATA,Williams Road,60,Feet,25,NO DATA,East,444499,227694,NO DATA,NO DATA,NO DATA,Street or Town Highways in FA Urban Area,Unknown,999.99,NO DATA,XY,Property Damage Only,"(44.54734261, -73.19845768)"
7767,VT0040400,12WS00190,01/19/2012,150 Pine Street,Winooski City,NO DATA,NO DATA,NO DATA,NO DATA,Pine Street @ West Street,50,Feet,25,2 - Head On,North,444527,222053,NO DATA,NO DATA,NO DATA,Street or Town Highways in FA Urban Area,Unknown,999.99,NO DATA,XY,Property Damage Only,"(44.49658289, -73.19749939)"
7768,VT0020100,12BN01101,02/21/2012,TH-25 (Vail Road),Bennington,25,NO DATA,NO DATA,NO DATA,Silk Road,300,Feet,35,6 - Single Vehicle Crash,North,444533,42507,NO DATA,NO DATA,NO DATA,"City, Village or Urban Compact Street not in FA Ur",TOWN ROAD 0025,999.99,NO DATA,XY,Property Damage Only,"(42.88065619, -73.17894651)"
7769,VT0010200,12-68-AC,04/14/2012,3┬á ELM ST,Middlebury,NO DATA,NO DATA,NO DATA,NO DATA,GREG'S MEAT MARKET,50,Feet,99,NO DATA,West,444556,170576,NO DATA,NO DATA,NO DATA,"Other Public Roadway (Rest Areas, Shopping Center",Unknown,999.99,NO DATA,XY,Property Damage Only,"(44.03333586, -73.19168110)"
7770,VT0020100,12BN06537,09/14/2012,TH-51 (1378 Morgan Street),Bennington,NO DATA,NO DATA,NO DATA,NO DATA,NO DATA,NO DATA,NO DATA,40,"14 - Left Turn and Thru, Broadside v<--",NO DATA,444590,40409,NO DATA,NO DATA,NO DATA,Street or Town Highways in FA Urban Area,Unknown,999.99,NO DATA,XY,Injury,"(42.86177542, -73.17804209)"
7778,VT0040400,12WS01904,05/29/2012,140 Pine Street,Winooski City,NO DATA,NO DATA,NO DATA,NO DATA,Mallettts Bay Avenue,50,Feet,25,1 - Rear End,South,444698,222176,NO DATA,NO DATA,NO DATA,Street or Town Highways in FA Urban Area,Unknown,999.99,NO DATA,XY,Property Damage Only,"(44.49770285, -73.19536260)"
7779,VT0040300,12SB01715,03/04/2012,Stonehedge,South Burlington,NO DATA,NO DATA,NO DATA,NO DATA,I-Driveway,NO DATA,NO DATA,99,NO DATA,NO DATA,444707,215413,NO DATA,NO DATA,NO DATA,"Other Public Roadway (Rest Areas, Shopping Center",Unknown,999.99,NO DATA,XY,Property Damage Only,"(44.43684445, -73.19452738)"
7780,VT0020100,12BN09107,12/29/2012,Vt Rt 279,Bennington,NO DATA,NO DATA,NO DATA,NO DATA,Bennington/Brattleboro Sign,30,Feet,55,2 - Head On,NO DATA,444711,44141,NO DATA,NO DATA,NO DATA,State System (State Highways and Class I TH links),VT-279,999.99,V279-0202,XY,Property Damage Only,"(42.89537731, -73.17692867)"
7781,VT0040400,12WS006095,12/12/2012,24 Elm St,Winooski City,NO DATA,NO DATA,NO DATA,NO DATA,NO DATA,NO DATA,NO DATA,25,6 - Single Vehicle Crash,NO DATA,444716,221947,NO DATA,NO DATA,NO DATA,Street or Town Highways in FA Urban Area,Unknown,999.99,NO DATA,XY,Property Damage Only,"(44.49564350, -73.19511181)"
7782,VT0040400,12WS006340,12/23/2012,Elm St,Winooski City,NO DATA,NO DATA,NO DATA,NO DATA,Hickok St,100,Feet,25,1 - Rear End,East,444716,221947,NO DATA,NO DATA,NO DATA,Street or Town Highways in FA Urban Area,Unknown,999.99,NO DATA,XY,Property Damage Only,"(44.49564350, -73.19511181)"
7783,VT0040700,12SH02653,10/23/2012,Min. C 0676 (546 Spear Street),Charlotte,NO DATA,NO DATA,NO DATA,NO DATA,Lime Kiln Road,NO DATA,Feet,50,"10 - Left Turn and Thru, Angle Broadside -->v--",NO DATA,444723,206043,NO DATA,NO DATA,NO DATA,Minor Collector - Non Fed Aid Rural TH,MinCollector,999.99,NO DATA,XY,Property Damage Only,"(44.35252555, -73.19333007)"
7791,VT0040400,12WS005753,11/23/2012,25 River St,Winooski City,NO DATA,NO DATA,NO DATA,NO DATA,West St,20,Feet,25,1 - Rear End,East,444903,221672,NO DATA,NO DATA,NO DATA,Street or Town Highways in FA Urban Area,Unknown,999.99,NO DATA,XY,Property Damage Only,"(44.49318312, -73.19273145)"
7792,VT0040400,12WS01644,05/12/2012,St Peter Street/Hall Street,Winooski City,NO DATA,NO DATA,NO DATA,NO DATA,Malletts Bay Avenue,NO DATA,NO DATA,25,1 - Rear End,East,444919,222084,NO DATA,NO DATA,NO DATA,Street or Town Highways in FA Urban Area,Unknown,999.99,NO DATA,XY,Property Damage Only,"(44.49689184, -73.19257418)"
7793,VT0040700,12SH00466,03/03/2012,(Bishop Rd),Shelburne,11,NO DATA,NO DATA,NO DATA,Beaver Creek,30,Feet,35,6 - Single Vehicle Crash,South,444923,209929,NO DATA,NO DATA,NO DATA,Street or Town Highways in FA Urban Area,Unknown,999.99,NO DATA,XY,Property Damage Only,"(44.38751082, -73.19123288)"
7794,VT0040400,12WS01174,04/13/2012,52 Hickok Street,Winooski City,NO DATA,NO DATA,NO DATA,NO DATA,West Street,10,Feet,25,"19 - Right Turn and Thru, Head On v^--",North,444932,221647,NO DATA,NO DATA,NO DATA,Street or Town Highways in FA Urban Area,Unknown,999.99,NO DATA,XY,Property Damage Only,"(44.49296036, -73.19236420)"
7795,VT0110300,12CT00893,07/31/2012,TH-5 (74 North Road),Castleton,5,NO DATA,NO DATA,NO DATA,Main Street,300,Feet,30,7 - Other - Explain in Narrative,North,444984,124962,NO DATA,NO DATA,NO DATA,"City, Village or Urban Compact Street not in FA Ur",TOWN ROAD 0005,999.99,NO DATA,XY,Property Damage Only,"(43.62284841, -73.18165393)"
7796,VT0040400,12WS01370,04/22/2012,135 St Peter Street,Winooski City,NO DATA,NO DATA,NO DATA,NO DATA,North Street,300,Feet,25,3 - Same Direction Sideswipe,East,445008,222019,NO DATA,NO DATA,NO DATA,Street or Town Highways in FA Urban Area,Unknown,999.99,NO DATA,XY,Property Damage Only,"(44.49631370, -73.19144828)"
7804,VT0040400,12WS004974,10/11/2012,135 North St,Winooski City,NO DATA,NO DATA,NO DATA,NO DATA,Pine St,75,Feet,25,3 - Same Direction Sideswipe,South,445138,222137,NO DATA,NO DATA,NO DATA,Street or Town Highways in FA Urban Area,Unknown,999.99,NO DATA,XY,Property Damage Only,"(44.49738544, -73.18982635)"
7805,VT0040400,12WS01245,04/16/2012,North Street,Winooski City,NO DATA,NO DATA,NO DATA,NO DATA,Pine Street,10,Feet,25,1 - Rear End,West,445138,222287,NO DATA,NO DATA,NO DATA,Street or Town Highways in FA Urban Area,Unknown,999.99,NO DATA,XY,Property Damage Only,"(44.49873526, -73.18984227)"
7806,VT0040400,12WS003054,07/03/2012,78 North Street,Winooski City,NO DATA,NO DATA,NO DATA,NO DATA,North Street @ St Peter Street,10,Feet,25,7 - Other - Explain in Narrative,West,445139,222019,NO DATA,NO DATA,NO DATA,Street or Town Highways in FA Urban Area,Unknown,999.99,NO DATA,XY,Property Damage Only,"(44.49632366, -73.18980126)"
7807,VT0040400,12WS00814,03/15/2012,83 North Street,Winooski City,NO DATA,NO DATA,NO DATA,NO DATA,St Peter Street,NO DATA,NO DATA,25,"8 - No Turns, Thru moves only, Broadside ^<",West,445139,222019,NO DATA,NO DATA,NO DATA,Street or Town Highways in FA Urban Area,Unknown,999.99,NO DATA,XY,Injury,"(44.49632366, -73.18980126)"
7808,VT0040400,12WS01219,04/15/2012,135 St Peter Street,Winooski City,NO DATA,NO DATA,NO DATA,NO DATA,North Street,100,Feet,25,4 - Opp Direction Sideswipe,NO DATA,445139,222019,NO DATA,NO DATA,NO DATA,Street or Town Highways in FA Urban Area,Unknown,999.99,NO DATA,XY,Property Damage Only,"(44.49632366, -73.18980126)"
7809,VT0040400,12WS00839,03/17/2012,164 North Street,Winooski City,NO DATA,NO DATA,NO DATA,NO DATA,Orhcard Terrace,NO DATA,NO DATA,25,7 - Other - Explain in Narrative,North,445140,222137,NO DATA,NO DATA,NO DATA,Street or Town Highways in FA Urban Area,Unknown,999.99,NO DATA,XY,Property Damage Only,"(44.49738559, -73.18980121)"
7817,VT0040400,12WS003321,07/16/2012,120 West Canal Street,Winooski City,NO DATA,NO DATA,NO DATA,NO DATA,Weaver Street,100,Feet,25,6 - Single Vehicle Crash,East,445223,221378,NO DATA,NO DATA,NO DATA,Street or Town Highways in FA Urban Area,Unknown,999.99,NO DATA,XY,Property Damage Only,"(44.49056180, -73.18867726)"
7818,VT0040400,12WS003364,07/19/2012,79 W Canal St,Winooski City,NO DATA,NO DATA,NO DATA,NO DATA,Parking Lot,NO DATA,NO DATA,99,4 - Opp Direction Sideswipe,NO DATA,445223,221378,NO DATA,NO DATA,NO DATA,"Other Public Roadway (Rest Areas, Shopping Center",Unknown,999.99,NO DATA,XY,Property Damage Only,"(44.49056180, -73.18867726)"
7819,VT0040400,12WS00499,02/16/2012,West Canal Street,Winooski City,NO DATA,NO DATA,NO DATA,NO DATA,Weaver Street,50,Feet,25,3 - Same Direction Sideswipe,East,445223,221378,NO DATA,NO DATA,NO DATA,Street or Town Highways in FA Urban Area,Unknown,999.99,NO DATA,XY,Property Damage Only,"(44.49056180, -73.18867726)"
7820,VT0040300,12SB00037,01/02/2012,32 Quarry HIll Road,South Burlington,NO DATA,NO DATA,NO DATA,NO DATA,Quarry HIll Road/Spears St,1000,Feet,99,"8 - No Turns, Thru moves only, Broadside ^<",NO DATA,445224,218395,NO DATA,NO DATA,NO DATA,Street or Town Highways in FA Urban Area,Unknown,999.99,NO DATA,XY,Property Damage Only,"(44.46371838, -73.18834902)"
7821,VT0040300,12SB010178,08/07/2012,861 Williston Road,South Burlington,NO DATA,NO DATA,NO DATA,NO DATA,Staple's Plaza,100,Feet,10,5 - Rear-to-rear,North,445231,219223,NO DATA,NO DATA,NO DATA,"Other Public Roadway (Rest Areas, Shopping Center",Unknown,999.99,NO DATA,XY,Property Damage Only,"(44.47116995, -73.18834863)"
7822,VT0040300,12SB010287,08/09/2012,861 Williston Rd,South Burlington,NO DATA,NO DATA,NO DATA,NO DATA,NO DATA,NO DATA,NO DATA,99,7 - Other - Explain in Narrative,NO DATA,445246,219220,NO DATA,NO DATA,NO DATA,"Other Public Roadway (Rest Areas, Shopping Center",Unknown,999.99,NO DATA,XY,Property Damage Only,"(44.47114409, -73.18815980)"
7830,VT0040400,12WS004877,10/06/2012,Weaver St,Winooski City,NO DATA,NO DATA,NO DATA,NO DATA,W Allen St,NO DATA,NO DATA,25,"8 - No Turns, Thru moves only, Broadside ^<",NO DATA,445291,221473,NO DATA,NO DATA,NO DATA,Street or Town Highways in FA Urban Area,Unknown,999.99,NO DATA,XY,Property Damage Only,"(44.49142184, -73.18783245)"
7831,VT0040300,2012SB2874,04/16/2012,Staples Plaza,South Burlington,NO DATA,NO DATA,NO DATA,NO DATA,Williston Road,NO DATA,NO DATA,15,5 - Rear-to-rear,NO DATA,445295,219185,NO DATA,NO DATA,NO DATA,"Other Public Roadway (Rest Areas, Shopping Center",Unknown,999.99,NO DATA,XY,Property Damage Only,"(44.47083284, -73.18754031)"
7832,VT0040400,12WS005547,11/12/2012,27 W Allen St,Winooski City,NO DATA,NO DATA,NO DATA,NO DATA,Weaver St,75,Feet,25,NO DATA,North,445296,221473,NO DATA,NO DATA,NO DATA,"Other Public Roadway (Rest Areas, Shopping Center",Unknown,999.99,NO DATA,XY,Property Damage Only,"(44.49142222, -73.18776960)"
7833,VT0020100,12BN00889,02/11/2012,TH-54 (544 Gore Road),Bennington,54,NO DATA,NO DATA,NO DATA,NO DATA,NO DATA,NO DATA,30,6 - Single Vehicle Crash,NO DATA,445303,41037,NO DATA,NO DATA,NO DATA,Street or Town Highways in FA Urban Area,Unknown,999.99,NO DATA,XY,Injury,"(42.86747964, -73.16937891)"
7834,VT0040300,12SB011320,08/29/2012,264 Quarry Hill Road,South Burlington,NO DATA,NO DATA,NO DATA,NO DATA,Horizon Heights,0,Miles,25,7 - Other - Explain in Narrative,East,445310,218643,NO DATA,NO DATA,NO DATA,Street or Town Highways in FA Urban Area,Unknown,999.99,NO DATA,XY,Property Damage Only,"(44.46595660, -73.18729456)"
7835,VT0040400,12WS006008,12/07/2012,E Allen St,Winooski City,NO DATA,NO DATA,NO DATA,NO DATA,Main Sst,NO DATA,NO DATA,25,3 - Same Direction Sideswipe,North,445310,221873,NO DATA,NO DATA,NO DATA,"Other Public Roadway (Rest Areas, Shopping Center",Unknown,999.99,NO DATA,XY,Property Damage Only,"(44.49502280, -73.18763589)"
7843,VT0110300,12CT00175,02/16/2012,TH-5 North Road,Castleton,NO DATA,NO DATA,NO DATA,NO DATA,Barker Hill Road,50,Feet,35,6 - Single Vehicle Crash,South,445365,128341,NO DATA,NO DATA,NO DATA,"City, Village or Urban Compact Street not in FA Ur",TOWN ROAD 0005,999.99,NO DATA,XY,Injury,"(43.65328804, -73.17727515)"
7844,VT0040400,12WS003025,07/02/2012,15 Lapointe Street,Winooski City,NO DATA,NO DATA,NO DATA,NO DATA,NO DATA,NO DATA,NO DATA,25,"20 - Right Turn and Thru, Angle Broadside -->^--",South,445389,221325,NO DATA,NO DATA,NO DATA,Street or Town Highways in FA Urban Area,Unknown,999.99,NO DATA,XY,Property Damage Only,"(44.49009743, -73.18658481)"
7845,VT0040400,12WS003534,07/28/2012,303 Weaver St,Winooski City,NO DATA,NO DATA,NO DATA,NO DATA,NO DATA,NO DATA,NO DATA,25,6 - Single Vehicle Crash,NO DATA,445389,222084,NO DATA,NO DATA,NO DATA,Street or Town Highways in FA Urban Area,Unknown,999.99,NO DATA,XY,Property Damage Only,"(44.49692752, -73.18666495)"
7846,VT0040400,12WS003550,07/28/2012,287 Weaver St,Winooski City,NO DATA,NO DATA,NO DATA,NO DATA,NO DATA,100,Feet,25,3 - Same Direction Sideswipe,North,445389,222084,NO DATA,NO DATA,NO DATA,Street or Town Highways in FA Urban Area,Unknown,999.99,NO DATA,XY,Property Damage Only,"(44.49692752, -73.18666495)"
7847,VT0040400,12WS004480,09/15/2012,19 Platt St,Winooski City,NO DATA,NO DATA,NO DATA,NO DATA,Main St,50,Feet,25,3 - Same Direction Sideswipe,East,445389,221734,NO DATA,NO DATA,NO DATA,Street or Town Highways in FA Urban Area,Unknown,999.99,NO DATA,XY,Property Damage Only,"(44.49377794, -73.18662799)"
7848,VT0040400,12WS004988,10/12/2012,Stevens St,Winooski City,NO DATA,NO DATA,NO DATA,NO DATA,Weaver St,50,Feet,25,3 - Same Direction Sideswipe,East,445389,222084,NO DATA,NO DATA,NO DATA,Street or Town Highways in FA Urban Area,Unknown,999.99,NO DATA,XY,Property Damage Only,"(44.49692752, -73.18666495)"
7856,VT0040400,12WS01970,06/02/2012,US-7 Main St,Winooski City,NO DATA,NO DATA,NO DATA,NO DATA,East Allen St,NO DATA,NO DATA,25,3 - Same Direction Sideswipe,North,445466,221378,NO DATA,NO DATA,NO DATA,State System (State Highways and Class I TH links),US-7,999.99,NO DATA,XY,Property Damage Only,"(44.49058018, -73.18562240)"
7857,VT0110300,12CT01151,09/25/2012,61 VT Route 4A,Castleton,NO DATA,4A,NO DATA,NO DATA,NO DATA,NO DATA,NO DATA,35,7 - Other - Explain in Narrative,NO DATA,445467,123819,NO DATA,NO DATA,NO DATA,"Other Public Roadway (Rest Areas, Shopping Center",Unknown,999.99,NO DATA,XY,Property Damage Only,"(43.61259669, -73.17555474)"
7858,VT0040300,12SB01176,02/13/2012,155 Dorset Street,South Burlington,NO DATA,NO DATA,NO DATA,NO DATA,University Mall Behind Food Court,NO DATA,NO DATA,99,7 - Other - Explain in Narrative,West,445487,218573,NO DATA,NO DATA,NO DATA,"Other Public Roadway (Rest Areas, Shopping Center",Unknown,999.99,NO DATA,XY,Property Damage Only,"(44.46534005, -73.18506298)"
7859,VT0040300,12SB010131,08/06/2012,155 Dorset Street,South Burlington,NO DATA,NO DATA,NO DATA,NO DATA,University Mall,100,Feet,99,7 - Other - Explain in Narrative,East,445492,218671,NO DATA,NO DATA,NO DATA,"Other Public Roadway (Rest Areas, Shopping Center",Unknown,999.99,NO DATA,XY,Property Damage Only,"(44.46622231, -73.18501046)"
7860,VT0040300,12SB010579,08/15/2012,155 Dorset Street,South Burlington,NO DATA,NO DATA,NO DATA,NO DATA,Rear Parking Lot Of UMall,NO DATA,NO DATA,25,"8 - No Turns, Thru moves only, Broadside ^<",NO DATA,445494,218601,NO DATA,NO DATA,NO DATA,"Other Public Roadway (Rest Areas, Shopping Center",Unknown,999.99,NO DATA,XY,Property Damage Only,"(44.46559254, -73.18497796)"
7868,VT0040300,12SB006290,05/25/2012,155 Dorset Street,South Burlington,NO DATA,NO DATA,NO DATA,NO DATA,U-mall Back Food Court Door,NO DATA,NO DATA,15,5 - Rear-to-rear,NO DATA,445516,218390,NO DATA,NO DATA,NO DATA,"Other Public Roadway (Rest Areas, Shopping Center",Unknown,999.99,NO DATA,XY,Property Damage Only,"(44.46369544, -73.18467931)"
7869,VT0040400,12WS01674,05/15/2012,1 Abenaki Way,Winooski City,NO DATA,NO DATA,NO DATA,NO DATA,East Allen Street,NO DATA,NO DATA,25,3 - Same Direction Sideswipe,East,445516,221708,NO DATA,NO DATA,NO DATA,"Other Public Roadway (Rest Areas, Shopping Center",Unknown,999.99,NO DATA,XY,Property Damage Only,"(44.49355356, -73.18502859)"
7870,VT0040400,12WS01487,05/01/2012,35 Platt Street,Winooski City,NO DATA,NO DATA,NO DATA,NO DATA,Main Street,300,Feet,25,4 - Opp Direction Sideswipe,East,445517,221707,NO DATA,NO DATA,NO DATA,Street or Town Highways in FA Urban Area,Unknown,999.99,NO DATA,XY,Property Damage Only,"(44.49354464, -73.18501591)"
7871,VT0040300,12SB0000472,01/18/2012,UVM/FAHC Parking Lot,South Burlington,NO DATA,NO DATA,NO DATA,NO DATA,Behind Sheraton Motel,NO DATA,NO DATA,99,1 - Rear End,NO DATA,445542,219651,NO DATA,NO DATA,NO DATA,"Other Public Roadway (Rest Areas, Shopping Center",Unknown,999.99,NO DATA,XY,Property Damage Only,"(44.47504494, -73.18448522)"
7872,VTVSP0100,12A102756,07/22/2012,Min. C 0676 Spear Street,Charlotte,1,NO DATA,NO DATA,NO DATA,Monkton Road,0,Miles,35,6 - Single Vehicle Crash,North,445543,197645,NO DATA,NO DATA,NO DATA,Minor Collector - Non Fed Aid Rural TH,MinCollector,999.99,NO DATA,XY,Injury,"(44.27701312, -73.18216958)"
7873,VT0040400,12WS00309,01/31/2012,400 Weaver Street,Winooski City,NO DATA,NO DATA,NO DATA,NO DATA,Tigan Street,100,Feet,25,"8 - No Turns, Thru moves only, Broadside ^<",North,445585,222587,NO DATA,NO DATA,NO DATA,Street or Town Highways in FA Urban Area,Unknown,999.99,NO DATA,XY,Property Damage Only,"(44.50146871, -73.18425362)"
7881,VT0040300,12SB010294,08/09/2012,155 Dorset St,South Burlington,NO DATA,NO DATA,NO DATA,NO DATA,NO DATA,NO DATA,NO DATA,99,7 - Other - Explain in Narrative,NO DATA,445608,218465,NO DATA,NO DATA,NO DATA,"Other Public Roadway (Rest Areas, Shopping Center",Unknown,999.99,NO DATA,XY,Property Damage Only,"(44.46437728, -73.18353114)"
7882,VT0040500,12CC00245,01/13/2012,MOUNTAIN VIEW DR,Colchester,NO DATA,NO DATA,NO DATA,NO DATA,ROOSEVELT HIGHWAY,0,Miles,35,4 - Opp Direction Sideswipe,NO DATA,445624,223261,NO DATA,NO DATA,NO DATA,Street or Town Highways in FA Urban Area,Unknown,999.99,NO DATA,XY,Property Damage Only,"(44.50753683, -73.18383414)"
7883,VT0040300,12SB008268,07/02/2012,155 Dorset Street,South Burlington,NO DATA,NO DATA,NO DATA,NO DATA,University Mall @ Kohl's,NO DATA,NO DATA,99,6 - Single Vehicle Crash,NO DATA,445626,218356,NO DATA,NO DATA,NO DATA,"Other Public Roadway (Rest Areas, Shopping Center",Unknown,999.99,NO DATA,XY,Property Damage Only,"(44.46339776, -73.18329352)"
7884,VT0040300,12SB015268,11/12/2012,155 Dorset St.,South Burlington,NO DATA,NO DATA,NO DATA,NO DATA,University Mall,NO DATA,NO DATA,10,7 - Other - Explain in Narrative,NO DATA,445627,218436,NO DATA,NO DATA,NO DATA,"Other Public Roadway (Rest Areas, Shopping Center",Unknown,999.99,NO DATA,XY,Property Damage Only,"(44.46411774, -73.18328935)"
7885,VT0040500,12CC05025,07/25/2012,354 Mountain View Road,Colchester,NO DATA,NO DATA,NO DATA,NO DATA,Water Tower Hill,NO DATA,NO DATA,99,3 - Same Direction Sideswipe,NO DATA,445628,223390,NO DATA,NO DATA,NO DATA,"Other Public Roadway (Rest Areas, Shopping Center",Unknown,999.99,NO DATA,XY,Property Damage Only,"(44.50869797, -73.18379741)"
7893,VT0040400,12WS00925,03/23/2012,Burling Street,Winooski City,NO DATA,NO DATA,NO DATA,NO DATA,Main Street,5,Feet,25,1 - Rear End,NO DATA,445654,222199,NO DATA,NO DATA,NO DATA,Street or Town Highways in FA Urban Area,Unknown,999.99,NO DATA,XY,Property Damage Only,"(44.49798237, -73.18334524)"
7894,VT0040400,12WS02187,06/15/2012,Burling Street,Winooski City,NO DATA,NO DATA,NO DATA,NO DATA,Main Street,20,Feet,25,7 - Other - Explain in Narrative,East,445654,222199,NO DATA,NO DATA,NO DATA,Street or Town Highways in FA Urban Area,Unknown,999.99,NO DATA,XY,Property Damage Only,"(44.49798237, -73.18334524)"
7895,VT0040300,12SB006112,05/21/2012,155 Dorset Street,South Burlington,NO DATA,NO DATA,NO DATA,NO DATA,Ihop,150,Feet,10,6 - Single Vehicle Crash,East,445659,218585,NO DATA,NO DATA,NO DATA,"Other Public Roadway (Rest Areas, Shopping Center",Unknown,999.99,NO DATA,XY,Property Damage Only,"(44.46546098, -73.18290288)"
7896,VT0040300,12SB012692,09/23/2012,155 Dorset Street,South Burlington,NO DATA,NO DATA,NO DATA,NO DATA,University Mall/JC Penney,100,Feet,10,NO DATA,NO DATA,445662,218761,NO DATA,NO DATA,NO DATA,"Other Public Roadway (Rest Areas, Shopping Center",Unknown,999.99,NO DATA,XY,Property Damage Only,"(44.46704500, -73.18288364)"
7897,VT0040300,12SB011656,09/04/2012,155 Dorset St,South Burlington,NO DATA,NO DATA,NO DATA,NO DATA,JcPenny Parking Lot,NO DATA,NO DATA,99,1 - Rear End,NO DATA,445665,218560,NO DATA,NO DATA,NO DATA,"Other Public Roadway (Rest Areas, Shopping Center",Unknown,999.99,NO DATA,XY,Property Damage Only,"(44.46523646, -73.18282486)"
7898,VT0040300,12SB010628,08/16/2012,155 Dorset St,South Burlington,NO DATA,NO DATA,NO DATA,NO DATA,NO DATA,NO DATA,NO DATA,99,7 - Other - Explain in Narrative,NO DATA,445666,218696,NO DATA,NO DATA,NO DATA,"Other Public Roadway (Rest Areas, Shopping Center",Unknown,999.99,NO DATA,XY,Property Damage Only,"(44.46646037, -73.18282656)"
7906,VT0040400,12WS01955,06/01/2012,80 Normand Street,Winooski City,NO DATA,NO DATA,NO DATA,NO DATA,Main Street,100,Feet,25,7 - Other - Explain in Narrative,West,445674,222500,NO DATA,NO DATA,NO DATA,Street or Town Highways in FA Urban Area,Unknown,999.99,NO DATA,XY,Property Damage Only,"(44.50069251, -73.18312540)"
7907,VTVSP0900,12C301481,08/16/2012,TH-27 (500 Holy Smoke Road),Shaftsbury,27,NO DATA,NO DATA,NO DATA,East Road,25,Feet,35,6 - Single Vehicle Crash,West,445676,52022,NO DATA,NO DATA,NO DATA,"City, Village or Urban Compact Street not in FA Ur",TOWN ROAD 0027,999.99,NO DATA,XY,Property Damage Only,"(42.96638590, -73.16587832)"
7908,VT0040300,2012SB5575,05/11/2012,155 Dorset Street,South Burlington,NO DATA,NO DATA,NO DATA,NO DATA,Bon Ton,NO DATA,NO DATA,15,4 - Opp Direction Sideswipe,NO DATA,445676,218593,NO DATA,NO DATA,NO DATA,"Other Public Roadway (Rest Areas, Shopping Center",Unknown,999.99,NO DATA,XY,Property Damage Only,"(44.46553424, -73.18269009)"
7909,VT0040300,12SB02770,04/13/2012,155 Dorset Street,South Burlington,NO DATA,NO DATA,NO DATA,NO DATA,NO DATA,NO DATA,NO DATA,99,3 - Same Direction Sideswipe,NO DATA,445679,218499,NO DATA,NO DATA,NO DATA,"Other Public Roadway (Rest Areas, Shopping Center",Unknown,999.99,NO DATA,XY,Property Damage Only,"(44.46468858, -73.18264253)"
7910,VT0040300,2012SB2828,04/15/2012,5 Dorset Street,South Burlington,NO DATA,NO DATA,NO DATA,NO DATA,Comfort Inn,NO DATA,NO DATA,15,7 - Other - Explain in Narrative,NO DATA,445681,218832,NO DATA,NO DATA,NO DATA,"Other Public Roadway (Rest Areas, Shopping Center",Unknown,999.99,NO DATA,XY,Property Damage Only,"(44.46768535, -73.18265233)"