ID,Reporting Agency,Report Number,Date,Street Address,Town,Number,Number1,Number2,Number3,Intersection,Distance From Intersection,Distance Unit,Posted Speed,Direction of Collision,Direction from Intersection,Easting,Northing,Mile Marker,Mile Marker 1,Mile Marker 2,AOT Roadway,AOT Route,AOT Actual Mile,LRS Number,How Mapped,Crash Type,Location 1
7918,VT0040300,12SB013733,10/13/2012,155 Dorset St,South Burlington,NO DATA,NO DATA,NO DATA,NO DATA,NO DATA,NO DATA,NO DATA,99,7 - Other - Explain in Narrative,NO DATA,445703,218587,NO DATA,NO DATA,NO DATA,"Other Public Roadway (Rest Areas, Shopping Center",Unknown,999.99,NO DATA,XY,Property Damage Only,"(44.46548228, -73.18235018)"
7919,VT0040400,12WS003943,08/18/2012,1 East St,Winooski City,NO DATA,NO DATA,NO DATA,NO DATA,NO DATA,NO DATA,NO DATA,25,"11 - Left Turn and Thru, Head On ^v--",NO DATA,445704,221488,NO DATA,NO DATA,NO DATA,Street or Town Highways in FA Urban Area,Unknown,999.99,NO DATA,XY,Property Damage Only,"(44.49158797, -73.18264194)"
7920,VT0040300,12SB015683,11/21/2012,155 Dorset St,South Burlington,NO DATA,NO DATA,NO DATA,NO DATA,University Mall,1,Feet,20,6 - Single Vehicle Crash,North,445705,218742,NO DATA,NO DATA,NO DATA,"Other Public Roadway (Rest Areas, Shopping Center",Unknown,999.99,NO DATA,XY,Injury,"(44.46687725, -73.18234130)"
7921,VT0040500,12CC01684,03/21/2012,Rathe Road,Colchester,NO DATA,NO DATA,NO DATA,NO DATA,Mountain View Dr,NO DATA,NO DATA,30,"11 - Left Turn and Thru, Head On ^v--",NO DATA,445708,223981,NO DATA,NO DATA,NO DATA,Street or Town Highways in FA Urban Area,Unknown,999.99,NO DATA,XY,Property Damage Only,"(44.51402227, -73.18285348)"
7922,VT0040300,12SB0010045,08/04/2012,155 Dorset Street,South Burlington,NO DATA,NO DATA,NO DATA,NO DATA,University Mall,50,Feet,99,5 - Rear-to-rear,West,445710,218584,NO DATA,NO DATA,NO DATA,"Other Public Roadway (Rest Areas, Shopping Center",Unknown,999.99,NO DATA,XY,Property Damage Only,"(44.46545581, -73.18226190)"
7923,VTVSP0600,12C201257,05/10/2012,TH-26 Campground Road,New Haven,26,NO DATA,NO DATA,NO DATA,US RT 7,0,Miles,35,1 - Rear End,West,445728,176451,NO DATA,NO DATA,NO DATA,"City, Village or Urban Compact Street not in FA Ur",TOWN ROAD 0026,999.99,NO DATA,XY,Property Damage Only,"(44.08629553, -73.17766389)"
7930,VT0040500,12CC03985,06/16/2012,Rathe Road,Colchester,NO DATA,NO DATA,NO DATA,NO DATA,Mountain View Drive,NO DATA,NO DATA,30,6 - Single Vehicle Crash,NO DATA,445735,223988,NO DATA,NO DATA,NO DATA,Street or Town Highways in FA Urban Area,Unknown,999.99,NO DATA,XY,Property Damage Only,"(44.51408729, -73.18251465)"
7931,VT0040300,12SB017596,12/30/2012,155 Dorset Street,South Burlington,NO DATA,NO DATA,NO DATA,NO DATA,Parking Lot,NO DATA,NO DATA,99,6 - Single Vehicle Crash,NO DATA,445736,218439,NO DATA,NO DATA,NO DATA,"Other Public Roadway (Rest Areas, Shopping Center",Unknown,999.99,NO DATA,XY,Property Damage Only,"(44.46415292, -73.18191999)"
7932,VT0040500,12CC04515,07/06/2012,66 Mountain View Drive,Colchester,NO DATA,7,NO DATA,NO DATA,Mountain View Drive,450,Feet,99,"16 - Right Turn and Thru, Same Direction Sideswipe/Angle Crash ^^--",North,445750,223314,NO DATA,NO DATA,NO DATA,"Other Public Roadway (Rest Areas, Shopping Center",Unknown,999.99,NO DATA,XY,Property Damage Only,"(44.50802324, -73.18225524)"
7933,VT0040300,12SB012064,09/11/2012,155 Dorset Street,South Burlington,NO DATA,NO DATA,NO DATA,NO DATA,The University Mall,150,Feet,99,3 - Same Direction Sideswipe,West,445752,218571,NO DATA,NO DATA,NO DATA,"Other Public Roadway (Rest Areas, Shopping Center",Unknown,999.99,NO DATA,XY,Property Damage Only,"(44.46534197, -73.18173276)"
7934,VT0040300,12SB01765,03/06/2012,155 Dorset Street,South Burlington,NO DATA,NO DATA,NO DATA,NO DATA,University Mall Parking Lot-JCPenney,200,Feet,10,"8 - No Turns, Thru moves only, Broadside ^<",North,445753,218721,NO DATA,NO DATA,NO DATA,"Other Public Roadway (Rest Areas, Shopping Center",Unknown,999.99,NO DATA,XY,Property Damage Only,"(44.46669188, -73.18173591)"
7942,VT0040300,12SB016070,11/28/2012,5 Aspen Drive,South Burlington,NO DATA,NO DATA,NO DATA,NO DATA,Parking Lot At 5 Aspen Drive,NO DATA,NO DATA,99,4 - Opp Direction Sideswipe,NO DATA,445770,217700,NO DATA,NO DATA,NO DATA,"Other Public Roadway (Rest Areas, Shopping Center",Unknown,999.99,NO DATA,XY,Property Damage Only,"(44.45750531, -73.18141540)"
7943,VTVSP0300,12C104713,09/03/2012,TH-6,Hubbardton,6,NO DATA,NO DATA,NO DATA,Monument Hill Rd,0,Miles,35,6 - Single Vehicle Crash,South,445771,133994,NO DATA,NO DATA,NO DATA,"City, Village or Urban Compact Street not in FA Ur",TOWN ROAD 0006,999.99,NO DATA,XY,Property Damage Only,"(43.70419542, -73.17281087)"
7944,VT0040500,12CC04525,07/06/2012,66 Mountain View Drive,Colchester,NO DATA,NO DATA,NO DATA,NO DATA,Shaws Parking Lot,NO DATA,NO DATA,99,"8 - No Turns, Thru moves only, Broadside ^<",NO DATA,445776,223328,NO DATA,NO DATA,NO DATA,"Other Public Roadway (Rest Areas, Shopping Center",Unknown,999.99,NO DATA,XY,Property Damage Only,"(44.50815118, -73.18192975)"
7945,VT0040500,12CC01502,03/14/2012,South Park Drive,Colchester,NO DATA,NO DATA,NO DATA,NO DATA,RT 7,NO DATA,NO DATA,30,"10 - Left Turn and Thru, Angle Broadside -->v--",NO DATA,445781,222844,NO DATA,NO DATA,NO DATA,Street or Town Highways in FA Urban Area,Unknown,999.99,NO DATA,XY,Property Damage Only,"(44.50379614, -73.18181610)"
7946,VT0040500,12CC00665,02/01/2012,156 Acorn Lane,Colchester,NO DATA,NO DATA,NO DATA,NO DATA,NO DATA,NO DATA,NO DATA,99,4 - Opp Direction Sideswipe,NO DATA,445787,224330,NO DATA,NO DATA,NO DATA,"Other Public Roadway (Rest Areas, Shopping Center",Unknown,999.99,NO DATA,XY,Property Damage Only,"(44.51716878, -73.18189656)"
7954,VT0040300,12SB03121,04/24/2012,1068 Williston Road,South Burlington,NO DATA,NO DATA,NO DATA,NO DATA,Williston Road/Holiday Inn,500,Feet,99,4 - Opp Direction Sideswipe,North,445814,219182,NO DATA,NO DATA,NO DATA,"Other Public Roadway (Rest Areas, Shopping Center",Unknown,999.99,NO DATA,XY,Property Damage Only,"(44.47084492, -73.18101760)"
7955,VT0040400,12WS02217,06/17/2012,Russell Street,Winooski City,NO DATA,NO DATA,NO DATA,NO DATA,13 Russell Street/East Spring Street,25,Feet,25,4 - Opp Direction Sideswipe,North,445816,221699,NO DATA,NO DATA,NO DATA,Street or Town Highways in FA Urban Area,Unknown,999.99,NO DATA,XY,Unknown,"(44.49349513, -73.18125601)"
8627,VT0060100,12SA02072,04/27/2012,41 Hudson Street,St. Albans City,NO DATA,NO DATA,NO DATA,NO DATA,Federal Street,2,Feet,25,1 - Rear End,North,453742,257207,NO DATA,NO DATA,NO DATA,Street or Town Highways in FA Urban Area,Unknown,999.99,NO DATA,XY,Property Damage Only,"(44.81357295, -73.08481064)"
7956,VT0040300,12SB016778,12/13/2012,1055 Williston Road,South Burlington,NO DATA,NO DATA,NO DATA,NO DATA,Parking Lot Of Shell Station At 1055 Williston Road,NO DATA,NO DATA,99,"18 - Right Turn and Thru, Broadside ^<--",NO DATA,445818,218954,NO DATA,NO DATA,NO DATA,"Other Public Roadway (Rest Areas, Shopping Center",Unknown,999.99,NO DATA,XY,Property Damage Only,"(44.46879348, -73.18094347)"
7957,VT0040500,12CC06132,09/06/2012,44 South Park Drive,Colchester,NO DATA,NO DATA,NO DATA,NO DATA,Parking Lot,NO DATA,NO DATA,99,5 - Rear-to-rear,NO DATA,445826,222792,NO DATA,NO DATA,NO DATA,"Other Public Roadway (Rest Areas, Shopping Center",Unknown,999.99,NO DATA,XY,Property Damage Only,"(44.50333157, -73.18124481)"
7958,VT0040300,12SB010337,08/10/2012,1068 Williston Rd,South Burlington,NO DATA,NO DATA,NO DATA,NO DATA,"Holiday Inn, Entrance/exit",NO DATA,NO DATA,99,7 - Other - Explain in Narrative,NO DATA,445827,219016,NO DATA,NO DATA,NO DATA,Private Property (Driveways),Unknown,999.99,NO DATA,XY,Property Damage Only,"(44.46935209, -73.18083686)"
7966,VT0040500,12CC08685,12/26/2012,Mountain View Drive,Colchester,NO DATA,NO DATA,NO DATA,NO DATA,Shaw's Parking Lot,NO DATA,NO DATA,99,4 - Opp Direction Sideswipe,NO DATA,445841,223282,NO DATA,NO DATA,NO DATA,"Other Public Roadway (Rest Areas, Shopping Center",Unknown,999.99,NO DATA,XY,Property Damage Only,"(44.50774211, -73.18110754)"
7967,VT0040500,12CC06986,10/10/2012,74 South Park Drive,Colchester,NO DATA,NO DATA,NO DATA,NO DATA,Motel 6 / Mcdonalds Parking Lots,NO DATA,NO DATA,99,7 - Other - Explain in Narrative,NO DATA,445847,222739,NO DATA,NO DATA,NO DATA,"Other Public Roadway (Rest Areas, Shopping Center",Unknown,999.99,NO DATA,XY,Injury,"(44.50285621, -73.18097520)"
7968,VT0040500,12CC04085,06/20/2012,66 Mountain View Drive,Colchester,NO DATA,NO DATA,NO DATA,NO DATA,Shaw's,NO DATA,NO DATA,99,6 - Single Vehicle Crash,NO DATA,445848,223388,NO DATA,NO DATA,NO DATA,"Other Public Roadway (Rest Areas, Shopping Center",Unknown,999.99,NO DATA,XY,Property Damage Only,"(44.50869651, -73.18103062)"
7969,VT0040300,12SB07843,06/27/2012,222 Dorset St,South Burlington,NO DATA,NO DATA,NO DATA,NO DATA,NO DATA,NO DATA,NO DATA,99,3 - Same Direction Sideswipe,NO DATA,445851,218246,NO DATA,NO DATA,NO DATA,"Other Public Roadway (Rest Areas, Shopping Center",Unknown,999.99,NO DATA,XY,Property Damage Only,"(44.46242476, -73.18045475)"
7970,VT0040500,12CC04213,06/22/2012,3570 Roosevelt Highway,Colchester,NO DATA,NO DATA,7,NO DATA,Champlain Farm,NO DATA,NO DATA,99,7 - Other - Explain in Narrative,NO DATA,445853,222940,NO DATA,NO DATA,NO DATA,"Other Public Roadway (Rest Areas, Shopping Center",Unknown,999.99,NO DATA,XY,Property Damage Only,"(44.50466542, -73.18092081)"
7978,VT0040500,12CC04735,07/06/2012,44 S Park Drive,Colchester,NO DATA,NO DATA,NO DATA,NO DATA,NO DATA,NO DATA,NO DATA,30,5 - Rear-to-rear,NO DATA,445862,222803,NO DATA,NO DATA,NO DATA,"Other Public Roadway (Rest Areas, Shopping Center",Unknown,999.99,NO DATA,XY,Property Damage Only,"(44.50343326, -73.18079329)"
7979,VT0040500,12CC07890,11/09/2012,44 South Park Drive,Colchester,NO DATA,NO DATA,NO DATA,NO DATA,NO DATA,NO DATA,NO DATA,99,NO DATA,NO DATA,445863,222742,NO DATA,NO DATA,NO DATA,"Other Public Roadway (Rest Areas, Shopping Center",Unknown,999.99,NO DATA,XY,Property Damage Only,"(44.50288441, -73.18077433)"
7980,VT0040300,12SB01869,03/10/2012,2 Market Street,South Burlington,NO DATA,NO DATA,NO DATA,NO DATA,Judge Companies,NO DATA,NO DATA,25,7 - Other - Explain in Narrative,NO DATA,445870,218599,NO DATA,NO DATA,NO DATA,Street or Town Highways in FA Urban Area,Unknown,999.99,NO DATA,XY,Property Damage Only,"(44.46560278, -73.18025289)"
7981,VT0040300,12SB014998,11/08/2012,102 Dorset Street,South Burlington,NO DATA,NO DATA,NO DATA,NO DATA,Barnes & Noble,50,Feet,99,7 - Other - Explain in Narrative,East,445871,218719,NO DATA,NO DATA,NO DATA,"Other Public Roadway (Rest Areas, Shopping Center",Unknown,999.99,NO DATA,XY,Property Damage Only,"(44.46668272, -73.18025287)"
7982,VT0040500,12CC001056,02/12/2012,66 Mountain View Drive,Colchester,NO DATA,NO DATA,NO DATA,NO DATA,Shaw's Parking Lot,NO DATA,NO DATA,99,7 - Other - Explain in Narrative,NO DATA,445880,223299,NO DATA,NO DATA,NO DATA,"Other Public Roadway (Rest Areas, Shopping Center",Unknown,999.99,NO DATA,XY,Property Damage Only,"(44.50789801, -73.18061889)"
7990,VT0040300,12SB03061,04/21/2012,Ocean Avenue,South Burlington,NO DATA,NO DATA,NO DATA,NO DATA,Dorset Street,10,Feet,15,2 - Head On,NO DATA,445924,217422,NO DATA,NO DATA,NO DATA,Street or Town Highways in FA Urban Area,Unknown,999.99,NO DATA,XY,Property Damage Only,"(44.45501515, -73.17945147)"
7991,VT0040500,12CC07557,11/01/2012,39 Lower Mountain View Drive,Colchester,NO DATA,NO DATA,NO DATA,NO DATA,NO DATA,NO DATA,NO DATA,99,5 - Rear-to-rear,NO DATA,445929,223239,NO DATA,NO DATA,NO DATA,"Other Public Roadway (Rest Areas, Shopping Center",Unknown,999.99,NO DATA,XY,Property Damage Only,"(44.50736176, -73.17999643)"
7992,VT0040300,12SB00097,01/04/2012,4 Market Street,South Burlington,NO DATA,NO DATA,NO DATA,NO DATA,VT DMV,150,Feet,99,6 - Single Vehicle Crash,North,445932,218662,NO DATA,NO DATA,NO DATA,"Other Public Roadway (Rest Areas, Shopping Center",Unknown,999.99,NO DATA,XY,Property Damage Only,"(44.46617435, -73.17948037)"
7993,VT0040300,12SB006395,05/27/2012,222 Dorset Street,South Burlington,NO DATA,NO DATA,NO DATA,NO DATA,Healthy Living East Lot,NO DATA,NO DATA,99,4 - Opp Direction Sideswipe,NO DATA,445935,218302,NO DATA,NO DATA,NO DATA,"Other Public Roadway (Rest Areas, Shopping Center",Unknown,999.99,NO DATA,XY,Property Damage Only,"(44.46293498, -73.17940510)"
7994,VT0040300,2012SB1320,02/18/2012,150 Dorset Street,South Burlington,NO DATA,NO DATA,NO DATA,NO DATA,Blue Mall,NO DATA,NO DATA,15,5 - Rear-to-rear,NO DATA,445940,218507,NO DATA,NO DATA,NO DATA,"Other Public Roadway (Rest Areas, Shopping Center",Unknown,999.99,NO DATA,XY,Property Damage Only,"(44.46478012, -73.17936366)"
8002,VT0040500,12CC07354,10/24/2012,TH-55 Rathe Road,Colchester,NO DATA,NO DATA,NO DATA,NO DATA,Roosevelt Highway,NO DATA,NO DATA,30,1 - Rear End,NO DATA,445968,224026,NO DATA,NO DATA,NO DATA,Street or Town Highways in FA Urban Area,Unknown,999.99,NO DATA,XY,Property Damage Only,"(44.51444672, -73.17958830)"
8003,VT0040500,12CC03609,06/01/2012,414 Roosevelt Hwy,Colchester,NO DATA,NO DATA,7,NO DATA,Maplesfields Exit 16,NO DATA,NO DATA,99,"8 - No Turns, Thru moves only, Broadside ^<",NO DATA,445969,223302,NO DATA,NO DATA,NO DATA,"Other Public Roadway (Rest Areas, Shopping Center",Unknown,999.99,NO DATA,XY,Property Damage Only,"(44.50793167, -73.17950001)"
8004,VT0040500,12CC07668,11/06/2012,TH-25 Poor Farm Road,Colchester,NO DATA,NO DATA,NO DATA,NO DATA,Near 193 Poor Farm Road,NO DATA,NO DATA,30,3 - Same Direction Sideswipe,NO DATA,445970,226141,NO DATA,NO DATA,NO DATA,"City, Village or Urban Compact Street not in FA Ur",TOWN ROAD 0025,999.99,NO DATA,XY,Property Damage Only,"(44.53347927, -73.17978445)"
8005,VT0040500,12CC00475,01/24/2012,TH-117 (Lower Mountain View Dr),Colchester,117,NO DATA,NO DATA,NO DATA,Rear Entrance To Maplefields,NO DATA,NO DATA,30,"13 - Left Turns, Same Direction, Rear End v--v--",NO DATA,445974,223205,NO DATA,NO DATA,NO DATA,Street or Town Highways in FA Urban Area,Unknown,999.99,NO DATA,XY,Property Damage Only,"(44.50705916, -73.17942699)"
8006,VT0040500,12CC03948,06/15/2012,39 Lower Mtn View Dr,Colchester,NO DATA,NO DATA,NO DATA,NO DATA,North Country Federal Credit┬á Union,NO DATA,NO DATA,99,"11 - Left Turn and Thru, Head On ^v--",NO DATA,445975,223233,NO DATA,NO DATA,NO DATA,"Other Public Roadway (Rest Areas, Shopping Center",Unknown,999.99,NO DATA,XY,Property Damage Only,"(44.50731120, -73.17941735)"
8014,VT0040300,12SB02926,04/17/2012,400 Dorset Street,South Burlington,NO DATA,NO DATA,NO DATA,NO DATA,North Lot,NO DATA,NO DATA,99,NO DATA,NO DATA,446031,217657,NO DATA,NO DATA,NO DATA,"Other Public Roadway (Rest Areas, Shopping Center",Unknown,999.99,NO DATA,XY,Unknown,"(44.45713788, -73.17813161)"
8015,VT0040400,12WS00104,01/11/2012,181 Franklin Street,Winooski City,NO DATA,NO DATA,NO DATA,NO DATA,Parking Lot,200,Feet,25,3 - Same Direction Sideswipe,West,446032,222250,NO DATA,NO DATA,NO DATA,"Other Public Roadway (Rest Areas, Shopping Center",Unknown,999.99,NO DATA,XY,Property Damage Only,"(44.49846964, -73.17859794)"
8016,VT0040400,12WS02167,06/14/2012,181 Franklin Street #15,Winooski City,NO DATA,NO DATA,NO DATA,NO DATA,George Street,300,Feet,25,3 - Same Direction Sideswipe,East,446032,222250,NO DATA,NO DATA,NO DATA,"Other Public Roadway (Rest Areas, Shopping Center",Unknown,999.99,NO DATA,XY,Property Damage Only,"(44.49846964, -73.17859794)"
8017,VT0040300,12SB008699,07/10/2012,US-2 (1170 Williston Rd),South Burlington,NO DATA,NO DATA,NO DATA,NO DATA,NO DATA,NO DATA,NO DATA,35,1 - Rear End,West,446036,218913,NO DATA,NO DATA,NO DATA,State System (State Highways and Class I TH links),US-2,999.99,NO DATA,XY,Property Damage Only,"(44.46844083, -73.17819964)"
8018,VT0040300,12SB015315,11/13/2012,550 Dorset Street,South Burlington,NO DATA,NO DATA,NO DATA,NO DATA,South Burlington High School,1000,Feet,99,"8 - No Turns, Thru moves only, Broadside ^<",West,446036,217478,NO DATA,NO DATA,NO DATA,"Other Public Roadway (Rest Areas, Shopping Center",Unknown,999.99,NO DATA,XY,Property Damage Only,"(44.45552745, -73.17805015)"
8019,VT0040300,12SB015085,11/09/2012,550 Dorset Street,South Burlington,NO DATA,NO DATA,NO DATA,NO DATA,South Burlington High School,NO DATA,NO DATA,99,7 - Other - Explain in Narrative,NO DATA,446043,217508,NO DATA,NO DATA,NO DATA,"Other Public Roadway (Rest Areas, Shopping Center",Unknown,999.99,NO DATA,XY,Property Damage Only,"(44.45579794, -73.17796533)"
8026,VT0040500,12CC02281,04/12/2012,Lower Mountain View,Colchester,NO DATA,NO DATA,NO DATA,NO DATA,42 Lower Mountain View,NO DATA,NO DATA,25,"14 - Left Turn and Thru, Broadside v<--",NO DATA,446069,223144,NO DATA,NO DATA,NO DATA,"Other Public Roadway (Rest Areas, Shopping Center",Unknown,999.99,NO DATA,XY,Property Damage Only,"(44.50651734, -73.17822600)"
8027,VT0060100,12SA02612,05/26/2012,Min. C 0786 (732 Maquam Shore Rd),St. Albans Town,NO DATA,36,NO DATA,NO DATA,732 Maquam Shore Rd,0,Feet,40,7 - Other - Explain in Narrative,South,446079,261994,NO DATA,NO DATA,NO DATA,Minor Collector - Non Fed Aid Rural TH,MinCollector,999.99,NO DATA,XY,Property Damage Only,"(44.85611053, -73.18219056)"
8028,VT0040500,12CC05950,08/31/2012,Lower Mountain View Drive,Colchester,NO DATA,NO DATA,NO DATA,NO DATA,Roosevelt Highway,200,Feet,25,1 - Rear End,East,446097,223130,NO DATA,NO DATA,NO DATA,Street or Town Highways in FA Urban Area,Unknown,999.99,NO DATA,XY,Property Damage Only,"(44.50639344, -73.17787244)"
8029,VT0040400,12WS01939,05/31/2012,23 Manseau Street,Winooski City,NO DATA,NO DATA,NO DATA,NO DATA,East Allen Street,NO DATA,NO DATA,25,1 - Rear End,North,446114,221760,NO DATA,NO DATA,NO DATA,Street or Town Highways in FA Urban Area,Unknown,999.99,NO DATA,XY,Property Damage Only,"(44.49406634, -73.17751588)"
8030,VT0040500,12CC04176,06/24/2012,423 Oak Circle,Colchester,NO DATA,NO DATA,NO DATA,NO DATA,Sunderland Woods Road,0,Miles,25,7 - Other - Explain in Narrative,North,446128,224723,NO DATA,NO DATA,NO DATA,Street or Town Highways in FA Urban Area,Unknown,999.99,NO DATA,XY,Property Damage Only,"(44.52073083, -73.17764873)"
8038,VT0040400,12WS003878,08/16/2012,27 W Allen St,Winooski City,NO DATA,NO DATA,NO DATA,NO DATA,City Hall Lot,NO DATA,NO DATA,25,"19 - Right Turn and Thru, Head On v^--",NO DATA,446272,221570,NO DATA,NO DATA,NO DATA,"Other Public Roadway (Rest Areas, Shopping Center",Unknown,999.99,NO DATA,XY,Property Damage Only,"(44.49236833, -73.17550973)"
8039,VT0040300,12SB006701,06/02/2012,P5 Grandview Dr,South Burlington,NO DATA,NO DATA,NO DATA,NO DATA,NO DATA,NO DATA,NO DATA,10,5 - Rear-to-rear,NO DATA,446278,216934,NO DATA,NO DATA,NO DATA,"Other Public Roadway (Rest Areas, Shopping Center",Unknown,999.99,NO DATA,XY,Property Damage Only,"(44.45065007, -73.17495328)"
8040,VT0040300,12SB006712,06/03/2012,Williston Road,South Burlington,NO DATA,NO DATA,NO DATA,NO DATA,Dunkin Donuts,NO DATA,NO DATA,15,4 - Opp Direction Sideswipe,NO DATA,446278,218849,NO DATA,NO DATA,NO DATA,"Other Public Roadway (Rest Areas, Shopping Center",Unknown,999.99,NO DATA,XY,Property Damage Only,"(44.46788292, -73.17515185)"
8041,VT0040400,12WS01150,04/10/2012,7 Bruce Street,Winooski City,NO DATA,NO DATA,NO DATA,NO DATA,NO DATA,NO DATA,NO DATA,25,2 - Head On,NO DATA,446282,222006,NO DATA,NO DATA,NO DATA,Street or Town Highways in FA Urban Area,Unknown,999.99,NO DATA,XY,Property Damage Only,"(44.49629256, -73.17542930)"
8042,VT0040500,12CC06111,09/05/2012,218 Lower Mountain View Drive,Colchester,NO DATA,NO DATA,NO DATA,NO DATA,Lower Mountain View Drive,500,Feet,99,5 - Rear-to-rear,NO DATA,446283,222971,NO DATA,NO DATA,NO DATA,"Other Public Roadway (Rest Areas, Shopping Center",Unknown,999.99,NO DATA,XY,Property Damage Only,"(44.50497649, -73.17551699)"
8050,VT0040500,12CC01690,03/21/2012,218 Lower Mountain View Drive,Colchester,NO DATA,NO DATA,NO DATA,NO DATA,Costco Pk Lot,NO DATA,NO DATA,99,3 - Same Direction Sideswipe,NO DATA,446311,222946,NO DATA,NO DATA,NO DATA,"Other Public Roadway (Rest Areas, Shopping Center",Unknown,999.99,NO DATA,XY,Property Damage Only,"(44.50475360, -73.17516230)"
8051,VT0040500,12CC03955,06/15/2012,218 Lower Mtn View Dr,Colchester,NO DATA,NO DATA,NO DATA,NO DATA,Costco Parking Lot,NO DATA,NO DATA,99,5 - Rear-to-rear,NO DATA,446311,222946,NO DATA,NO DATA,NO DATA,"Other Public Roadway (Rest Areas, Shopping Center",Unknown,999.99,NO DATA,XY,Property Damage Only,"(44.50475360, -73.17516230)"
8052,VT0040500,12CC07829,11/09/2012,218 Lower Mountain View Drive,Colchester,NO DATA,NO DATA,NO DATA,NO DATA,NO DATA,NO DATA,NO DATA,25,7 - Other - Explain in Narrative,NO DATA,446315,222938,NO DATA,NO DATA,NO DATA,"Other Public Roadway (Rest Areas, Shopping Center",Unknown,999.99,NO DATA,XY,Property Damage Only,"(44.50468191, -73.17511118)"
8053,VT0110300,12CT01548,12/27/2012,Min. C 0596 East Hubbardton Road,Castleton,NO DATA,NO DATA,NO DATA,NO DATA,Frisbee HIll Road,NO DATA,NO DATA,30,6 - Single Vehicle Crash,South,446316,124377,NO DATA,NO DATA,NO DATA,Minor Collector - Non Fed Aid Rural TH,MinCollector,999.99,NO DATA,XY,Property Damage Only,"(43.61768049, -73.16509340)"
8054,VT0040300,12SB007758,06/25/2012,1250 Williston Road,South Burlington,NO DATA,NO DATA,NO DATA,NO DATA,Parking Lot,50,Feet,99,1 - Rear End,West,446319,218834,NO DATA,NO DATA,NO DATA,"Other Public Roadway (Rest Areas, Shopping Center",Unknown,999.99,NO DATA,XY,Property Damage Only,"(44.46775098, -73.17463506)"
8062,VT0040500,12CC05074,07/27/2012,218 Lower Mountain View Drive,Colchester,NO DATA,NO DATA,NO DATA,NO DATA,Costco,NO DATA,NO DATA,99,7 - Other - Explain in Narrative,South,446329,222927,NO DATA,NO DATA,NO DATA,"Other Public Roadway (Rest Areas, Shopping Center",Unknown,999.99,NO DATA,XY,Property Damage Only,"(44.50458397, -73.17493399)"
8063,VT0040500,12CC00108,01/06/2012,218 Lower Mountain View Drive,Colchester,NO DATA,NO DATA,NO DATA,NO DATA,NO DATA,NO DATA,NO DATA,99,"8 - No Turns, Thru moves only, Broadside ^<",NO DATA,446331,222955,NO DATA,NO DATA,NO DATA,"Other Public Roadway (Rest Areas, Shopping Center",Unknown,999.99,NO DATA,XY,Property Damage Only,"(44.50483608, -73.17491175)"
8064,VT0040500,12CC00185,01/10/2012,218 Lower Mtn View Dr,Colchester,NO DATA,NO DATA,NO DATA,NO DATA,Costco Parking Lot,NO DATA,NO DATA,25,7 - Other - Explain in Narrative,NO DATA,446333,222942,NO DATA,NO DATA,NO DATA,"Other Public Roadway (Rest Areas, Shopping Center",Unknown,999.99,NO DATA,XY,Property Damage Only,"(44.50471924, -73.17488525)"
8065,VT0040500,12CC00310,01/16/2012,218 Lower Mtn View Dr,Colchester,NO DATA,NO DATA,NO DATA,NO DATA,Costco Parking Lot,NO DATA,NO DATA,99,4 - Opp Direction Sideswipe,NO DATA,446333,222946,NO DATA,NO DATA,NO DATA,"Other Public Roadway (Rest Areas, Shopping Center",Unknown,999.99,NO DATA,XY,Property Damage Only,"(44.50475524, -73.17488566)"
8066,VT0040500,12CC06709,09/29/2012,218 Lower Mountain View Drive,Colchester,NO DATA,NO DATA,NO DATA,NO DATA,Coscto Parking Lot,NO DATA,NO DATA,99,"20 - Right Turn and Thru, Angle Broadside -->^--",NO DATA,446333,223013,NO DATA,NO DATA,NO DATA,"Other Public Roadway (Rest Areas, Shopping Center",Unknown,999.99,NO DATA,XY,Property Damage Only,"(44.50535816, -73.17489262)"
8067,VT0040500,12CC05330,08/06/2012,218 Lower Mountain View Drive,Colchester,NO DATA,NO DATA,NO DATA,NO DATA,Costco Parking Lot,NO DATA,NO DATA,25,7 - Other - Explain in Narrative,NO DATA,446340,222957,NO DATA,NO DATA,NO DATA,"Other Public Roadway (Rest Areas, Shopping Center",Unknown,999.99,NO DATA,XY,Property Damage Only,"(44.50485475, -73.17479878)"
8068,VT0040500,12CC03525,05/29/2012,218 Lower Mountain View,Colchester,NO DATA,NO DATA,NO DATA,NO DATA,Costco Wholesale,NO DATA,NO DATA,99,7 - Other - Explain in Narrative,NO DATA,446342,222946,NO DATA,NO DATA,NO DATA,"Other Public Roadway (Rest Areas, Shopping Center",Unknown,999.99,NO DATA,XY,Property Damage Only,"(44.50475591, -73.17477249)"
8069,VT0040500,12CC07061,10/13/2012,218 Lower Mountain View Drive,Colchester,NO DATA,NO DATA,NO DATA,NO DATA,NO DATA,NO DATA,NO DATA,99,7 - Other - Explain in Narrative,NO DATA,446344,222913,NO DATA,NO DATA,NO DATA,"Other Public Roadway (Rest Areas, Shopping Center",Unknown,999.99,NO DATA,XY,Property Damage Only,"(44.50445910, -73.17474392)"