ID,Reporting Agency,Report Number,Date,Street Address,Town,Number,Number1,Number2,Number3,Intersection,Distance From Intersection,Distance Unit,Posted Speed,Direction of Collision,Direction from Intersection,Easting,Northing,Mile Marker,Mile Marker 1,Mile Marker 2,AOT Roadway,AOT Route,AOT Actual Mile,LRS Number,How Mapped,Crash Type,Location 1
8375,VT0040200,12ES03331,06/13/2012,74 Pearl St,Essex,NO DATA,NO DATA,NO DATA,NO DATA,Parking Lot,NO DATA,NO DATA,99,7 - Other - Explain in Narrative,NO DATA,450753,221683,NO DATA,NO DATA,NO DATA,"Other Public Roadway (Rest Areas, Shopping Center",Unknown,999.99,NO DATA,XY,Property Damage Only,"(44.49370451, -73.11918543)"
8376,VT0060100,12SA00174,01/11/2012,TH-14 Kellogg Road,St. Albans Town,NO DATA,NO DATA,NO DATA,NO DATA,Lake Road,1,Miles,40,2 - Head On,South,450753,258815,NO DATA,NO DATA,NO DATA,"City, Village or Urban Compact Street not in FA Ur",TOWN ROAD 0014,999.99,NO DATA,XY,Injury,"(44.82784263, -73.12275218)"
8377,VT0040200,12ES03245,06/09/2012,72 Pearl St,Essex,NO DATA,NO DATA,NO DATA,NO DATA,NO DATA,NO DATA,NO DATA,99,1 - Rear End,NO DATA,450754,221675,NO DATA,NO DATA,NO DATA,"Other Public Roadway (Rest Areas, Shopping Center",Unknown,999.99,NO DATA,XY,Property Damage Only,"(44.49363259, -73.11917210)"
8378,VT0040200,12ES06071,10/08/2012,74 Pearl St,Essex,NO DATA,NO DATA,NO DATA,NO DATA,Big Lots Parking Lot,NO DATA,NO DATA,99,1 - Rear End,NO DATA,450760,221682,NO DATA,NO DATA,NO DATA,"Other Public Roadway (Rest Areas, Shopping Center",Unknown,999.99,NO DATA,XY,Property Damage Only,"(44.49369599, -73.11909733)"
8386,VT0040600,12MT05143,12/24/2012,201 US Route 7,Milton,NO DATA,NO DATA,NO DATA,NO DATA,Parking Lot By Rite Aid,NO DATA,NO DATA,25,1 - Rear End,West,450804,236300,NO DATA,NO DATA,NO DATA,"Other Public Roadway (Rest Areas, Shopping Center",Unknown,999.99,NO DATA,XY,Property Damage Only,"(44.62524374, -73.11993945)"
8387,VT0041000,12WT02998,08/30/2012,64 Harvest Lane,Williston,NO DATA,NO DATA,NO DATA,NO DATA,Harvest Equipment,60,Feet,30,6 - Single Vehicle Crash,South,450816,217013,NO DATA,NO DATA,NO DATA,Street or Town Highways in FA Urban Area,Unknown,999.99,NO DATA,XY,Property Damage Only,"(44.45168367, -73.11794974)"
8388,VT0040600,12MT04818,11/29/2012,TH-5 East Road,Milton,NO DATA,NO DATA,NO DATA,NO DATA,Railroad Trestle,NO DATA,NO DATA,40,2 - Head On,North,450832,231919,NO DATA,NO DATA,NO DATA,"City, Village or Urban Compact Street not in FA Ur",TOWN ROAD 0005,999.99,NO DATA,XY,Injury,"(44.58582214, -73.11916770)"
8389,VT0040200,12ES05906,09/28/2012,9 ORCHARD TERR,Essex,NO DATA,NO DATA,NO DATA,NO DATA,NO DATA,NO DATA,NO DATA,25,3 - Same Direction Sideswipe,NO DATA,450840,220958,NO DATA,NO DATA,NO DATA,Street or Town Highways in FA Urban Area,Unknown,999.99,NO DATA,XY,Property Damage Only,"(44.48718621, -73.11802274)"
8390,VTVSP0700,12A202912,07/06/2012,TH-54 (227 Fontaine Drive),Georgia,NO DATA,NO DATA,NO DATA,NO DATA,NO DATA,NO DATA,NO DATA,35,6 - Single Vehicle Crash,NO DATA,450843,244122,NO DATA,NO DATA,NO DATA,"City, Village or Urban Compact Street not in FA Ur",TOWN ROAD 0054,999.99,NO DATA,XY,Injury,"(44.69563392, -73.12019798)"
8391,VT0040600,12MT01377,04/12/2012,209 US Route 7,Milton,NO DATA,NO DATA,NO DATA,NO DATA,In Parking Lot,NO DATA,NO DATA,35,3 - Same Direction Sideswipe,NO DATA,450845,236239,NO DATA,NO DATA,NO DATA,"Other Public Roadway (Rest Areas, Shopping Center",Unknown,999.99,NO DATA,XY,Property Damage Only,"(44.62469762, -73.11941699)"
8399,VT0040200,12ES01323,03/12/2012,Pinecrest Dr,Essex,NO DATA,NO DATA,NO DATA,NO DATA,Colchester Rd,140,Feet,30,6 - Single Vehicle Crash,West,450868,223161,NO DATA,NO DATA,NO DATA,Street or Town Highways in FA Urban Area,Unknown,999.99,NO DATA,XY,Property Damage Only,"(44.50701274, -73.11788008)"
8400,VT0041000,12WT03826,11/08/2012,144 Harvest Lane,Williston,NO DATA,NO DATA,NO DATA,NO DATA,NEFCU Parking Lot,5,Feet,10,1 - Rear End,North,450884,216989,NO DATA,NO DATA,NO DATA,"Other Public Roadway (Rest Areas, Shopping Center",Unknown,999.99,NO DATA,XY,Property Damage Only,"(44.45147231, -73.11709316)"
8401,VT0040600,12MT02583,07/02/2012,209 US Route 7 South,Milton,NO DATA,NO DATA,NO DATA,NO DATA,Hannaford Parking Lot,NO DATA,NO DATA,50,7 - Other - Explain in Narrative,NO DATA,450887,236278,70,410,400,"Other Public Roadway (Rest Areas, Shopping Center",Unknown,999.99,NO DATA,XY,Property Damage Only,"(44.62505144, -73.11889149)"
8402,VT0040200,12ES06682,11/08/2012,106 PEARL ST,Essex,NO DATA,NO DATA,NO DATA,NO DATA,NO DATA,NO DATA,NO DATA,99,4 - Opp Direction Sideswipe,NO DATA,450889,272263,NO DATA,NO DATA,NO DATA,"Other Public Roadway (Rest Areas, Shopping Center",Unknown,999.99,NO DATA,XY,Injury,"(44.94886107, -73.12233604)"
8403,VT0040200,12ES00575,01/30/2012,Southview,Essex,NO DATA,NO DATA,NO DATA,NO DATA,South St,NO DATA,NO DATA,25,"8 - No Turns, Thru moves only, Broadside ^<",NO DATA,450892,220864,NO DATA,NO DATA,NO DATA,Street or Town Highways in FA Urban Area,Unknown,999.99,NO DATA,XY,Property Damage Only,"(44.48634385, -73.11736013)"
8404,VT0041000,12WT00023,01/02/2012,7928 Williston Road,Williston,NO DATA,NO DATA,NO DATA,NO DATA,Marshalls Parking Lot/Marshall Avenue,NO DATA,NO DATA,99,3 - Same Direction Sideswipe,NO DATA,450897,216270,NO DATA,NO DATA,NO DATA,"Other Public Roadway (Rest Areas, Shopping Center",Unknown,999.99,NO DATA,XY,Property Damage Only,"(44.44500291, -73.11686173)"
8411,VT0040200,12ES00088,01/05/2012,S SUMMIT ST,Essex,NO DATA,NO DATA,NO DATA,NO DATA,CHERRY ST,NO DATA,NO DATA,25,"8 - No Turns, Thru moves only, Broadside ^<",NO DATA,450964,221400,NO DATA,NO DATA,NO DATA,Street or Town Highways in FA Urban Area,Unknown,999.99,NO DATA,XY,Property Damage Only,"(44.49117217, -73.11650584)"
8412,VT0041000,12WT04462,12/13/2012,115 Trader Lane,Williston,NO DATA,NO DATA,NO DATA,NO DATA,Bed Bath And Beyond,5,Feet,10,5 - Rear-to-rear,North,450988,216359,NO DATA,NO DATA,NO DATA,"Other Public Roadway (Rest Areas, Shopping Center",Unknown,999.99,NO DATA,XY,Property Damage Only,"(44.44580999, -73.11572701)"
8413,VT0041000,12WT02870,08/22/2012,115 Trader Lane,Williston,NO DATA,NO DATA,NO DATA,NO DATA,Bed Bath Beyond Parking Lot,50,Feet,99,3 - Same Direction Sideswipe,South,450989,216352,NO DATA,NO DATA,NO DATA,"Other Public Roadway (Rest Areas, Shopping Center",Unknown,999.99,NO DATA,XY,Property Damage Only,"(44.44574706, -73.11571379)"
8414,VT0060100,12SA00915,02/23/2012,TH-34 (1290 Bronson Rd),St. Albans Town,NO DATA,NO DATA,NO DATA,NO DATA,Nason Street,1,Miles,40,6 - Single Vehicle Crash,South,451011,254990,NO DATA,NO DATA,NO DATA,"City, Village or Urban Compact Street not in FA Ur",TOWN ROAD 0034,999.99,NO DATA,XY,Injury,"(44.79344141, -73.11912149)"
8415,VT0040200,12ES04087,07/15/2012,RIVER ST,Essex,NO DATA,NO DATA,NO DATA,NO DATA,MILL ST,NO DATA,NO DATA,25,"14 - Left Turn and Thru, Broadside v<--",NO DATA,451012,179260,NO DATA,NO DATA,NO DATA,Street or Town Highways in FA Urban Area,Unknown,999.99,NO DATA,XY,Property Damage Only,"(44.11194758, -73.11195030)"
8423,VT0041000,12WT00398,02/07/2012,2939 St. George Road,Williston,NO DATA,NO DATA,NO DATA,NO DATA,NO DATA,NO DATA,NO DATA,10,"8 - No Turns, Thru moves only, Broadside ^<",NO DATA,451099,215799,NO DATA,NO DATA,NO DATA,"Other Public Roadway (Rest Areas, Shopping Center",Unknown,999.99,NO DATA,XY,Property Damage Only,"(44.44077805, -73.11427982)"
8424,VT0041000,12WT01644,05/25/2012,78 Marshall Avenue,Williston,NO DATA,NO DATA,NO DATA,NO DATA,Hannaford Parking Lot,10,Feet,10,7 - Other - Explain in Narrative,South,451099,216341,NO DATA,NO DATA,NO DATA,"Other Public Roadway (Rest Areas, Shopping Center",Unknown,999.99,NO DATA,XY,Property Damage Only,"(44.44565552, -73.11433093)"
8425,VT0041000,12WT00272,01/26/2012,2939 St. George Road,Williston,NO DATA,2A,NO DATA,NO DATA,Clark's Sunoco,25,Feet,10,7 - Other - Explain in Narrative,South,451110,215756,NO DATA,NO DATA,NO DATA,"Other Public Roadway (Rest Areas, Shopping Center",Unknown,999.99,NO DATA,XY,Property Damage Only,"(44.44039184, -73.11413759)"
8426,VT0041000,12WT03565,10/08/2012,78 Marshall Ave,Williston,NO DATA,NO DATA,NO DATA,NO DATA,Hannaford's Supermarket,150,Feet,99,6 - Single Vehicle Crash,North,451115,216426,NO DATA,NO DATA,NO DATA,"Other Public Roadway (Rest Areas, Shopping Center",Unknown,999.99,NO DATA,XY,Property Damage Only,"(44.44642151, -73.11413795)"
8427,VT0041000,12WT00552,02/21/2012,James Brown Drive,Williston,NO DATA,NO DATA,NO DATA,NO DATA,Wentworth Street,NO DATA,NO DATA,25,"18 - Right Turn and Thru, Broadside ^<--",NO DATA,451123,219653,NO DATA,NO DATA,NO DATA,Street or Town Highways in FA Urban Area,Unknown,999.99,NO DATA,XY,Property Damage Only,"(44.47546177, -73.11434192)"
8435,VT0040600,12MT01183,03/31/2012,105 River St.,Milton,NO DATA,NO DATA,NO DATA,NO DATA,Rene's Deli Parking Lot,NO DATA,NO DATA,25,7 - Other - Explain in Narrative,NO DATA,451192,237085,70,410,448,"Other Public Roadway (Rest Areas, Shopping Center",Unknown,999.99,NO DATA,XY,Property Damage Only,"(44.63233416, -73.11512500)"
8436,VT0041000,12WT00097,01/09/2012,225 Interstate Corporate Ctr,Williston,NO DATA,NO DATA,NO DATA,NO DATA,NO DATA,NO DATA,NO DATA,99,"8 - No Turns, Thru moves only, Broadside ^<",NO DATA,451195,216758,NO DATA,NO DATA,NO DATA,"Other Public Roadway (Rest Areas, Shopping Center",Unknown,999.99,NO DATA,XY,Property Damage Only,"(44.44941458, -73.11316424)"
8437,VT0040600,12MT02377,06/19/2012,89 US Route 7 N,Milton,NO DATA,NO DATA,7,NO DATA,Lake Road,20,Feet,40,5 - Rear-to-rear,North,451234,239245,70,410,590,"Other Public Roadway (Rest Areas, Shopping Center",Unknown,999.99,NO DATA,XY,Property Damage Only,"(44.65177420, -73.11480096)"
8438,VTVSP0600,12C200705,03/19/2012,Min. C 0627 (2303 Fern Lake Road),Leicester,2,NO DATA,NO DATA,NO DATA,US RT 7,25,Feet,40,3 - Same Direction Sideswipe,East,451238,151905,NO DATA,NO DATA,NO DATA,Minor Collector - Non Fed Aid Rural TH,MinCollector,999.99,NO DATA,XY,Injury,"(43.86577473, -73.10661466)"
8439,VT0060100,12SA05880,11/07/2012,TH-34 (1529 Bronson Rd),St. Albans Town,NO DATA,NO DATA,NO DATA,NO DATA,Brooks Farm,0,Miles,40,6 - Single Vehicle Crash,South,451252,255439,NO DATA,NO DATA,NO DATA,"City, Village or Urban Compact Street not in FA Ur",TOWN ROAD 0034,999.99,NO DATA,XY,Property Damage Only,"(44.79749818, -73.11611892)"
8440,VT0041000,12WT00522,02/18/2012,Maple Tree Place,Williston,NO DATA,NO DATA,NO DATA,NO DATA,Saint George Road,10,Feet,25,1 - Rear End,East,451279,216181,NO DATA,NO DATA,NO DATA,Street or Town Highways in FA Urban Area,Unknown,999.99,NO DATA,XY,Property Damage Only,"(44.44422781, -73.11205473)"
8441,VTVSP0900,12C302285,08/01/2012,TH-2 (23 Church Street),Dorset,2,NO DATA,NO DATA,NO DATA,VT RT 30,100,Feet,25,6 - Single Vehicle Crash,East,451309,83983,NO DATA,NO DATA,NO DATA,"City, Village or Urban Compact Street not in FA Ur",TOWN ROAD 0002,999.99,NO DATA,XY,Property Damage Only,"(43.25445234, -73.09963760)"
8442,VT0040200,12ES00317,01/18/2012,LINCOLN TER,Essex,NO DATA,NO DATA,NO DATA,NO DATA,SCHOOL ST,NO DATA,NO DATA,25,1 - Rear End,NO DATA,451316,221529,NO DATA,NO DATA,NO DATA,Street or Town Highways in FA Urban Area,Unknown,999.99,NO DATA,XY,Property Damage Only,"(44.49235683, -73.11209272)"
8443,VT0040200,12ES06230,10/16/2012,28 LINCOLN ST,Essex,NO DATA,NO DATA,NO DATA,NO DATA,PARKING LOT,NO DATA,NO DATA,99,3 - Same Direction Sideswipe,NO DATA,451320,221646,NO DATA,NO DATA,NO DATA,"Other Public Roadway (Rest Areas, Shopping Center",Unknown,999.99,NO DATA,XY,Property Damage Only,"(44.49340998, -73.11205345)"
8444,VT0041000,12WT00579,02/24/2012,100 Interstate Corporate Center,Williston,NO DATA,NO DATA,NO DATA,NO DATA,Key Bank Parking Lot,NO DATA,NO DATA,99,7 - Other - Explain in Narrative,NO DATA,451324,216739,NO DATA,NO DATA,NO DATA,"Other Public Roadway (Rest Areas, Shopping Center",Unknown,999.99,NO DATA,XY,Property Damage Only,"(44.44925229, -73.11154185)"
8445,VT0040200,12ES01656,03/28/2012,2 LINCOLN ST,Essex,NO DATA,NO DATA,NO DATA,NO DATA,Vilages Office Pk Lot,NO DATA,NO DATA,99,2 - Head On,NO DATA,451327,221416,NO DATA,NO DATA,NO DATA,"Other Public Roadway (Rest Areas, Shopping Center",Unknown,999.99,NO DATA,XY,Property Damage Only,"(44.49134069, -73.11194380)"
8446,VT0041000,12WT03441,09/28/2012,1325 Maple Tree Place,Williston,NO DATA,NO DATA,NO DATA,NO DATA,Dick's Sporting Goods Parking Lot,NO DATA,NO DATA,99,7 - Other - Explain in Narrative,West,451331,216090,NO DATA,NO DATA,NO DATA,"Other Public Roadway (Rest Areas, Shopping Center",Unknown,999.99,NO DATA,XY,Property Damage Only,"(44.44341240, -73.11139298)"
8447,VT0041000,12WT00656,03/02/2012,100 Cypress Street,Williston,NO DATA,NO DATA,NO DATA,NO DATA,Christmas Tree Shop Parking Lot,NO DATA,NO DATA,99,1 - Rear End,NO DATA,451336,216280,NO DATA,NO DATA,NO DATA,"Other Public Roadway (Rest Areas, Shopping Center",Unknown,999.99,NO DATA,XY,Property Damage Only,"(44.44512255, -73.11134801)"
8448,VT0041000,12WT03603,10/11/2012,1375 Maple Tree Place,Williston,NO DATA,NO DATA,NO DATA,NO DATA,NO DATA,NO DATA,NO DATA,20,6 - Single Vehicle Crash,NO DATA,451340,216102,NO DATA,NO DATA,NO DATA,"Other Public Roadway (Rest Areas, Shopping Center",Unknown,999.99,NO DATA,XY,Injury,"(44.44352099, -73.11128106)"
8449,VT0041000,12WT04237,11/28/2012,Hawthorne Street,Williston,NO DATA,NO DATA,NO DATA,NO DATA,Cypress Street,10,Feet,25,"8 - No Turns, Thru moves only, Broadside ^<",South,451340,216235,NO DATA,NO DATA,NO DATA,Street or Town Highways in FA Urban Area,Unknown,999.99,NO DATA,XY,Property Damage Only,"(44.44471786, -73.11129354)"
8450,VT0041000,12WT01830,06/09/2012,Maple Tree Place,Williston,NO DATA,NO DATA,NO DATA,NO DATA,Juniper Lane,50,Feet,25,3 - Same Direction Sideswipe,West,451344,216138,NO DATA,NO DATA,NO DATA,Street or Town Highways in FA Urban Area,Unknown,999.99,NO DATA,XY,Property Damage Only,"(44.44384523, -73.11123419)"
8451,VT0041000,12WT01796,06/06/2012,1355 Maple Tree Place,Williston,NO DATA,NO DATA,NO DATA,NO DATA,NO DATA,NO DATA,NO DATA,10,7 - Other - Explain in Narrative,NO DATA,451359,216104,NO DATA,NO DATA,NO DATA,"Other Public Roadway (Rest Areas, Shopping Center",Unknown,999.99,NO DATA,XY,Property Damage Only,"(44.44354027, -73.11104257)"
8459,VT0040200,12ES00424,01/22/2012,2 Park St,Essex,NO DATA,NO DATA,NO DATA,NO DATA,NO DATA,NO DATA,NO DATA,99,1 - Rear End,East,451390,221307,NO DATA,NO DATA,NO DATA,"Other Public Roadway (Rest Areas, Shopping Center",Unknown,999.99,NO DATA,XY,Property Damage Only,"(44.49036405, -73.11114153)"
8460,VT0041000,12WT00710,03/07/2012,7928 Williston Road,Williston,NO DATA,NO DATA,NO DATA,NO DATA,400 Corner Stone Drive Parking Lot,NO DATA,NO DATA,99,4 - Opp Direction Sideswipe,NO DATA,451393,216804,NO DATA,NO DATA,NO DATA,"Other Public Roadway (Rest Areas, Shopping Center",Unknown,999.99,NO DATA,XY,Property Damage Only,"(44.44984186, -73.11068111)"
8461,VT0041000,12WT02281,07/12/2012,30 Hawthorne Street,Williston,NO DATA,NO DATA,NO DATA,NO DATA,Starbucks Parking Lot,5,Feet,10,7 - Other - Explain in Narrative,North,451394,216419,NO DATA,NO DATA,NO DATA,"Other Public Roadway (Rest Areas, Shopping Center",Unknown,999.99,NO DATA,XY,Property Damage Only,"(44.44637731, -73.11063245)"
8462,VT0041000,12WT01761,06/02/2012,7928 Williston Road,Williston,NO DATA,NO DATA,NO DATA,NO DATA,Dicks Parking Lot,NO DATA,NO DATA,99,7 - Other - Explain in Narrative,NO DATA,451397,216320,NO DATA,NO DATA,NO DATA,"Other Public Roadway (Rest Areas, Shopping Center",Unknown,999.99,NO DATA,XY,Property Damage Only,"(44.44548661, -73.11058548)"
8463,VT0041000,12WT02916,08/25/2012,16 Taft Corners Shopping Center,Williston,NO DATA,NO DATA,NO DATA,NO DATA,NO DATA,NO DATA,NO DATA,99,5 - Rear-to-rear,NO DATA,451398,216839,NO DATA,NO DATA,NO DATA,"Other Public Roadway (Rest Areas, Shopping Center",Unknown,999.99,NO DATA,XY,Property Damage Only,"(44.45015716, -73.11062158)"
8471,VT0040600,12MT02991,07/30/2012,TH-50 (43 McMullen Road),Milton,NO DATA,NO DATA,NO DATA,NO DATA,43 McMullen Road,500,Feet,30,3 - Same Direction Sideswipe,North,451444,235988,NO DATA,NO DATA,NO DATA,"City, Village or Urban Compact Street not in FA Ur",TOWN ROAD 0050,999.99,NO DATA,XY,Property Damage Only,"(44.62247962, -73.11184553)"
8472,VT0041000,12WT00850,03/19/2012,7828 Williston Road,Williston,NO DATA,NO DATA,NO DATA,NO DATA,Old Navy Parking Lot,NO DATA,NO DATA,99,1 - Rear End,NO DATA,451444,216225,NO DATA,NO DATA,NO DATA,"Other Public Roadway (Rest Areas, Shopping Center",Unknown,999.99,NO DATA,XY,Property Damage Only,"(44.44463486, -73.10998617)"
8473,VT0040200,12ES00513,01/26/2012,4 Central St,Essex,NO DATA,NO DATA,NO DATA,NO DATA,Railroad Ave,NO DATA,NO DATA,25,"11 - Left Turn and Thru, Head On ^v--",NO DATA,451446,221572,NO DATA,NO DATA,NO DATA,Street or Town Highways in FA Urban Area,Unknown,999.99,NO DATA,XY,Property Damage Only,"(44.49275253, -73.11046239)"
8474,VT0041000,12WT03623,10/24/2012,32 Taft Corners Shopping Plaza,Williston,NO DATA,NO DATA,NO DATA,NO DATA,Essex Road,100,Feet,10,5 - Rear-to-rear,East,451449,216887,NO DATA,NO DATA,NO DATA,"Other Public Roadway (Rest Areas, Shopping Center",Unknown,999.99,NO DATA,XY,Property Damage Only,"(44.45059254, -73.10998536)"
8475,VT0041000,12WT01994,06/22/2012,21 Taft Corners Plaza,Williston,NO DATA,NO DATA,NO DATA,NO DATA,Parking Lot,200,Feet,10,5 - Rear-to-rear,East,451452,216876,NO DATA,NO DATA,NO DATA,"Other Public Roadway (Rest Areas, Shopping Center",Unknown,999.99,NO DATA,XY,Property Damage Only,"(44.45049375, -73.10994664)"
8476,VT0041000,12WT00585,02/24/2012,133 Stirup Circle,Williston,NO DATA,NO DATA,NO DATA,NO DATA,Morgan Parkway,300,Feet,25,6 - Single Vehicle Crash,South,451457,219337,NO DATA,NO DATA,NO DATA,Street or Town Highways in FA Urban Area,Unknown,999.99,NO DATA,XY,Property Damage Only,"(44.47264060, -73.11011444)"
8484,VTVSP0700,12A202132,05/22/2012,TH-6 Ballard Road,Georgia,NO DATA,NO DATA,NO DATA,NO DATA,Ethan Allen Highgway,0,Miles,35,3 - Same Direction Sideswipe,West,451517,243645,NO DATA,NO DATA,NO DATA,"City, Village or Urban Compact Street not in FA Ur",TOWN ROAD 0006,999.99,NO DATA,XY,Injury,"(44.69138743, -73.11164966)"
8485,VT0040600,12MT05046,12/17/2012,TH-5 East Road (South Of McMullen)_,Milton,NO DATA,NO DATA,NO DATA,NO DATA,McMullen Road,NO DATA,NO DATA,40,6 - Single Vehicle Crash,South,451524,242596,NO DATA,NO DATA,NO DATA,"City, Village or Urban Compact Street not in FA Ur",TOWN ROAD 0005,999.99,NO DATA,XY,Property Damage Only,"(44.68194834, -73.11146203)"
8486,VT0040200,12ES07283,12/08/2012,9 FULLER PL; 305,Essex,NO DATA,NO DATA,NO DATA,NO DATA,NO DATA,NO DATA,NO DATA,99,7 - Other - Explain in Narrative,NO DATA,451526,220824,NO DATA,NO DATA,NO DATA,"Other Public Roadway (Rest Areas, Shopping Center",Unknown,999.99,NO DATA,XY,Property Damage Only,"(44.48602669, -73.10938653)"
8487,VT0041000,12WT04082,11/15/2012,Sycamore Street,Williston,NO DATA,NO DATA,NO DATA,NO DATA,Walnut Street,100,Feet,25,"10 - Left Turn and Thru, Angle Broadside -->v--",South,451532,216268,NO DATA,NO DATA,NO DATA,Street or Town Highways in FA Urban Area,Unknown,999.99,NO DATA,XY,Property Damage Only,"(44.44502771, -73.10888475)"
8488,VT0040200,12ES00286,01/16/2012,Jackson St,Essex,NO DATA,NO DATA,NO DATA,NO DATA,Elm St,NO DATA,NO DATA,25,2 - Head On,NO DATA,451537,221067,NO DATA,NO DATA,NO DATA,Street or Town Highways in FA Urban Area,Unknown,999.99,NO DATA,XY,Property Damage Only,"(44.48821417, -73.10927102)"
8489,VT0041000,12WT03738,10/21/2012,Sycamore Street,Williston,NO DATA,NO DATA,NO DATA,NO DATA,Walnut Street,NO DATA,Feet,25,1 - Rear End,NO DATA,451548,216294,NO DATA,NO DATA,NO DATA,Street or Town Highways in FA Urban Area,Unknown,999.99,NO DATA,XY,Property Damage Only,"(44.44526276, -73.10868619)"
8497,VT0041000,12WT01929,06/18/2012,166 Sycamore Street,Williston,NO DATA,NO DATA,NO DATA,NO DATA,Parking Lot,15,Feet,99,1 - Rear End,South,451599,216362,NO DATA,NO DATA,NO DATA,"Other Public Roadway (Rest Areas, Shopping Center",Unknown,999.99,NO DATA,XY,Property Damage Only,"(44.44587811, -73.10805188)"
8498,VT0040200,12ES05816,09/25/2012,2 EDUCATIONAL DR,Essex,NO DATA,NO DATA,NO DATA,NO DATA,NO DATA,NO DATA,NO DATA,99,4 - Opp Direction Sideswipe,NO DATA,451607,222071,NO DATA,NO DATA,NO DATA,"Other Public Roadway (Rest Areas, Shopping Center",Unknown,999.99,NO DATA,XY,Property Damage Only,"(44.49725380, -73.10848498)"
8499,VT0041000,12WT03814,10/25/2012,Maple Tree Place,Williston,NO DATA,NO DATA,NO DATA,NO DATA,Walnut Street,NO DATA,NO DATA,25,"10 - Left Turn and Thru, Angle Broadside -->v--",NO DATA,451617,216267,NO DATA,NO DATA,NO DATA,Street or Town Highways in FA Urban Area,Unknown,999.99,NO DATA,XY,Property Damage Only,"(44.44502440, -73.10781690)"
8500,VT0041000,12WT04549,12/20/2012,Conner Way,Williston,NO DATA,NO DATA,NO DATA,NO DATA,Maple Tree Place,NO DATA,NO DATA,10,"8 - No Turns, Thru moves only, Broadside ^<",West,451618,216369,NO DATA,NO DATA,NO DATA,Street or Town Highways in FA Urban Area,Unknown,999.99,NO DATA,XY,Property Damage Only,"(44.44594237, -73.10781386)"
8501,VT0040200,12ES06669,11/07/2012,2 Educational Dr,Essex,NO DATA,NO DATA,NO DATA,NO DATA,Old Colchester Rd,500,Feet,99,1 - Rear End,NO DATA,451623,221964,NO DATA,NO DATA,NO DATA,"Other Public Roadway (Rest Areas, Shopping Center",Unknown,999.99,NO DATA,XY,Property Damage Only,"(44.49629199, -73.10827380)"
8509,VT0041000,12WT02588,08/03/2012,58 CHELSEA PLACE,Williston,NO DATA,NO DATA,NO DATA,NO DATA,NO DATA,NO DATA,NO DATA,10,3 - Same Direction Sideswipe,NO DATA,451687,217389,NO DATA,NO DATA,NO DATA,Street or Town Highways in FA Urban Area,Unknown,999.99,NO DATA,XY,Property Damage Only,"(44.45512597, -73.10704215)"
8510,VT0040200,12ES01045,02/23/2012,1000 RIVER ST,Essex,NO DATA,NO DATA,NO DATA,NO DATA,PARKING LOT BUILDING 973,NO DATA,NO DATA,99,1 - Rear End,NO DATA,451700,221560,NO DATA,NO DATA,NO DATA,"Other Public Roadway (Rest Areas, Shopping Center",Unknown,999.99,NO DATA,XY,Property Damage Only,"(44.49266157, -73.10726795)"
8511,VT0041000,12WT02062,06/27/2012,Maple Tree Place,Williston,NO DATA,NO DATA,NO DATA,NO DATA,Shaw's Parking Lot/ Intersection MTP,NO DATA,NO DATA,25,"10 - Left Turn and Thru, Angle Broadside -->v--",NO DATA,451700,216468,NO DATA,NO DATA,NO DATA,"Other Public Roadway (Rest Areas, Shopping Center",Unknown,999.99,NO DATA,XY,Property Damage Only,"(44.44683875, -73.10679299)"
8512,VTVSP0600,12C202690,09/01/2012,TH-30 Cove Road,New Haven,35,NO DATA,NO DATA,NO DATA,Vt Rt 116,0,Miles,50,6 - Single Vehicle Crash,West,451720,176925,NO DATA,NO DATA,NO DATA,"City, Village or Urban Compact Street not in FA Ur",TOWN ROAD 0030,999.99,NO DATA,XY,Injury,"(44.09098061, -73.10289298)"
8513,VT0060300,12SW00886,07/26/2012,First Street,Swanton,NO DATA,NO DATA,NO DATA,NO DATA,Hannafords Parking Lot,NO DATA,NO DATA,30,"9 - Left and Right Turns, Simultaneous Turn Crash --vv--",NO DATA,451731,269286,NO DATA,NO DATA,NO DATA,"Other Public Roadway (Rest Areas, Shopping Center",Unknown,999.99,NO DATA,XY,Property Damage Only,"(44.92213096, -73.11138251)"
8514,VT0041000,12WT04604,12/24/2012,Maple Tree Place,Williston,NO DATA,NO DATA,NO DATA,NO DATA,Williston RD,10,Feet,25,1 - Rear End,South,451735,216534,NO DATA,NO DATA,NO DATA,Street or Town Highways in FA Urban Area,Unknown,999.99,NO DATA,XY,Property Damage Only,"(44.44743502, -73.10635945)"
8522,VT0040200,12ES07683,12/28/2012,1000 RIVER RD,Essex,NO DATA,NO DATA,NO DATA,NO DATA,WEST PARKING LOT,NO DATA,NO DATA,99,3 - Same Direction Sideswipe,West,451857,220341,NO DATA,NO DATA,NO DATA,"Other Public Roadway (Rest Areas, Shopping Center",Unknown,999.99,NO DATA,XY,Property Damage Only,"(44.48170232, -73.10518070)"
8523,VTVSP0600,12C202847,09/16/2012,664 Ferson Road,Leicester,NO DATA,NO DATA,NO DATA,NO DATA,Vt Rt 7,0,Miles,35,6 - Single Vehicle Crash,East,451865,150091,NO DATA,NO DATA,NO DATA,"City, Village or Urban Compact Street not in FA Ur",TOWN ROAD 0017,999.99,NO DATA,XY,Injury,"(43.84948993, -73.09865166)"
8524,VT0040200,12ES01584,03/24/2012,13 Old Colchester Rd,Essex,NO DATA,NO DATA,NO DATA,NO DATA,NO DATA,NO DATA,NO DATA,25,2 - Head On,NO DATA,451876,221676,NO DATA,NO DATA,NO DATA,Street or Town Highways in FA Urban Area,Unknown,999.99,NO DATA,XY,Property Damage Only,"(44.49371719, -73.10506606)"