ID,Reporting Agency,Report Number,Date,Street Address,Town,Number,Number1,Number2,Number3,Intersection,Distance From Intersection,Distance Unit,Posted Speed,Direction of Collision,Direction from Intersection,Easting,Northing,Mile Marker,Mile Marker 1,Mile Marker 2,AOT Roadway,AOT Route,AOT Actual Mile,LRS Number,How Mapped,Crash Type,Location 1
8525,VT0041200,12HB01233,11/03/2012,TH-28 Lewis Creek Rd,Hinesburg,NO DATA,NO DATA,NO DATA,NO DATA,Turkey Ln,NO DATA,NO DATA,25,6 - Single Vehicle Crash,NO DATA,451892,198852,NO DATA,NO DATA,NO DATA,"City, Village or Urban Compact Street not in FA Ur",TOWN ROAD 0028,999.99,NO DATA,XY,Property Damage Only,"(44.28832252, -73.10275305)"
8526,VT0040200,12ES03809,07/02/2012,DRURY DR,Essex,NO DATA,NO DATA,NO DATA,NO DATA,NO DATA,NO DATA,NO DATA,25,6 - Single Vehicle Crash,NO DATA,451900,221717,NO DATA,NO DATA,NO DATA,Street or Town Highways in FA Urban Area,Unknown,999.99,NO DATA,XY,Injury,"(44.49408774, -73.10476813)"
8527,VT0040200,12ES00262,01/15/2012,99 Saybrook,Essex,NO DATA,NO DATA,NO DATA,NO DATA,NO DATA,NO DATA,NO DATA,25,6 - Single Vehicle Crash,NO DATA,451902,222244,NO DATA,NO DATA,NO DATA,Street or Town Highways in FA Urban Area,Unknown,999.99,NO DATA,XY,Property Damage Only,"(44.49883032, -73.10479201)"
8535,VTVSP0600,12C201771,06/21/2012,TH-6 Burpee Road,Bristol,6,NO DATA,NO DATA,NO DATA,Monkton Road TH#4,0,Miles,35,6 - Single Vehicle Crash,South,452002,183269,NO DATA,NO DATA,NO DATA,"City, Village or Urban Compact Street not in FA Ur",TOWN ROAD 0006,999.99,NO DATA,XY,Injury,"(44.14809227, -73.09994920)"
8536,VTVSP0900,12C301528,06/02/2012,TH-1 (1394 Dorset West Rd),Dorset,1,NO DATA,NO DATA,NO DATA,NO DATA,NO DATA,NO DATA,35,6 - Single Vehicle Crash,NO DATA,452064,81601,NO DATA,NO DATA,NO DATA,"City, Village or Urban Compact Street not in FA Ur",TOWN ROAD 0001,999.99,NO DATA,XY,Property Damage Only,"(43.23306044, -73.09013317)"
8537,VT0040200,12ES05493,09/10/2012,1000 RIVER ST,Essex,NO DATA,NO DATA,NO DATA,NO DATA,PARKING LOT OF IBM,0,Miles,25,6 - Single Vehicle Crash,South,452120,219984,NO DATA,NO DATA,NO DATA,"Other Public Roadway (Rest Areas, Shopping Center",Unknown,999.99,NO DATA,XY,Property Damage Only,"(44.47850715, -73.10184182)"
8538,VT0040600,12MT00705,02/24/2012,TH-51 (297 McMullen Rd.),Milton,NO DATA,NO DATA,NO DATA,NO DATA,East Road,NO DATA,NO DATA,30,2 - Head On,NO DATA,452131,234219,NO DATA,NO DATA,NO DATA,"City, Village or Urban Compact Street not in FA Ur",TOWN ROAD 0051,999.99,NO DATA,XY,Property Damage Only,"(44.60660686, -73.10302449)"
8539,VTVSP0600,12C202773,09/10/2012,Min. C 0678 State's Prison Hollow Road,Monkton,4,NO DATA,NO DATA,NO DATA,Tyler Bridge Road,1,Miles,35,6 - Single Vehicle Crash,East,452150,195768,NO DATA,NO DATA,NO DATA,Minor Collector - Non Fed Aid Rural TH,MinCollector,999.99,NO DATA,XY,Property Damage Only,"(44.26058567, -73.09923860)"
8540,VT0060100,12SA02047,04/25/2012,366 Lake Road,St. Albans Town,NO DATA,NO DATA,NO DATA,NO DATA,Beauregard Lane,75,Feet,99,"8 - No Turns, Thru moves only, Broadside ^<",West,452154,256971,NO DATA,NO DATA,NO DATA,"Other Public Roadway (Rest Areas, Shopping Center",Unknown,999.99,NO DATA,XY,Property Damage Only,"(44.81134475, -73.10486338)"
8548,VT0040200,12ES04896,08/22/2012,90 CENTER RD,Essex,NO DATA,15,NO DATA,NO DATA,PRICE CHOPPER PARKING LOT,NO DATA,NO DATA,99,4 - Opp Direction Sideswipe,NO DATA,452331,222147,NO DATA,NO DATA,NO DATA,"Other Public Roadway (Rest Areas, Shopping Center",Unknown,999.99,NO DATA,XY,Property Damage Only,"(44.49798586, -73.09938905)"
8549,VT0040600,12MT00519,02/09/2012,TH-5 East Rd.,Milton,NO DATA,NO DATA,NO DATA,NO DATA,Hardscrabble Rd.,1,Miles,35,6 - Single Vehicle Crash,North,452337,235163,NO DATA,NO DATA,NO DATA,"City, Village or Urban Compact Street not in FA Ur",TOWN ROAD 0005,999.99,NO DATA,XY,Property Damage Only,"(44.61511538, -73.10051711)"
8550,VT0040200,12ES01140,03/01/2012,(307 Brigham Hill Rd),Essex,34,NO DATA,NO DATA,NO DATA,NO DATA,NO DATA,NO DATA,30,6 - Single Vehicle Crash,NO DATA,452341,229990,NO DATA,NO DATA,NO DATA,Street or Town Highways in FA Urban Area,Unknown,999.99,NO DATA,XY,Property Damage Only,"(44.56856484, -73.09998757)"
8551,VT0060300,12SW01533,11/29/2012,TH-2 Beebe Road,Swanton,NO DATA,NO DATA,NO DATA,NO DATA,St. Albans Road,0,Miles,40,6 - Single Vehicle Crash,West,452372,266632,NO DATA,NO DATA,NO DATA,"City, Village or Urban Compact Street not in FA Ur",TOWN ROAD 0002,999.99,NO DATA,XY,Property Damage Only,"(44.89829267, -73.10301420)"
8552,VT0040600,12MT03938,09/25/2012,259 East Road,Milton,NO DATA,NO DATA,NO DATA,NO DATA,Hall Farm Dip,1,Miles,40,6 - Single Vehicle Crash,South,452374,235741,NO DATA,NO DATA,NO DATA,"City, Village or Urban Compact Street not in FA Ur",TOWN ROAD 0005,999.99,NO DATA,XY,Property Damage Only,"(44.62031911, -73.10010454)"
8553,VT0060100,12SA02258,05/08/2012,Smith Drive,St. Albans Town,NO DATA,NO DATA,NO DATA,NO DATA,Lake Rd,10,Feet,25,6 - Single Vehicle Crash,South,452410,256985,NO DATA,NO DATA,NO DATA,Street or Town Highways in FA Urban Area,Unknown,999.99,NO DATA,XY,Property Damage Only,"(44.81148782, -73.10162855)"
8561,VT0060100,12SA00300,01/18/2012,68 Choiniere Ave,St. Albans Town,NO DATA,NO DATA,NO DATA,NO DATA,Route 7,358,Feet,35,5 - Rear-to-rear,East,452589,254215,NO DATA,NO DATA,NO DATA,Private Property (Driveways),Unknown,999.99,NO DATA,XY,Property Damage Only,"(44.78657395, -73.09910777)"
8562,VT0110100,12BD01431,06/18/2012,1 Supermarket Drive,Brandon,NO DATA,NO DATA,NO DATA,NO DATA,NO DATA,NO DATA,NO DATA,15,7 - Other - Explain in Narrative,NO DATA,452610,144288,NO DATA,NO DATA,NO DATA,"Other Public Roadway (Rest Areas, Shopping Center",Unknown,999.99,NO DATA,XY,Injury,"(43.79731090, -73.08887303)"
8563,VT0110100,12BD00188,01/24/2012,TH-29 Basin Rd.,Brandon,29,NO DATA,NO DATA,NO DATA,McConnell Rd.,0,Miles,35,2 - Head On,East,452668,144157,NO DATA,NO DATA,NO DATA,"City, Village or Urban Compact Street not in FA Ur",TOWN ROAD 0029,999.99,NO DATA,XY,Injury,"(43.79613560, -73.08814079)"
8564,VTVSP0900,12C301164,05/01/2012,TH-1 (1044 Dorset West Road),Dorset,1,NO DATA,NO DATA,NO DATA,VT RT 30,1,Miles,35,6 - Single Vehicle Crash,North,452672,81005,NO DATA,NO DATA,NO DATA,"City, Village or Urban Compact Street not in FA Ur",TOWN ROAD 0001,999.99,NO DATA,XY,Property Damage Only,"(43.22773422, -73.08259746)"
8565,VT0110100,12BD01736,07/21/2012,1 Supermarket Drive,Brandon,NO DATA,NO DATA,NO DATA,NO DATA,Hannaford Supermarket,NO DATA,NO DATA,15,2 - Head On,NO DATA,452693,144329,NO DATA,NO DATA,NO DATA,"Other Public Roadway (Rest Areas, Shopping Center",Unknown,999.99,NO DATA,XY,Injury,"(43.79768521, -73.08784534)"
8566,VT0040200,12ES07543,12/20/2012,36 BRICKYARD RD #19,Essex,NO DATA,NO DATA,NO DATA,NO DATA,NO DATA,NO DATA,NO DATA,99,7 - Other - Explain in Narrative,NO DATA,452699,221643,NO DATA,NO DATA,NO DATA,Street or Town Highways in FA Urban Area,Unknown,999.99,NO DATA,XY,Property Damage Only,"(44.49347457, -73.09471599)"
8574,VTVSP0600,12C201310,05/14/2012,MInC0628 (West Shore Road),Salisbury,4,NO DATA,NO DATA,NO DATA,Lake Dunmore Road TH#3,0,Miles,35,6 - Single Vehicle Crash,South,452932,157796,NO DATA,NO DATA,NO DATA,Minor Collector - Non Fed Aid Rural TH,MinCollector,999.99,NO DATA,XY,Property Damage Only,"(43.91890324, -73.08606163)"
8575,VT0060100,12SA05450,10/16/2012,62 Industrial Park Rd,St. Albans Town,NO DATA,NO DATA,NO DATA,NO DATA,Pyrofax Energy,NO DATA,Feet,25,7 - Other - Explain in Narrative,East,452936,255408,NO DATA,NO DATA,NO DATA,Street or Town Highways in FA Urban Area,Unknown,999.99,NO DATA,XY,Property Damage Only,"(44.79733207, -73.09483343)"
8576,VT0110100,12BD01479,06/23/2012,TH-15 (952 Wheeler Road),Brandon,15,NO DATA,NO DATA,NO DATA,#952,NO DATA,NO DATA,99,NO DATA,NO DATA,452946,146302,NO DATA,NO DATA,NO DATA,"City, Village or Urban Compact Street not in FA Ur",TOWN ROAD 0015,999.99,NO DATA,XY,Property Damage Only,"(43.81545847, -73.08487492)"
8577,VTVSP0600,12C202501,08/16/2012,TH-25 (316 Carlstrom Road),Bristol,25,NO DATA,NO DATA,NO DATA,Sturdevant Drive,700,Feet,40,4 - Opp Direction Sideswipe,North,452966,177756,NO DATA,NO DATA,NO DATA,"City, Village or Urban Compact Street not in FA Ur",TOWN ROAD 0025,999.99,NO DATA,XY,Property Damage Only,"(44.09854033, -73.08740853)"
8578,VT0041000,12WT03832,10/26/2012,TH-4 South Road,Williston,NO DATA,NO DATA,NO DATA,NO DATA,3594 South Road,250,Feet,35,6 - Single Vehicle Crash,East,452979,210154,NO DATA,NO DATA,NO DATA,"City, Village or Urban Compact Street not in FA Ur",TOWN ROAD 0004,999.99,NO DATA,XY,Property Damage Only,"(44.39010272, -73.09015397)"
8579,VT0060100,12SA04724,09/06/2012,11 Edward St,St. Albans City,NO DATA,NO DATA,NO DATA,NO DATA,Lake Street,250,Feet,25,7 - Other - Explain in Narrative,South,452998,256851,NO DATA,NO DATA,NO DATA,Street or Town Highways in FA Urban Area,Unknown,999.99,NO DATA,XY,Property Damage Only,"(44.81032095, -73.09418314)"
8587,VT0020400,12MC00758,04/29/2012,211 Seminary Avenue,Manchester,NO DATA,NO DATA,NO DATA,NO DATA,211 Seminary Avenue,1,Feet,30,"18 - Right Turn and Thru, Broadside ^<--",South,453252,73885,NO DATA,NO DATA,NO DATA,"City, Village or Urban Compact Street not in FA Ur",Unknown,999.99,NO DATA,XY,Property Damage Only,"(43.16368290, -73.07485625)"
8588,VT0060100,12SA04339,08/19/2012,211 Lake St,St. Albans City,NO DATA,NO DATA,NO DATA,NO DATA,Beverage Mart Parking Lot,NO DATA,Feet,25,"12 - Left Turn and Thru, Same Direction Sideswipe/Angle Crash vv--",NO DATA,453260,256960,NO DATA,NO DATA,NO DATA,"Other Public Roadway (Rest Areas, Shopping Center",Unknown,999.99,NO DATA,XY,Injury,"(44.81131896, -73.09088123)"
8589,VT0060100,12SA02482,05/19/2012,211 Lake Street,St. Albans City,NO DATA,36,NO DATA,NO DATA,Beverage Mart,NO DATA,Feet,25,7 - Other - Explain in Narrative,East,453267,256963,NO DATA,NO DATA,NO DATA,"Other Public Roadway (Rest Areas, Shopping Center",Unknown,999.99,NO DATA,XY,Property Damage Only,"(44.81134642, -73.09079301)"
8590,VT0060100,12SA02504,05/20/2012,211 Lake Street,St. Albans City,NO DATA,NO DATA,NO DATA,NO DATA,Hunt Street,500,Feet,10,4 - Opp Direction Sideswipe,South,453267,256963,NO DATA,NO DATA,NO DATA,"Other Public Roadway (Rest Areas, Shopping Center",Unknown,999.99,NO DATA,XY,Property Damage Only,"(44.81134642, -73.09079301)"
8591,VT0060100,12SA01066,03/02/2012,237 South Main Street,St. Albans City,NO DATA,NO DATA,NO DATA,NO DATA,Freeborn Street,0,Miles,10,5 - Rear-to-rear,South,453271,255486,NO DATA,NO DATA,NO DATA,"Other Public Roadway (Rest Areas, Shopping Center",Unknown,999.99,NO DATA,XY,Property Damage Only,"(44.79805592, -73.09060682)"
8592,VT0040600,12MT00682,02/23/2012,TH-5 North Road,Milton,NO DATA,NO DATA,NO DATA,NO DATA,Cooper Road,900,Feet,40,6 - Single Vehicle Crash,South,453279,240318,NO DATA,NO DATA,NO DATA,"City, Village or Urban Compact Street not in FA Ur",TOWN ROAD 0005,999.99,NO DATA,XY,Injury,"(44.66156569, -73.08911851)"
8600,VT0040200,12ES03808,07/02/2012,71 UPPER MAIN ST,Essex,NO DATA,NO DATA,NO DATA,NO DATA,MCDONALDS PARKING LOT,NO DATA,NO DATA,99,7 - Other - Explain in Narrative,NO DATA,453361,212094,NO DATA,NO DATA,NO DATA,"Other Public Roadway (Rest Areas, Shopping Center",Unknown,999.99,NO DATA,XY,Property Damage Only,"(44.40758570, -73.08553390)"
8601,VT0110000,12RUC0532,03/25/2012,Route 4a,Ira,NO DATA,4A,NO DATA,NO DATA,Grabowski Farm,NO DATA,NO DATA,50,6 - Single Vehicle Crash,West,453366,122838,NO DATA,NO DATA,NO DATA,State System (State Highways and Class I TH links),VT-4A,999.99,NO DATA,XY,Property Damage Only,"(43.60430366, -73.07762292)"
8602,VT0040200,12ES02317,04/29/2012,BILLIE BUTLER DR,Essex,NO DATA,NO DATA,NO DATA,NO DATA,HANNAFORD,NO DATA,NO DATA,15,6 - Single Vehicle Crash,East,453389,211803,NO DATA,NO DATA,NO DATA,"City, Village or Urban Compact Street not in FA Ur",Unknown,999.99,NO DATA,XY,Property Damage Only,"(44.40496876, -73.08515628)"
8603,VT0060100,12SA05119,09/26/2012,20 Houghton Street,St. Albans City,NO DATA,NO DATA,NO DATA,NO DATA,State Building,1,Feet,99,7 - Other - Explain in Narrative,North,453393,256796,NO DATA,NO DATA,NO DATA,"Other Public Roadway (Rest Areas, Shopping Center",Unknown,999.99,NO DATA,XY,Property Damage Only,"(44.80985190, -73.08918493)"
8604,VT0060100,12SA00359,01/17/2012,172 SOUTH MAIN STREET,St. Albans City,NO DATA,NO DATA,NO DATA,NO DATA,NEW ENGLAND FEDERAL CREDIT UNION,35,Feet,99,1 - Rear End,North,453418,255945,NO DATA,NO DATA,NO DATA,"Other Public Roadway (Rest Areas, Shopping Center",Unknown,999.99,NO DATA,XY,Property Damage Only,"(44.80219582, -73.08879100)"
8612,VT0040200,12ES00532,01/27/2012,4 CARMICHAEL ST,Essex,NO DATA,NO DATA,NO DATA,NO DATA,MIMMOS,NO DATA,NO DATA,99,"8 - No Turns, Thru moves only, Broadside ^<",NO DATA,453504,223273,NO DATA,NO DATA,NO DATA,"Other Public Roadway (Rest Areas, Shopping Center",Unknown,999.99,NO DATA,XY,Property Damage Only,"(44.50819514, -73.08474186)"
8613,VTVSP0300,12C101430,03/18/2012,Min. C 0598 Whipple Hollow Rd,Pittsford,8,NO DATA,NO DATA,NO DATA,Butler Lane,500,Feet,35,6 - Single Vehicle Crash,North,453507,132642,NO DATA,NO DATA,NO DATA,Minor Collector - Non Fed Aid Rural TH,MinCollector,999.99,NO DATA,XY,Property Damage Only,"(43.69255172, -73.07672022)"
8614,VT0060100,12SA00626,02/05/2012,Food City Parking Lot,St. Albans City,NO DATA,NO DATA,NO DATA,NO DATA,Lake Street,200,Feet,10,5 - Rear-to-rear,South,453532,257022,NO DATA,NO DATA,NO DATA,"Other Public Roadway (Rest Areas, Shopping Center",Unknown,999.99,NO DATA,XY,Property Damage Only,"(44.81189461, -73.08744849)"
8615,VT0060100,12SA04013,08/03/2012,100 Lake St,St. Albans City,NO DATA,NO DATA,NO DATA,NO DATA,Pine St;Parking Lot,100,Feet,99,7 - Other - Explain in Narrative,North,453532,257062,NO DATA,NO DATA,NO DATA,"Other Public Roadway (Rest Areas, Shopping Center",Unknown,999.99,NO DATA,XY,Property Damage Only,"(44.81225455, -73.08745214)"
8616,VTVSP0600,12C200243,01/29/2012,TH- 27 (657 Boro Hill Rd.),Monkton,27,NO DATA,NO DATA,NO DATA,TH 24,NO DATA,NO DATA,35,NO DATA,NO DATA,453541,181887,NO DATA,NO DATA,NO DATA,"City, Village or Urban Compact Street not in FA Ur",TOWN ROAD 0027,999.99,NO DATA,XY,Property Damage Only,"(44.13575430, -73.08059165)"
8624,VT0060100,12SA04432,08/23/2012,94 South Main Street,St. Albans City,NO DATA,NO DATA,NO DATA,NO DATA,Champlain Ortho,50,Feet,25,7 - Other - Explain in Narrative,North,453711,256507,NO DATA,NO DATA,NO DATA,"Other Public Roadway (Rest Areas, Shopping Center",Unknown,999.99,NO DATA,XY,Property Damage Only,"(44.80727201, -73.08513884)"
8625,VT0040200,12ES02910,05/25/2012,21 ESSEX WAY,Essex,NO DATA,NO DATA,NO DATA,NO DATA,NO DATA,NO DATA,NO DATA,99,3 - Same Direction Sideswipe,NO DATA,453734,223073,NO DATA,NO DATA,NO DATA,"Other Public Roadway (Rest Areas, Shopping Center",Unknown,999.99,NO DATA,XY,Property Damage Only,"(44.50641012, -73.08183159)"
8626,VT0040200,12ES03257,06/09/2012,165 Brigham Hill,Essex,NO DATA,NO DATA,NO DATA,NO DATA,Old Stage Rd,2,Miles,25,6 - Single Vehicle Crash,West,453741,228466,NO DATA,NO DATA,NO DATA,Street or Town Highways in FA Urban Area,Unknown,999.99,NO DATA,XY,Property Damage Only,"(44.55494178, -73.08222688)"
8628,VT0060100,12SA01052,03/01/2012,30 Lake Street,St. Albans City,NO DATA,NO DATA,NO DATA,NO DATA,Court House,NO DATA,Feet,25,1 - Rear End,East,453745,256903,NO DATA,NO DATA,NO DATA,"Other Public Roadway (Rest Areas, Shopping Center",Unknown,999.99,NO DATA,XY,Property Damage Only,"(44.81083761, -73.08474507)"
8629,VT0060100,12SA00384,01/22/2012,1 FEDERAL STREET,St. Albans City,NO DATA,NO DATA,NO DATA,NO DATA,FEDERAL ST - PARKING LOT 1,20,Feet,99,3 - Same Direction Sideswipe,West,453751,257018,NO DATA,NO DATA,NO DATA,"Other Public Roadway (Rest Areas, Shopping Center",Unknown,999.99,NO DATA,XY,Property Damage Only,"(44.81187282, -73.08467968)"
8637,VT0060100,12SA01807,04/13/2012,169 S Main St,St. Albans City,NO DATA,NO DATA,NO DATA,NO DATA,S Main St,1,Feet,15,"9 - Left and Right Turns, Simultaneous Turn Crash --vv--",East,453772,255784,NO DATA,NO DATA,NO DATA,"Other Public Roadway (Rest Areas, Shopping Center",Unknown,999.99,NO DATA,XY,Property Damage Only,"(44.80077005, -73.08430210)"
8638,VTVSP0700,12A202622,06/20/2012,Kingman Street,St. Albans City,NO DATA,NO DATA,NO DATA,NO DATA,People's Trust Parking Lot,NO DATA,NO DATA,10,1 - Rear End,NO DATA,453786,257078,NO DATA,NO DATA,NO DATA,"Other Public Roadway (Rest Areas, Shopping Center",Unknown,999.99,NO DATA,XY,Property Damage Only,"(44.81241499, -73.08424268)"
8639,VT0040200,12ES06200,10/14/2012,21 ESSEX WAY,Essex,NO DATA,NO DATA,NO DATA,NO DATA,PARKING LOT,NO DATA,NO DATA,99,"10 - Left Turn and Thru, Angle Broadside -->v--",NO DATA,453795,223047,NO DATA,NO DATA,NO DATA,"Other Public Roadway (Rest Areas, Shopping Center",Unknown,999.99,NO DATA,XY,Property Damage Only,"(44.50618005, -73.08106218)"
8640,VT0040200,12ES06398,10/24/2012,21 ESSEX WAY,Essex,NO DATA,NO DATA,NO DATA,NO DATA,PARKING LOT,NO DATA,NO DATA,99,4 - Opp Direction Sideswipe,NO DATA,453795,223047,NO DATA,NO DATA,NO DATA,"Other Public Roadway (Rest Areas, Shopping Center",Unknown,999.99,NO DATA,XY,Property Damage Only,"(44.50618005, -73.08106218)"
8641,VT0040200,12ES06806,11/15/2012,21 ESSEX WAY,Essex,NO DATA,NO DATA,NO DATA,NO DATA,PARKING LOT,NO DATA,NO DATA,99,4 - Opp Direction Sideswipe,NO DATA,453795,223047,NO DATA,NO DATA,NO DATA,"Other Public Roadway (Rest Areas, Shopping Center",Unknown,999.99,NO DATA,XY,Property Damage Only,"(44.50618005, -73.08106218)"
8649,VT0060100,12SA04406,08/22/2012,170 Swanton Rd,St. Albans Town,NO DATA,7,NO DATA,NO DATA,RT 7,0,Miles,99,7 - Other - Explain in Narrative,West,453903,259702,NO DATA,NO DATA,NO DATA,"Other Public Roadway (Rest Areas, Shopping Center",Unknown,999.99,NO DATA,XY,Property Damage Only,"(44.83603451, -73.08300158)"
8650,VT0041000,12WT01462,05/12/2012,129 Whitney Hill Road,Williston,NO DATA,NO DATA,NO DATA,NO DATA,Williston Road,200,Feet,99,1 - Rear End,South,453912,215458,NO DATA,NO DATA,NO DATA,Street or Town Highways in FA Urban Area,Unknown,999.99,NO DATA,XY,Property Damage Only,"(44.43789394, -73.07891536)"
8651,VT0041000,12WT01391,05/07/2012,TH-13 (178 Maple Road),Williston,NO DATA,NO DATA,NO DATA,NO DATA,Old Stage Road,200,Feet,25,5 - Rear-to-rear,East,453917,215874,NO DATA,NO DATA,NO DATA,Street or Town Highways in FA Urban Area,Unknown,999.99,NO DATA,XY,Property Damage Only,"(44.44163787, -73.07888952)"
8652,VT0040200,12ES01480,03/20/2012,20 BRIGHAM HILL,Essex,NO DATA,NO DATA,NO DATA,NO DATA,NO DATA,NO DATA,NO DATA,30,2 - Head On,NO DATA,453926,226360,NO DATA,NO DATA,NO DATA,Street or Town Highways in FA Urban Area,Unknown,999.99,NO DATA,XY,Property Damage Only,"(44.53600193, -73.07971042)"
8653,VT0060100,12SA04210,08/12/2012,Church Street,St. Albans City,NO DATA,NO DATA,NO DATA,NO DATA,Fairfield Street,1,Feet,25,7 - Other - Explain in Narrative,North,453941,256868,NO DATA,NO DATA,NO DATA,Street or Town Highways in FA Urban Area,Unknown,999.99,NO DATA,XY,Property Damage Only,"(44.81053532, -73.08226425)"
8654,VT0060100,12SA06833,12/30/2012,Brainerd St,St. Albans City,NO DATA,NO DATA,NO DATA,NO DATA,N Main St,10,Feet,25,4 - Opp Direction Sideswipe,East,453941,257526,NO DATA,NO DATA,NO DATA,Street or Town Highways in FA Urban Area,Unknown,999.99,NO DATA,XY,Property Damage Only,"(44.81645632, -73.08232383)"
8662,VT0060100,12SA02132,04/30/2012,133 North Main Street,St. Albans City,NO DATA,NO DATA,NO DATA,NO DATA,North Main Street,50,Feet,25,"10 - Left Turn and Thru, Angle Broadside -->v--",West,453961,257459,NO DATA,NO DATA,NO DATA,"Other Public Roadway (Rest Areas, Shopping Center",Unknown,999.99,NO DATA,XY,Property Damage Only,"(44.81585471, -73.08206492)"
8663,VT0060100,12SA01932,04/19/2012,Bank ST,St. Albans City,NO DATA,NO DATA,NO DATA,NO DATA,Taylor Park,260,Feet,25,3 - Same Direction Sideswipe,East,453966,256795,NO DATA,NO DATA,NO DATA,Street or Town Highways in FA Urban Area,Unknown,999.99,NO DATA,XY,Property Damage Only,"(44.80988004, -73.08194161)"
8664,VT0040200,12ES03175,06/06/2012,Essex Way,Essex,NO DATA,NO DATA,NO DATA,NO DATA,I 289 X 10,NO DATA,NO DATA,35,"8 - No Turns, Thru moves only, Broadside ^<",NO DATA,453970,222935,NO DATA,NO DATA,NO DATA,"Other Public Roadway (Rest Areas, Shopping Center",Unknown,999.99,NO DATA,XY,Property Damage Only,"(44.50518334, -73.07885157)"
8665,VT0060100,12SA04222,08/13/2012,133 N. Main St,St. Albans City,NO DATA,NO DATA,NO DATA,NO DATA,J C Penny (parking Lot),1,Feet,99,7 - Other - Explain in Narrative,NO DATA,453977,257272,NO DATA,NO DATA,NO DATA,"Other Public Roadway (Rest Areas, Shopping Center",Unknown,999.99,NO DATA,XY,Property Damage Only,"(44.81417303, -73.08184572)"
8666,VT0060100,12SA02421,05/16/2012,133 North Main St.,St. Albans City,NO DATA,NO DATA,NO DATA,NO DATA,Rite Aid Parking Lot,100,Feet,99,"16 - Right Turn and Thru, Same Direction Sideswipe/Angle Crash ^^--",North,453979,257400,NO DATA,NO DATA,NO DATA,"Other Public Roadway (Rest Areas, Shopping Center",Unknown,999.99,NO DATA,XY,Property Damage Only,"(44.81532496, -73.08183202)"
8674,VT0060100,12SA03612,07/16/2012,170 Swanton Rd,St. Albans Town,NO DATA,NO DATA,7,NO DATA,Price Chopper,NO DATA,Feet,25,5 - Rear-to-rear,East,454017,259866,NO DATA,NO DATA,NO DATA,"Other Public Roadway (Rest Areas, Shopping Center",Unknown,999.99,NO DATA,XY,Property Damage Only,"(44.83751761, -73.08157471)"
8675,VT0060100,12SA05710,10/28/2012,266 North Main St,St. Albans City,NO DATA,NO DATA,NO DATA,NO DATA,North Main Street,5,Feet,25,"8 - No Turns, Thru moves only, Broadside ^<",West,454026,258272,NO DATA,NO DATA,NO DATA,"Other Public Roadway (Rest Areas, Shopping Center",Unknown,999.99,NO DATA,XY,Property Damage Only,"(44.82317465, -73.08131668)"
8676,VT0060100,12SA00374,01/22/2012,8 Swanton Road,St. Albans City,NO DATA,NO DATA,NO DATA,NO DATA,Rewes Drive,25,Feet,99,7 - Other - Explain in Narrative,South,454065,258542,NO DATA,NO DATA,NO DATA,"Other Public Roadway (Rest Areas, Shopping Center",Unknown,999.99,NO DATA,XY,Property Damage Only,"(44.82560675, -73.08084797)"
8677,VT0040200,12ES05710,09/20/2012,197 Pearl St,Essex,NO DATA,NO DATA,NO DATA,NO DATA,Parking Lot,NO DATA,NO DATA,99,7 - Other - Explain in Narrative,West,454077,200164,NO DATA,NO DATA,NO DATA,"Other Public Roadway (Rest Areas, Shopping Center",Unknown,999.99,NO DATA,XY,Property Damage Only,"(44.30027078, -73.07549359)"
8678,VT0040200,12ES05965,10/01/2012,12 HAGAN DR,Essex,NO DATA,NO DATA,NO DATA,NO DATA,NO DATA,NO DATA,NO DATA,25,5 - Rear-to-rear,NO DATA,454096,222136,NO DATA,NO DATA,NO DATA,Street or Town Highways in FA Urban Area,Unknown,999.99,NO DATA,XY,Property Damage Only,"(44.49800118, -73.07719619)"
8679,VT0060100,12SA00675,02/09/2012,277 Swanton Rd,St. Albans Town,NO DATA,NO DATA,NO DATA,NO DATA,Parking Lot,130,Feet,99,4 - Opp Direction Sideswipe,East,454111,260209,NO DATA,NO DATA,NO DATA,"Other Public Roadway (Rest Areas, Shopping Center",Unknown,999.99,NO DATA,XY,Property Damage Only,"(44.84061012, -73.08041689)"
8686,VT0060100,12SA02039,04/25/2012,170 Swanton Road,St. Albans Town,NO DATA,NO DATA,NO DATA,NO DATA,Parking Lot,120,Feet,35,5 - Rear-to-rear,East,454132,260107,NO DATA,NO DATA,NO DATA,"Other Public Roadway (Rest Areas, Shopping Center",Unknown,999.99,NO DATA,XY,Property Damage Only,"(44.83969363, -73.08014207)"
8687,VT0060100,12SA03917,07/29/2012,277 Swanton Road,St. Albans Town,NO DATA,NO DATA,NO DATA,NO DATA,Hannaford Supermarket,800,Feet,99,3 - Same Direction Sideswipe,East,454140,260256,NO DATA,NO DATA,NO DATA,"Other Public Roadway (Rest Areas, Shopping Center",Unknown,999.99,NO DATA,XY,Property Damage Only,"(44.84103491, -73.08005435)"
8688,VT0060100,12SA00056,01/05/2012,138 Swanton Rd,St. Albans Town,NO DATA,NO DATA,NO DATA,NO DATA,Route 7,150,Feet,10,2 - Head On,West,454144,259521,NO DATA,NO DATA,NO DATA,"Other Public Roadway (Rest Areas, Shopping Center",Unknown,999.99,NO DATA,XY,Property Damage Only,"(44.83442131, -73.07993741)"
8689,VT0060100,12SA01029,02/29/2012,277 Swanton Rd,St. Albans Town,NO DATA,7,NO DATA,NO DATA,Hannaford's Parking Lot,850,Feet,99,1 - Rear End,East,454151,260199,NO DATA,NO DATA,NO DATA,"Other Public Roadway (Rest Areas, Shopping Center",Unknown,999.99,NO DATA,XY,Property Damage Only,"(44.84052271, -73.07991008)"