ID,Reporting Agency,Report Number,Date,Street Address,Town,Number,Number1,Number2,Number3,Intersection,Distance From Intersection,Distance Unit,Posted Speed,Direction of Collision,Direction from Intersection,Easting,Northing,Mile Marker,Mile Marker 1,Mile Marker 2,AOT Roadway,AOT Route,AOT Actual Mile,LRS Number,How Mapped,Crash Type,Location 1
8690,VT0060100,12SA06055,11/15/2012,277 SWANTON RD,St. Albans Town,NO DATA,NO DATA,NO DATA,NO DATA,HANNAFORDS,NO DATA,Feet,15,"8 - No Turns, Thru moves only, Broadside ^<",South,454154,260200,NO DATA,NO DATA,NO DATA,"Other Public Roadway (Rest Areas, Shopping Center",Unknown,999.99,NO DATA,XY,Property Damage Only,"(44.84053190, -73.07987223)"
8691,VT0041000,12WT00803,03/15/2012,Central School Drive,Williston,NO DATA,NO DATA,NO DATA,NO DATA,Williston Road,NO DATA,NO DATA,10,1 - Rear End,NO DATA,454156,215621,NO DATA,NO DATA,NO DATA,Street or Town Highways in FA Urban Area,Unknown,999.99,NO DATA,XY,Property Damage Only,"(44.43937628, -73.07586503)"
8698,VTVSP0600,12C100192,01/23/2012,1470,Monkton,5,NO DATA,NO DATA,NO DATA,TH 30,0,Miles,35,6 - Single Vehicle Crash,South,454238,179364,NO DATA,NO DATA,NO DATA,"City, Village or Urban Compact Street not in FA Ur",TOWN ROAD 0005,999.99,NO DATA,XY,Property Damage Only,"(44.11309228, -73.07166277)"
8699,VT0060100,12SA01208,03/09/2012,75 Messenger Street,St. Albans City,NO DATA,NO DATA,NO DATA,NO DATA,Upper Newton Street,80,Feet,25,4 - Opp Direction Sideswipe,North,454239,257761,NO DATA,NO DATA,NO DATA,"City, Village or Urban Compact Street not in FA Ur",Unknown,999.99,NO DATA,XY,Property Damage Only,"(44.81859011, -73.07857756)"
8700,VT0060100,12SA04596,08/31/2012,28 High St,St. Albans City,NO DATA,NO DATA,NO DATA,NO DATA,Bishop St,100,Feet,25,7 - Other - Explain in Narrative,North,454248,256910,NO DATA,NO DATA,NO DATA,Street or Town Highways in FA Urban Area,Unknown,999.99,NO DATA,XY,Property Damage Only,"(44.81093298, -73.07838723)"
8701,VT0060100,12SA00680,02/09/2012,23 Barlow Street,St. Albans City,NO DATA,NO DATA,NO DATA,NO DATA,Bob's Meat Market,NO DATA,NO DATA,25,4 - Opp Direction Sideswipe,North,454324,256397,NO DATA,NO DATA,NO DATA,Street or Town Highways in FA Urban Area,Unknown,999.99,NO DATA,XY,Property Damage Only,"(44.80632161, -73.07738044)"
8702,VTVSP0300,12C101799,04/06/2012,Min. C 0598 Whipple Hollow,Pittsford,8,NO DATA,NO DATA,NO DATA,8053 Whipple Hollow Rd,NO DATA,NO DATA,35,6 - Single Vehicle Crash,NO DATA,454396,134771,NO DATA,NO DATA,NO DATA,Minor Collector - Non Fed Aid Rural TH,MinCollector,999.99,NO DATA,XY,Injury,"(43.71176838, -73.06587342)"
8703,VT0041000,12WT03040,09/02/2012,TH-4 Mountain View Rd,Williston,NO DATA,NO DATA,NO DATA,NO DATA,North Williston Rd,5,Feet,40,1 - Rear End,West,454408,217275,NO DATA,NO DATA,NO DATA,Street or Town Highways in FA Urban Area,Unknown,999.99,NO DATA,XY,Property Damage Only,"(44.45427666, -73.07284517)"
8711,VT0041200,12HB01362,12/17/2012,TH-17 (525 Texas Hill Rd),Hinesburg,NO DATA,NO DATA,NO DATA,NO DATA,Molly Way,500,Feet,35,6 - Single Vehicle Crash,East,454607,205218,NO DATA,NO DATA,NO DATA,"City, Village or Urban Compact Street not in FA Ur",TOWN ROAD 0017,999.99,NO DATA,XY,Injury,"(44.34578639, -73.06929181)"
8712,VT0060100,12SA06306,11/29/2012,711 Fairfax Rd,St. Albans Town,NO DATA,NO DATA,NO DATA,NO DATA,Fairfax Rd,75,Feet,40,7 - Other - Explain in Narrative,West,454644,255251,NO DATA,NO DATA,NO DATA,"Other Public Roadway (Rest Areas, Shopping Center",Unknown,999.99,NO DATA,XY,Property Damage Only,"(44.79602969, -73.07323348)"
8713,VT0060100,12SA00451,01/26/2012,711 Fairfax Road,St. Albans Town,NO DATA,NO DATA,NO DATA,NO DATA,Rt 104;Interstate Access Rd,246,Feet,40,1 - Rear End,South,454663,255169,NO DATA,NO DATA,NO DATA,"Other Public Roadway (Rest Areas, Shopping Center",Unknown,999.99,NO DATA,XY,Property Damage Only,"(44.79529302, -73.07298606)"
8714,VT0060100,12SA04639,09/02/2012,133 Fairfield St,St. Albans City,NO DATA,NO DATA,NO DATA,NO DATA,ER Entrance,30,Feet,25,5 - Rear-to-rear,West,454668,256602,NO DATA,NO DATA,NO DATA,"Other Public Roadway (Rest Areas, Shopping Center",Unknown,999.99,NO DATA,XY,Property Damage Only,"(44.80818820, -73.07305051)"
8715,VT0110100,12BD03207,12/27/2012,TH-28 Frog Hollow Road,Brandon,NO DATA,NO DATA,NO DATA,NO DATA,NO DATA,0,Miles,25,NO DATA,South,454678,146198,NO DATA,NO DATA,NO DATA,"City, Village or Urban Compact Street not in FA Ur",TOWN ROAD 0028,999.99,NO DATA,XY,Property Damage Only,"(43.81463060, -73.06333868)"
8716,VT0060100,12SA06756,12/24/2012,813 Fairfax Rd,St. Albans Town,NO DATA,NO DATA,NO DATA,NO DATA,La Quinta Parking Lot,300,Feet,99,7 - Other - Explain in Narrative,East,454686,255049,NO DATA,NO DATA,NO DATA,"Other Public Roadway (Rest Areas, Shopping Center",Unknown,999.99,NO DATA,XY,Property Damage Only,"(44.79421465, -73.07268471)"
8723,VT0041000,12WT03590,10/10/2012,21 North Williston Road,Williston,NO DATA,NO DATA,NO DATA,NO DATA,Williston Road,100,Feet,30,4 - Opp Direction Sideswipe,North,454775,215435,NO DATA,NO DATA,NO DATA,"Other Public Roadway (Rest Areas, Shopping Center",Unknown,999.99,NO DATA,XY,Property Damage Only,"(44.43774138, -73.06807370)"
8724,VT0060100,12SA00974,02/26/2012,555 Fairfax Rd,St. Albans Town,NO DATA,104,NO DATA,NO DATA,On The Run,NO DATA,Feet,10,5 - Rear-to-rear,East,454777,255450,NO DATA,NO DATA,NO DATA,"Other Public Roadway (Rest Areas, Shopping Center",Unknown,999.99,NO DATA,XY,Property Damage Only,"(44.79782882, -73.07157032)"
8725,VT0060100,12SA02299,05/10/2012,29 High St,St. Albans City,NO DATA,NO DATA,NO DATA,NO DATA,NO DATA,200,Feet,25,7 - Other - Explain in Narrative,South,454788,255830,NO DATA,NO DATA,NO DATA,Street or Town Highways in FA Urban Area,Unknown,999.99,NO DATA,XY,Property Damage Only,"(44.80124896, -73.07146505)"
8726,VT0060100,12SA02284,05/09/2012,44 Grice Brook Rd,St. Albans Town,NO DATA,NO DATA,NO DATA,NO DATA,Fisher Pond Rd,100,Feet,25,7 - Other - Explain in Narrative,West,454792,255830,NO DATA,NO DATA,NO DATA,Street or Town Highways in FA Urban Area,Unknown,999.99,NO DATA,XY,Property Damage Only,"(44.80124921, -73.07141450)"
8727,VT0060100,12SA00953,02/24/2012,116 Lincoln Ave,St. Albans City,NO DATA,NO DATA,NO DATA,NO DATA,Diamond St,75,Feet,25,6 - Single Vehicle Crash,North,454803,255922,NO DATA,NO DATA,NO DATA,Street or Town Highways in FA Urban Area,Unknown,999.99,NO DATA,XY,Property Damage Only,"(44.80207777, -73.07128364)"
8728,VT0060100,12SA05466,10/15/2012,9 Crest Rd,St. Albans Town,NO DATA,NO DATA,NO DATA,NO DATA,Parking Lot,NO DATA,NO DATA,99,7 - Other - Explain in Narrative,East,454815,256567,NO DATA,NO DATA,NO DATA,"Other Public Roadway (Rest Areas, Shopping Center",Unknown,999.99,NO DATA,XY,Property Damage Only,"(44.80788257, -73.07118924)"
8736,VT0040200,12ES04078,07/15/2012,150 INDIAN BROOK RD,Essex,NO DATA,NO DATA,NO DATA,NO DATA,PARKING LOT,NO DATA,NO DATA,99,5 - Rear-to-rear,NO DATA,454986,223605,NO DATA,NO DATA,NO DATA,"Other Public Roadway (Rest Areas, Shopping Center",Unknown,999.99,NO DATA,XY,Property Damage Only,"(44.51127670, -73.06613385)"
8737,VT0060100,12SA05664,10/26/2012,Fisher Pond Rd,St. Albans Town,NO DATA,NO DATA,NO DATA,NO DATA,Fisher Pond Rd,50,Feet,99,"8 - No Turns, Thru moves only, Broadside ^<",West,454995,256492,NO DATA,NO DATA,NO DATA,"Other Public Roadway (Rest Areas, Shopping Center",Unknown,999.99,NO DATA,XY,Property Damage Only,"(44.80721903, -73.06890732)"
8738,VT0040200,12ES03624,06/23/2012,90 Center Rd,Essex,NO DATA,NO DATA,NO DATA,NO DATA,Price Chopper Parking Lot,NO DATA,NO DATA,99,2 - Head On,North,454996,223575,NO DATA,NO DATA,NO DATA,"Other Public Roadway (Rest Areas, Shopping Center",Unknown,999.99,NO DATA,XY,Property Damage Only,"(44.51100735, -73.06600547)"
8739,VT0041200,12HB00079,01/16/2012,TH-17 (806 Texas Hill Rd),Hinesburg,NO DATA,NO DATA,NO DATA,NO DATA,Woodland Dr,0,Miles,30,6 - Single Vehicle Crash,East,455021,205238,NO DATA,NO DATA,NO DATA,"City, Village or Urban Compact Street not in FA Ur",TOWN ROAD 0017,999.99,NO DATA,XY,Property Damage Only,"(44.34599213, -73.06410166)"
8740,VT0060100,12SA05254,10/05/2012,29 Eastview Dr,St. Albans Town,NO DATA,NO DATA,NO DATA,NO DATA,Eastview Dr,30,Feet,25,3 - Same Direction Sideswipe,West,455059,257363,NO DATA,NO DATA,NO DATA,Street or Town Highways in FA Urban Area,Unknown,999.99,NO DATA,XY,Property Damage Only,"(44.81506076, -73.06817529)"
8741,VT0020400,12MC00677,04/11/2012,Park Place,Manchester,40,NO DATA,NO DATA,NO DATA,Main St,20,Feet,99,1 - Rear End,East,455080,75427,NO DATA,NO DATA,NO DATA,"City, Village or Urban Compact Street not in FA Ur",Unknown,999.99,NO DATA,XY,Property Damage Only,"(43.17767336, -73.05250367)"
8749,VT0040200,12ES07633,12/25/2012,Greenfield Rd,Essex,NO DATA,NO DATA,NO DATA,NO DATA,Greenbriar,NO DATA,NO DATA,25,4 - Opp Direction Sideswipe,NO DATA,455506,220337,NO DATA,NO DATA,NO DATA,Street or Town Highways in FA Urban Area,Unknown,999.99,NO DATA,XY,Property Damage Only,"(44.48190015, -73.05931302)"
8750,VT0040200,12ES00640,02/02/2012,8 JERICHO RD,Essex,NO DATA,NO DATA,NO DATA,NO DATA,ALDER LN,200,Feet,99,"8 - No Turns, Thru moves only, Broadside ^<",NO DATA,455624,223584,NO DATA,NO DATA,NO DATA,"Other Public Roadway (Rest Areas, Shopping Center",Unknown,999.99,NO DATA,XY,Property Damage Only,"(44.51112721, -73.05810842)"
8751,VT0060100,12SA00288,01/17/2012,TH-14 French Hill Rd,St. Albans Town,NO DATA,NO DATA,NO DATA,NO DATA,Read Lane,10,Feet,35,3 - Same Direction Sideswipe,South,455647,257027,NO DATA,NO DATA,NO DATA,"City, Village or Urban Compact Street not in FA Ur",TOWN ROAD 0014,999.99,NO DATA,XY,Property Damage Only,"(44.81207400, -73.06071246)"
8752,VT0020400,12MC02271,11/13/2012,6041 Main Street,Manchester,NO DATA,NO DATA,NO DATA,NO DATA,MPD Drive & Main Street,500,Feet,99,6 - Single Vehicle Crash,West,455676,76667,NO DATA,NO DATA,NO DATA,"Other Public Roadway (Rest Areas, Shopping Center",Unknown,999.99,NO DATA,XY,Property Damage Only,"(43.18886990, -73.04527271)"
8753,VTVSP0600,12C203183,10/14/2012,30 Whitetail Lane,Starksboro,5,NO DATA,NO DATA,NO DATA,Big Hollow Road,NO DATA,NO DATA,99,6 - Single Vehicle Crash,NO DATA,455715,192075,NO DATA,NO DATA,NO DATA,"City, Village or Urban Compact Street not in FA Ur",Unknown,999.99,NO DATA,XY,Property Damage Only,"(44.22757627, -73.05428321)"
8761,VTVSP0600,12C202624,08/26/2012,FAS-188 (112 River Rd),Bristol,1,NO DATA,NO DATA,NO DATA,Vermont Route 116,1,Miles,40,"12 - Left Turn and Thru, Same Direction Sideswipe/Angle Crash vv--",East,456203,180998,NO DATA,NO DATA,NO DATA,Federal Aid Secondary System (Class 2 TH),FAS 0188,999.99,NO DATA,XY,Property Damage Only,"(44.12791786, -73.04725274)"
8762,VT0040200,12ES06895,11/20/2012,2/4 GREENBRIAR DR,Essex,NO DATA,NO DATA,NO DATA,NO DATA,NO DATA,NO DATA,NO DATA,25,6 - Single Vehicle Crash,NO DATA,456216,220770,NO DATA,NO DATA,NO DATA,Street or Town Highways in FA Urban Area,Unknown,999.99,NO DATA,XY,Property Damage Only,"(44.48584009, -73.05042502)"
8763,VTVSP0300,12C102637,05/24/2012,TH-20 (11 Market St),Proctor,20,NO DATA,NO DATA,NO DATA,School St (TH 4),200,Feet,25,7 - Other - Explain in Narrative,North,456241,129273,NO DATA,NO DATA,NO DATA,"City, Village or Urban Compact Street not in FA Ur",TOWN ROAD 0020,999.99,NO DATA,XY,Property Damage Only,"(43.66239566, -73.04253478)"
8764,VTVSP0600,12C202091,07/14/2012,Vt Route 125,Ripton,NO DATA,125,NO DATA,NO DATA,Lincoln Road #1,1,Miles,50,6 - Single Vehicle Crash,West,456385,163947,NO DATA,NO DATA,NO DATA,State System (State Highways and Class I TH links),VT-125,999.99,NO DATA,XY,Injury,"(43.97447410, -73.04357333)"
8765,VT0041200,12HB00111,01/24/2012,201 Hillview Terrace,Hinesburg,NO DATA,NO DATA,NO DATA,NO DATA,Richmond Rd,100,Feet,25,5 - Rear-to-rear,NO DATA,456391,189441,NO DATA,NO DATA,NO DATA,"City, Village or Urban Compact Street not in FA Ur",Unknown,999.99,NO DATA,XY,Property Damage Only,"(44.20391238, -73.04560369)"
8766,VT0020400,12MC00390,03/02/2012,Old Farm Meadow,Manchester,NO DATA,NO DATA,NO DATA,NO DATA,Hemlock Ridge Rd,NO DATA,NO DATA,35,6 - Single Vehicle Crash,NO DATA,456442,75602,NO DATA,NO DATA,NO DATA,"City, Village or Urban Compact Street not in FA Ur",Unknown,999.99,NO DATA,XY,Property Damage Only,"(43.17932822, -73.03576598)"
8774,VT0020400,12MC02281,11/16/2012,TH-11 (940 E MANCHESTER RD),Manchester,NO DATA,NO DATA,NO DATA,NO DATA,Hillcrest Road,NO DATA,NO DATA,30,1 - Rear End,NO DATA,456684,74172,NO DATA,NO DATA,NO DATA,"City, Village or Urban Compact Street not in FA Ur",TOWN ROAD 0011,999.99,NO DATA,XY,Property Damage Only,"(43.16647048, -73.03267762)"
8775,VT0040200,12ES07396,12/13/2012,RT 15,Essex,NO DATA,NO DATA,NO DATA,NO DATA,289 OFF RAMP,NO DATA,NO DATA,40,7 - Other - Explain in Narrative,NO DATA,456879,200554,NO DATA,NO DATA,NO DATA,State System (State Highways and Class I TH links),VT-15,999.99,NO DATA,XY,Property Damage Only,"(44.30395203, -73.04041361)"
8776,VT0040800,12RM00246,03/18/2012,TH-8 (2099 Kenyon Road),Richmond,NO DATA,NO DATA,NO DATA,NO DATA,Hinesburg Road,0,Feet,45,6 - Single Vehicle Crash,North,456899,211432,NO DATA,NO DATA,NO DATA,"City, Village or Urban Compact Street not in FA Ur",TOWN ROAD 0008,999.99,NO DATA,XY,Property Damage Only,"(44.40184730, -73.04106295)"
8777,VT0060000,12FRC0010,01/02/2012,Min. C 0788 Woods Hill Road,Swanton,NO DATA,NO DATA,NO DATA,NO DATA,Bushey Road,NO DATA,Miles,50,6 - Single Vehicle Crash,NO DATA,457090,265747,NO DATA,NO DATA,NO DATA,Minor Collector - Non Fed Aid Rural TH,MinCollector,999.99,NO DATA,XY,Property Damage Only,"(44.89062885, -73.04320797)"
8778,VTVSP0700,12A204354,09/20/2012,TH-6 Cook Road At Woodshill,Swanton,NO DATA,NO DATA,NO DATA,NO DATA,Woods Hill Road,20,Feet,50,"8 - No Turns, Thru moves only, Broadside ^<",South,457192,265851,NO DATA,NO DATA,NO DATA,"City, Village or Urban Compact Street not in FA Ur",TOWN ROAD 0006,999.99,NO DATA,XY,Property Damage Only,"(44.89157082, -73.04192557)"
8786,VT0020400,12MC00178,01/27/2012,High Meadow Way,Manchester,NO DATA,NO DATA,NO DATA,NO DATA,Beech St,NO DATA,NO DATA,35,7 - Other - Explain in Narrative,NO DATA,457580,76769,NO DATA,NO DATA,NO DATA,"City, Village or Urban Compact Street not in FA Ur",Unknown,999.99,NO DATA,XY,Property Damage Only,"(43.18989725, -73.02185859)"
8787,VTVSP0700,12A100704,02/24/2012,Min. C 0740 Old Stage Rd,Westford,6,NO DATA,NO DATA,NO DATA,Old Stage Rd/Woods Hollow Rd,100,Feet,35,6 - Single Vehicle Crash,South,457633,204691,NO DATA,NO DATA,NO DATA,Minor Collector - Non Fed Aid Rural TH,MinCollector,999.99,NO DATA,XY,Property Damage Only,"(44.34122659, -73.03130045)"
8788,VTVSP0300,12C101088,02/29/2012,FAU-3820 West Proctor Rd,Rutland Town,2,NO DATA,NO DATA,NO DATA,Utility Pole 64/62,10,Feet,40,6 - Single Vehicle Crash,East,457685,122833,NO DATA,NO DATA,NO DATA,Federal Aid Urban System (Class 2 TH's and 3 TH's,"WEST ST., PROCTOR",999.99,NO DATA,XY,Property Damage Only,"(43.60451643, -73.02412850)"
8789,VT0060000,12FRC0488,03/21/2012,TH-5 Brick Church Rd,Fairfax,NO DATA,NO DATA,NO DATA,NO DATA,Rugg Road,100,Feet,50,6 - Single Vehicle Crash,West,457751,250762,NO DATA,NO DATA,NO DATA,"City, Village or Urban Compact Street not in FA Ur",TOWN ROAD 0005,999.99,NO DATA,XY,Injury,"(44.75582526, -73.03359525)"
8790,VTVSP0300,12C101155,03/04/2012,Minl C 0576 (5076 Walker Mnt Rd),Clarendon,3,NO DATA,NO DATA,NO DATA,Clarendon Springs Rd,300,Feet,35,6 - Single Vehicle Crash,North,457789,116691,NO DATA,NO DATA,NO DATA,Minor Collector - Non Fed Aid Rural TH,MinCollector,999.99,NO DATA,XY,Injury,"(43.54924110, -73.02236227)"
8791,VTVSP0700,12A202070,05/19/2012,TH-5 Sheldon Road,Fairfield,NO DATA,NO DATA,NO DATA,NO DATA,Pond Road,NO DATA,NO DATA,50,1 - Rear End,NO DATA,457829,261905,NO DATA,NO DATA,NO DATA,"City, Village or Urban Compact Street not in FA Ur",TOWN ROAD 0005,999.99,NO DATA,XY,Property Damage Only,"(44.85610089, -73.03353368)"
8799,VTVSP0100,12A104279,10/30/2012,TH-6 Skunk Hollow Rd,Jericho,6,NO DATA,NO DATA,NO DATA,White Oak Dr,0,Miles,35,2 - Head On,South,458216,218792,NO DATA,NO DATA,NO DATA,"City, Village or Urban Compact Street not in FA Ur",TOWN ROAD 0006,999.99,NO DATA,XY,Injury,"(44.46815827, -73.02512373)"
8800,VTVSP0700,12A203239,07/22/2012,TH-22 (300 Tarte Road),Highgate,22,NO DATA,NO DATA,NO DATA,VT Route 207,0,Miles,35,6 - Single Vehicle Crash,West,458284,273267,NO DATA,NO DATA,NO DATA,"City, Village or Urban Compact Street not in FA Ur",TOWN ROAD 0022,999.99,NO DATA,XY,Injury,"(44.95836760, -73.02871386)"
8801,VTVSP0300,12C103777,07/21/2012,Simons Ave.,Rutland Town,43,NO DATA,NO DATA,NO DATA,TH 31,100,Feet,30,4 - Opp Direction Sideswipe,West,458312,122577,NO DATA,NO DATA,NO DATA,Street or Town Highways in FA Urban Area,Unknown,999.99,NO DATA,XY,Property Damage Only,"(43.60224765, -73.01634288)"
8802,VTVSP0700,12A202502,06/12/2012,TH-35 Hunt Street,Fairfax,NO DATA,NO DATA,NO DATA,NO DATA,NO DATA,25,Feet,30,6 - Single Vehicle Crash,North,458444,240684,NO DATA,NO DATA,NO DATA,"City, Village or Urban Compact Street not in FA Ur",TOWN ROAD 0035,999.99,NO DATA,XY,Property Damage Only,"(44.66517662, -73.02402423)"
8803,VT0040800,12RM00376,04/28/2012,TH-9 (1105 Hillview Road),Richmond,NO DATA,NO DATA,NO DATA,NO DATA,Cemetary Road,1,Miles,35,6 - Single Vehicle Crash,North,458608,210249,NO DATA,NO DATA,NO DATA,"City, Village or Urban Compact Street not in FA Ur",TOWN ROAD 0009,999.99,NO DATA,XY,Property Damage Only,"(44.39130081, -73.01951597)"
8804,VT0040200,12ES07595,12/23/2012,TH-51 (71 OSGOOD HILL RD),Essex,51,NO DATA,NO DATA,NO DATA,NO DATA,NO DATA,NO DATA,50,6 - Single Vehicle Crash,NO DATA,458624,226248,NO DATA,NO DATA,NO DATA,Street or Town Highways in FA Urban Area,Unknown,999.99,NO DATA,XY,Property Damage Only,"(44.53527876, -73.02059315)"
8812,VTVSP0600,12C201235,05/07/2012,TH-6 (464 York Hill Road),Lincoln,6,NO DATA,NO DATA,NO DATA,Green Road TH#32,0,Miles,30,6 - Single Vehicle Crash,East,459023,177312,NO DATA,NO DATA,NO DATA,"City, Village or Urban Compact Street not in FA Ur",TOWN ROAD 0006,999.99,NO DATA,XY,Property Damage Only,"(44.09490833, -73.01173144)"
8813,VT0040800,12RM01131,12/11/2012,1 Cat Lane,Richmond,NO DATA,NO DATA,NO DATA,NO DATA,Rt 2,5,Feet,10,7 - Other - Explain in Narrative,West,459026,213844,NO DATA,NO DATA,NO DATA,"Other Public Roadway (Rest Areas, Shopping Center",Unknown,999.99,NO DATA,XY,Property Damage Only,"(44.42367676, -73.01455338)"
8814,VTVSP0100,12A105027,12/21/2012,TH-6 Skunk Hollow Rd,Jericho,6,NO DATA,NO DATA,NO DATA,Plains Rd/Box #149,1,Miles,35,6 - Single Vehicle Crash,South,459037,220635,NO DATA,NO DATA,NO DATA,"City, Village or Urban Compact Street not in FA Ur",TOWN ROAD 0006,999.99,NO DATA,XY,Property Damage Only,"(44.48479061, -73.01495204)"
8815,VTVSP0100,12A103899,10/04/2012,I-89 SB,Richmond,NO DATA,NO DATA,NO DATA,89,Exit 11 SB,1,Feet,65,6 - Single Vehicle Crash,North,459109,213811,890,411,7900,State System (State Highways and Class I TH links),I-89,999.99,NO DATA,XY,Property Damage Only,"(44.42338448, -73.01350851)"
8816,VTVSP0100,12A103983,10/04/2012,I-89SB,Richmond,NO DATA,NO DATA,NO DATA,89,Exit 11,5,Miles,65,1 - Rear End,North,459109,213811,890,411,7900,State System (State Highways and Class I TH links),I-89,999.99,NO DATA,XY,Injury,"(44.42338448, -73.01350851)"
8817,VTVSP0700,12A201577,04/17/2012,Min. C 0766 Buck Hollow Road,Fairfax,25,NO DATA,NO DATA,NO DATA,Hawley Road,0,Miles,40,1 - Rear End,South,459109,242162,NO DATA,NO DATA,NO DATA,Minor Collector - Non Fed Aid Rural TH,MinCollector,999.99,NO DATA,XY,Injury,"(44.67851502, -73.01575684)"
8825,VT0040800,12RM01073,11/30/2012,W Main,Richmond,NO DATA,NO DATA,NO DATA,NO DATA,Park And Ride,10,Feet,10,5 - Rear-to-rear,South,459545,213787,NO DATA,NO DATA,NO DATA,"Other Public Roadway (Rest Areas, Shopping Center",Unknown,999.99,NO DATA,XY,Property Damage Only,"(44.42319298, -73.00803158)"
8826,VTVSP0700,12A200345,01/26/2012,TH-33 (McNall Rd),Fairfax,33,NO DATA,NO DATA,NO DATA,NO DATA,NO DATA,NO DATA,35,7 - Other - Explain in Narrative,NO DATA,459558,239457,NO DATA,NO DATA,NO DATA,"City, Village or Urban Compact Street not in FA Ur",TOWN ROAD 0033,999.99,NO DATA,XY,Property Damage Only,"(44.65419865, -73.00988042)"
9615,VT0130200,12BB05281,07/13/2012,Harmony Place,Brattleboro,NO DATA,NO DATA,NO DATA,NO DATA,NO DATA,NO DATA,NO DATA,25,NO DATA,NO DATA,495269,39107,NO DATA,NO DATA,NO DATA,"Other Public Roadway (Rest Areas, Shopping Center",NO DATA,999.99,NO DATA,XY,Injury,"(42.85204787, -72.55788440)"
8827,VT0060000,12FRC1501,08/28/2012,Min. C 0788 (474 Woods Hill Road),Sheldon,NO DATA,NO DATA,NO DATA,NO DATA,Sheldon Road,1,Miles,50,6 - Single Vehicle Crash,West,459670,266329,NO DATA,NO DATA,NO DATA,Minor Collector - Non Fed Aid Rural TH,MinCollector,999.99,NO DATA,XY,Property Damage Only,"(44.89601663, -73.01059488)"
8828,VTVSP0700,12A204935,10/20/2012,Vermont Route 104,Fairfax,NO DATA,104,NO DATA,NO DATA,Steeple Market,1,Miles,30,NO DATA,North,459689,240059,NO DATA,NO DATA,NO DATA,State System (State Highways and Class I TH links),VT-104,999.99,NO DATA,XY,Injury,"(44.65962331, -73.00827620)"
8829,VTVSP0900,12C301885,07/03/2012,VT-8 (64 VT RT 8),Readsboro,NO DATA,8,NO DATA,NO DATA,VT RT 100,1,Miles,50,6 - Single Vehicle Crash,South,459725,38032,80,209,60,State System (State Highways and Class I TH links),VT-8,999.99,NO DATA,XY,Injury,"(42.84132534, -72.99267599)"
8830,VTVSP0100,12A103450,09/05/2012,TH-12,Westford,12,NO DATA,NO DATA,NO DATA,104 Huntley Rd,2,Feet,35,6 - Single Vehicle Crash,South,459794,235558,NO DATA,NO DATA,NO DATA,"City, Village or Urban Compact Street not in FA Ur",TOWN ROAD 0012,999.99,NO DATA,XY,Property Damage Only,"(44.61912529, -73.00659974)"
8838,VT0110200,12RL08017,08/10/2012,Watkins Street,Rutland City,NO DATA,NO DATA,NO DATA,NO DATA,51 Watkins Street,NO DATA,NO DATA,30,7 - Other - Explain in Narrative,South,460097,122946,NO DATA,NO DATA,NO DATA,Street or Town Highways in FA Urban Area,Unknown,999.99,NO DATA,XY,Property Damage Only,"(43.60566655, -72.99426214)"
8839,VTVSP0900,12C300072,01/09/2012,TH-5 (2810 Mad Tom Rd),Dorset,5,NO DATA,NO DATA,NO DATA,Bowen Hill Rd,0,Miles,25,6 - Single Vehicle Crash,South,460134,85682,NO DATA,NO DATA,NO DATA,"City, Village or Urban Compact Street not in FA Ur",TOWN ROAD 0005,999.99,NO DATA,XY,Injury,"(43.27026321, -72.99108375)"
8840,VT0110200,12RL11108,10/28/2012,39 Evergreen Avenue,Rutland City,NO DATA,NO DATA,NO DATA,NO DATA,State Street,300,Feet,30,7 - Other - Explain in Narrative,North,460160,123315,NO DATA,NO DATA,NO DATA,Street or Town Highways in FA Urban Area,Unknown,999.99,NO DATA,XY,Property Damage Only,"(43.60899112, -72.99350897)"
8841,VT0060000,12FRC1742,10/05/2012,TH-11 Carroll Hill Rd,Fairfax,NO DATA,NO DATA,NO DATA,NO DATA,West St,0,Miles,35,6 - Single Vehicle Crash,East,460201,249708,NO DATA,NO DATA,NO DATA,"City, Village or Urban Compact Street not in FA Ur",TOWN ROAD 0011,999.99,NO DATA,XY,Injury,"(44.74648102, -73.00257140)"
8842,VTVSP0700,12A202807,07/01/2012,TH-4 (2734 Machia Rd),Highgate,NO DATA,NO DATA,NO DATA,NO DATA,NO DATA,NO DATA,NO DATA,35,6 - Single Vehicle Crash,NO DATA,460214,269940,NO DATA,NO DATA,NO DATA,"City, Village or Urban Compact Street not in FA Ur",TOWN ROAD 0004,999.99,NO DATA,XY,Injury,"(44.92854058, -73.00399181)"
8843,VTVSP0600,12C200387,02/17/2012,TH-9 (407 Gove Hill Rd),Lincoln,9,NO DATA,NO DATA,NO DATA,Browns Rd (TH #23),0,Miles,50,6 - Single Vehicle Crash,North,460241,178224,NO DATA,NO DATA,NO DATA,"City, Village or Urban Compact Street not in FA Ur",TOWN ROAD 0009,999.99,NO DATA,XY,Property Damage Only,"(44.10318321, -72.99659004)"
8850,VTVSP0700,12A202390,06/06/2012,TH-25 (288 Huntville Road),Fairfax,25,NO DATA,NO DATA,NO DATA,Residence #288,30,Feet,35,6 - Single Vehicle Crash,NO DATA,460479,243255,NO DATA,NO DATA,NO DATA,"City, Village or Urban Compact Street not in FA Ur",TOWN ROAD 0025,999.99,NO DATA,XY,Property Damage Only,"(44.68842745, -72.99856213)"
8851,VT0110200,12RL01738,03/03/2012,Cleveland Avenue,Rutland City,NO DATA,NO DATA,NO DATA,NO DATA,88 Cleveland Avenue,NO DATA,NO DATA,30,"8 - No Turns, Thru moves only, Broadside ^<",NO DATA,460492,113672,NO DATA,NO DATA,NO DATA,Street or Town Highways in FA Urban Area,Unknown,999.99,NO DATA,XY,Property Damage Only,"(43.52221611, -72.98869439)"