ID,Reporting Agency,Report Number,Date,Street Address,Town,Number,Number1,Number2,Number3,Intersection,Distance From Intersection,Distance Unit,Posted Speed,Direction of Collision,Direction from Intersection,Easting,Northing,Mile Marker,Mile Marker 1,Mile Marker 2,AOT Roadway,AOT Route,AOT Actual Mile,LRS Number,How Mapped,Crash Type,Location 1
8852,VT0060000,12FRC1629,09/17/2012,Min. C 0766 (948 Buck Hollow Rd),Fairfax,NO DATA,NO DATA,NO DATA,NO DATA,Carroll Hill Road,900,Feet,50,7 - Other - Explain in Narrative,South,460507,248589,NO DATA,NO DATA,NO DATA,Minor Collector - Non Fed Aid Rural TH,MinCollector,999.99,NO DATA,XY,Property Damage Only,"(44.73642839, -72.99862091)"
8853,VT0110200,12RL03751,04/30/2012,88 Cleveland Avenue,Rutland City,NO DATA,NO DATA,NO DATA,NO DATA,Discount Foods Parking Lot,NO DATA,NO DATA,99,"8 - No Turns, Thru moves only, Broadside ^<",NO DATA,460538,123706,NO DATA,NO DATA,NO DATA,"Other Public Roadway (Rest Areas, Shopping Center",Unknown,999.99,NO DATA,XY,Property Damage Only,"(43.61253044, -72.98885526)"
8854,VT0110200,12RL09913,09/26/2012,88 Cleveland Avenue,Rutland City,NO DATA,NO DATA,NO DATA,NO DATA,Rutland Discount Foods,NO DATA,NO DATA,30,7 - Other - Explain in Narrative,South,460552,123734,NO DATA,NO DATA,NO DATA,Street or Town Highways in FA Urban Area,Unknown,999.99,NO DATA,XY,Fatal,"(43.61278319, -72.98868388)"
8862,VT0110200,12RL04866,05/29/2012,State Street,Rutland City,NO DATA,NO DATA,NO DATA,NO DATA,Baxter Street,10,Feet,30,1 - Rear End,West,460691,123307,NO DATA,NO DATA,NO DATA,"Other Public Roadway (Rest Areas, Shopping Center",Unknown,999.99,NO DATA,XY,Property Damage Only,"(43.60894732, -72.98693100)"
8863,VT0040800,12RM00601,07/07/2012,W Main St,Richmond,NO DATA,NO DATA,2,NO DATA,Bridge St,0,Feet,30,1 - Rear End,West,460723,211796,NO DATA,NO DATA,NO DATA,"Other Public Roadway (Rest Areas, Shopping Center",Unknown,999.99,NO DATA,XY,Property Damage Only,"(44.40534033, -72.99308833)"
8864,VT0040800,12RM00573,07/28/2012,W Main St,Richmond,NO DATA,NO DATA,2,NO DATA,Cumberland Farms Parking Lot,0,Feet,10,1 - Rear End,East,460730,211823,NO DATA,NO DATA,NO DATA,"Other Public Roadway (Rest Areas, Shopping Center",Unknown,999.99,NO DATA,XY,Property Damage Only,"(44.40558369, -72.99300249)"
8865,VT0110200,12RL00994,02/05/2012,School Street,Rutland City,NO DATA,NO DATA,NO DATA,NO DATA,80 School Street,NO DATA,NO DATA,30,7 - Other - Explain in Narrative,NO DATA,460737,122874,NO DATA,NO DATA,NO DATA,Street or Town Highways in FA Urban Area,Unknown,999.99,NO DATA,XY,Property Damage Only,"(43.60505251, -72.98632980)"
8866,VTVSP0300,12C100654,02/05/2012,Min. C 0578 TH-2,Clarendon,2,NO DATA,NO DATA,NO DATA,TH 13,2,Miles,40,6 - Single Vehicle Crash,South,460773,116841,NO DATA,NO DATA,NO DATA,Minor Collector - Non Fed Aid Rural TH,MinCollector,999.99,NO DATA,XY,Property Damage Only,"(43.55075394, -72.98544746)"
8867,VTVSP0700,12A204314,09/17/2012,TH-17,Fairfax,17,NO DATA,NO DATA,NO DATA,Buck Hollow Road,0,Miles,35,6 - Single Vehicle Crash,East,460780,247050,NO DATA,NO DATA,NO DATA,"City, Village or Urban Compact Street not in FA Ur",TOWN ROAD 0017,999.99,NO DATA,XY,Property Damage Only,"(44.72259432, -72.99505612)"
8875,VT0110200,12RL03528,04/22/2012,Maple Street,Rutland City,NO DATA,NO DATA,NO DATA,NO DATA,Pine Street,NO DATA,NO DATA,30,"8 - No Turns, Thru moves only, Broadside ^<",NO DATA,460959,123668,NO DATA,NO DATA,NO DATA,Street or Town Highways in FA Urban Area,Unknown,999.99,NO DATA,XY,Property Damage Only,"(43.61221060, -72.98363737)"
8876,VT0110200,12RL01242,02/14/2012,100 State Street,Rutland City,NO DATA,NO DATA,NO DATA,NO DATA,Parking Lot,NO DATA,NO DATA,99,7 - Other - Explain in Narrative,East,460963,123320,NO DATA,NO DATA,NO DATA,"Other Public Roadway (Rest Areas, Shopping Center",Unknown,999.99,NO DATA,XY,Property Damage Only,"(43.60907863, -72.98356272)"
8877,VT0110200,12RL09683,09/20/2012,Jiffy Mart Parking Lot,Rutland City,NO DATA,NO DATA,NO DATA,NO DATA,State Street,30,Feet,99,7 - Other - Explain in Narrative,South,460963,123320,NO DATA,NO DATA,NO DATA,"Other Public Roadway (Rest Areas, Shopping Center",Unknown,999.99,NO DATA,XY,Property Damage Only,"(43.60907863, -72.98356272)"
8878,VT0110200,12RL12062,11/27/2012,Pine Street,Rutland City,NO DATA,NO DATA,NO DATA,NO DATA,West Street,NO DATA,NO DATA,30,"8 - No Turns, Thru moves only, Broadside ^<",NO DATA,461010,123191,NO DATA,NO DATA,NO DATA,Street or Town Highways in FA Urban Area,Unknown,999.99,NO DATA,XY,Property Damage Only,"(43.60792002, -72.98297125)"
8879,VT0110200,12RL12900,12/22/2012,Pine Street,Rutland City,NO DATA,NO DATA,NO DATA,NO DATA,West Street,NO DATA,NO DATA,30,1 - Rear End,South,461010,123191,NO DATA,NO DATA,NO DATA,Street or Town Highways in FA Urban Area,Unknown,999.99,NO DATA,XY,Property Damage Only,"(43.60792002, -72.98297125)"
8887,VT0110200,12RL09221,09/08/2012,110 Granger Street,Rutland City,NO DATA,NO DATA,NO DATA,NO DATA,River Street,NO DATA,NO DATA,30,"8 - No Turns, Thru moves only, Broadside ^<",NO DATA,461167,123017,NO DATA,NO DATA,NO DATA,Street or Town Highways in FA Urban Area,Unknown,999.99,NO DATA,XY,Property Damage Only,"(43.60636212, -72.98101408)"
8888,VTVSP0900,12C300522,02/24/2012,1300 VT RT 9,Woodford,NO DATA,9,NO DATA,NO DATA,Kelly Camp Trail #4,500,Feet,50,6 - Single Vehicle Crash,East,461181,43997,9,217,1300,State System (State Highways and Class I TH links),VT-9,999.99,NO DATA,XY,Property Damage Only,"(42.89509579, -72.97527747)"
8889,VT0110200,12RL01422,02/21/2012,Cottage Street,Rutland City,NO DATA,NO DATA,NO DATA,NO DATA,37 Cottage Street,NO DATA,NO DATA,30,7 - Other - Explain in Narrative,NO DATA,461181,123514,NO DATA,NO DATA,NO DATA,Street or Town Highways in FA Urban Area,Unknown,999.99,NO DATA,XY,Property Damage Only,"(43.61083612, -72.98087631)"
8890,VT0110200,12RL12321,12/05/2012,Rutland Shopping Plaza,Rutland City,NO DATA,NO DATA,NO DATA,NO DATA,Walmart Parking Lot,NO DATA,NO DATA,99,3 - Same Direction Sideswipe,NO DATA,461240,122937,NO DATA,NO DATA,NO DATA,"Other Public Roadway (Rest Areas, Shopping Center",Unknown,999.99,NO DATA,XY,Property Damage Only,"(43.60564588, -72.98010415)"
8891,VT0110200,12RL03384,04/18/2012,Cottage Street,Rutland City,NO DATA,NO DATA,NO DATA,NO DATA,Williams Street,NO DATA,NO DATA,30,6 - Single Vehicle Crash,NO DATA,461261,123520,NO DATA,NO DATA,NO DATA,Street or Town Highways in FA Urban Area,Unknown,999.99,NO DATA,XY,Fatal,"(43.61089429, -72.97988576)"
8899,VT0110200,12RL06995,07/18/2012,Rutland Shopping Plaza,Rutland City,NO DATA,NO DATA,NO DATA,NO DATA,North Lot - Row 1,NO DATA,NO DATA,99,5 - Rear-to-rear,NO DATA,461269,122938,NO DATA,NO DATA,NO DATA,"Other Public Roadway (Rest Areas, Shopping Center",Unknown,999.99,NO DATA,XY,Property Damage Only,"(43.60565639, -72.97974503)"
8900,VT0110200,12RL12906,12/22/2012,Rutland Shopping Plaza,Rutland City,NO DATA,NO DATA,NO DATA,NO DATA,Wal-Mart,NO DATA,NO DATA,99,3 - Same Direction Sideswipe,NO DATA,461269,122938,NO DATA,NO DATA,NO DATA,"Other Public Roadway (Rest Areas, Shopping Center",Unknown,999.99,NO DATA,XY,Property Damage Only,"(43.60565639, -72.97974503)"
8901,VT0110200,12RL12520,12/11/2012,Rutland Shopping Plaza,Rutland City,NO DATA,NO DATA,NO DATA,NO DATA,Sleepy's Mattress Store,30,Feet,99,NO DATA,East,461272,122853,NO DATA,NO DATA,NO DATA,"Other Public Roadway (Rest Areas, Shopping Center",Unknown,999.99,NO DATA,XY,Injury,"(43.60489150, -72.97970179)"
8902,VTVSP0300,12C103006,06/12/2012,143 Merchants Row,Rutland City,NO DATA,NO DATA,NO DATA,NO DATA,Shopping Plaza Parking Lot,NO DATA,NO DATA,25,"8 - No Turns, Thru moves only, Broadside ^<",NO DATA,461279,122812,NO DATA,NO DATA,NO DATA,"Other Public Roadway (Rest Areas, Shopping Center",Unknown,999.99,NO DATA,XY,Property Damage Only,"(43.60452284, -72.97961215)"
8903,VT0110200,12RL07648,08/02/2012,Rutland Shopping Plaza,Rutland City,NO DATA,NO DATA,NO DATA,NO DATA,Pole #6 In Parking Lot,NO DATA,NO DATA,99,"8 - No Turns, Thru moves only, Broadside ^<",NO DATA,461295,122833,NO DATA,NO DATA,NO DATA,"Other Public Roadway (Rest Areas, Shopping Center",Unknown,999.99,NO DATA,XY,Property Damage Only,"(43.60471268, -72.97941548)"
8911,VT0110200,12RL08339,08/18/2012,Rutland Downtown Plaza,Rutland City,NO DATA,NO DATA,NO DATA,NO DATA,Row 9,NO DATA,NO DATA,99,5 - Rear-to-rear,NO DATA,461353,122794,NO DATA,NO DATA,NO DATA,"Other Public Roadway (Rest Areas, Shopping Center",Unknown,999.99,NO DATA,XY,Property Damage Only,"(43.60436467, -72.97869431)"
8912,VTVSP0300,12C107023,12/23/2012,Min. C 0576 TH-3,Clarendon,3,NO DATA,NO DATA,NO DATA,Creek Rd,0,Miles,35,6 - Single Vehicle Crash,East,461358,113843,NO DATA,NO DATA,NO DATA,Minor Collector - Non Fed Aid Rural TH,MinCollector,999.99,NO DATA,XY,Injury,"(43.52380050, -72.97799495)"
8913,VT0110200,12RL04849,05/28/2012,Granger Street,Rutland City,NO DATA,NO DATA,NO DATA,NO DATA,157 Granger Street,NO DATA,NO DATA,30,NO DATA,South,461358,121998,NO DATA,NO DATA,NO DATA,Street or Town Highways in FA Urban Area,Unknown,999.99,NO DATA,XY,Property Damage Only,"(43.59720050, -72.97857559)"
8914,VT0110200,12RL01166,02/11/2012,Rutland Shopping Plaza,Rutland City,NO DATA,NO DATA,NO DATA,NO DATA,Price Chopper,NO DATA,NO DATA,99,7 - Other - Explain in Narrative,NO DATA,461363,122774,NO DATA,NO DATA,NO DATA,"Other Public Roadway (Rest Areas, Shopping Center",Unknown,999.99,NO DATA,XY,Property Damage Only,"(43.60418518, -72.97856903)"
8915,VT0110200,12RL02328,03/20/2012,Shopping Plaza,Rutland City,NO DATA,NO DATA,NO DATA,NO DATA,Price Chopper Lot,NO DATA,NO DATA,99,7 - Other - Explain in Narrative,NO DATA,461363,122774,NO DATA,NO DATA,NO DATA,"Other Public Roadway (Rest Areas, Shopping Center",Unknown,999.99,NO DATA,XY,Property Damage Only,"(43.60418518, -72.97856903)"
8923,VT0110200,12RL06460,07/06/2012,"""The Pit"" Parking Lot",Rutland City,NO DATA,NO DATA,NO DATA,NO DATA,Wales And Center Street,20,Feet,99,7 - Other - Explain in Narrative,North,461458,123047,NO DATA,NO DATA,NO DATA,"Other Public Roadway (Rest Areas, Shopping Center",Unknown,999.99,NO DATA,XY,Property Damage Only,"(43.60664725, -72.97741181)"
8924,VT0110200,12RL08807,08/29/2012,Center Street,Rutland City,NO DATA,NO DATA,NO DATA,NO DATA,Avanti's Hair Salon,NO DATA,NO DATA,30,7 - Other - Explain in Narrative,West,461458,123047,NO DATA,NO DATA,NO DATA,Street or Town Highways in FA Urban Area,Unknown,999.99,NO DATA,XY,Property Damage Only,"(43.60664725, -72.97741181)"
8925,VT0110200,12RL08752,08/28/2012,Elm Street,Rutland City,NO DATA,NO DATA,NO DATA,NO DATA,West Street,100,Feet,30,4 - Opp Direction Sideswipe,NO DATA,461486,123228,NO DATA,NO DATA,NO DATA,Street or Town Highways in FA Urban Area,Unknown,999.99,NO DATA,XY,Property Damage Only,"(43.60827779, -72.97707786)"
8926,VT0110200,12RL01084,02/08/2012,Palms Restaurant Pkg Lot,Rutland City,NO DATA,NO DATA,NO DATA,NO DATA,Strongs Avenue,NO DATA,NO DATA,99,7 - Other - Explain in Narrative,NO DATA,461500,122764,NO DATA,NO DATA,NO DATA,"Other Public Roadway (Rest Areas, Shopping Center",Unknown,999.99,NO DATA,XY,Property Damage Only,"(43.60410227, -72.97687146)"
8927,VT0110200,12RL10779,10/20/2012,Adirondack Tire Parking Lot,Rutland City,NO DATA,NO DATA,NO DATA,NO DATA,Strongs Avenue,NO DATA,NO DATA,99,7 - Other - Explain in Narrative,NO DATA,461557,122682,NO DATA,NO DATA,NO DATA,"Other Public Roadway (Rest Areas, Shopping Center",Unknown,999.99,NO DATA,XY,Property Damage Only,"(43.60336716, -72.97615964)"
8935,VT0110200,12RL03892,05/04/2012,260 North Main Street,Rutland City,NO DATA,NO DATA,NO DATA,NO DATA,Dollar General Parking Lot,NO DATA,NO DATA,99,7 - Other - Explain in Narrative,NO DATA,461632,125304,NO DATA,NO DATA,NO DATA,"Other Public Roadway (Rest Areas, Shopping Center",Unknown,999.99,NO DATA,XY,Property Damage Only,"(43.62697042, -72.97541660)"
8936,VTVSP0900,12C303198,10/19/2012,VT-8 (2100 Vt Rt 8),Searsburg,NO DATA,8,NO DATA,NO DATA,Vt Rt 9,2,Miles,50,6 - Single Vehicle Crash,East,461649,41611,NO DATA,NO DATA,NO DATA,State System (State Highways and Class I TH links),VT-8,999.99,NO DATA,XY,Property Damage Only,"(42.87364139, -72.96938488)"
8937,VT0110200,12RL00501,01/19/2012,Seward's Restaurant Parking Lot,Rutland City,NO DATA,NO DATA,NO DATA,NO DATA,North Main Street,NO DATA,NO DATA,99,7 - Other - Explain in Narrative,NO DATA,461651,124898,NO DATA,NO DATA,NO DATA,"Other Public Roadway (Rest Areas, Shopping Center",Unknown,999.99,NO DATA,XY,Property Damage Only,"(43.62331719, -72.97515240)"
8938,VT0110200,12RL04044,05/08/2012,1 Scale Avenue,Rutland City,NO DATA,NO DATA,NO DATA,NO DATA,Rear Lot Of Building 18,NO DATA,NO DATA,99,5 - Rear-to-rear,NO DATA,461668,122319,NO DATA,NO DATA,NO DATA,"Other Public Roadway (Rest Areas, Shopping Center",Unknown,999.99,NO DATA,XY,Property Damage Only,"(43.60010568, -72.97475914)"
8939,VT0110200,12RL06608,07/10/2012,Howe Center,Rutland City,NO DATA,NO DATA,NO DATA,NO DATA,Building 3C,NO DATA,NO DATA,99,7 - Other - Explain in Narrative,NO DATA,461668,122319,NO DATA,NO DATA,NO DATA,"Other Public Roadway (Rest Areas, Shopping Center",Unknown,999.99,NO DATA,XY,Property Damage Only,"(43.60010568, -72.97475914)"
8947,VT0110200,12RL01871,03/07/2012,Stony Brook Parking Lot,Rutland City,NO DATA,NO DATA,NO DATA,NO DATA,North Main Street,NO DATA,NO DATA,10,7 - Other - Explain in Narrative,NO DATA,461743,124373,NO DATA,NO DATA,NO DATA,"Other Public Roadway (Rest Areas, Shopping Center",Unknown,999.99,NO DATA,XY,Property Damage Only,"(43.61859665, -72.97397542)"
8948,VT0110200,12RL08777,08/29/2012,Center Street,Rutland City,NO DATA,NO DATA,NO DATA,NO DATA,Nickwacket Street,NO DATA,NO DATA,30,"10 - Left Turn and Thru, Angle Broadside -->v--",NO DATA,461760,123094,NO DATA,NO DATA,NO DATA,Street or Town Highways in FA Urban Area,Unknown,999.99,NO DATA,XY,Property Damage Only,"(43.60708584, -72.97367445)"
8949,VT0110200,12RL06373,07/04/2012,Court Square,Rutland City,NO DATA,NO DATA,NO DATA,NO DATA,West Street,NO DATA,NO DATA,30,1 - Rear End,NO DATA,461774,123247,NO DATA,NO DATA,NO DATA,Street or Town Highways in FA Urban Area,Unknown,999.99,NO DATA,XY,Property Damage Only,"(43.60846364, -72.97351184)"
8950,VT0110200,12RL01381,02/20/2012,10-12 North Main Street,Rutland City,NO DATA,NO DATA,NO DATA,NO DATA,Grand Union Parking Lot,NO DATA,NO DATA,99,"8 - No Turns, Thru moves only, Broadside ^<",NO DATA,461843,123339,NO DATA,NO DATA,NO DATA,"Other Public Roadway (Rest Areas, Shopping Center",Unknown,999.99,NO DATA,XY,Property Damage Only,"(43.60929522, -72.97266364)"
8951,VT0110200,12RL04651,05/23/2012,12 North Main Street,Rutland City,NO DATA,NO DATA,NO DATA,NO DATA,Grand Union Parking Lot,NO DATA,NO DATA,99,7 - Other - Explain in Narrative,NO DATA,461843,123339,NO DATA,NO DATA,NO DATA,"Other Public Roadway (Rest Areas, Shopping Center",Unknown,999.99,NO DATA,XY,Property Damage Only,"(43.60929522, -72.97266364)"
8959,VT0110200,12RL01464,02/22/2012,27 North Main Street,Rutland City,NO DATA,NO DATA,NO DATA,NO DATA,Burger King,NO DATA,NO DATA,25,1 - Rear End,NO DATA,461919,123429,NO DATA,NO DATA,NO DATA,"Other Public Roadway (Rest Areas, Shopping Center",Unknown,999.99,NO DATA,XY,Property Damage Only,"(43.61010916, -72.97172857)"
8960,VT0110200,12RL01512,02/24/2012,127 Strongs Avenue,Rutland City,NO DATA,NO DATA,NO DATA,NO DATA,Advanced Auto Parts,NO DATA,NO DATA,30,3 - Same Direction Sideswipe,NO DATA,461919,123429,NO DATA,NO DATA,NO DATA,"Other Public Roadway (Rest Areas, Shopping Center",Unknown,999.99,NO DATA,XY,Property Damage Only,"(43.61010916, -72.97172857)"
8961,VTVSP0600,12C202218,07/25/2012,TH-26 (1708 South Lincoln Road),Lincoln,26,NO DATA,NO DATA,NO DATA,Page Knoll Road,20,Feet,35,6 - Single Vehicle Crash,South,461928,174826,NO DATA,NO DATA,NO DATA,"City, Village or Urban Compact Street not in FA Ur",TOWN ROAD 0026,999.99,NO DATA,XY,Injury,"(44.07269159, -72.97527525)"
8962,VT0110000,12RUC0109,01/20/2012,2321 Middle Road,Clarendon,NO DATA,NO DATA,NO DATA,NO DATA,Mill River Union High School,100,Feet,99,"8 - No Turns, Thru moves only, Broadside ^<",East,461950,116403,NO DATA,NO DATA,NO DATA,"Other Public Roadway (Rest Areas, Shopping Center",Unknown,999.99,NO DATA,XY,Property Damage Only,"(43.54687258, -72.97085152)"
8963,VT0110200,12RL08484,08/22/2012,Spellman Terrace,Rutland City,NO DATA,NO DATA,NO DATA,NO DATA,8 Spellman Terrace,NO DATA,NO DATA,30,7 - Other - Explain in Narrative,NO DATA,461963,122772,NO DATA,NO DATA,NO DATA,Street or Town Highways in FA Urban Area,Unknown,999.99,NO DATA,XY,Property Damage Only,"(43.60419805, -72.97113738)"
8971,VT0110200,12RL05627,06/19/2012,McDonalds Restuarant Parking Lot,Rutland City,NO DATA,NO DATA,NO DATA,NO DATA,South Main Street,NO DATA,NO DATA,10,1 - Rear End,NO DATA,462044,121850,NO DATA,NO DATA,NO DATA,"Other Public Roadway (Rest Areas, Shopping Center",Unknown,999.99,NO DATA,XY,Property Damage Only,"(43.59590366, -72.97006951)"
8972,VT0110200,12RL00705,01/26/2012,241 South Main Street,Rutland City,NO DATA,NO DATA,NO DATA,NO DATA,Parking Lot,NO DATA,NO DATA,99,7 - Other - Explain in Narrative,NO DATA,462058,121348,NO DATA,NO DATA,NO DATA,"Other Public Roadway (Rest Areas, Shopping Center",Unknown,999.99,NO DATA,XY,Property Damage Only,"(43.59138609, -72.96986098)"
8973,VT0110200,12RL01312,02/17/2012,Chaplin Avenue,Rutland City,NO DATA,NO DATA,NO DATA,NO DATA,#14-18,300,Feet,30,3 - Same Direction Sideswipe,West,462058,121796,NO DATA,NO DATA,NO DATA,Street or Town Highways in FA Urban Area,Unknown,999.99,NO DATA,XY,Property Damage Only,"(43.59541834, -72.96989235)"
8974,VT0110200,12RL01206,02/13/2012,Strongs Avenue,Rutland City,NO DATA,NO DATA,NO DATA,NO DATA,Stewarts Parking Lot,75,Feet,30,"8 - No Turns, Thru moves only, Broadside ^<",North,462085,122153,NO DATA,NO DATA,NO DATA,"Other Public Roadway (Rest Areas, Shopping Center",Unknown,999.99,NO DATA,XY,Property Damage Only,"(43.59863292, -72.96958297)"
8975,VT0110200,12RL04527,05/20/2012,34 Curtis Avenue,Rutland City,NO DATA,NO DATA,NO DATA,NO DATA,Curtis Avenue,NO DATA,NO DATA,30,7 - Other - Explain in Narrative,East,462111,121355,NO DATA,NO DATA,NO DATA,Street or Town Highways in FA Urban Area,Unknown,999.99,NO DATA,XY,Property Damage Only,"(43.59145179, -72.96920516)"
8983,VT0110200,12RL05767,06/21/2012,East Washington Street,Rutland City,NO DATA,NO DATA,NO DATA,NO DATA,East Washington Street,5,Feet,30,1 - Rear End,North,462179,123046,NO DATA,NO DATA,NO DATA,Street or Town Highways in FA Urban Area,Unknown,999.99,NO DATA,XY,Property Damage Only,"(43.60667519, -72.96848118)"
8984,VT0110200,12RL11344,11/04/2012,29 East Washington Street,Rutland City,NO DATA,NO DATA,NO DATA,NO DATA,East Street,NO DATA,NO DATA,30,"10 - Left Turn and Thru, Angle Broadside -->v--",NO DATA,462179,123046,NO DATA,NO DATA,NO DATA,Street or Town Highways in FA Urban Area,Unknown,999.99,NO DATA,XY,Property Damage Only,"(43.60667519, -72.96848118)"
8985,VTVSP0100,12A104715,12/01/2012,TH-19 Plains Rd,Jericho,19,NO DATA,NO DATA,NO DATA,Browns Trace,1,Miles,35,6 - Single Vehicle Crash,West,462181,219982,NO DATA,NO DATA,NO DATA,"City, Village or Urban Compact Street not in FA Ur",TOWN ROAD 0019,999.99,NO DATA,XY,Property Damage Only,"(44.47908551, -72.97538212)"
8986,VTVSP0300,12C102552,05/20/2012,TH-36 (Seward Road),Rutland Town,36,NO DATA,NO DATA,NO DATA,US 7,10,Feet,35,7 - Other - Explain in Narrative,East,462233,120696,NO DATA,NO DATA,NO DATA,"City, Village or Urban Compact Street not in FA Ur",TOWN ROAD 0036,999.99,NO DATA,XY,Property Damage Only,"(43.58552660, -72.96764848)"
8987,VTVSP0300,12C103511,07/08/2012,Diamond Run Mall,Rutland Town,NO DATA,NO DATA,NO DATA,NO DATA,Us Rt 7,NO DATA,NO DATA,99,"8 - No Turns, Thru moves only, Broadside ^<",NO DATA,462239,120438,70,1120,60,"Other Public Roadway (Rest Areas, Shopping Center",Unknown,999.99,NO DATA,XY,Injury,"(43.58320475, -72.96755621)"
8988,VTVSP0300,12C103146,06/20/2012,TH-25,Clarendon,25,NO DATA,NO DATA,NO DATA,US 7,100,Feet,99,7 - Other - Explain in Narrative,East,462292,113087,NO DATA,NO DATA,NO DATA,"Other Public Roadway (Rest Areas, Shopping Center",Unknown,999.99,NO DATA,XY,Property Damage Only,"(43.51704370, -72.96638952)"
8996,VT0110200,12RL02698,03/30/2012,19 Allen Street,Rutland City,NO DATA,NO DATA,NO DATA,NO DATA,Comfort Inn Parking Lot,80,Feet,99,7 - Other - Explain in Narrative,West,462505,121981,NO DATA,NO DATA,NO DATA,"Other Public Roadway (Rest Areas, Shopping Center",Unknown,999.99,NO DATA,XY,Property Damage Only,"(43.59710607, -72.96436948)"
8997,VTVSP0300,12C107010,12/22/2012,TH-16 (66 Beebe Hill),Chittenden,16,NO DATA,NO DATA,NO DATA,Powerhouse Rd,900,Feet,35,6 - Single Vehicle Crash,East,462606,133924,NO DATA,NO DATA,NO DATA,"City, Village or Urban Compact Street not in FA Ur",TOWN ROAD 0016,999.99,NO DATA,XY,Injury,"(43.70460398, -72.96394538)"
8998,VT0110200,12RL07612,08/01/2012,9 Haywood Avenue,Rutland City,NO DATA,NO DATA,NO DATA,NO DATA,Genesis Parking Lot,500,Feet,30,"10 - Left Turn and Thru, Angle Broadside -->v--",East,462673,121504,NO DATA,NO DATA,NO DATA,"Other Public Roadway (Rest Areas, Shopping Center",Unknown,999.99,NO DATA,XY,Property Damage Only,"(43.59282123, -72.96225604)"
8999,VT0110200,12RL11508,11/09/2012,Mussy Street,Rutland City,NO DATA,NO DATA,NO DATA,NO DATA,Hayward Avenue,NO DATA,NO DATA,30,"20 - Right Turn and Thru, Angle Broadside -->^--",NO DATA,462673,121504,NO DATA,NO DATA,NO DATA,Street or Town Highways in FA Urban Area,Unknown,999.99,NO DATA,XY,Property Damage Only,"(43.59282123, -72.96225604)"
9000,VT0110200,12RL09992,09/28/2012,21 Perry Lane,Rutland City,NO DATA,NO DATA,NO DATA,NO DATA,Driveway,NO DATA,NO DATA,99,7 - Other - Explain in Narrative,NO DATA,462678,122633,NO DATA,NO DATA,NO DATA,Private Property (Driveways),Unknown,999.99,NO DATA,XY,Property Damage Only,"(43.60298312, -72.96227191)"
9008,VT0040800,12RM00202,03/04/2012,TH-7 (914 Dugway Road),Richmond,NO DATA,NO DATA,NO DATA,NO DATA,Cochran Road,1,Miles,25,7 - Other - Explain in Narrative,South,463116,208129,NO DATA,NO DATA,NO DATA,"City, Village or Urban Compact Street not in FA Ur",TOWN ROAD 0007,999.99,NO DATA,XY,Property Damage Only,"(44.37246555, -72.96278728)"
9009,VT0110200,12RL00255,01/10/2012,Woodstock Avenue,Rutland City,NO DATA,NO DATA,NO DATA,NO DATA,Verizon Parking Lot,NO DATA,NO DATA,99,1 - Rear End,NO DATA,463137,122011,NO DATA,NO DATA,NO DATA,"Other Public Roadway (Rest Areas, Shopping Center",Unknown,999.99,NO DATA,XY,Property Damage Only,"(43.59740761, -72.95654458)"
9010,VTVSP0300,12C104153,08/08/2012,TH-25 Gorge Rd,Clarendon,92,NO DATA,NO DATA,NO DATA,Rt 7B,1,Miles,35,6 - Single Vehicle Crash,East,463141,113367,NO DATA,NO DATA,NO DATA,"City, Village or Urban Compact Street not in FA Ur",TOWN ROAD 0025,999.99,NO DATA,XY,Property Damage Only,"(43.51960625, -72.95590804)"
9011,VT0110200,12RL02387,03/21/2012,2 Sharon Drive,Rutland City,NO DATA,NO DATA,NO DATA,NO DATA,Victor Place,NO DATA,NO DATA,30,7 - Other - Explain in Narrative,NO DATA,463146,123852,NO DATA,NO DATA,NO DATA,Street or Town Highways in FA Urban Area,Unknown,999.99,NO DATA,XY,Property Damage Only,"(43.61397810, -72.95655842)"
9012,VT0110200,12RL02368,03/21/2012,5 General Wing Road,Rutland City,NO DATA,NO DATA,NO DATA,NO DATA,Parking Lot Of Building #5,NO DATA,NO DATA,99,7 - Other - Explain in Narrative,NO DATA,463172,122581,NO DATA,NO DATA,NO DATA,"Other Public Roadway (Rest Areas, Shopping Center",Unknown,999.99,NO DATA,XY,Property Damage Only,"(43.60253967, -72.95614988)"
9013,VT0110200,12RL03988,05/07/2012,Rutland Regional Medical Center,Rutland City,NO DATA,NO DATA,NO DATA,NO DATA,Parking Lot,NO DATA,NO DATA,99,7 - Other - Explain in Narrative,NO DATA,463183,122127,NO DATA,NO DATA,NO DATA,"Other Public Roadway (Rest Areas, Shopping Center",Unknown,999.99,NO DATA,XY,Property Damage Only,"(43.59845395, -72.95598277)"
9020,VTVSP0100,12A100486,02/09/2012,TH-15 Orr Rd,Jericho,15,NO DATA,NO DATA,NO DATA,Brown's Trace Rd,NO DATA,NO DATA,35,6 - Single Vehicle Crash,East,463332,222810,NO DATA,NO DATA,NO DATA,"City, Village or Urban Compact Street not in FA Ur",TOWN ROAD 0015,999.99,NO DATA,XY,Injury,"(44.50459444, -72.96111513)"