ID,Reporting Agency,Report Number,Date,Street Address,Town,Number,Number1,Number2,Number3,Intersection,Distance From Intersection,Distance Unit,Posted Speed,Direction of Collision,Direction from Intersection,Easting,Northing,Mile Marker,Mile Marker 1,Mile Marker 2,AOT Roadway,AOT Route,AOT Actual Mile,LRS Number,How Mapped,Crash Type,Location 1
9021,VT0110200,12RL03568,04/24/2012,10 Stratton Road,Rutland City,NO DATA,NO DATA,NO DATA,NO DATA,Rutland High School Parking Lot,15,Feet,99,7 - Other - Explain in Narrative,South,463364,124101,NO DATA,NO DATA,NO DATA,"Other Public Roadway (Rest Areas, Shopping Center",Unknown,999.99,NO DATA,XY,Property Damage Only,"(43.61623000, -72.95387472)"
9022,VT0110200,12RL09276,09/10/2012,Rutland High School Parking Lot,Rutland City,NO DATA,NO DATA,NO DATA,NO DATA,Stratton Road,NO DATA,NO DATA,99,3 - Same Direction Sideswipe,NO DATA,463364,124101,NO DATA,NO DATA,NO DATA,"Other Public Roadway (Rest Areas, Shopping Center",Unknown,999.99,NO DATA,XY,Property Damage Only,"(43.61623000, -72.95387472)"
9023,VT0110200,12RL10908,10/23/2012,10 Stratton Road,Rutland City,NO DATA,NO DATA,NO DATA,NO DATA,RHS Student Parking Lot,NO DATA,NO DATA,99,7 - Other - Explain in Narrative,NO DATA,463364,124101,NO DATA,NO DATA,NO DATA,"Other Public Roadway (Rest Areas, Shopping Center",Unknown,999.99,NO DATA,XY,Property Damage Only,"(43.61623000, -72.95387472)"
9024,VT0110200,12RL05023,06/02/2012,160 Allen Street,Rutland City,NO DATA,NO DATA,NO DATA,NO DATA,RRMC ER Dept. Parking Lot,NO DATA,NO DATA,99,7 - Other - Explain in Narrative,NO DATA,463373,122072,NO DATA,NO DATA,NO DATA,"Other Public Roadway (Rest Areas, Shopping Center",Unknown,999.99,NO DATA,XY,Property Damage Only,"(43.59796828, -72.95362596)"
9032,VTVSP0100,12A102886,07/29/2012,TH-13 Raceway Road,Jericho,13,NO DATA,NO DATA,NO DATA,VT Route 15,100,Feet,35,6 - Single Vehicle Crash,West,464287,224546,NO DATA,NO DATA,NO DATA,"City, Village or Urban Compact Street not in FA Ur",TOWN ROAD 0013,999.99,NO DATA,XY,Property Damage Only,"(44.52026480, -72.94922602)"
9033,VT0060000,12FRC02124,12/22/2012,TH-9 Rice Hill Road,Sheldon,NO DATA,NO DATA,NO DATA,NO DATA,NO DATA,300,Feet,40,6 - Single Vehicle Crash,South,464459,269215,NO DATA,NO DATA,NO DATA,"City, Village or Urban Compact Street not in FA Ur",TOWN ROAD 0009,999.99,NO DATA,XY,Property Damage Only,"(44.92224132, -72.95016893)"
9034,VTVSP0300,12C102399,05/13/2012,TH-1 Meadow Lake Dr,Mendon,1,NO DATA,NO DATA,NO DATA,Stone Hollow Rd,NO DATA,NO DATA,35,6 - Single Vehicle Crash,NO DATA,464561,129240,NO DATA,NO DATA,NO DATA,"City, Village or Urban Compact Street not in FA Ur",TOWN ROAD 0001,999.99,NO DATA,XY,Property Damage Only,"(43.66254167, -72.93938278)"
9035,VTVSP0300,12C106532,11/30/2012,870,Mendon,1,NO DATA,NO DATA,NO DATA,Merida Pl (pvt),100,Feet,35,6 - Single Vehicle Crash,East,464600,128971,NO DATA,NO DATA,NO DATA,"City, Village or Urban Compact Street not in FA Ur",TOWN ROAD 0001,999.99,NO DATA,XY,Property Damage Only,"(43.66012239, -72.93888162)"
9036,VTVSP0100,12A101799,05/21/2012,Route 17,Buel's Gore,NO DATA,17,NO DATA,NO DATA,1.25 Miles East Of Gore Rd,1,Miles,40,6 - Single Vehicle Crash,East,464642,190662,NO DATA,NO DATA,NO DATA,State System (State Highways and Class I TH links),VT-17,999.99,NO DATA,XY,Injury,"(44.21534731, -72.94245914)"
9037,VTVSP0300,12C103193,06/22/2012,TH-1 (802),Mendon,1,NO DATA,NO DATA,NO DATA,Fernwood Dr,600,Feet,35,6 - Single Vehicle Crash,North,464696,128898,NO DATA,NO DATA,NO DATA,"City, Village or Urban Compact Street not in FA Ur",TOWN ROAD 0001,999.99,NO DATA,XY,Property Damage Only,"(43.65946992, -72.93768670)"
9045,VTVSP0800,12B200318,02/06/2012,Min. C 0798 Hinman Settler Road,Derby,NO DATA,NO DATA,NO DATA,NO DATA,NO DATA,NO DATA,NO DATA,50,6 - Single Vehicle Crash,South,467413,226101,NO DATA,NO DATA,NO DATA,Minor Collector - Non Fed Aid Rural TH,MinCollector,999.99,NO DATA,XY,Property Damage Only,"(44.53440639, -72.91000405)"
9046,VTVSP1000,12D203040,10/27/2012,TH-36 Merrifield Rd,Whitingham,40,NO DATA,NO DATA,NO DATA,Lone Pine Rd,0,Miles,99,6 - Single Vehicle Crash,South,467419,26931,NO DATA,NO DATA,NO DATA,"City, Village or Urban Compact Street not in FA Ur",TOWN ROAD 0036,999.99,NO DATA,XY,Injury,"(42.74176128, -72.89791884)"
9047,VTVSP0300,12C100038,01/02/2012,TH-23,Chittenden,23,NO DATA,NO DATA,NO DATA,TH 1,NO DATA,NO DATA,30,6 - Single Vehicle Crash,North,467425,134997,NO DATA,NO DATA,NO DATA,"City, Village or Urban Compact Street not in FA Ur",TOWN ROAD 0023,999.99,NO DATA,XY,Property Damage Only,"(43.71448851, -72.90422293)"
9048,VTVSP0700,12A200765,02/23/2012,MINC0792 (1623 Chrster Arthur Rd),Fairfield,NO DATA,NO DATA,NO DATA,NO DATA,Residence 1623 Chester Arthur,2,Miles,50,"11 - Left Turn and Thru, Head On ^v--",West,467493,258070,NO DATA,NO DATA,NO DATA,Minor Collector - Non Fed Aid Rural TH,MinCollector,999.99,NO DATA,XY,Injury,"(44.82209672, -72.91102639)"
9049,VT0020800,12WH00337,02/18/2012,TH-3 Lower Taylor Hill Road,Winhall,NO DATA,NO DATA,NO DATA,NO DATA,Stone Lodge Road,NO DATA,NO DATA,35,6 - Single Vehicle Crash,North,467732,71297,NO DATA,NO DATA,NO DATA,"City, Village or Urban Compact Street not in FA Ur",TOWN ROAD 0003,999.99,NO DATA,XY,Property Damage Only,"(43.14114345, -72.89665168)"
9050,VTVSP0700,12A202702,06/25/2012,Vt 104,Fairfax,NO DATA,104,NO DATA,NO DATA,Main Street,2,Miles,50,3 - Same Direction Sideswipe,West,468016,238444,NO DATA,NO DATA,NO DATA,State System (State Highways and Class I TH links),VT-104,999.99,NO DATA,XY,Property Damage Only,"(44.64550896, -72.90318460)"
9058,VT0130500,12DV00791,09/26/2012,TH-8 (277 Blue Brook Road),Dover,NO DATA,NO DATA,NO DATA,NO DATA,NO DATA,NO DATA,NO DATA,35,6 - Single Vehicle Crash,NO DATA,468848,53413,NO DATA,NO DATA,NO DATA,"City, Village or Urban Compact Street not in FA Ur",TOWN ROAD 0008,999.99,NO DATA,XY,Injury,"(42.98020709, -72.88193313)"
9059,VTVSP1000,12D201811,06/30/2012,TH-9 Faulkner Road,Whitingham,9,NO DATA,NO DATA,NO DATA,East Road,234,Feet,99,6 - Single Vehicle Crash,North,468876,35289,NO DATA,NO DATA,NO DATA,"City, Village or Urban Compact Street not in FA Ur",TOWN ROAD 0009,999.99,NO DATA,XY,Property Damage Only,"(42.81706012, -72.88058514)"
9060,VT0020800,12WH00154,01/21/2012,TH-41 Todd Hill Road,Winhall,NO DATA,NO DATA,NO DATA,NO DATA,Stratton Garden Road,500,Feet,35,6 - Single Vehicle Crash,West,469021,70657,NO DATA,NO DATA,NO DATA,"City, Village or Urban Compact Street not in FA Ur",TOWN ROAD 0041,999.99,NO DATA,XY,Property Damage Only,"(43.13543639, -72.88077140)"
9061,VT0130500,12DV00103,01/18/2012,TH-8 Blue Brook Road,Dover,NO DATA,NO DATA,NO DATA,NO DATA,NO DATA,NO DATA,NO DATA,35,6 - Single Vehicle Crash,NO DATA,469075,53258,NO DATA,NO DATA,NO DATA,"City, Village or Urban Compact Street not in FA Ur",TOWN ROAD 0008,999.99,NO DATA,XY,Injury,"(42.97882109, -72.87914154)"
9062,VT0130500,12DV00139,01/22/2012,TH-46 (18 Mountainview Loop),Dover,NO DATA,NO DATA,NO DATA,NO DATA,NO DATA,NO DATA,NO DATA,35,6 - Single Vehicle Crash,NO DATA,469170,50623,NO DATA,NO DATA,NO DATA,"City, Village or Urban Compact Street not in FA Ur",TOWN ROAD 0046,999.99,NO DATA,XY,Property Damage Only,"(42.95510555, -72.87783166)"
9063,VTVSP1000,12D203534,12/22/2012,Min. C 0502 Kentfield Rd,Whitingham,3,NO DATA,NO DATA,NO DATA,Head Of Pond Road,1,Miles,35,6 - Single Vehicle Crash,South,469327,30060,NO DATA,NO DATA,NO DATA,Minor Collector - Non Fed Aid Rural TH,MinCollector,999.99,NO DATA,XY,Injury,"(42.77000714, -72.87478629)"
9070,VT0130500,12DV01001,12/23/2012,TH-8 Blue Brook Road,Dover,NO DATA,NO DATA,NO DATA,NO DATA,156 Blue Brook Road,100,Feet,35,6 - Single Vehicle Crash,South,469684,52082,NO DATA,NO DATA,NO DATA,"City, Village or Urban Compact Street not in FA Ur",TOWN ROAD 0008,999.99,NO DATA,XY,Property Damage Only,"(42.96825962, -72.87161161)"
9071,VT0130300,12WM00736,06/17/2012,Min. C 0522 Ray Hill RD,Wilmington,NO DATA,NO DATA,NO DATA,NO DATA,Vermont Route 9,200,Feet,25,6 - Single Vehicle Crash,North,469709,41178,NO DATA,NO DATA,NO DATA,Minor Collector - Non Fed Aid Rural TH,MinCollector,999.99,NO DATA,XY,Property Damage Only,"(42.87010553, -72.87071626)"
9072,VT0130300,12WM00478,04/09/2012,Post Office Parking Lot,Wilmington,NO DATA,NO DATA,NO DATA,NO DATA,Vermont Route 9 East,25,Feet,99,7 - Other - Explain in Narrative,South,469932,40800,NO DATA,NO DATA,NO DATA,"Other Public Roadway (Rest Areas, Shopping Center",Unknown,999.99,NO DATA,XY,Property Damage Only,"(42.86671164, -72.86796693)"
9073,VTVSP0100,12A100736,02/25/2012,Bolton Potholes Trail,Bolton,3,NO DATA,NO DATA,NO DATA,US Route 2,0,Miles,35,1 - Rear End,East,469984,208421,NO DATA,NO DATA,NO DATA,"Other Public Roadway (Rest Areas, Shopping Center",Unknown,999.99,NO DATA,XY,Injury,"(44.37541002, -72.87663291)"
9074,VTVSP0300,12C104496,08/24/2012,TH-45 (772 Keiffer Rd),Shrewsbury,5,NO DATA,NO DATA,NO DATA,Residence #772,NO DATA,NO DATA,35,6 - Single Vehicle Crash,NO DATA,470000,114558,NO DATA,NO DATA,NO DATA,"City, Village or Urban Compact Street not in FA Ur",TOWN ROAD 0045,999.99,NO DATA,XY,Property Damage Only,"(43.53063300, -72.87113712)"
9075,VTVSP0700,12A205750,12/03/2012,VT Route 36,Fairfield,NO DATA,36,NO DATA,NO DATA,NO DATA,100,Feet,50,1 - Rear End,West,470218,254934,NO DATA,NO DATA,NO DATA,State System (State Highways and Class I TH links),VT-36,999.99,NO DATA,XY,Property Damage Only,"(44.79399542, -72.87638813)"
9082,VTVSP0700,12A205785,12/06/2012,TH-18 Duffy Hill Rd.,Fairfield,NO DATA,NO DATA,NO DATA,NO DATA,Chester Arther Rd.,0,Miles,50,"8 - No Turns, Thru moves only, Broadside ^<",North,470653,260163,NO DATA,NO DATA,NO DATA,"City, Village or Urban Compact Street not in FA Ur",TOWN ROAD 0018,999.99,NO DATA,XY,Property Damage Only,"(44.84106787, -72.87119246)"
9083,VT0130500,12DV00232,02/25/2012,TH-70 (Ellis Brook Road),Dover,70,NO DATA,NO DATA,NO DATA,Johnson Hill Rd,0,Miles,35,6 - Single Vehicle Crash,East,471195,50998,NO DATA,NO DATA,NO DATA,"City, Village or Urban Compact Street not in FA Ur",TOWN ROAD 0070,999.99,NO DATA,XY,Property Damage Only,"(42.95856041, -72.85303447)"
9084,VT0130300,12WM00096,01/15/2012,Vermont Route 9,Wilmington,NO DATA,9,NO DATA,NO DATA,Vermont Route 100; South,20,Feet,40,1 - Rear End,East,471245,40082,90,1322,440,"Other Public Roadway (Rest Areas, Shopping Center",Unknown,999.99,NO DATA,XY,Property Damage Only,"(42.86029882, -72.85186231)"
9085,VTVSP1000,12D203609,12/27/2012,TH-37 Green Mtn Road,Wardsboro,37,NO DATA,NO DATA,NO DATA,VT RT 100,50,Feet,99,6 - Single Vehicle Crash,North,471262,58750,NO DATA,NO DATA,NO DATA,"City, Village or Urban Compact Street not in FA Ur",TOWN ROAD 0037,999.99,NO DATA,XY,Injury,"(43.02834374, -72.85261206)"
9086,VTVSP1000,12D200119,01/13/2012,TH-3 (624 Wilmington Cross Road),Whitingham,3,NO DATA,NO DATA,NO DATA,489 Wilmington Cross Road,100,Feet,40,6 - Single Vehicle Crash,South,471271,32741,NO DATA,NO DATA,NO DATA,"City, Village or Urban Compact Street not in FA Ur",TOWN ROAD 0003,999.99,NO DATA,XY,Property Damage Only,"(42.79421674, -72.85116989)"
9094,VTVSP0100,12A105136,12/28/2012,TH-48 Westman Road,Cambridge,NO DATA,NO DATA,NO DATA,NO DATA,Upper Pleasant Valley Rd,0,Miles,35,6 - Single Vehicle Crash,West,471901,232825,NO DATA,NO DATA,NO DATA,"City, Village or Urban Compact Street not in FA Ur",TOWN ROAD 0048,999.99,NO DATA,XY,Property Damage Only,"(44.59510553, -72.85390482)"
9095,VTVSP1000,12D203295,11/28/2012,TH-6 Smead Rd,Wardsboro,6,NO DATA,NO DATA,NO DATA,Alzac Lane,0,Miles,35,6 - Single Vehicle Crash,West,471935,59063,NO DATA,NO DATA,NO DATA,"City, Village or Urban Compact Street not in FA Ur",TOWN ROAD 0006,999.99,NO DATA,XY,Injury,"(43.03118639, -72.84437035)"
9096,VT0080100,12MR01161,05/10/2012,62 Cherry Street,Morristown,NO DATA,NO DATA,NO DATA,NO DATA,Lincoln Street,50,Feet,99,5 - Rear-to-rear,NO DATA,472121,233211,NO DATA,NO DATA,NO DATA,"City, Village or Urban Compact Street not in FA Ur",Unknown,999.99,NO DATA,XY,Property Damage Only,"(44.59858774, -72.85115492)"
9097,VTVSP0300,12C100956,02/22/2012,TH-62 Old Coach Rd,Killington,62,NO DATA,NO DATA,NO DATA,US Rt 4,300,Feet,35,2 - Head On,North,472134,129554,NO DATA,NO DATA,NO DATA,"City, Village or Urban Compact Street not in FA Ur",TOWN ROAD 0062,999.99,NO DATA,XY,Property Damage Only,"(43.66569019, -72.84550894)"
9098,VT0130300,12WM01012,08/22/2012,TH-25 Ware RD,Wilmington,NO DATA,NO DATA,NO DATA,NO DATA,Not-A-Road,1,Miles,25,6 - Single Vehicle Crash,West,472272,41699,NO DATA,NO DATA,NO DATA,"City, Village or Urban Compact Street not in FA Ur",TOWN ROAD 0025,999.99,NO DATA,XY,Injury,"(42.87489276, -72.83937535)"
9099,VT0130300,12WM01101,09/07/2012,TH-23 Whites Rd,Wilmington,23,NO DATA,NO DATA,NO DATA,277 Whites Road,NO DATA,NO DATA,30,6 - Single Vehicle Crash,NO DATA,472272,41697,NO DATA,NO DATA,NO DATA,"City, Village or Urban Compact Street not in FA Ur",TOWN ROAD 0023,999.99,NO DATA,XY,Injury,"(42.87487476, -72.83937525)"
9107,VTVSP1200,12A301191,03/16/2012,27 Mad River Road,Waitsfield,NO DATA,NO DATA,NO DATA,NO DATA,Shaws Parking Lot,NO DATA,NO DATA,99,6 - Single Vehicle Crash,NO DATA,473014,187233,NO DATA,NO DATA,NO DATA,"Other Public Roadway (Rest Areas, Shopping Center",Unknown,999.99,NO DATA,XY,Property Damage Only,"(44.18484486, -72.83752065)"
9108,VT0130300,12WM01301,10/24/2012,TH-40 Shearer Hill RD,Wilmington,NO DATA,NO DATA,NO DATA,NO DATA,Spruce Lake,1,Miles,40,6 - Single Vehicle Crash,North,473052,38152,NO DATA,NO DATA,NO DATA,"City, Village or Urban Compact Street not in FA Ur",TOWN ROAD 0040,999.99,NO DATA,XY,Injury,"(42.84299097, -72.82965887)"
9109,VTVSP0300,12C104475,08/23/2012,TH-1,Pittsfield,1,NO DATA,NO DATA,NO DATA,Crossover Rd,476,Feet,25,6 - Single Vehicle Crash,East,473141,141629,NO DATA,NO DATA,NO DATA,"City, Village or Urban Compact Street not in FA Ur",TOWN ROAD 0001,999.99,NO DATA,XY,Property Damage Only,"(43.77440854, -72.83362598)"
9110,VT0130300,12WM00340,03/10/2012,TH-75 Old Town RD,Wilmington,75,NO DATA,NO DATA,NO DATA,Indian Forest RD,50,Feet,35,6 - Single Vehicle Crash,East,473254,46326,NO DATA,NO DATA,NO DATA,"City, Village or Urban Compact Street not in FA Ur",TOWN ROAD 0075,999.99,NO DATA,XY,Property Damage Only,"(42.91657922, -72.82757683)"
9111,VT0130300,12WM00343,03/10/2012,TH-75 Old Town Road,Wilmington,75,NO DATA,NO DATA,NO DATA,Smith Road,150,Feet,35,6 - Single Vehicle Crash,East,473254,46326,NO DATA,NO DATA,NO DATA,"City, Village or Urban Compact Street not in FA Ur",TOWN ROAD 0075,999.99,NO DATA,XY,Property Damage Only,"(42.91657922, -72.82757683)"
9112,VTVSP1000,12D203320,12/01/2012,VT Route 100,Whitingham,NO DATA,100,NO DATA,NO DATA,Jacksonville Village Line,3,Feet,50,6 - Single Vehicle Crash,North,473285,33559,NO DATA,NO DATA,NO DATA,State System (State Highways and Class I TH links),VT-100,999.99,NO DATA,XY,Property Damage Only,"(42.80165321, -72.82659090)"
9113,VTVSP0100,12A104691,11/29/2012,TH-12 (541 Pollander Road),Cambridge,12,NO DATA,NO DATA,NO DATA,N Curran Drive,0,Miles,35,6 - Single Vehicle Crash,North,473323,242432,NO DATA,NO DATA,NO DATA,"City, Village or Urban Compact Street not in FA Ur",TOWN ROAD 0012,999.99,NO DATA,XY,Property Damage Only,"(44.68161365, -72.83649451)"
9114,VT0130500,12DV00281,03/07/2012,TH-15 (Valley View Road),Dover,15,NO DATA,NO DATA,NO DATA,Villager Loop,200,Feet,35,6 - Single Vehicle Crash,East,473441,51247,NO DATA,NO DATA,NO DATA,"City, Village or Urban Compact Street not in FA Ur",TOWN ROAD 0015,999.99,NO DATA,XY,Property Damage Only,"(42.96088343, -72.82551982)"
9115,VTVSP0400,12D101976,06/28/2012,TH-6 (2739 Winhall Hollow Road),Londonderry,6,NO DATA,NO DATA,NO DATA,NO DATA,NO DATA,NO DATA,50,6 - Single Vehicle Crash,NO DATA,473461,77878,NO DATA,NO DATA,NO DATA,"City, Village or Urban Compact Street not in FA Ur",TOWN ROAD 0006,999.99,NO DATA,XY,Injury,"(43.20060409, -72.82654531)"
9116,VT0130300,12WM01276,10/18/2012,TH-17 Haynes Road,Wilmington,NO DATA,NO DATA,NO DATA,NO DATA,Steep Hill RD,NO DATA,NO DATA,25,6 - Single Vehicle Crash,North,473554,44454,NO DATA,NO DATA,NO DATA,"City, Village or Urban Compact Street not in FA Ur",TOWN ROAD 0017,999.99,NO DATA,XY,Property Damage Only,"(42.89973828, -72.82381437)"
9117,VT0130300,12WM00246,02/16/2012,TH-41 Parsons Road,Wilmington,41,NO DATA,NO DATA,NO DATA,Sills Road,0,Miles,35,6 - Single Vehicle Crash,North,473626,37188,NO DATA,NO DATA,NO DATA,"City, Village or Urban Compact Street not in FA Ur",TOWN ROAD 0041,999.99,NO DATA,XY,Property Damage Only,"(42.83433312, -72.82259203)"
9118,VTVSP0100,12A100595,02/17/2012,545 Stebbins Road,Cambridge,44,NO DATA,NO DATA,NO DATA,NO DATA,NO DATA,NO DATA,35,6 - Single Vehicle Crash,West,473631,235359,NO DATA,NO DATA,NO DATA,"City, Village or Urban Compact Street not in FA Ur",TOWN ROAD 0044,999.99,NO DATA,XY,Injury,"(44.61797474, -72.83224601)"
9119,VTVSP0700,12A201507,04/14/2012,TH-4 (1651 Dewing Rd.),Franklin,NO DATA,NO DATA,NO DATA,NO DATA,NO DATA,NO DATA,NO DATA,35,3 - Same Direction Sideswipe,NO DATA,473721,275493,NO DATA,NO DATA,NO DATA,"City, Village or Urban Compact Street not in FA Ur",TOWN ROAD 0004,999.99,NO DATA,XY,Property Damage Only,"(44.97913654, -72.83318406)"
9120,VT0130300,12WM00341,03/10/2012,Min. C 0524 Lake Raponda Road,Wilmington,4,NO DATA,NO DATA,NO DATA,Ware Road,330,Feet,35,6 - Single Vehicle Crash,South,473741,40298,NO DATA,NO DATA,NO DATA,Minor Collector - Non Fed Aid Rural TH,MinCollector,999.99,NO DATA,XY,Property Damage Only,"(42.86233301, -72.82133052)"
9121,VT0130300,12WM01423,11/25/2012,TH-5 (1 Mountain View Rd),Wilmington,NO DATA,NO DATA,NO DATA,NO DATA,Ware Road,NO DATA,NO DATA,25,6 - Single Vehicle Crash,NO DATA,473845,40470,NO DATA,NO DATA,NO DATA,"City, Village or Urban Compact Street not in FA Ur",TOWN ROAD 0005,999.99,NO DATA,XY,Injury,"(42.86388490, -72.82006590)"
9122,VT0130300,12WM01251,10/13/2012,55 Parsons Rd,Wilmington,NO DATA,NO DATA,NO DATA,NO DATA,Double B Lane,0,Miles,35,6 - Single Vehicle Crash,North,473851,37479,NO DATA,NO DATA,NO DATA,"City, Village or Urban Compact Street not in FA Ur",TOWN ROAD 0041,999.99,NO DATA,XY,Injury,"(42.83696040, -72.81985351)"
9123,VT0130300,12WM00037,01/07/2012,Min. C 0524 (199 Lake Raponda Road),Wilmington,4,NO DATA,NO DATA,NO DATA,NO DATA,NO DATA,NO DATA,25,6 - Single Vehicle Crash,NO DATA,473962,40977,NO DATA,NO DATA,NO DATA,Minor Collector - Non Fed Aid Rural TH,MinCollector,999.99,NO DATA,XY,Injury,"(42.86845285, -72.81865764)"
9124,VTVSP0300,12C100022,01/01/2012,TH-30 Russellville Rd.,Mt. Holly,37,NO DATA,NO DATA,NO DATA,Hen Farm Rd,100,Feet,35,6 - Single Vehicle Crash,North,474048,108586,NO DATA,NO DATA,NO DATA,"City, Village or Urban Compact Street not in FA Ur",TOWN ROAD 0030,999.99,NO DATA,XY,Property Damage Only,"(43.47703136, -72.82077459)"
9132,VTVSP0300,12C102816,06/02/2012,US-4,Killington,NO DATA,4,NO DATA,NO DATA,NO DATA,NO DATA,NO DATA,50,6 - Single Vehicle Crash,NO DATA,474657,129302,NO DATA,NO DATA,NO DATA,State System (State Highways and Class I TH links),US-4,999.99,NO DATA,XY,Property Damage Only,"(43.66351230, -72.81421517)"
9133,VTVSP1000,12D201950,07/14/2012,TH-4 Gates Pond Road,Halifax,41,NO DATA,NO DATA,NO DATA,Lake Hill Road,NO DATA,NO DATA,35,4 - Opp Direction Sideswipe,NO DATA,474715,35173,NO DATA,NO DATA,NO DATA,"City, Village or Urban Compact Street not in FA Ur",TOWN ROAD 0004,999.99,NO DATA,XY,Injury,"(42.81623093, -72.80918182)"
9134,VTVSP0400,12D103805,11/25/2012,TH-63 (959 Cole Pond Road),Jamaica,NO DATA,NO DATA,NO DATA,NO DATA,Pratt Bridge Rd,100,Feet,50,6 - Single Vehicle Crash,East,474904,71651,NO DATA,NO DATA,NO DATA,"City, Village or Urban Compact Street not in FA Ur",TOWN ROAD 0063,999.99,NO DATA,XY,Property Damage Only,"(43.14460162, -72.80850817)"
9135,VTVSP1000,12D201224,04/30/2012,TH-25 Collins Road,Whitingham,25,NO DATA,NO DATA,NO DATA,2579 Collins Road,NO DATA,NO DATA,35,6 - Single Vehicle Crash,NO DATA,475035,34818,NO DATA,NO DATA,NO DATA,"City, Village or Urban Compact Street not in FA Ur",TOWN ROAD 0025,999.99,NO DATA,XY,Property Damage Only,"(42.81304573, -72.80525325)"
9136,VTVSP1200,12A304167,09/21/2012,Min. C 0680 East Warren RD,Waitsfield,2,NO DATA,NO DATA,NO DATA,1482 Rolston Road,5,Feet,40,6 - Single Vehicle Crash,East,475084,183611,NO DATA,NO DATA,NO DATA,Minor Collector - Non Fed Aid Rural TH,MinCollector,999.99,NO DATA,XY,Injury,"(44.15232103, -72.81145954)"
9137,VTVSP0100,12A100725,02/25/2012,VT RT 108S,Cambridge,NO DATA,108,NO DATA,NO DATA,NO DATA,NO DATA,NO DATA,50,3 - Same Direction Sideswipe,NO DATA,475412,233854,NO DATA,NO DATA,NO DATA,State System (State Highways and Class I TH links),VT-108,999.99,NO DATA,XY,Property Damage Only,"(44.60449412, -72.80973407)"
9145,VTVSP0400,12D100513,02/14/2012,30 Woodcock Lane (pvt),Weston,NO DATA,NO DATA,NO DATA,NO DATA,VT Route 100,1,Miles,25,2 - Head On,East,476081,83621,NO DATA,NO DATA,NO DATA,"Other Public Roadway (Rest Areas, Shopping Center",Unknown,999.99,NO DATA,XY,Property Damage Only,"(43.25238623, -72.79455725)"
9146,VT0060000,12FRC1224,07/19/2012,Railroad St,Enosburg,NO DATA,NO DATA,NO DATA,NO DATA,Archambault St,20,Feet,25,"8 - No Turns, Thru moves only, Broadside ^<",East,476113,267577,NO DATA,NO DATA,NO DATA,"City, Village or Urban Compact Street not in FA Ur",Unknown,999.99,NO DATA,XY,Property Damage Only,"(44.90798797, -72.80248282)"
9147,VTVSP1000,12D203560,12/24/2012,TH-35 South Hill Rd,Jamaica,35,NO DATA,NO DATA,NO DATA,Stagecoach Rd,0,Miles,99,6 - Single Vehicle Crash,South,476146,64655,NO DATA,NO DATA,NO DATA,"City, Village or Urban Compact Street not in FA Ur",TOWN ROAD 0035,999.99,NO DATA,XY,Property Damage Only,"(43.08166717, -72.79293985)"
9148,VTVSP0100,12A101771,05/19/2012,VT RT 109,Cambridge,NO DATA,109,NO DATA,NO DATA,NO DATA,NO DATA,NO DATA,50,6 - Single Vehicle Crash,NO DATA,476185,240681,NO DATA,NO DATA,NO DATA,State System (State Highways and Class I TH links),VT-109,999.99,NO DATA,XY,Property Damage Only,"(44.66595699, -72.80031349)"
9149,VTVSP0700,12A201640,04/22/2012,TH-2 East Bakersfield Road,Bakersfield,2,NO DATA,NO DATA,NO DATA,Main Street,0,Miles,50,6 - Single Vehicle Crash,East,476266,253546,NO DATA,NO DATA,NO DATA,"City, Village or Urban Compact Street not in FA Ur",TOWN ROAD 0002,999.99,NO DATA,XY,Injury,"(44.78173133, -72.79988960)"
9150,VTVSP0300,12C102853,06/04/2012,TH-2 Healdville Rd,Mt. Holly,2,NO DATA,NO DATA,NO DATA,Hedgehog Hill Rd (TH 24),NO DATA,NO DATA,35,7 - Other - Explain in Narrative,NO DATA,476291,101793,NO DATA,NO DATA,NO DATA,"City, Village or Urban Compact Street not in FA Ur",TOWN ROAD 0002,999.99,NO DATA,XY,Property Damage Only,"(43.41596206, -72.79275588)"
9158,VTVSP0300,12C100232,01/13/2012,FAS-159 Killington Access Rd,Killington,NO DATA,NO DATA,NO DATA,NO DATA,Wobbly Barn,250,Feet,35,1 - Rear End,NO DATA,476815,126595,NO DATA,NO DATA,NO DATA,Federal Aid Secondary System (Class 2 TH),FAS 0159,999.99,NO DATA,XY,Property Damage Only,"(43.63921790, -72.78734346)"
9159,VTVSP0300,12C100317,01/18/2012,Min. C 0602 (109 West Hill Rd),Killington,3,NO DATA,NO DATA,NO DATA,US Rt 4,500,Feet,25,6 - Single Vehicle Crash,South,476853,129391,NO DATA,NO DATA,NO DATA,Minor Collector - Non Fed Aid Rural TH,MinCollector,999.99,NO DATA,XY,Injury,"(43.66438495, -72.78699233)"
9160,VTVSP0300,12C103172,06/21/2012,TH-2,Mt. Holly,2,NO DATA,NO DATA,NO DATA,Crowley Lane,100,Feet,35,4 - Opp Direction Sideswipe,East,476880,102824,NO DATA,NO DATA,NO DATA,"City, Village or Urban Compact Street not in FA Ur",TOWN ROAD 0002,999.99,NO DATA,XY,Injury,"(43.42526051, -72.78552670)"
9161,VTVSP1000,12D202819,10/10/2012,Min. C 0536 (392 Pike Falls),Jamaica,1,NO DATA,NO DATA,NO DATA,Route 30,1,Miles,35,6 - Single Vehicle Crash,South,476888,66206,NO DATA,NO DATA,NO DATA,Minor Collector - Non Fed Aid Rural TH,MinCollector,999.99,NO DATA,XY,Property Damage Only,"(43.09565155, -72.78389231)"
9162,VTVSP0300,12C102208,05/01/2012,TH-40,Killington,40,NO DATA,NO DATA,NO DATA,Telefon Trail,50,Feet,35,6 - Single Vehicle Crash,South,477050,126853,NO DATA,NO DATA,NO DATA,"City, Village or Urban Compact Street not in FA Ur",TOWN ROAD 0040,999.99,NO DATA,XY,Injury,"(43.64154736, -72.78444199)"
9163,VTVSP0700,12A202270,05/30/2012,TH-23 (747 Grange Hall Road),Enosburg,NO DATA,NO DATA,NO DATA,NO DATA,Residence #747,NO DATA,NO DATA,35,2 - Head On,NO DATA,477070,263734,NO DATA,NO DATA,NO DATA,"City, Village or Urban Compact Street not in FA Ur",TOWN ROAD 0023,999.99,NO DATA,XY,Injury,"(44.87343740, -72.79019052)"