ID,Reporting Agency,Report Number,Date,Street Address,Town,Number,Number1,Number2,Number3,Intersection,Distance From Intersection,Distance Unit,Posted Speed,Direction of Collision,Direction from Intersection,Easting,Northing,Mile Marker,Mile Marker 1,Mile Marker 2,AOT Roadway,AOT Route,AOT Actual Mile,LRS Number,How Mapped,Crash Type,Location 1
9171,VTVSP0700,12A203083,07/14/2012,Rt. 105,Enosburg,NO DATA,NO DATA,NO DATA,NO DATA,Camp Road,2,NO DATA,50,6 - Single Vehicle Crash,West,477506,268446,NO DATA,NO DATA,NO DATA,State System (State Highways and Class I TH links),VT-105,999.99,NO DATA,XY,Injury,"(44.91585318, -72.78488209)"
9172,VTVSP1000,12D200429,02/08/2012,Min. C 0526 Higley Hill Rd,Marlboro,2,NO DATA,NO DATA,NO DATA,Hague Rd,0,Miles,35,6 - Single Vehicle Crash,North,477549,42333,NO DATA,NO DATA,NO DATA,Minor Collector - Non Fed Aid Rural TH,MinCollector,999.99,NO DATA,XY,Property Damage Only,"(42.88077320, -72.77481414)"
9173,VT0130500,12DV00538,07/03/2012,TH-42 North Street,Dover,NO DATA,NO DATA,NO DATA,NO DATA,Goose City Road,0,Miles,25,6 - Single Vehicle Crash,North,477559,50477,NO DATA,NO DATA,NO DATA,"City, Village or Urban Compact Street not in FA Ur",TOWN ROAD 0042,999.99,NO DATA,XY,Injury,"(42.95408446, -72.77501756)"
9174,VTVSP1200,12A303469,08/08/2012,TH-4 Crossett Hill RD,Duxbury,4,NO DATA,NO DATA,NO DATA,Richardson RD,75,Feet,35,"10 - Left Turn and Thru, Angle Broadside -->v--",North,477566,202383,NO DATA,NO DATA,NO DATA,"City, Village or Urban Compact Street not in FA Ur",TOWN ROAD 0004,999.99,NO DATA,XY,Property Damage Only,"(44.32134468, -72.78123764)"
9175,VT0080200,12ST00593,03/01/2012,Spruce Peak,Stowe,NO DATA,NO DATA,NO DATA,NO DATA,Hour Glass Drive,NO DATA,NO DATA,99,4 - Opp Direction Sideswipe,NO DATA,477597,225618,NO DATA,NO DATA,NO DATA,"Other Public Roadway (Rest Areas, Shopping Center",Unknown,999.99,NO DATA,XY,Property Damage Only,"(44.53044784, -72.78185202)"
9176,VT0080200,12ST00652,03/09/2012,Mansfields Base,Stowe,NO DATA,NO DATA,NO DATA,NO DATA,Mountain Road,NO DATA,NO DATA,99,2 - Head On,NO DATA,477629,225339,NO DATA,NO DATA,NO DATA,"Other Public Roadway (Rest Areas, Shopping Center",Unknown,999.99,NO DATA,XY,Property Damage Only,"(44.52793803, -72.78143734)"
9184,VTVSP1000,12D200482,02/15/2012,TH-8 Lower Dover Road,Marlboro,8,NO DATA,NO DATA,NO DATA,#971 Lower Dover Road,NO DATA,NO DATA,35,"8 - No Turns, Thru moves only, Broadside ^<",NO DATA,478000,43500,NO DATA,NO DATA,NO DATA,"City, Village or Urban Compact Street not in FA Ur",TOWN ROAD 0008,999.99,NO DATA,XY,Property Damage Only,"(42.89129152, -72.76933940)"
9185,VTVSP1200,12A330149,07/21/2012,TH-27 (1751 Stevens Brk RD),Duxbury,27,NO DATA,NO DATA,NO DATA,VT Route 100,1,Miles,35,7 - Other - Explain in Narrative,East,478014,197897,NO DATA,NO DATA,NO DATA,"City, Village or Urban Compact Street not in FA Ur",TOWN ROAD 0027,999.99,NO DATA,XY,Property Damage Only,"(44.28098594, -72.77543268)"
9186,VT0080200,12ST00411,02/11/2012,49 Inspiration Lane,Stowe,NO DATA,NO DATA,NO DATA,NO DATA,Big Spruce Road,200,Feet,99,4 - Opp Direction Sideswipe,West,478076,225689,NO DATA,NO DATA,NO DATA,"City, Village or Urban Compact Street not in FA Ur",Unknown,999.99,NO DATA,XY,Property Damage Only,"(44.53110150, -72.77582883)"
9187,VT0080200,12ST00210,01/20/2012,7416 Mountain Road,Stowe,NO DATA,NO DATA,NO DATA,NO DATA,Parking Lot Spruce Peak,NO DATA,NO DATA,99,1 - Rear End,NO DATA,478079,225943,NO DATA,NO DATA,NO DATA,"Other Public Roadway (Rest Areas, Shopping Center",Unknown,999.99,NO DATA,XY,Property Damage Only,"(44.53338741, -72.77580188)"
9188,VTVSP1000,12D202316,08/18/2012,Min. C 0526 Higley Hill Rd,Marlboro,2,NO DATA,NO DATA,NO DATA,Hughes Rd,1,Miles,35,6 - Single Vehicle Crash,East,478095,42157,NO DATA,NO DATA,NO DATA,Minor Collector - Non Fed Aid Rural TH,MinCollector,999.99,NO DATA,XY,Injury,"(42.87920471, -72.76812400)"
9196,VTVSP1000,12D202147,08/02/2012,Min. C 0526 Higley Hill Road,Marlboro,2,NO DATA,NO DATA,NO DATA,Augur Hole Road,10,Feet,35,6 - Single Vehicle Crash,North,478851,41150,NO DATA,NO DATA,NO DATA,Minor Collector - Non Fed Aid Rural TH,MinCollector,999.99,NO DATA,XY,Property Damage Only,"(42.87016107, -72.75883257)"
9197,VTVSP1000,12D203476,12/16/2012,Min. C 0526 Higley Hill Rd,Marlboro,2,NO DATA,NO DATA,NO DATA,Auger Hole Road,NO DATA,NO DATA,35,6 - Single Vehicle Crash,NO DATA,478896,41142,NO DATA,NO DATA,NO DATA,Minor Collector - Non Fed Aid Rural TH,MinCollector,999.99,NO DATA,XY,Property Damage Only,"(42.87009030, -72.75828154)"
9198,VTVSP1000,12D203246,11/24/2012,TH-1 Green River Rd,Halifax,1,NO DATA,NO DATA,NO DATA,Brook Rd,0,Miles,35,6 - Single Vehicle Crash,East,479146,35305,NO DATA,NO DATA,NO DATA,"City, Village or Urban Compact Street not in FA Ur",TOWN ROAD 0001,999.99,NO DATA,XY,Injury,"(42.81755267, -72.75500576)"
9199,VT0060000,12FRC1710,09/30/2012,Min. C 0796 Tyler Branch Rd,Enosburg,NO DATA,NO DATA,NO DATA,NO DATA,Boston Post Rd,1000,Feet,50,6 - Single Vehicle Crash,West,479359,262538,NO DATA,NO DATA,NO DATA,Minor Collector - Non Fed Aid Rural TH,MinCollector,999.99,NO DATA,XY,Injury,"(44.86274481, -72.76117385)"
9200,VT0080000,12LC00048,01/06/2012,TH-7 Trombley Hill,Hyde Park,NO DATA,NO DATA,NO DATA,NO DATA,Rt 15,1,Miles,35,NO DATA,NO DATA,479375,239113,NO DATA,NO DATA,NO DATA,"City, Village or Urban Compact Street not in FA Ur",TOWN ROAD 0007,999.99,NO DATA,XY,Property Damage Only,"(44.65194510, -72.76002428)"
9201,VT0080000,12LC00055,01/07/2012,VT 15,Wolcott,NO DATA,15,NO DATA,NO DATA,NO DATA,NO DATA,NO DATA,50,2 - Head On,NO DATA,479375,239113,NO DATA,NO DATA,NO DATA,State System (State Highways and Class I TH links),VT-15,999.99,NO DATA,XY,Injury,"(44.65194510, -72.76002428)"
9209,VTVSP1000,12D200221,01/19/2012,TH-37 MOSS HOLLOW RD,Marlboro,37,NO DATA,NO DATA,NO DATA,MARLBORO COLLEGE,0,Miles,50,6 - Single Vehicle Crash,South,480221,37601,NO DATA,NO DATA,NO DATA,"City, Village or Urban Compact Street not in FA Ur",TOWN ROAD 0037,999.99,NO DATA,XY,Property Damage Only,"(42.83824979, -72.74194127)"
9210,VT0080200,12ST00743,03/20/2012,TH-43 (534 Nebraska Valley Road),Stowe,43,NO DATA,NO DATA,NO DATA,Cotton Brook Road (TR #48),1,Miles,35,NO DATA,North,480232,216474,NO DATA,NO DATA,NO DATA,"City, Village or Urban Compact Street not in FA Ur",TOWN ROAD 0043,999.99,NO DATA,XY,Property Damage Only,"(44.44823457, -72.74835212)"
9211,VTVSP1000,12D203072,11/05/2012,Min. C 0504 Moss Hollow Rd,Marlboro,37,NO DATA,NO DATA,NO DATA,South Road,300,Feet,50,2 - Head On,South,480292,37616,NO DATA,NO DATA,NO DATA,Minor Collector - Non Fed Aid Rural TH,MinCollector,999.99,NO DATA,XY,Injury,"(42.83838665, -72.74107332)"
9212,VTVSP0100,12A301796,05/01/2012,Min. C 0686 Moretown Mountain Rd,Moretown,1,NO DATA,NO DATA,NO DATA,South Hill Rd,75,Feet,35,6 - Single Vehicle Crash,East,480371,194111,NO DATA,NO DATA,NO DATA,Minor Collector - Non Fed Aid Rural TH,MinCollector,999.99,NO DATA,XY,Property Damage Only,"(44.24698034, -72.74576345)"
9213,VT0080200,12ST00283,01/28/2012,TH-42 (700 Trapp Hill Road),Stowe,42,NO DATA,NO DATA,NO DATA,Cross Country Center Parking Lot,NO DATA,NO DATA,10,4 - Opp Direction Sideswipe,NO DATA,480427,218225,NO DATA,NO DATA,NO DATA,"City, Village or Urban Compact Street not in FA Ur",TOWN ROAD 0042,999.99,NO DATA,XY,Property Damage Only,"(44.46399787, -72.74596845)"
9221,VTVSP1200,12A304175,09/21/2012,Min. C 0686 Moretown Mountain RD,Moretown,1,NO DATA,NO DATA,NO DATA,Howes RD,900,Feet,35,6 - Single Vehicle Crash,North,481208,193763,NO DATA,NO DATA,NO DATA,Minor Collector - Non Fed Aid Rural TH,MinCollector,999.99,NO DATA,XY,Injury,"(44.24387048, -72.73527151)"
9222,VTVSP1000,12D200645,03/01/2012,Min. C 0504 South Road,Marlboro,3,NO DATA,NO DATA,NO DATA,Moss Hollow Road,500,Feet,25,"12 - Left Turn and Thru, Same Direction Sideswipe/Angle Crash vv--",North,481338,37522,NO DATA,NO DATA,NO DATA,Minor Collector - Non Fed Aid Rural TH,MinCollector,999.99,NO DATA,XY,Property Damage Only,"(42.83756669, -72.72827542)"
9223,VTVSP0400,12D103096,09/22/2012,TH-12 N. Hill Rd,Andover,12,NO DATA,NO DATA,NO DATA,Dorman Rd,0,Miles,50,6 - Single Vehicle Crash,North,481399,88651,NO DATA,NO DATA,NO DATA,"City, Village or Urban Compact Street not in FA Ur",TOWN ROAD 0012,999.99,NO DATA,XY,Injury,"(43.29781268, -72.72923797)"
9224,VT0060000,12FRC0912,06/01/2012,TH-4 (2179 Horseshoe Circle),Enosburg,43,NO DATA,NO DATA,NO DATA,NO DATA,528,Feet,35,6 - Single Vehicle Crash,South,481457,260984,NO DATA,NO DATA,NO DATA,"City, Village or Urban Compact Street not in FA Ur",TOWN ROAD 0004,999.99,NO DATA,XY,Injury,"(44.84881829, -72.73457111)"
9225,VTVSP1200,12A303519,08/11/2012,TH-11 Gregg Hill Road,Waterbury,11,NO DATA,NO DATA,NO DATA,Waterbury Stowe Road,1,Miles,25,6 - Single Vehicle Crash,West,481514,209855,NO DATA,NO DATA,NO DATA,"City, Village or Urban Compact Street not in FA Ur",TOWN ROAD 0011,999.99,NO DATA,XY,Injury,"(44.38870079, -72.73201046)"
9226,VTVSP0400,12D101861,06/18/2012,TH-34 Little Pond Road,Andover,34,NO DATA,NO DATA,NO DATA,Marsh Hill Rd TH# 31,NO DATA,NO DATA,99,6 - Single Vehicle Crash,NO DATA,481566,83889,NO DATA,NO DATA,NO DATA,"City, Village or Urban Compact Street not in FA Ur",TOWN ROAD 0034,999.99,NO DATA,XY,Property Damage Only,"(43.25495257, -72.72702049)"
9234,VT0140100,12LL00184,02/18/2012,TH-40 Okemo Ridge Road,Ludlow,NO DATA,NO DATA,NO DATA,NO DATA,Winterplace,5,Feet,30,4 - Opp Direction Sideswipe,West,481965,101181,NO DATA,NO DATA,NO DATA,"City, Village or Urban Compact Street not in FA Ur",TOWN ROAD 0040,999.99,NO DATA,XY,Property Damage Only,"(43.41061128, -72.72267470)"
9235,VT0120300,12NF00040,01/11/2012,TH-8 (505 Halstrom Road),Northfield,NO DATA,NO DATA,NO DATA,NO DATA,NO DATA,NO DATA,NO DATA,35,6 - Single Vehicle Crash,NO DATA,481972,186168,NO DATA,NO DATA,NO DATA,"City, Village or Urban Compact Street not in FA Ur",TOWN ROAD 0008,999.99,NO DATA,XY,Property Damage Only,"(44.17553607, -72.72544564)"
9236,VTVSP0400,12D102327,07/29/2012,Scott Pet Road,Windham,5,NO DATA,NO DATA,NO DATA,White Road TH #3,NO DATA,NO DATA,99,6 - Single Vehicle Crash,NO DATA,482009,79845,NO DATA,NO DATA,NO DATA,"City, Village or Urban Compact Street not in FA Ur",TOWN ROAD 0005,999.99,NO DATA,XY,Property Damage Only,"(43.21856173, -72.72143303)"
9237,VT0080200,12ST01758,07/11/2012,VT-108 (2700 Mountain Road),Stowe,NO DATA,108,NO DATA,NO DATA,NO DATA,NO DATA,NO DATA,40,6 - Single Vehicle Crash,NO DATA,482012,220074,NO DATA,NO DATA,NO DATA,State System (State Highways and Class I TH links),VT-108,999.99,NO DATA,XY,Property Damage Only,"(44.48067894, -72.72611469)"
9238,VTVSP1200,12A301072,03/08/2012,Min. C 0712 (635 Guptil Road),Waterbury,1,NO DATA,NO DATA,NO DATA,Kneeland Flats,0,Miles,40,6 - Single Vehicle Crash,South,482035,206524,NO DATA,NO DATA,NO DATA,Minor Collector - Non Fed Aid Rural TH,MinCollector,999.99,NO DATA,XY,Injury,"(44.35873632, -72.72535669)"
9246,VT0140100,12LL01148,12/22/2012,TH-22 (272 West Hill Road),Ludlow,NO DATA,NO DATA,NO DATA,NO DATA,272 West Hill Road,100,Feet,30,6 - Single Vehicle Crash,West,482422,99259,NO DATA,NO DATA,NO DATA,"City, Village or Urban Compact Street not in FA Ur",TOWN ROAD 0022,999.99,NO DATA,XY,Property Damage Only,"(43.39332199, -72.71697053)"
9247,VT0080200,12ST00252,01/25/2012,2251 Mountain Road,Stowe,NO DATA,NO DATA,NO DATA,NO DATA,Edelweiss Parking Lot,NO DATA,NO DATA,99,7 - Other - Explain in Narrative,NO DATA,482452,219610,NO DATA,NO DATA,NO DATA,"Other Public Roadway (Rest Areas, Shopping Center",Unknown,999.99,NO DATA,XY,Property Damage Only,"(44.47651403, -72.72056810)"
9248,VTVSP1200,12A303133,07/20/2012,228 Suss Drive,Waterbury,46,NO DATA,NO DATA,NO DATA,Vermont Route 100,0,Miles,15,6 - Single Vehicle Crash,East,482471,209367,NO DATA,NO DATA,NO DATA,Street or Town Highways in FA Urban Area,Unknown,999.99,NO DATA,XY,Injury,"(44.38433278, -72.71998323)"
9249,VTVSP0700,12A202464,06/10/2012,TH-29 (1905 King Road),Berkshire,NO DATA,NO DATA,NO DATA,NO DATA,NO DATA,NO DATA,NO DATA,50,6 - Single Vehicle Crash,NO DATA,482579,274167,NO DATA,NO DATA,NO DATA,"City, Village or Urban Compact Street not in FA Ur",TOWN ROAD 0029,999.99,NO DATA,XY,Injury,"(44.96747679, -72.72083163)"
9250,VT0140100,12LL00033,01/08/2012,TH-40 (100 Okemo Mountain Road),Ludlow,NO DATA,NO DATA,NO DATA,NO DATA,Okemo Ridge Road,150,Feet,30,6 - Single Vehicle Crash,West,482612,99896,NO DATA,NO DATA,NO DATA,"City, Village or Urban Compact Street not in FA Ur",TOWN ROAD 0040,999.99,NO DATA,XY,Property Damage Only,"(43.39906014, -72.71464557)"
9258,VT0080200,12ST02487,09/30/2012,1813 Mountain Rd,Stowe,NO DATA,108,NO DATA,NO DATA,Parking Lot Of Red BArn Shops,NO DATA,NO DATA,99,3 - Same Direction Sideswipe,NO DATA,483135,219297,NO DATA,NO DATA,NO DATA,"Other Public Roadway (Rest Areas, Shopping Center",Unknown,999.99,NO DATA,XY,Property Damage Only,"(44.47371347, -72.71197310)"
9259,VTVSP1000,12D200390,02/05/2012,TH-1 S Wardsboro,Newfane,1,NO DATA,NO DATA,NO DATA,Nichols Rd TH# 8,0,Miles,50,6 - Single Vehicle Crash,West,483165,56650,NO DATA,NO DATA,NO DATA,"City, Village or Urban Compact Street not in FA Ur",TOWN ROAD 0001,999.99,NO DATA,XY,Property Damage Only,"(43.00979690, -72.70650193)"
9260,VT0140100,12LL00154,02/12/2012,82 Pond Street,Ludlow,NO DATA,NO DATA,NO DATA,NO DATA,NO DATA,NO DATA,Feet,10,5 - Rear-to-rear,NO DATA,483175,100089,NO DATA,NO DATA,NO DATA,"Other Public Roadway (Rest Areas, Shopping Center",Unknown,999.99,NO DATA,XY,Property Damage Only,"(43.40081018, -72.70770165)"
9261,VT0080200,12ST02576,10/10/2012,TH-23 (2600 Weeks Hill Road),Stowe,NO DATA,NO DATA,NO DATA,NO DATA,NO DATA,NO DATA,NO DATA,35,6 - Single Vehicle Crash,NO DATA,483229,222913,NO DATA,NO DATA,NO DATA,"City, Village or Urban Compact Street not in FA Ur",TOWN ROAD 0023,999.99,NO DATA,XY,Property Damage Only,"(44.50625747, -72.71090888)"
9262,VT0080200,12ST02208,08/26/2012,TH-31 Cape Cod Road,Stowe,NO DATA,NO DATA,NO DATA,NO DATA,Mountain Road,NO DATA,NO DATA,35,1 - Rear End,NO DATA,483246,219276,NO DATA,NO DATA,NO DATA,"City, Village or Urban Compact Street not in FA Ur",TOWN ROAD 0031,999.99,NO DATA,XY,Property Damage Only,"(44.47352706, -72.71057730)"
9263,VT0080200,12ST01716,07/06/2012,TH-31 (1175 Cape Cod Road),Stowe,NO DATA,NO DATA,NO DATA,NO DATA,NO DATA,NO DATA,NO DATA,35,2 - Head On,NO DATA,483308,219409,NO DATA,NO DATA,NO DATA,"City, Village or Urban Compact Street not in FA Ur",TOWN ROAD 0031,999.99,NO DATA,XY,Property Damage Only,"(44.47472542, -72.70980233)"
9270,VT0140100,12LL00252,03/03/2012,66 VT RT 100 North,Ludlow,NO DATA,NO DATA,NO DATA,NO DATA,NO DATA,NO DATA,NO DATA,10,"14 - Left Turn and Thru, Broadside v<--",NO DATA,483440,102394,NO DATA,NO DATA,NO DATA,"Other Public Roadway (Rest Areas, Shopping Center",Unknown,999.99,NO DATA,XY,Property Damage Only,"(43.42156363, -72.70450011)"
9271,VT0140100,12LL00562,06/14/2012,Main Street,Ludlow,NO DATA,NO DATA,NO DATA,NO DATA,Sunoco Gas Station,5,Feet,10,7 - Other - Explain in Narrative,North,483494,99513,NO DATA,NO DATA,NO DATA,"Other Public Roadway (Rest Areas, Shopping Center",Unknown,999.99,NO DATA,XY,Property Damage Only,"(43.39563262, -72.70374632)"
9272,VT0140100,12-LL-00562,06/14/2012,216 Main Street,Ludlow,NO DATA,NO DATA,NO DATA,NO DATA,NO DATA,NO DATA,NO DATA,10,1 - Rear End,NO DATA,483521,99506,NO DATA,NO DATA,NO DATA,"Other Public Roadway (Rest Areas, Shopping Center",Unknown,999.99,NO DATA,XY,Property Damage Only,"(43.39557021, -72.70341283)"
9273,VTVSP1000,12D201988,07/19/2012,TH-26 Parish Hill Road,Newfane,26,NO DATA,NO DATA,NO DATA,Oak Hill Road,0,Miles,99,6 - Single Vehicle Crash,South,483537,49396,NO DATA,NO DATA,NO DATA,"City, Village or Urban Compact Street not in FA Ur",TOWN ROAD 0026,999.99,NO DATA,XY,Property Damage Only,"(42.94450605, -72.70172538)"
9274,VT0140100,12LL01170,12/28/2012,215 Main Street,Ludlow,NO DATA,NO DATA,NO DATA,NO DATA,NO DATA,NO DATA,NO DATA,10,4 - Opp Direction Sideswipe,NO DATA,483543,99596,NO DATA,NO DATA,NO DATA,"Other Public Roadway (Rest Areas, Shopping Center",Unknown,999.99,NO DATA,XY,Property Damage Only,"(43.39638079, -72.70314398)"
9275,VTVSP1000,12D200707,03/08/2012,TH-71 Eddy Road,Newfane,71,NO DATA,NO DATA,NO DATA,66 Eddy Road,400,Feet,30,6 - Single Vehicle Crash,North,483648,57133,NO DATA,NO DATA,NO DATA,"City, Village or Urban Compact Street not in FA Ur",TOWN ROAD 0071,999.99,NO DATA,XY,Property Damage Only,"(43.01415528, -72.70059156)"
9283,VT0140100,12LL01138,12/19/2012,137 Main Street,Ludlow,NO DATA,NO DATA,NO DATA,NO DATA,Shell Gas Station,5,Feet,10,5 - Rear-to-rear,North,483913,99580,NO DATA,NO DATA,NO DATA,"Other Public Roadway (Rest Areas, Shopping Center",Unknown,999.99,NO DATA,XY,Property Damage Only,"(43.39624479, -72.69857631)"
9284,VT0140100,12LL00251,03/03/2012,TH-4 (141 East Lake Road),Ludlow,NO DATA,NO DATA,NO DATA,NO DATA,NO DATA,NO DATA,NO DATA,25,6 - Single Vehicle Crash,NO DATA,484110,103521,NO DATA,NO DATA,NO DATA,"City, Village or Urban Compact Street not in FA Ur",TOWN ROAD 0004,999.99,NO DATA,XY,Property Damage Only,"(43.43172234, -72.69625911)"
9285,VT0140100,12LL01156,12/26/2012,9 Gill Terrace,Ludlow,NO DATA,NO DATA,NO DATA,NO DATA,NO DATA,NO DATA,NO DATA,10,1 - Rear End,NO DATA,484131,99872,NO DATA,NO DATA,NO DATA,"Other Public Roadway (Rest Areas, Shopping Center",Unknown,999.99,NO DATA,XY,Property Damage Only,"(43.39887776, -72.69589384)"
9286,VTVSP1100,12D302831,07/04/2012,TH-42 Scout Camp Rd,Plymouth,42,NO DATA,NO DATA,NO DATA,Kingdom Rd,1,Miles,35,2 - Head On,North,484237,108044,NO DATA,NO DATA,NO DATA,"City, Village or Urban Compact Street not in FA Ur",TOWN ROAD 0042,999.99,NO DATA,XY,Injury,"(43.47243676, -72.69482118)"
9287,VT0080200,12ST00542,02/25/2012,TH-94 (202 Cady Hill Road),Stowe,NO DATA,NO DATA,NO DATA,NO DATA,NO DATA,NO DATA,NO DATA,35,6 - Single Vehicle Crash,NO DATA,484246,217434,NO DATA,NO DATA,NO DATA,"City, Village or Urban Compact Street not in FA Ur",TOWN ROAD 0094,999.99,NO DATA,XY,Property Damage Only,"(44.45697257, -72.69795264)"
9288,VT0080200,12ST02089,08/13/2012,968 Mountain Road,Stowe,NO DATA,108,NO DATA,NO DATA,NO DATA,NO DATA,NO DATA,99,1 - Rear End,NO DATA,484285,219324,NO DATA,NO DATA,NO DATA,"Other Public Roadway (Rest Areas, Shopping Center",Unknown,999.99,NO DATA,XY,Property Damage Only,"(44.47398236, -72.69751995)"
9296,VT0080200,12ST02424,09/20/2012,TH-6 (75 Weeks Hill Road),Stowe,NO DATA,NO DATA,NO DATA,NO DATA,Swimming Hole,1,Miles,35,1 - Rear End,North,484869,219224,NO DATA,NO DATA,NO DATA,"City, Village or Urban Compact Street not in FA Ur",TOWN ROAD 0006,999.99,NO DATA,XY,Injury,"(44.47309488, -72.69017688)"
9297,VT0140100,12LL01186,12/30/2012,TH-29 East Hill Road,Ludlow,NO DATA,NO DATA,NO DATA,NO DATA,South Hill Road,1500,Feet,30,6 - Single Vehicle Crash,East,484947,96287,NO DATA,NO DATA,NO DATA,"City, Village or Urban Compact Street not in FA Ur",TOWN ROAD 0029,999.99,NO DATA,XY,Property Damage Only,"(43.36662542, -72.68572236)"
9298,VT0140100,12LL00217,02/26/2012,Commonwealth Avenue,Ludlow,NO DATA,NO DATA,NO DATA,NO DATA,Preedon Hill Road North,300,Feet,30,6 - Single Vehicle Crash,South,484974,102197,NO DATA,NO DATA,NO DATA,"City, Village or Urban Compact Street not in FA Ur",Unknown,999.99,NO DATA,XY,Injury,"(43.41982272, -72.68555147)"
9299,VT0080200,12ST02832,11/10/2012,TH-6 Mayo Farm Road,Stowe,NO DATA,NO DATA,NO DATA,NO DATA,Weeks HIll Road,284,Feet,35,6 - Single Vehicle Crash,East,484995,219657,NO DATA,NO DATA,NO DATA,"City, Village or Urban Compact Street not in FA Ur",TOWN ROAD 0006,999.99,NO DATA,XY,Injury,"(44.47699426, -72.68860580)"
9300,VT0080200,12ST01442,06/12/2012,14 South Main Street,Stowe,NO DATA,NO DATA,NO DATA,NO DATA,Parking Lot,NO DATA,NO DATA,99,5 - Rear-to-rear,NO DATA,485023,218402,NO DATA,NO DATA,NO DATA,"Other Public Roadway (Rest Areas, Shopping Center",Unknown,999.99,NO DATA,XY,Property Damage Only,"(44.46570054, -72.68821755)"
9301,VT0080200,12ST01795,07/15/2012,399 Mountain Road,Stowe,NO DATA,108,NO DATA,NO DATA,NO DATA,1,Feet,10,5 - Rear-to-rear,West,485045,218954,NO DATA,NO DATA,NO DATA,"Other Public Roadway (Rest Areas, Shopping Center",Unknown,999.99,NO DATA,XY,Property Damage Only,"(44.47066869, -72.68795702)"
9309,VT0080200,12ST01467,06/14/2012,14 Pond St,Stowe,NO DATA,NO DATA,NO DATA,NO DATA,Depot St,50,Feet,25,1 - Rear End,North,485171,218249,NO DATA,NO DATA,NO DATA,"City, Village or Urban Compact Street not in FA Ur",Unknown,999.99,NO DATA,XY,Property Damage Only,"(44.46432668, -72.68635326)"
9310,VT0080200,12ST01899,07/25/2012,67 Main Street,Stowe,NO DATA,100,NO DATA,NO DATA,Akeley Memorial Building,40,NO DATA,10,2 - Head On,West,485211,218409,NO DATA,NO DATA,NO DATA,"Other Public Roadway (Rest Areas, Shopping Center",Unknown,999.99,NO DATA,XY,Property Damage Only,"(44.46576741, -72.68585516)"
9311,VT0080200,12ST00208,01/20/2012,32 Park Street,Stowe,NO DATA,NO DATA,NO DATA,NO DATA,NO DATA,NO DATA,NO DATA,25,3 - Same Direction Sideswipe,NO DATA,485234,218300,NO DATA,NO DATA,NO DATA,"City, Village or Urban Compact Street not in FA Ur",Unknown,999.99,NO DATA,XY,Property Damage Only,"(44.46478694, -72.68556302)"
9312,VT0080200,11ST00318,02/01/2012,73 Pond Street,Stowe,NO DATA,NO DATA,NO DATA,NO DATA,NO DATA,NO DATA,NO DATA,99,NO DATA,NO DATA,485279,218246,NO DATA,NO DATA,NO DATA,"City, Village or Urban Compact Street not in FA Ur",Unknown,999.99,NO DATA,XY,Property Damage Only,"(44.46430189, -72.68499598)"
9313,VT0080200,12ST02076,08/12/2012,35 School St,Stowe,NO DATA,NO DATA,NO DATA,NO DATA,Freda's Parking Lot,NO DATA,NO DATA,99,NO DATA,NO DATA,485281,218299,NO DATA,NO DATA,NO DATA,"Other Public Roadway (Rest Areas, Shopping Center",Unknown,999.99,NO DATA,XY,Property Damage Only,"(44.46477890, -72.68497235)"
9314,VT0080200,12ST00690,03/13/2012,254 Park Street,Stowe,NO DATA,NO DATA,NO DATA,NO DATA,NO DATA,NO DATA,NO DATA,99,7 - Other - Explain in Narrative,NO DATA,485283,218136,NO DATA,NO DATA,NO DATA,"Other Public Roadway (Rest Areas, Shopping Center",Unknown,999.99,NO DATA,XY,Property Damage Only,"(44.46331203, -72.68494258)"
9322,VT0080000,12LC01677,06/17/2012,TH-45 River Road East,Johnson,NO DATA,NO DATA,NO DATA,NO DATA,Railroad Street,1,Miles,35,6 - Single Vehicle Crash,East,485660,235844,NO DATA,NO DATA,NO DATA,"City, Village or Urban Compact Street not in FA Ur",TOWN ROAD 0045,999.99,NO DATA,XY,Injury,"(44.62267970, -72.68069731)"
9323,VT0080200,12ST03021,12/01/2012,TH-3 Stowe Hollow Road,Stowe,NO DATA,NO DATA,NO DATA,NO DATA,Utility Pole #77,NO DATA,NO DATA,35,2 - Head On,NO DATA,485662,217948,NO DATA,NO DATA,NO DATA,"City, Village or Urban Compact Street not in FA Ur",TOWN ROAD 0003,999.99,NO DATA,XY,Property Damage Only,"(44.46162774, -72.68017470)"
9324,VT0080200,12ST02705,10/27/2012,TH-3 (117 Stowe Hollow Road),Stowe,3,NO DATA,NO DATA,NO DATA,Taber Hill Road,300,Feet,35,6 - Single Vehicle Crash,South,485672,217948,NO DATA,NO DATA,NO DATA,"City, Village or Urban Compact Street not in FA Ur",TOWN ROAD 0003,999.99,NO DATA,XY,Injury,"(44.46162794, -72.68004904)"
9325,VT0080200,12ST03027,12/02/2012,TH-6 (508 West Hill Road),Stowe,NO DATA,NO DATA,NO DATA,NO DATA,NO DATA,NO DATA,NO DATA,35,6 - Single Vehicle Crash,NO DATA,485699,219638,NO DATA,NO DATA,NO DATA,"City, Village or Urban Compact Street not in FA Ur",TOWN ROAD 0006,999.99,NO DATA,XY,Property Damage Only,"(44.47683754, -72.67975643)"
9326,VTVSP1000,12D201428,05/25/2012,TH-1 (245 S Wardsboro Road),Newfane,1,NO DATA,NO DATA,NO DATA,Wiswall Hill Road,150,Feet,35,6 - Single Vehicle Crash,East,485721,55416,NO DATA,NO DATA,NO DATA,"City, Village or Urban Compact Street not in FA Ur",TOWN ROAD 0001,999.99,NO DATA,XY,Property Damage Only,"(42.99874100, -72.67511822)"
9334,VT0080200,12ST00341,02/03/2012,751 Maple St,Stowe,NO DATA,100,NO DATA,NO DATA,Shaw's Supermarket Parking Lot,40,Feet,99,5 - Rear-to-rear,South,486146,219063,NO DATA,NO DATA,NO DATA,"Other Public Roadway (Rest Areas, Shopping Center",Unknown,999.99,NO DATA,XY,Property Damage Only,"(44.47167156, -72.67412253)"
9335,VT0080200,12ST00259,01/26/2012,751 Maple St,Stowe,NO DATA,100,NO DATA,NO DATA,Shaw's Parking Lot,40,Feet,99,7 - Other - Explain in Narrative,South,486149,219058,NO DATA,NO DATA,NO DATA,"Other Public Roadway (Rest Areas, Shopping Center",Unknown,999.99,NO DATA,XY,Property Damage Only,"(44.47162662, -72.67408470)"