ID,Reporting Agency,Report Number,Date,Street Address,Town,Number,Number1,Number2,Number3,Intersection,Distance From Intersection,Distance Unit,Posted Speed,Direction of Collision,Direction from Intersection,Easting,Northing,Mile Marker,Mile Marker 1,Mile Marker 2,AOT Roadway,AOT Route,AOT Actual Mile,LRS Number,How Mapped,Crash Type,Location 1
9336,VT0080200,12ST02494,10/01/2012,TH-6 West Hill Road,Stowe,NO DATA,NO DATA,NO DATA,NO DATA,Pucker Street,NO DATA,NO DATA,35,1 - Rear End,NO DATA,486194,219035,NO DATA,NO DATA,NO DATA,"City, Village or Urban Compact Street not in FA Ur",TOWN ROAD 0006,999.99,NO DATA,XY,Property Damage Only,"(44.47142050, -72.67351851)"
9337,VT0080200,12ST02803,11/07/2012,TH-6 West Hill Road,Stowe,8,NO DATA,NO DATA,NO DATA,Maple Street,20,Feet,35,6 - Single Vehicle Crash,West,486194,219031,NO DATA,NO DATA,NO DATA,"City, Village or Urban Compact Street not in FA Ur",TOWN ROAD 0006,999.99,NO DATA,XY,Property Damage Only,"(44.47138450, -72.67351841)"
9338,VTVSP1000,12D203481,12/17/2012,TH-1 S. Wardsboro Rd,Newfane,1,NO DATA,NO DATA,NO DATA,Wiswall Hill Rd,0,Miles,35,2 - Head On,East,486244,55348,NO DATA,NO DATA,NO DATA,"City, Village or Urban Compact Street not in FA Ur",TOWN ROAD 0001,999.99,NO DATA,XY,Injury,"(42.99813851, -72.66870252)"
9339,VT0080000,12LC00212,01/25/2012,Bentley Parking Lot,Johnson,NO DATA,NO DATA,NO DATA,NO DATA,Johnson State College Campus,NO DATA,NO DATA,99,7 - Other - Explain in Narrative,NO DATA,486290,237974,NO DATA,NO DATA,NO DATA,"Other Public Roadway (Rest Areas, Shopping Center",Unknown,999.99,NO DATA,XY,Property Damage Only,"(44.64186026, -72.67281569)"
9347,VT0120300,12NF02142,12/17/2012,Min. C. 0686 Cox Brook Road,Northfield,NO DATA,NO DATA,NO DATA,NO DATA,Staples Road,0,Miles,40,6 - Single Vehicle Crash,East,486497,183758,NO DATA,NO DATA,NO DATA,Minor Collector - Non Fed Aid Rural TH,MinCollector,999.99,NO DATA,XY,Property Damage Only,"(44.15394389, -72.66879786)"
9348,VT0120300,12NF02151,12/18/2012,Min. C 0686 Cox Brook Road,Northfield,NO DATA,NO DATA,NO DATA,NO DATA,Staples Road,0,Miles,40,6 - Single Vehicle Crash,East,486497,183758,NO DATA,NO DATA,NO DATA,Minor Collector - Non Fed Aid Rural TH,MinCollector,999.99,NO DATA,XY,Property Damage Only,"(44.15394389, -72.66879786)"
9349,VT0120300,12NF02026,11/29/2012,TH-8 (79 Union Brook Road),Northfield,NO DATA,NO DATA,NO DATA,NO DATA,Camp Road,300,Feet,35,6 - Single Vehicle Crash,West,486500,183757,NO DATA,NO DATA,NO DATA,"City, Village or Urban Compact Street not in FA Ur",TOWN ROAD 0008,999.99,NO DATA,XY,Property Damage Only,"(44.15393495, -72.66876033)"
9350,VTVSP1100,12D305438,12/16/2012,TH-53 Labounty Road,Randolph,NO DATA,NO DATA,NO DATA,NO DATA,NO DATA,NO DATA,NO DATA,35,6 - Single Vehicle Crash,NO DATA,486536,161173,NO DATA,NO DATA,NO DATA,"City, Village or Urban Compact Street not in FA Ur",TOWN ROAD 0053,999.99,NO DATA,XY,Injury,"(43.95067713, -72.66773563)"
9351,VT0060000,12FRC1519,08/20/2012,Min. C 0812 South Richford Rd,Richford,NO DATA,NO DATA,NO DATA,NO DATA,Short Street,0,Miles,50,6 - Single Vehicle Crash,West,486567,277495,NO DATA,NO DATA,NO DATA,Minor Collector - Non Fed Aid Rural TH,MinCollector,999.99,NO DATA,XY,Property Damage Only,"(44.99751082, -72.67036826)"
9352,VTVSP1000,12D200442,02/10/2012,TH-1 S Wardsboro Rd,Newfane,1,NO DATA,NO DATA,NO DATA,Wiswall Hill Rd,1,Miles,35,6 - Single Vehicle Crash,East,486594,54976,NO DATA,NO DATA,NO DATA,"City, Village or Urban Compact Street not in FA Ur",TOWN ROAD 0001,999.99,NO DATA,XY,Property Damage Only,"(42.99479610, -72.66440127)"
9360,VT0120300,12NF01083,06/27/2012,158 Harmon Drive,Northfield,NO DATA,NO DATA,NO DATA,NO DATA,Parking Lot Hayden,NO DATA,NO DATA,99,7 - Other - Explain in Narrative,NO DATA,487327,183169,NO DATA,NO DATA,NO DATA,"Other Public Roadway (Rest Areas, Shopping Center",Unknown,999.99,NO DATA,XY,Property Damage Only,"(44.14865777, -72.65840815)"
9361,VTVSP1000,12D202027,07/22/2012,TH-1 West Street,Newfane,1,NO DATA,NO DATA,NO DATA,Vermont Route 30,10,Feet,25,1 - Rear End,West,487343,54026,300,1312,293,"City, Village or Urban Compact Street not in FA Ur",TOWN ROAD 0001,999.99,NO DATA,XY,Property Damage Only,"(42.98625722, -72.65519467)"
9362,VT0130000,12WHC0352,02/21/2012,Newfane Market Pk. Lt.,Newfane,16,NO DATA,NO DATA,NO DATA,Cemetery Hill Rd,10,Feet,99,1 - Rear End,NO DATA,487364,54050,NO DATA,NO DATA,NO DATA,"Other Public Roadway (Rest Areas, Shopping Center",Unknown,999.99,NO DATA,XY,Property Damage Only,"(42.98647361, -72.65493772)"
9363,VT0120300,12NF01720,10/06/2012,Plaza Drive,Northfield,NO DATA,NO DATA,NO DATA,NO DATA,N Main Street,NO DATA,NO DATA,35,"8 - No Turns, Thru moves only, Broadside ^<",NO DATA,487534,184858,NO DATA,NO DATA,NO DATA,"City, Village or Urban Compact Street not in FA Ur",Unknown,999.99,NO DATA,XY,Injury,"(44.16386225, -72.65586076)"
9364,VT0120300,12NF01858,10/30/2012,Pvt Road 5,Northfield,NO DATA,NO DATA,NO DATA,NO DATA,NO DATA,120,Feet,99,7 - Other - Explain in Narrative,North,487810,185214,NO DATA,NO DATA,NO DATA,"Other Public Roadway (Rest Areas, Shopping Center",Unknown,999.99,NO DATA,XY,Property Damage Only,"(44.16707088, -72.65241826)"
9365,VT0120300,12NF01138,07/07/2012,TH-57 Rabbit Hollow Road,Northfield,NO DATA,NO DATA,NO DATA,NO DATA,Northfield Road,0,Miles,35,6 - Single Vehicle Crash,South,487842,185498,NO DATA,NO DATA,NO DATA,"City, Village or Urban Compact Street not in FA Ur",TOWN ROAD 0057,999.99,NO DATA,XY,Injury,"(44.16962740, -72.65202471)"
9373,VTVSP0800,12B201674,06/05/2012,Min. C 0826 (729 Valley Road),Holland,1,NO DATA,NO DATA,NO DATA,Twin Bridge,1,Miles,50,6 - Single Vehicle Crash,East,488656,275931,NO DATA,NO DATA,NO DATA,Minor Collector - Non Fed Aid Rural TH,MinCollector,999.99,NO DATA,XY,Injury,"(44.98347340, -72.64383894)"
9374,VT0080100,12MR02858,10/25/2012,TH-52 Lyle McKee Rd.,Morristown,NO DATA,NO DATA,NO DATA,NO DATA,Stagecoach Rd.,0,Miles,50,6 - Single Vehicle Crash,West,488689,226205,NO DATA,NO DATA,NO DATA,"City, Village or Urban Compact Street not in FA Ur",TOWN ROAD 0052,999.99,NO DATA,XY,Injury,"(44.53598958, -72.64231773)"
9375,VT0080100,12MR00250,01/31/2012,TH-7 Cote Hill,Morristown,NO DATA,NO DATA,NO DATA,NO DATA,White Birch Ln.,NO DATA,NO DATA,35,7 - Other - Explain in Narrative,North,488710,230740,NO DATA,NO DATA,NO DATA,"City, Village or Urban Compact Street not in FA Ur",TOWN ROAD 0007,999.99,NO DATA,XY,Property Damage Only,"(44.57680184, -72.64215283)"
9376,VT0080100,12MR00364,02/15/2012,Munson Ave.,Morristown,NO DATA,NO DATA,NO DATA,NO DATA,Mc Donald's,0,Feet,30,NO DATA,NO DATA,488731,230752,NO DATA,NO DATA,NO DATA,"City, Village or Urban Compact Street not in FA Ur",Unknown,999.99,NO DATA,XY,Property Damage Only,"(44.57691016, -72.64188869)"
9377,VTVSP1100,12D300627,02/10/2012,Min. C 0642 (564 West St),Braintree,NO DATA,NO DATA,NO DATA,NO DATA,Bear Hill Rd,1,Miles,35,6 - Single Vehicle Crash,East,488825,166635,NO DATA,NO DATA,NO DATA,Minor Collector - Non Fed Aid Rural TH,MinCollector,999.99,NO DATA,XY,Injury,"(43.99987476, -72.63933427)"
9378,VTVSP1100,12D305440,12/16/2012,TH-5,Bethel,5,NO DATA,NO DATA,NO DATA,Findley Bridge - N Main Street,1,Miles,35,6 - Single Vehicle Crash,North,488877,151530,NO DATA,NO DATA,NO DATA,"City, Village or Urban Compact Street not in FA Ur",TOWN ROAD 0005,999.99,NO DATA,XY,Injury,"(43.86392582, -72.63837035)"
9386,VT0120300,12NF00175,02/04/2012,2095 Vt Rt 12,Berlin,NO DATA,12,NO DATA,NO DATA,Vt Rt 12,300,Feet,99,6 - Single Vehicle Crash,North,489248,188867,NO DATA,NO DATA,NO DATA,"Other Public Roadway (Rest Areas, Shopping Center",Unknown,999.99,NO DATA,XY,Property Damage Only,"(44.19997015, -72.63451308)"
9387,VT0060000,12FRC1743,10/05/2012,Min. C 0812 (1044 S Richford Rd),Richford,NO DATA,NO DATA,NO DATA,NO DATA,Gendron Rd,0,Miles,50,6 - Single Vehicle Crash,North,489350,274000,NO DATA,NO DATA,NO DATA,Minor Collector - Non Fed Aid Rural TH,MinCollector,999.99,NO DATA,XY,Property Damage Only,"(44.96610772, -72.63499852)"
9388,VTVSP1100,12D304030,09/10/2012,TH-59 (283 Fish Hill Rd),Randolph,NO DATA,NO DATA,NO DATA,NO DATA,NO DATA,NO DATA,NO DATA,35,7 - Other - Explain in Narrative,North,489403,159478,NO DATA,NO DATA,NO DATA,"City, Village or Urban Compact Street not in FA Ur",TOWN ROAD 0059,999.99,NO DATA,XY,Injury,"(43.93546847, -72.63198490)"
9389,VTVSP1000,12D201653,06/15/2012,TH-13 Bonnyvale Road,Guilford,13,NO DATA,NO DATA,NO DATA,Akley Road,NO DATA,NO DATA,35,6 - Single Vehicle Crash,NO DATA,489441,36122,NO DATA,NO DATA,NO DATA,"City, Village or Urban Compact Street not in FA Ur",TOWN ROAD 0013,999.99,NO DATA,XY,Injury,"(42.82511851, -72.62913330)"
9390,VT0120100,12BA08980,12/29/2012,Richardson Road,Barre City,NO DATA,NO DATA,NO DATA,NO DATA,N Main St,NO DATA,NO DATA,25,1 - Rear End,NO DATA,489474,190157,NO DATA,NO DATA,NO DATA,Street or Town Highways in FA Urban Area,Unknown,999.99,NO DATA,XY,Property Damage Only,"(44.21158329, -72.63171160)"
9391,VT0060000,12FRC1746,10/05/2012,Min. C 0812 (1044 South Richford Rd),Richford,NO DATA,NO DATA,NO DATA,NO DATA,Gendron Rd,1,Miles,50,6 - Single Vehicle Crash,North,489525,273295,NO DATA,NO DATA,NO DATA,Minor Collector - Non Fed Aid Rural TH,MinCollector,999.99,NO DATA,XY,Injury,"(44.95976625, -72.63276563)"
9399,VTVSP1200,12A302870,07/03/2012,Min. C 0716 East Hill Road,Middlesex,3,NO DATA,NO DATA,NO DATA,Molly Supple Hill,NO DATA,NO DATA,35,"11 - Left Turn and Thru, Head On ^v--",NO DATA,489970,203294,NO DATA,NO DATA,NO DATA,Minor Collector - Non Fed Aid Rural TH,MinCollector,999.99,NO DATA,XY,Property Damage Only,"(44.32982041, -72.62575710)"
9400,VTVSP0400,12D103779,11/22/2012,S Reading Rd,Cavendish,6,NO DATA,NO DATA,NO DATA,Brook Rd TH#13,0,Miles,99,6 - Single Vehicle Crash,North,489986,104466,NO DATA,NO DATA,NO DATA,"City, Village or Urban Compact Street not in FA Ur",TOWN ROAD 0006,999.99,NO DATA,XY,Injury,"(43.44032991, -72.62370196)"
9401,VT0130200,12BB09759,12/28/2012,35 First Level Drive,Brattleboro,NO DATA,NO DATA,NO DATA,NO DATA,NO DATA,NO DATA,NO DATA,25,1 - Rear End,NO DATA,490182,40625,NO DATA,NO DATA,NO DATA,"Other Public Roadway (Rest Areas, Shopping Center",Unknown,999.99,NO DATA,XY,Property Damage Only,"(42.86566454, -72.62014973)"
9402,VTVSP1000,12D201820,07/01/2012,TH-48 Wickopee Hill Road,Dummerston,48,NO DATA,NO DATA,NO DATA,Bear Hill Road,652,Feet,99,6 - Single Vehicle Crash,North,490387,45664,NO DATA,NO DATA,NO DATA,"City, Village or Urban Compact Street not in FA Ur",TOWN ROAD 0048,999.99,NO DATA,XY,Property Damage Only,"(42.91102807, -72.61772726)"
9403,VT0080000,12LC00513,03/01/2012,TH-58 (1019 Cricket Hill),Hyde Park,58,NO DATA,NO DATA,NO DATA,1019 Cricket Hill Road,1,Miles,50,6 - Single Vehicle Crash,East,490430,234125,NO DATA,NO DATA,NO DATA,"City, Village or Urban Compact Street not in FA Ur",TOWN ROAD 0058,999.99,NO DATA,XY,Property Damage Only,"(44.60728929, -72.62055944)"
9404,VT0080100,12MR01282,05/23/2012,TH-55 GOLF COURSE ROAD,Morristown,NO DATA,NO DATA,NO DATA,NO DATA,LAPORTE ROAD,200,Feet,35,6 - Single Vehicle Crash,West,490485,224949,NO DATA,NO DATA,NO DATA,"City, Village or Urban Compact Street not in FA Ur",TOWN ROAD 0055,999.99,NO DATA,XY,Property Damage Only,"(44.52471229, -72.61969712)"
9412,VT0080000,12LC02351,08/22/2012,TH-26 (497 Jones Road),Hyde Park,NO DATA,NO DATA,NO DATA,NO DATA,NO DATA,NO DATA,NO DATA,35,3 - Same Direction Sideswipe,NO DATA,490747,232724,NO DATA,NO DATA,NO DATA,"City, Village or Urban Compact Street not in FA Ur",TOWN ROAD 0026,999.99,NO DATA,XY,Injury,"(44.59468547, -72.61654083)"
9413,VT0080100,12MR00367,02/16/2012,TH-34 Miller Bridge Rd.,Morristown,NO DATA,NO DATA,NO DATA,NO DATA,Cadys Falls Rd.,150,Feet,0,6 - Single Vehicle Crash,West,490761,228359,NO DATA,NO DATA,NO DATA,"City, Village or Urban Compact Street not in FA Ur",TOWN ROAD 0034,999.99,NO DATA,XY,Property Damage Only,"(44.55540369, -72.61628619)"
9414,VT0080100,12MR01626,06/23/2012,TH-56 GOELTZ ROAD,Morristown,NO DATA,NO DATA,NO DATA,NO DATA,SUN VALLEY ROAD,NO DATA,NO DATA,35,6 - Single Vehicle Crash,NO DATA,490916,224804,NO DATA,NO DATA,NO DATA,"City, Village or Urban Compact Street not in FA Ur",TOWN ROAD 0056,999.99,NO DATA,XY,Injury,"(44.52341293, -72.61427272)"
9415,VTVSP0700,12A200600,02/12/2012,7 Mill House Lane,Montgomery,118,NO DATA,NO DATA,NO DATA,VT Route 118,NO DATA,NO DATA,35,"12 - Left Turn and Thru, Same Direction Sideswipe/Angle Crash vv--",NO DATA,490948,264550,NO DATA,NO DATA,NO DATA,"City, Village or Urban Compact Street not in FA Ur",Unknown,999.99,NO DATA,XY,Property Damage Only,"(44.88109166, -72.61457348)"
9416,VTVSP1000,12D200646,03/01/2012,Min. C 0508 (2465 Guilford Ctr Rd),Guilford,1,NO DATA,NO DATA,NO DATA,Fitch Rd,300,Feet,35,6 - Single Vehicle Crash,East,490980,34205,NO DATA,NO DATA,NO DATA,Minor Collector - Non Fed Aid Rural TH,MinCollector,999.99,NO DATA,XY,Injury,"(42.80788120, -72.61028133)"
9424,VTVSP0400,12D103652,11/10/2012,TH-23 (218 High St),Cavendish,23,NO DATA,NO DATA,NO DATA,VT Route 131,0,Miles,25,6 - Single Vehicle Crash,North,491404,98379,NO DATA,NO DATA,NO DATA,"City, Village or Urban Compact Street not in FA Ur",TOWN ROAD 0023,999.99,NO DATA,XY,Property Damage Only,"(43.38555755, -72.60609005)"
9425,VTVSP1000,12D201322,05/11/2012,Min. C 0510 Weatherhead Hollow Road,Guilford,4,NO DATA,NO DATA,NO DATA,Yaw Road,1,Miles,40,6 - Single Vehicle Crash,South,491439,29830,NO DATA,NO DATA,NO DATA,Minor Collector - Non Fed Aid Rural TH,MinCollector,999.99,NO DATA,XY,Property Damage Only,"(42.76850214, -72.60460318)"
9426,VTVSP1100,12D300378,01/23/2012,MINC0660 (Stone Rd),Brookfield,NO DATA,NO DATA,NO DATA,NO DATA,Stone Rd & Old Schoolhouse Rd,1,Miles,35,6 - Single Vehicle Crash,North,491560,175311,NO DATA,NO DATA,NO DATA,Minor Collector - Non Fed Aid Rural TH,MinCollector,999.99,NO DATA,XY,Property Damage Only,"(44.07799660, -72.60537187)"
9427,VT0130200,12BB05781,07/30/2012,TH-26 Meadowbrook Rd,Brattleboro,NO DATA,NO DATA,NO DATA,NO DATA,Upper Dummerston Rd,NO DATA,NO DATA,25,"14 - Left Turn and Thru, Broadside v<--",NO DATA,491573,39719,NO DATA,NO DATA,NO DATA,"City, Village or Urban Compact Street not in FA Ur",TOWN ROAD 0026,999.99,NO DATA,XY,Injury,"(42.85752531, -72.60311370)"
9428,VT0130200,12BB04292,06/11/2012,Min. C 0512 (1241 Hinesburg Rd),Brattleboro,NO DATA,NO DATA,NO DATA,NO DATA,NO DATA,NO DATA,NO DATA,35,6 - Single Vehicle Crash,NO DATA,491631,39520,NO DATA,NO DATA,NO DATA,Minor Collector - Non Fed Aid Rural TH,MinCollector,999.99,NO DATA,XY,Injury,"(42.85573455, -72.60240106)"
9436,VTVSP1100,12D304113,09/15/2012,Min. C 0660 School House Rd,Brookfield,NO DATA,NO DATA,NO DATA,NO DATA,Stone Rd,0,Miles,35,6 - Single Vehicle Crash,East,491776,174482,NO DATA,NO DATA,NO DATA,Minor Collector - Non Fed Aid Rural TH,MinCollector,999.99,NO DATA,XY,Injury,"(44.07053797, -72.60266228)"
9437,VTVSP1100,12D302900,07/07/2012,TH-30 (1201 Rand Rd),Randolph,NO DATA,NO DATA,NO DATA,NO DATA,N Randolph Rd,NO DATA,NO DATA,35,6 - Single Vehicle Crash,South,491853,163054,NO DATA,NO DATA,NO DATA,"City, Village or Urban Compact Street not in FA Ur",TOWN ROAD 0030,999.99,NO DATA,XY,Property Damage Only,"(43.96768469, -72.60152542)"
9438,VTVSP1000,12D201957,07/15/2012,Min. C 0508 Guilford Center Road,Guilford,1,NO DATA,NO DATA,NO DATA,Weatherhead Hollow Road,NO DATA,Feet,45,6 - Single Vehicle Crash,North,491930,33479,NO DATA,NO DATA,NO DATA,Minor Collector - Non Fed Aid Rural TH,MinCollector,999.99,NO DATA,XY,Property Damage Only,"(42.80135626, -72.59865608)"
9439,VT0130200,12BB01784,03/10/2012,880 Western Ave,Brattleboro,NO DATA,NO DATA,NO DATA,NO DATA,NO DATA,NO DATA,NO DATA,35,5 - Rear-to-rear,NO DATA,491933,39054,NO DATA,NO DATA,NO DATA,"Other Public Roadway (Rest Areas, Shopping Center",Unknown,999.99,NO DATA,XY,Property Damage Only,"(42.85154285, -72.59869922)"
9440,VT0080100,11MR00414,02/24/2012,TH-11 Needle Eye Rd.,Morristown,NO DATA,NO DATA,NO DATA,NO DATA,VT-15,NO DATA,NO DATA,40,"18 - Right Turn and Thru, Broadside ^<--",NO DATA,491993,230641,NO DATA,NO DATA,NO DATA,"City, Village or Urban Compact Street not in FA Ur",TOWN ROAD 0011,999.99,NO DATA,XY,Property Damage Only,"(44.57595488, -72.60081534)"
9448,VTVSP1000,12D201445,05/26/2012,Min. C 0508 Guilford Center Road,Guilford,1,NO DATA,NO DATA,NO DATA,"Tater Lane, TH #23",1,Miles,45,7 - Other - Explain in Narrative,South,492272,33637,104,1307,620,Minor Collector - Non Fed Aid Rural TH,MinCollector,999.99,NO DATA,XY,Property Damage Only,"(42.80278212, -72.59447734)"
9449,VT0080100,12MR01132,05/07/2012,TH-11 NEEDLES EYE ROAD,Morristown,NO DATA,NO DATA,NO DATA,NO DATA,VERMONT ROUTE 15,NO DATA,NO DATA,30,1 - Rear End,NO DATA,492314,230893,NO DATA,NO DATA,NO DATA,"City, Village or Urban Compact Street not in FA Ur",TOWN ROAD 0011,999.99,NO DATA,XY,Property Damage Only,"(44.57822620, -72.59677748)"
9450,VT0080100,12MR02671,10/06/2012,Summer St.,Morristown,NO DATA,NO DATA,NO DATA,NO DATA,Upper Main St.,500,Feet,25,1 - Rear End,South,492385,228964,NO DATA,NO DATA,NO DATA,"City, Village or Urban Compact Street not in FA Ur",Unknown,999.99,NO DATA,XY,Injury,"(44.56086727, -72.59585498)"
9451,VT0080100,12MR00224,01/28/2012,Morrisville Plaza P L,Morristown,NO DATA,NO DATA,NO DATA,NO DATA,Kinney Drugs,50,Feet,25,3 - Same Direction Sideswipe,East,492407,230216,NO DATA,NO DATA,NO DATA,"Other Public Roadway (Rest Areas, Shopping Center",Unknown,999.99,NO DATA,XY,Property Damage Only,"(44.57213465, -72.59559651)"
9452,VT0080100,12MR00333,02/11/2012,Morrisville Plaza,Morristown,NO DATA,NO DATA,NO DATA,NO DATA,Kinney Drugs,NO DATA,NO DATA,25,3 - Same Direction Sideswipe,NO DATA,492408,230235,NO DATA,NO DATA,NO DATA,"Other Public Roadway (Rest Areas, Shopping Center",Unknown,999.99,NO DATA,XY,Property Damage Only,"(44.57230565, -72.59558420)"
9453,VTVSP1100,12D300552,02/04/2012,MINC0620 (Royalton Turnpike),Barnard,NO DATA,NO DATA,NO DATA,NO DATA,Cottage Dr,NO DATA,NO DATA,35,6 - Single Vehicle Crash,West,492453,135984,NO DATA,NO DATA,NO DATA,Minor Collector - Non Fed Aid Rural TH,MinCollector,999.99,NO DATA,XY,Property Damage Only,"(43.72404855, -72.59366647)"
9460,VTVSP1000,12D200123,01/13/2012,MINC0530┬á (1556 E West Rd),Dummerston,1,NO DATA,NO DATA,NO DATA,Blackmountain Rd,0,Miles,35,6 - Single Vehicle Crash,West,492709,48100,NO DATA,NO DATA,NO DATA,Minor Collector - Non Fed Aid Rural TH,MinCollector,999.99,NO DATA,XY,Property Damage Only,"(42.93298247, -72.58932247)"
9461,VT0080100,12MR02787,10/17/2012,Morrisville Plaza,Morristown,NO DATA,NO DATA,NO DATA,NO DATA,Big Lots,50,Feet,25,"10 - Left Turn and Thru, Angle Broadside -->v--",North,492719,230393,NO DATA,NO DATA,NO DATA,"Other Public Roadway (Rest Areas, Shopping Center",Unknown,999.99,NO DATA,XY,Property Damage Only,"(44.57373075, -72.59167096)"
9462,VT0080100,12MR00765,04/01/2012,370 MUNSON AVENUE,Morristown,NO DATA,NO DATA,NO DATA,NO DATA,MORRISVILLE PLAZA,NO DATA,NO DATA,30,"8 - No Turns, Thru moves only, Broadside ^<",NO DATA,492765,230401,NO DATA,NO DATA,NO DATA,"City, Village or Urban Compact Street not in FA Ur",Unknown,999.99,NO DATA,XY,Injury,"(44.57380321, -72.59109192)"
9463,VT0080100,12MR00973,04/21/2012,370 MUNSON AVENUE,Morristown,NO DATA,NO DATA,NO DATA,NO DATA,MORRISVILLE PLAZA,NO DATA,NO DATA,30,"8 - No Turns, Thru moves only, Broadside ^<",NO DATA,492801,230386,NO DATA,NO DATA,NO DATA,"City, Village or Urban Compact Street not in FA Ur",Unknown,999.99,NO DATA,XY,Property Damage Only,"(44.57366858, -72.59063846)"
9464,VT0080000,12LC02090,07/29/2012,TH-1 (2161 Centerville Road),Hyde Park,NO DATA,NO DATA,NO DATA,NO DATA,NO DATA,50,Feet,50,6 - Single Vehicle Crash,South,492833,235291,NO DATA,NO DATA,NO DATA,"City, Village or Urban Compact Street not in FA Ur",TOWN ROAD 0001,999.99,NO DATA,XY,Injury,"(44.61781036, -72.59030391)"
9472,VTVSP1000,12D200389,02/05/2012,TH-51 Slate Rock Road,Guilford,51,NO DATA,NO DATA,NO DATA,Midford Road,100,Feet,35,2 - Head On,South,493246,28854,NO DATA,NO DATA,NO DATA,"City, Village or Urban Compact Street not in FA Ur",TOWN ROAD 0051,999.99,NO DATA,XY,Property Damage Only,"(42.75973406, -72.58251282)"
9473,VT0080000,12LC00058,01/08/2012,TH-1 Center Road,Hyde Park,NO DATA,NO DATA,NO DATA,NO DATA,Black Berry Lane,250,Feet,50,6 - Single Vehicle Crash,North,493309,231874,NO DATA,NO DATA,NO DATA,"City, Village or Urban Compact Street not in FA Ur",TOWN ROAD 0001,999.99,NO DATA,XY,Injury,"(44.58706444, -72.58426196)"
9474,VT0080000,12LC00925,04/11/2012,TH-59 (1753 Black Farm Road),Hyde Park,NO DATA,NO DATA,NO DATA,NO DATA,NO DATA,1,Miles,35,6 - Single Vehicle Crash,East,493309,234829,NO DATA,NO DATA,NO DATA,"City, Village or Urban Compact Street not in FA Ur",TOWN ROAD 0059,999.99,NO DATA,XY,Property Damage Only,"(44.61365729, -72.58430040)"
9475,VT0130200,12BB07505,09/30/2012,TH-35 Fox Farm Rd,Brattleboro,NO DATA,NO DATA,NO DATA,NO DATA,Black Mtn Rd,NO DATA,NO DATA,25,6 - Single Vehicle Crash,NO DATA,493409,43271,NO DATA,NO DATA,NO DATA,"City, Village or Urban Compact Street not in FA Ur",TOWN ROAD 0035,999.99,NO DATA,XY,Property Damage Only,"(42.88951846, -72.58069011)"
9476,VT0130200,12BB00053,01/03/2012,Min C 0520 (1157 Ames Hill Rd),Brattleboro,NO DATA,NO DATA,NO DATA,NO DATA,Hinesburg Rd,NO DATA,NO DATA,30,6 - Single Vehicle Crash,NO DATA,493438,41580,NO DATA,NO DATA,NO DATA,Minor Collector - Non Fed Aid Rural TH,MinCollector,999.99,NO DATA,XY,Injury,"(42.87429634, -72.58031534)"
9484,VT0080000,12LC03098,10/31/2012,TH-26 (2090 Jones Road),Hyde Park,NO DATA,NO DATA,NO DATA,NO DATA,Thompson Hill,70,Feet,35,6 - Single Vehicle Crash,North,493597,234839,NO DATA,NO DATA,NO DATA,"City, Village or Urban Compact Street not in FA Ur",TOWN ROAD 0026,999.99,NO DATA,XY,Property Damage Only,"(44.61374990, -72.58067205)"
9485,VTVSP1200,12A301990,05/13/2012,TH-7 Flint Road,Williamstown,7,NO DATA,NO DATA,NO DATA,Moore Road,200,Feet,35,2 - Head On,East,493602,181435,NO DATA,NO DATA,NO DATA,"City, Village or Urban Compact Street not in FA Ur",TOWN ROAD 0007,999.99,NO DATA,XY,Injury,"(44.13313361, -72.57995244)"
9486,VT0130200,12BB01481,02/28/2012,820 Putney Rd,Brattleboro,NO DATA,NO DATA,NO DATA,NO DATA,River Valley Credit Union Parking Lot,NO DATA,NO DATA,99,7 - Other - Explain in Narrative,NO DATA,493631,38446,NO DATA,NO DATA,NO DATA,"Other Public Roadway (Rest Areas, Shopping Center",Unknown,999.99,NO DATA,XY,Property Damage Only,"(42.84608563, -72.57791767)"
9487,VT0130200,12BB00423,01/18/2012,TH-36 Black MTN Rd,Brattleboro,NO DATA,NO DATA,NO DATA,NO DATA,Fox Farm Rd,400,Feet,25,6 - Single Vehicle Crash,NO DATA,493643,43389,NO DATA,NO DATA,NO DATA,"City, Village or Urban Compact Street not in FA Ur",TOWN ROAD 0036,999.99,NO DATA,XY,Property Damage Only,"(42.89058267, -72.57782675)"
9488,VTVSP1000,12D203180,11/17/2012,TH-28 Holland Hill,Putney,28,NO DATA,NO DATA,NO DATA,Faraway Road,5,Feet,35,6 - Single Vehicle Crash,North,493662,52804,NO DATA,NO DATA,NO DATA,"City, Village or Urban Compact Street not in FA Ur",TOWN ROAD 0028,999.99,NO DATA,XY,Property Damage Only,"(42.97533581, -72.57770062)"
9496,VT0120600,12BL01866,07/28/2012,213 Paine Turnpike North,Berlin,NO DATA,NO DATA,NO DATA,NO DATA,Applebee's Restaurant,70,Feet,99,6 - Single Vehicle Crash,West,493967,190363,NO DATA,NO DATA,NO DATA,"Other Public Roadway (Rest Areas, Shopping Center",Unknown,999.99,NO DATA,XY,Property Damage Only,"(44.21348826, -72.57549374)"
9497,VT0141100,12RY00646,06/06/2012,442,Royalton,NO DATA,107,NO DATA,NO DATA,M&N Mini Mart,5,Feet,99,7 - Other - Explain in Narrative,NO DATA,493990,147508,NO DATA,NO DATA,NO DATA,"Other Public Roadway (Rest Areas, Shopping Center",Unknown,999.99,NO DATA,XY,Property Damage Only,"(43.82778526, -72.57471993)"
9498,VT0080000,12LC00814,04/02/2012,TH-1 (1879 Center Road),Hyde Park,NO DATA,NO DATA,NO DATA,NO DATA,1979 Center Road,NO DATA,NO DATA,50,6 - Single Vehicle Crash,North,494128,233926,NO DATA,NO DATA,NO DATA,"City, Village or Urban Compact Street not in FA Ur",TOWN ROAD 0001,999.99,NO DATA,XY,Property Damage Only,"(44.60553811, -72.57397160)"
9499,VTVSP1000,12D200041,01/04/2012,TH-2 Middle Road,Dummerston,2,NO DATA,NO DATA,NO DATA,"East West Road, TH #1",0,Miles,25,6 - Single Vehicle Crash,South,494131,48405,NO DATA,NO DATA,NO DATA,"City, Village or Urban Compact Street not in FA Ur",TOWN ROAD 0002,999.99,NO DATA,XY,Property Damage Only,"(42.93574032, -72.57190489)"