ID,Reporting Agency,Report Number,Date,Street Address,Town,Number,Number1,Number2,Number3,Intersection,Distance From Intersection,Distance Unit,Posted Speed,Direction of Collision,Direction from Intersection,Easting,Northing,Mile Marker,Mile Marker 1,Mile Marker 2,AOT Roadway,AOT Route,AOT Actual Mile,LRS Number,How Mapped,Crash Type,Location 1
9500,VT0080100,12MR02243,08/19/2012,TH-41 Earl Grey Rd.,Morristown,NO DATA,NO DATA,NO DATA,NO DATA,1213 Earl Grey,0,Miles,50,6 - Single Vehicle Crash,East,494137,224653,NO DATA,NO DATA,NO DATA,"City, Village or Urban Compact Street not in FA Ur",TOWN ROAD 0041,999.99,NO DATA,XY,Injury,"(44.52208738, -72.57375271)"
9501,VT0130200,12BB00301,01/13/2012,967 South St,Brattleboro,NO DATA,NO DATA,NO DATA,NO DATA,NO DATA,NO DATA,NO DATA,30,7 - Other - Explain in Narrative,NO DATA,494198,39100,NO DATA,NO DATA,NO DATA,Street or Town Highways in FA Urban Area,Unknown,999.99,NO DATA,XY,Property Damage Only,"(42.85197748, -72.57098790)"
9509,VT0120200,427780,07/10/2012,Loomis St.,Montpelier,NO DATA,NO DATA,NO DATA,NO DATA,Liberty St.,NO DATA,NO DATA,25,"8 - No Turns, Thru moves only, Broadside ^<",NO DATA,494427,195643,NO DATA,NO DATA,NO DATA,Street or Town Highways in FA Urban Area,Unknown,999.99,NO DATA,XY,Injury,"(44.26101112, -72.56979379)"
9510,VTVSP0400,12D100718,03/03/2012,VT 131,Cavendish,NO DATA,131,NO DATA,NO DATA,Tarbell Hill Rd,1,Miles,50,6 - Single Vehicle Crash,East,494476,99031,NO DATA,NO DATA,NO DATA,State System (State Highways and Class I TH links),VT-131,999.99,NO DATA,XY,Property Damage Only,"(43.39145522, -72.56818308)"
9511,VT0130200,12BB03378,05/09/2012,499 Canal St,Brattleboro,NO DATA,NO DATA,NO DATA,NO DATA,Price Chopper Lot,NO DATA,NO DATA,99,5 - Rear-to-rear,NO DATA,494481,37666,NO DATA,NO DATA,NO DATA,"Other Public Roadway (Rest Areas, Shopping Center",Unknown,999.99,NO DATA,XY,Property Damage Only,"(42.83907063, -72.56751137)"
9512,VT0130200,12BB05937,08/04/2012,114 Frost St,Brattleboro,NO DATA,NO DATA,NO DATA,NO DATA,NO DATA,NO DATA,NO DATA,25,1 - Rear End,NO DATA,494482,38915,NO DATA,NO DATA,NO DATA,Street or Town Highways in FA Urban Area,Unknown,999.99,NO DATA,XY,Property Damage Only,"(42.85031420, -72.56751138)"
9513,VTVSP1000,12D200012,01/02/2012,TH-2 (448 West Hill Road),Putney,2,NO DATA,NO DATA,NO DATA,Putney Mountain Road,0,Feet,35,6 - Single Vehicle Crash,NO DATA,494489,54102,NO DATA,NO DATA,NO DATA,"City, Village or Urban Compact Street not in FA Ur",TOWN ROAD 0002,999.99,NO DATA,XY,Property Damage Only,"(42.98702662, -72.56757497)"
9514,VTVSP1000,12D202358,08/21/2012,Interstate 91NB,Brattleboro,NO DATA,NO DATA,NO DATA,91,Exit 3,700,Feet,65,6 - Single Vehicle Crash,South,494490,41823,910,1302,1100,State System (State Highways and Class I TH links),I-91,999.99,NO DATA,XY,Property Damage Only,"(42.87649214, -72.56744199)"
9522,VT0120200,1211-12-421978,04/03/2012,37 Liberty St.,Montpelier,NO DATA,NO DATA,NO DATA,NO DATA,Hubbard St.,500,Feet,25,3 - Same Direction Sideswipe,East,494591,195467,NO DATA,NO DATA,NO DATA,Street or Town Highways in FA Urban Area,Unknown,999.99,NO DATA,XY,Property Damage Only,"(44.25942839, -72.56773814)"
9523,VT0130200,12BB05065,07/06/2012,19 Belmont Ave,Brattleboro,NO DATA,NO DATA,NO DATA,NO DATA,BMH Parking Lot,NO DATA,NO DATA,65,NO DATA,NO DATA,494598,38116,NO DATA,NO DATA,NO DATA,"Other Public Roadway (Rest Areas, Shopping Center",Unknown,999.99,NO DATA,XY,Property Damage Only,"(42.84312239, -72.56608450)"
9524,VT0130200,12BB06181,08/12/2012,499 Canal St,Brattleboro,NO DATA,NO DATA,NO DATA,NO DATA,Price Chopper Lot,NO DATA,NO DATA,99,5 - Rear-to-rear,NO DATA,494606,37704,NO DATA,NO DATA,NO DATA,"Other Public Roadway (Rest Areas, Shopping Center",Unknown,999.99,NO DATA,XY,Injury,"(42.83941360, -72.56598269)"
9525,VT0130200,12BB00398,01/17/2012,Canal St,Brattleboro,NO DATA,NO DATA,NO DATA,NO DATA,Price Chopper Lot,NO DATA,NO DATA,99,"8 - No Turns, Thru moves only, Broadside ^<",NO DATA,494623,37677,NO DATA,NO DATA,NO DATA,"Other Public Roadway (Rest Areas, Shopping Center",Unknown,999.99,NO DATA,XY,Property Damage Only,"(42.83917067, -72.56577448)"
9526,VT0130200,12BB04351,06/12/2012,Canal St,Brattleboro,NO DATA,NO DATA,NO DATA,NO DATA,Nationwide Parking Lot,NO DATA,NO DATA,99,1 - Rear End,NO DATA,494652,37628,NO DATA,NO DATA,NO DATA,"Other Public Roadway (Rest Areas, Shopping Center",Unknown,999.99,NO DATA,XY,Property Damage Only,"(42.83872977, -72.56541928)"
9527,VTVSP1200,12A301181,03/15/2012,TH-14 Comstock Road,Berlin,14,NO DATA,NO DATA,NO DATA,Granger Road,NO DATA,NO DATA,40,6 - Single Vehicle Crash,NO DATA,494673,189729,NO DATA,NO DATA,NO DATA,"City, Village or Urban Compact Street not in FA Ur",TOWN ROAD 0014,999.99,NO DATA,XY,Property Damage Only,"(44.20778782, -72.56665294)"
9535,VT0130200,12BB02076,03/21/2012,Canal St,Brattleboro,NO DATA,NO DATA,NO DATA,NO DATA,Brattleboro Pharmacy,NO DATA,NO DATA,99,3 - Same Direction Sideswipe,NO DATA,494701,37877,NO DATA,NO DATA,NO DATA,"Other Public Roadway (Rest Areas, Shopping Center",Unknown,999.99,NO DATA,XY,Property Damage Only,"(42.84097162, -72.56482224)"
9536,VT0130200,12BB03322,05/07/2012,Canal St,Brattleboro,NO DATA,NO DATA,NO DATA,NO DATA,Brattleboro Pharmacy,50,NO DATA,99,5 - Rear-to-rear,West,494706,37870,NO DATA,NO DATA,NO DATA,"Other Public Roadway (Rest Areas, Shopping Center",Unknown,999.99,NO DATA,XY,Property Damage Only,"(42.84090864, -72.56476101)"
9537,VT0130200,12BB06359,08/18/2012,48 Walnut St,Brattleboro,NO DATA,NO DATA,NO DATA,NO DATA,NO DATA,NO DATA,NO DATA,25,6 - Single Vehicle Crash,NO DATA,494714,37610,NO DATA,NO DATA,NO DATA,Street or Town Highways in FA Urban Area,Unknown,999.99,NO DATA,XY,Property Damage Only,"(42.83856816, -72.56466071)"
9538,VT0080000,12LC02804,10/03/2012,TH-50 (1455 Cleveland Corners),Hyde Park,NO DATA,NO DATA,NO DATA,NO DATA,NO DATA,NO DATA,NO DATA,50,4 - Opp Direction Sideswipe,NO DATA,494740,232793,NO DATA,NO DATA,NO DATA,"City, Village or Urban Compact Street not in FA Ur",TOWN ROAD 0050,999.99,NO DATA,XY,Injury,"(44.59534666, -72.56625057)"
9539,VTVSP1200,12A302675,06/21/2012,TH-39 (2022 Pleasant ST),Williamstown,39,NO DATA,NO DATA,NO DATA,Rood Pond Road,100,Feet,35,7 - Other - Explain in Narrative,North,494744,177543,NO DATA,NO DATA,NO DATA,"City, Village or Urban Compact Street not in FA Ur",TOWN ROAD 0039,999.99,NO DATA,XY,Property Damage Only,"(44.09811454, -72.56564290)"
9540,VT0130200,12BB00489,01/20/2012,66 Lexington Ave,Brattleboro,386,NO DATA,NO DATA,NO DATA,NO DATA,NO DATA,NO DATA,99,5 - Rear-to-rear,NO DATA,494749,37913,NO DATA,NO DATA,NO DATA,Street or Town Highways in FA Urban Area,Unknown,999.99,NO DATA,XY,Property Damage Only,"(42.84129603, -72.56423541)"
9548,VT0120600,12BL01785,07/19/2012,282 Berlin Mall Road,Berlin,NO DATA,NO DATA,NO DATA,NO DATA,Walmart,50,Feet,99,3 - Same Direction Sideswipe,West,494798,190576,NO DATA,NO DATA,NO DATA,"Other Public Roadway (Rest Areas, Shopping Center",Unknown,999.99,NO DATA,XY,Property Damage Only,"(44.21541163, -72.56509733)"
9549,VT0120600,12BL02718,11/02/2012,282 Berlin Mall Road,Berlin,NO DATA,NO DATA,NO DATA,NO DATA,Wal-Mart,NO DATA,NO DATA,99,NO DATA,West,494809,190610,NO DATA,NO DATA,NO DATA,"Other Public Roadway (Rest Areas, Shopping Center",Unknown,999.99,NO DATA,XY,Property Damage Only,"(44.21571771, -72.56496001)"
9550,VT0120600,12BL00663,03/19/2012,282 BERLIN MALL RD,Berlin,NO DATA,NO DATA,NO DATA,NO DATA,"PARKING LOT, 1ST ROW, WEST END",NO DATA,NO DATA,99,7 - Other - Explain in Narrative,NO DATA,494812,190565,NO DATA,NO DATA,NO DATA,"Other Public Roadway (Rest Areas, Shopping Center",Unknown,999.99,NO DATA,XY,Property Damage Only,"(44.21531273, -72.56492203)"
9551,VT0120600,12BL03062,12/10/2012,282 Berlin Mall Road,Berlin,NO DATA,NO DATA,NO DATA,NO DATA,Walmart,15,Feet,99,3 - Same Direction Sideswipe,West,494812,190603,NO DATA,NO DATA,NO DATA,"Other Public Roadway (Rest Areas, Shopping Center",Unknown,999.99,NO DATA,XY,Property Damage Only,"(44.21565473, -72.56492240)"
9552,VT0130200,12BB02749,04/16/2012,Chestnut St,Brattleboro,NO DATA,NO DATA,NO DATA,NO DATA,28 Chestnut St,NO DATA,NO DATA,25,7 - Other - Explain in Narrative,NO DATA,494817,38189,NO DATA,NO DATA,NO DATA,Street or Town Highways in FA Urban Area,Unknown,999.99,NO DATA,XY,Property Damage Only,"(42.84378106, -72.56340612)"
9553,VT0130200,12BB04999,07/04/2012,31 Pleasant St,Brattleboro,NO DATA,NO DATA,NO DATA,NO DATA,Estey,NO DATA,NO DATA,25,2 - Head On,South,494817,38189,NO DATA,NO DATA,NO DATA,Street or Town Highways in FA Urban Area,Unknown,999.99,NO DATA,XY,Property Damage Only,"(42.84378106, -72.56340612)"
9561,VT0120600,12BL00030,01/04/2012,282 Berlin Mall Road,Berlin,NO DATA,NO DATA,NO DATA,NO DATA,JC. Penny,10,Feet,99,1 - Rear End,West,494884,190881,NO DATA,NO DATA,NO DATA,"Other Public Roadway (Rest Areas, Shopping Center",Unknown,999.99,NO DATA,XY,Property Damage Only,"(44.21815720, -72.56402413)"
9562,VT0120600,12BL03179,12/23/2012,282 Berlin Mall Road,Berlin,NO DATA,NO DATA,NO DATA,NO DATA,Joann's Faberic,400,Feet,99,"12 - Left Turn and Thru, Same Direction Sideswipe/Angle Crash vv--",West,494886,190691,NO DATA,NO DATA,NO DATA,"Other Public Roadway (Rest Areas, Shopping Center",Unknown,999.99,NO DATA,XY,Property Damage Only,"(44.21644724, -72.56399725)"
9563,VT0130200,12BB05229,07/11/2012,Spring St,Brattleboro,NO DATA,NO DATA,NO DATA,NO DATA,School St,NO DATA,NO DATA,25,7 - Other - Explain in Narrative,NO DATA,494893,39040,NO DATA,NO DATA,NO DATA,Street or Town Highways in FA Urban Area,Unknown,999.99,NO DATA,XY,Property Damage Only,"(42.85144231, -72.56248411)"
9564,VT0130200,12BB03103,04/29/2012,Chickering Drive,Brattleboro,NO DATA,NO DATA,NO DATA,NO DATA,Near Building @ 54 Chickering Dr,50,Feet,25,7 - Other - Explain in Narrative,South,494941,41949,NO DATA,NO DATA,NO DATA,"Other Public Roadway (Rest Areas, Shopping Center",Unknown,999.99,NO DATA,XY,Injury,"(42.87762951, -72.56192301)"
9565,VT0080100,12MR02968,11/10/2012,TH-22 (341 Darling Road),Morristown,NO DATA,NO DATA,NO DATA,NO DATA,Park Street,0,Miles,35,6 - Single Vehicle Crash,East,494945,228825,NO DATA,NO DATA,NO DATA,"City, Village or Urban Compact Street not in FA Ur",TOWN ROAD 0022,999.99,NO DATA,XY,Injury,"(44.55963886, -72.56362966)"
9566,VT0130200,12BB00611,01/24/2012,187 Oak Grove Ave,Brattleboro,NO DATA,NO DATA,NO DATA,NO DATA,Pine Heights,NO DATA,NO DATA,99,2 - Head On,NO DATA,494967,38072,NO DATA,NO DATA,NO DATA,"Other Public Roadway (Rest Areas, Shopping Center",Unknown,999.99,NO DATA,XY,Property Damage Only,"(42.84272882, -72.56157009)"
9574,VT0130200,12BB03311,05/07/2012,896 Putney Rd,Brattleboro,NO DATA,NO DATA,NO DATA,NO DATA,Center Cart Vertibule (Hannafords),NO DATA,NO DATA,99,NO DATA,NO DATA,495039,42119,NO DATA,NO DATA,NO DATA,"Other Public Roadway (Rest Areas, Shopping Center",Unknown,999.99,NO DATA,XY,Property Damage Only,"(42.87916049, -72.56072500)"
9575,VT0130200,12BB00902,02/03/2012,131 Fairground Rd,Brattleboro,NO DATA,NO DATA,NO DATA,NO DATA,BUHS Student Parking Lot,NO DATA,NO DATA,99,5 - Rear-to-rear,NO DATA,495048,37503,NO DATA,NO DATA,NO DATA,"Other Public Roadway (Rest Areas, Shopping Center",Unknown,999.99,NO DATA,XY,Property Damage Only,"(42.83760718, -72.56057420)"
9576,VT0130200,12BB07323,09/23/2012,TH-40 Kipling Rd,Brattleboro,NO DATA,NO DATA,NO DATA,NO DATA,Black Mtn Rd,NO DATA,NO DATA,25,2 - Head On,NO DATA,495052,42114,NO DATA,NO DATA,NO DATA,"City, Village or Urban Compact Street not in FA Ur",TOWN ROAD 0040,999.99,NO DATA,XY,Property Damage Only,"(42.87911556, -72.56056583)"
9577,VT0130200,12BB09804,12/29/2012,Chickering Drive,Brattleboro,NO DATA,NO DATA,NO DATA,NO DATA,Putney Rd,NO DATA,NO DATA,99,"20 - Right Turn and Thru, Angle Broadside -->^--",NO DATA,495068,41893,NO DATA,NO DATA,NO DATA,Street or Town Highways in FA Urban Area,Unknown,999.99,NO DATA,XY,Property Damage Only,"(42.87712623, -72.56036805)"
9578,VT0130200,12BB08285,10/31/2012,896 Putney Rd,Brattleboro,NO DATA,NO DATA,NO DATA,NO DATA,Putney Rd,NO DATA,NO DATA,99,3 - Same Direction Sideswipe,West,495069,42111,NO DATA,NO DATA,NO DATA,"Other Public Roadway (Rest Areas, Shopping Center",Unknown,999.99,NO DATA,XY,Property Damage Only,"(42.87908867, -72.56035772)"
9586,VT0130200,12BB02128,03/23/2012,182 Main St,Brattleboro,NO DATA,NO DATA,NO DATA,NO DATA,High St,NO DATA,NO DATA,99,7 - Other - Explain in Narrative,North,495152,39254,NO DATA,NO DATA,NO DATA,"Other Public Roadway (Rest Areas, Shopping Center",Unknown,999.99,NO DATA,XY,Property Damage Only,"(42.85337043, -72.55931715)"
9587,VT0120600,12BL01370,06/05/2012,130 Fisher Road,Berlin,NO DATA,NO DATA,NO DATA,NO DATA,Parking Lot,200,Feet,99,"8 - No Turns, Thru moves only, Broadside ^<",East,495166,191228,NO DATA,NO DATA,NO DATA,"Other Public Roadway (Rest Areas, Shopping Center",Unknown,999.99,NO DATA,XY,Property Damage Only,"(44.22128209, -72.56049831)"
9588,VT0130200,12BB00794,01/31/2012,Harris Ave,Brattleboro,NO DATA,NO DATA,NO DATA,NO DATA,Main St,NO DATA,NO DATA,25,7 - Other - Explain in Narrative,NO DATA,495171,39402,NO DATA,NO DATA,NO DATA,Street or Town Highways in FA Urban Area,Unknown,999.99,NO DATA,XY,Injury,"(42.85470286, -72.55908595)"
9589,VT0130200,12BB05270,07/13/2012,60 Grove St,Brattleboro,NO DATA,NO DATA,NO DATA,NO DATA,Oak St,NO DATA,NO DATA,25,1 - Rear End,East,495171,39402,NO DATA,NO DATA,NO DATA,Street or Town Highways in FA Urban Area,Unknown,999.99,NO DATA,XY,Property Damage Only,"(42.85470286, -72.55908595)"
9590,VT0130200,12BB08527,11/10/2012,58 Canal St,Brattleboro,NO DATA,NO DATA,NO DATA,NO DATA,NO DATA,NO DATA,NO DATA,99,2 - Head On,NO DATA,495172,38829,NO DATA,NO DATA,NO DATA,"Other Public Roadway (Rest Areas, Shopping Center",Unknown,999.99,NO DATA,XY,Property Damage Only,"(42.84954469, -72.55906880)"
9591,VT0130200,12BB00849,02/01/2012,Fairground Rd,Brattleboro,NO DATA,NO DATA,NO DATA,NO DATA,BUHS Parking┬á Lot,NO DATA,NO DATA,99,7 - Other - Explain in Narrative,NO DATA,495173,37363,NO DATA,NO DATA,NO DATA,"Other Public Roadway (Rest Areas, Shopping Center",Unknown,999.99,NO DATA,XY,Property Damage Only,"(42.83634769, -72.55904400)"
9599,VT0130200,12BB02979,04/25/2012,1071 Putney Rd,Brattleboro,NO DATA,NO DATA,NO DATA,NO DATA,NO DATA,NO DATA,NO DATA,99,5 - Rear-to-rear,NO DATA,495195,42555,NO DATA,NO DATA,NO DATA,"Other Public Roadway (Rest Areas, Shopping Center",Unknown,999.99,NO DATA,XY,Property Damage Only,"(42.88308636, -72.55881925)"
9600,VT0130200,12BB05556,07/23/2012,63 Melrose St,Brattleboro,NO DATA,NO DATA,NO DATA,NO DATA,Western Ave,NO DATA,NO DATA,25,2 - Head On,North,495198,38960,NO DATA,NO DATA,NO DATA,Street or Town Highways in FA Urban Area,Unknown,999.99,NO DATA,XY,Property Damage Only,"(42.85072412, -72.55875183)"
9601,VT0130200,12BB05594,07/24/2012,High St,Brattleboro,NO DATA,NO DATA,NO DATA,NO DATA,Brown & Roberts Parking Lot,NO DATA,NO DATA,99,NO DATA,NO DATA,495198,38960,NO DATA,NO DATA,NO DATA,"Other Public Roadway (Rest Areas, Shopping Center",Unknown,999.99,NO DATA,XY,Property Damage Only,"(42.85072412, -72.55875183)"
9602,VT0130200,12BB01143,02/14/2012,Black Mountain Rd,Brattleboro,36,NO DATA,NO DATA,NO DATA,Black Mtn/Kipling Rd,500,Feet,25,6 - Single Vehicle Crash,South,495204,42357,NO DATA,NO DATA,NO DATA,Street or Town Highways in FA Urban Area,Unknown,999.99,NO DATA,XY,Property Damage Only,"(42.88130402, -72.55870739)"
9603,VT0130200,12BB03193,05/03/2012,929 Putney Rd,Brattleboro,NO DATA,NO DATA,NO DATA,NO DATA,Euro Cleaners Parking Lot,NO DATA,NO DATA,99,2 - Head On,East,495204,42357,NO DATA,NO DATA,NO DATA,"Other Public Roadway (Rest Areas, Shopping Center",Unknown,999.99,NO DATA,XY,Property Damage Only,"(42.88130402, -72.55870739)"
9604,VT0130200,12BB06861,09/06/2012,Elliot St,Brattleboro,NO DATA,NO DATA,NO DATA,NO DATA,Harmony Lot,NO DATA,NO DATA,99,NO DATA,NO DATA,495206,39702,NO DATA,NO DATA,NO DATA,"Other Public Roadway (Rest Areas, Shopping Center",Unknown,999.99,NO DATA,XY,Property Damage Only,"(42.85740369, -72.55866027)"
9612,VT0080100,12MR03301,12/23/2012,TH-39 ELMORE MOUNTAIN ROAD,Morristown,NO DATA,NO DATA,NO DATA,NO DATA,GODDARD NISBET ROAD,NO DATA,NO DATA,35,6 - Single Vehicle Crash,NO DATA,495263,227137,NO DATA,NO DATA,NO DATA,"City, Village or Urban Compact Street not in FA Ur",TOWN ROAD 0039,999.99,NO DATA,XY,Property Damage Only,"(44.54445011, -72.55961141)"
9613,VTVSP1000,12D200632,02/29/2012,TH-10 Tavern Hill Road,Putney,61,NO DATA,NO DATA,NO DATA,"Aiken Road, TH #14",0,Miles,99,6 - Single Vehicle Crash,East,495264,56510,NO DATA,NO DATA,NO DATA,"City, Village or Urban Compact Street not in FA Ur",TOWN ROAD 0010,999.99,NO DATA,XY,Injury,"(43.00870820, -72.55809263)"
9614,VT0130200,12BB04704,06/24/2012,Elm St,Brattleboro,NO DATA,NO DATA,NO DATA,NO DATA,Elliot St,NO DATA,NO DATA,25,NO DATA,NO DATA,495269,39107,NO DATA,NO DATA,NO DATA,Street or Town Highways in FA Urban Area,Unknown,999.99,NO DATA,XY,Property Damage Only,"(42.85204787, -72.55788440)"
9616,VT0130200,12BB05457,07/19/2012,Harmony Lot,Brattleboro,NO DATA,NO DATA,NO DATA,NO DATA,Elliot St,NO DATA,NO DATA,99,5 - Rear-to-rear,NO DATA,495269,39107,NO DATA,NO DATA,NO DATA,"Other Public Roadway (Rest Areas, Shopping Center",Unknown,999.99,NO DATA,XY,Property Damage Only,"(42.85204787, -72.55788440)"
9617,VTVSP0400,12D100154,01/12/2012,VT-131,Cavendish,NO DATA,131,NO DATA,NO DATA,Tarbell Hill Rd,1,Miles,50,2 - Head On,NO DATA,495271,98715,NO DATA,NO DATA,NO DATA,State System (State Highways and Class I TH links),VT-131,999.99,NO DATA,XY,Injury,"(43.38861627, -72.55836778)"
9625,VT0130200,12BB02984,04/25/2012,Kipling Rd,Brattleboro,40,NO DATA,NO DATA,NO DATA,Dickinson Rd,NO DATA,NO DATA,25,2 - Head On,NO DATA,495328,42557,NO DATA,NO DATA,NO DATA,Street or Town Highways in FA Urban Area,Unknown,999.99,NO DATA,XY,Property Damage Only,"(42.88310519, -72.55719121)"
9626,VT0130200,12BB00524,01/21/2012,1102 Putney Rd,Brattleboro,NO DATA,NO DATA,NO DATA,NO DATA,Citgo Parking Lot,NO DATA,NO DATA,99,7 - Other - Explain in Narrative,NO DATA,495347,42636,NO DATA,NO DATA,NO DATA,"Other Public Roadway (Rest Areas, Shopping Center",Unknown,999.99,NO DATA,XY,Property Damage Only,"(42.88381646, -72.55695928)"
9627,VT0130200,12BB01300,02/20/2012,630 S Main St,Brattleboro,NO DATA,NO DATA,NO DATA,NO DATA,Sunny Acres Rd,NO DATA,NO DATA,25,2 - Head On,NO DATA,495352,37096,NO DATA,NO DATA,NO DATA,Street or Town Highways in FA Urban Area,Unknown,999.99,NO DATA,XY,Injury,"(42.83394524, -72.55685230)"
9628,VTVSP0400,12D103847,11/29/2012,TH-12 Cambridgeport Road,Rockingham,12,NO DATA,NO DATA,NO DATA,664 Cambridgeport Road,NO DATA,NO DATA,35,4 - Opp Direction Sideswipe,North,495358,76711,NO DATA,NO DATA,NO DATA,"City, Village or Urban Compact Street not in FA Ur",TOWN ROAD 0012,999.99,NO DATA,XY,Property Damage Only,"(43.19055111, -72.55710839)"
9629,VT0130200,12BB09470,12/16/2012,1089 Putney Rd,Brattleboro,NO DATA,NO DATA,NO DATA,NO DATA,Friendly's Parking Lot,NO DATA,NO DATA,99,5 - Rear-to-rear,NO DATA,495370,42357,NO DATA,NO DATA,NO DATA,"Other Public Roadway (Rest Areas, Shopping Center",Unknown,999.99,NO DATA,XY,Property Damage Only,"(42.88130504, -72.55667544)"
9637,VTVSP1200,12A300658,02/11/2012,TH-94 (2162 Hebert Road),Williamstown,94,NO DATA,NO DATA,NO DATA,Bador Road,0,Miles,35,4 - Opp Direction Sideswipe,South,495484,183430,NO DATA,NO DATA,NO DATA,"City, Village or Urban Compact Street not in FA Ur",TOWN ROAD 0094,999.99,NO DATA,XY,Property Damage Only,"(44.15110265, -72.55645154)"
9638,VT0130200,12BB01945,03/16/2012,Cottonmill Hill,Brattleboro,NO DATA,NO DATA,NO DATA,NO DATA,Vt Rte 142,NO DATA,NO DATA,25,"14 - Left Turn and Thru, Broadside v<--",NO DATA,495610,36991,NO DATA,NO DATA,NO DATA,Street or Town Highways in FA Urban Area,Unknown,999.99,NO DATA,XY,Property Damage Only,"(42.83300155, -72.55369581)"
9639,VT0130200,12BB03133,05/01/2012,Putney Rd,Brattleboro,NO DATA,NO DATA,NO DATA,NO DATA,Quality Inn Parking Lot,NO DATA,NO DATA,99,7 - Other - Explain in Narrative,NO DATA,495655,43475,NO DATA,NO DATA,NO DATA,"Other Public Roadway (Rest Areas, Shopping Center",Unknown,999.99,NO DATA,XY,Property Damage Only,"(42.89137094, -72.55319549)"
9640,VT0120600,12BL02094,08/23/2012,282 Berlin Mall Road,Berlin,NO DATA,NO DATA,NO DATA,NO DATA,Fisher Road,0,Miles,99,1 - Rear End,West,495733,192093,NO DATA,NO DATA,NO DATA,"Other Public Roadway (Rest Areas, Shopping Center",Unknown,999.99,NO DATA,XY,Unknown,"(44.22907051, -72.55340939)"
9641,VT0130200,12BB09206,12/06/2012,Glen Orne Drive,Brattleboro,NO DATA,NO DATA,NO DATA,NO DATA,C & S Parking Lot,NO DATA,NO DATA,99,3 - Same Direction Sideswipe,NO DATA,495795,43384,NO DATA,NO DATA,NO DATA,"Other Public Roadway (Rest Areas, Shopping Center",Unknown,999.99,NO DATA,XY,Property Damage Only,"(42.89055254, -72.55148084)"
9649,VT0120600,12BL02109,08/24/2012,Ames Drive,Berlin,NO DATA,NO DATA,NO DATA,NO DATA,US RT 302,NO DATA,NO DATA,99,"10 - Left Turn and Thru, Angle Broadside -->v--",NO DATA,496270,191275,NO DATA,NO DATA,NO DATA,"Other Public Roadway (Rest Areas, Shopping Center",Unknown,999.99,NO DATA,XY,Property Damage Only,"(44.22171156, -72.54668217)"
9650,VT0120600,12BL02895,11/21/2012,798 US Route 302,Berlin,NO DATA,NO DATA,302,NO DATA,Ames Drive,100,Feet,99,6 - Single Vehicle Crash,East,496319,191161,NO DATA,NO DATA,NO DATA,"Other Public Roadway (Rest Areas, Shopping Center",Unknown,999.99,NO DATA,XY,Injury,"(44.22068582, -72.54606814)"
9651,VT0130200,12BB09062,12/01/2012,Route 142,Vernon,NO DATA,NO DATA,NO DATA,NO DATA,NO DATA,NO DATA,NO DATA,50,6 - Single Vehicle Crash,NO DATA,496384,34450,NO DATA,NO DATA,NO DATA,State System (State Highways and Class I TH links),VT-142,999.99,NO DATA,XY,Property Damage Only,"(42.81013128, -72.54421260)"
9652,VTVSP1000,12D202270,08/13/2012,TH-4 Houghton Brook Road,Putney,4,NO DATA,NO DATA,NO DATA,Signal Pine Road,0,Miles,35,6 - Single Vehicle Crash,South,496437,53056,NO DATA,NO DATA,NO DATA,"City, Village or Urban Compact Street not in FA Ur",TOWN ROAD 0004,999.99,NO DATA,XY,Injury,"(42.97762231, -72.54368265)"
9653,VTVSP0100,12A101253,04/07/2012,TH-21 (111 Shover Road),Eden,21,NO DATA,NO DATA,NO DATA,NO DATA,NO DATA,NO DATA,35,1 - Rear End,NO DATA,496453,245438,NO DATA,NO DATA,NO DATA,"City, Village or Urban Compact Street not in FA Ur",TOWN ROAD 0021,999.99,NO DATA,XY,Property Damage Only,"(44.70915198, -72.54476291)"
9654,VTVSP1000,12D200649,03/01/2012,MINC0532 (School House Rd),Dummerston,3,NO DATA,NO DATA,NO DATA,Rt 5,3,Miles,25,6 - Single Vehicle Crash,West,496490,48092,NO DATA,NO DATA,NO DATA,Minor Collector - Non Fed Aid Rural TH,MinCollector,999.99,NO DATA,XY,Property Damage Only,"(42.93293723, -72.54300175)"
9662,VT0140200,12SF01831,05/21/2012,TH-80 Austin Road,Springfield,NO DATA,NO DATA,NO DATA,NO DATA,NO DATA,NO DATA,NO DATA,25,6 - Single Vehicle Crash,NO DATA,496871,81831,NO DATA,NO DATA,NO DATA,"City, Village or Urban Compact Street not in FA Ur",TOWN ROAD 0080,999.99,NO DATA,XY,Injury,"(43.23664643, -72.53852401)"
9663,VT0140200,12SF01410,04/22/2012,TH-78 Pleasant Valley Rd,Springfield,NO DATA,NO DATA,NO DATA,NO DATA,Rt. 11,1,NO DATA,35,6 - Single Vehicle Crash,South,496880,85616,NO DATA,NO DATA,NO DATA,"City, Village or Urban Compact Street not in FA Ur",TOWN ROAD 0078,999.99,NO DATA,XY,Property Damage Only,"(43.27071680, -72.53843463)"
9664,VTVSP1000,12D200682,03/03/2012,TH-23┬á (379 Waterman Road),Dummerston,23,NO DATA,NO DATA,NO DATA,Johnson's Curve Road,0,Miles,99,6 - Single Vehicle Crash,South,496909,51261,NO DATA,NO DATA,NO DATA,"City, Village or Urban Compact Street not in FA Ur",TOWN ROAD 0023,999.99,NO DATA,XY,Property Damage Only,"(42.96146604, -72.53788612)"
9665,VT0140200,12SF00261,01/23/2012,TH-78 Pleasant Valley,Springfield,NO DATA,NO DATA,NO DATA,NO DATA,Breezy Hill Road,0,Miles,25,2 - Head On,East,496941,85866,NO DATA,NO DATA,NO DATA,"City, Village or Urban Compact Street not in FA Ur",TOWN ROAD 0078,999.99,NO DATA,XY,Injury,"(43.27296739, -72.53768460)"
9666,VT0120600,12BL00162,01/19/2012,195 Rte. 302,Berlin,NO DATA,302,NO DATA,NO DATA,Central Vermont Community Action Building,80,Feet,99,"11 - Left Turn and Thru, Head On ^v--",East,497044,190578,NO DATA,NO DATA,NO DATA,"Other Public Roadway (Rest Areas, Shopping Center",Unknown,999.99,NO DATA,XY,Property Damage Only,"(44.21544219, -72.53699163)"