ID,Reporting Agency,Report Number,Date,Street Address,Town,Number,Number1,Number2,Number3,Intersection,Distance From Intersection,Distance Unit,Posted Speed,Direction of Collision,Direction from Intersection,Easting,Northing,Mile Marker,Mile Marker 1,Mile Marker 2,AOT Roadway,AOT Route,AOT Actual Mile,LRS Number,How Mapped,Crash Type,Location 1
9667,VT0140200,12SF00337,01/29/2012,TH-78 PLEASANT VALLEY ROAD,Springfield,NO DATA,NO DATA,NO DATA,NO DATA,LOVELL ROAD,500,Feet,25,7 - Other - Explain in Narrative,East,497101,82511,NO DATA,NO DATA,NO DATA,"City, Village or Urban Compact Street not in FA Ur",TOWN ROAD 0078,999.99,NO DATA,XY,Property Damage Only,"(43.24276832, -72.53569593)"
9675,VT0140500,12WK00133,01/22/2012,TH-4 (Church Hill Rd),Woodstock,4,NO DATA,NO DATA,NO DATA,Randall Rd.,300,Feet,35,7 - Other - Explain in Narrative,East,497756,122942,NO DATA,NO DATA,NO DATA,"City, Village or Urban Compact Street not in FA Ur",TOWN ROAD 0004,999.99,NO DATA,XY,Property Damage Only,"(43.60669564, -72.52779708)"
9676,VT0120500,12BT00102,01/12/2012,TH-45 Jensen Rd,Barre Town,NO DATA,NO DATA,NO DATA,NO DATA,Prospect St,1300,Feet,35,"10 - Left Turn and Thru, Angle Broadside -->v--",North,497799,188033,NO DATA,NO DATA,NO DATA,"City, Village or Urban Compact Street not in FA Ur",TOWN ROAD 0045,999.99,NO DATA,XY,Property Damage Only,"(44.19254009, -72.52753313)"
9677,VT0140200,12SF05355,12/30/2012,School Street,Springfield,NO DATA,NO DATA,NO DATA,NO DATA,Main Street N. Springfield,250,Feet,25,6 - Single Vehicle Crash,South,497833,92700,NO DATA,NO DATA,NO DATA,"City, Village or Urban Compact Street not in FA Ur",Unknown,999.99,NO DATA,XY,Property Damage Only,"(43.33448558, -72.52672308)"
9678,VT0140200,12SF02435,06/29/2012,School Street,Springfield,1,NO DATA,NO DATA,NO DATA,School,20,Feet,25,1 - Rear End,North,497892,92568,NO DATA,NO DATA,NO DATA,"City, Village or Urban Compact Street not in FA Ur",Unknown,999.99,NO DATA,XY,Property Damage Only,"(43.33329758, -72.52599503)"
9679,VT0140200,12SF00273,01/23/2012,TH-8 French Meadow Road,Springfield,NO DATA,NO DATA,NO DATA,NO DATA,Dick Baker's,NO DATA,NO DATA,25,4 - Opp Direction Sideswipe,NO DATA,498038,89918,NO DATA,NO DATA,NO DATA,"City, Village or Urban Compact Street not in FA Ur",TOWN ROAD 0008,999.99,NO DATA,XY,Property Damage Only,"(43.30944452, -72.52418523)"
9680,VTVSP0400,12D103622,11/08/2012,Min. C 0540 Patch Road,Westminster,4,NO DATA,NO DATA,NO DATA,Peck Lane,NO DATA,NO DATA,50,6 - Single Vehicle Crash,South,498053,62172,NO DATA,NO DATA,NO DATA,Minor Collector - Non Fed Aid Rural TH,MinCollector,999.99,NO DATA,XY,Property Damage Only,"(43.05968840, -72.52390268)"
9688,VT0120100,12BA05112,07/19/2012,15 Fourth Street,Barre City,NO DATA,NO DATA,NO DATA,NO DATA,Parking Lot,NO DATA,NO DATA,10,4 - Opp Direction Sideswipe,North,498644,190087,NO DATA,NO DATA,NO DATA,"Other Public Roadway (Rest Areas, Shopping Center",Unknown,999.99,NO DATA,XY,Property Damage Only,"(44.21102797, -72.51696847)"
9689,VT0141100,12RY01223,12/03/2012,TH-12 Old Route 110,Royalton,NO DATA,NO DATA,NO DATA,NO DATA,Mill Road,50,Feet,99,1 - Rear End,North,498797,147900,NO DATA,NO DATA,NO DATA,"City, Village or Urban Compact Street not in FA Ur",TOWN ROAD 0012,999.99,NO DATA,XY,Property Damage Only,"(43.83133690, -72.51495823)"
9690,VT0120100,12BA00710,02/02/2012,W Second St,Barre City,NO DATA,NO DATA,NO DATA,NO DATA,SW Corner Of Cumberland Farms,20,Feet,25,6 - Single Vehicle Crash,North,498902,189638,NO DATA,NO DATA,NO DATA,Street or Town Highways in FA Urban Area,Unknown,999.99,NO DATA,XY,Property Damage Only,"(44.20698745, -72.51373924)"
9691,VTVSP1200,12A303272,07/28/2012,TH-14 McGlynn RD,Williamstown,14,NO DATA,NO DATA,NO DATA,82 McGlynnRD,100,Feet,35,6 - Single Vehicle Crash,North,498939,180699,NO DATA,NO DATA,NO DATA,"City, Village or Urban Compact Street not in FA Ur",TOWN ROAD 0014,999.99,NO DATA,XY,Property Damage Only,"(44.12653680, -72.51325827)"
9692,VT0120100,12BA02841,04/30/2012,Second St,Barre City,NO DATA,NO DATA,NO DATA,NO DATA,N Main St,150,Feet,25,"8 - No Turns, Thru moves only, Broadside ^<",North,499019,189710,NO DATA,NO DATA,NO DATA,Street or Town Highways in FA Urban Area,Unknown,999.99,NO DATA,XY,Property Damage Only,"(44.20763561, -72.51227548)"
9693,VT0140200,12SF03930,09/18/2012,Fairground Road,Springfield,29,NO DATA,NO DATA,NO DATA,Hillside Road,1,Miles,35,6 - Single Vehicle Crash,South,499043,91510,NO DATA,NO DATA,NO DATA,"City, Village or Urban Compact Street not in FA Ur",Unknown,999.99,NO DATA,XY,Property Damage Only,"(43.32377656, -72.51180012)"
9701,VT0120100,12BA00216,01/11/2012,Fourth St,Barre City,NO DATA,NO DATA,NO DATA,NO DATA,N Main St,NO DATA,NO DATA,25,1 - Rear End,NO DATA,499288,188557,NO DATA,NO DATA,NO DATA,Street or Town Highways in FA Urban Area,Unknown,999.99,NO DATA,XY,Property Damage Only,"(44.19725902, -72.50890818)"
9702,VT0120100,12BA00235,01/12/2012,Foster St,Barre City,NO DATA,NO DATA,NO DATA,NO DATA,Granite St,1,Feet,25,3 - Same Direction Sideswipe,North,499289,188596,NO DATA,NO DATA,NO DATA,Street or Town Highways in FA Urban Area,Unknown,999.99,NO DATA,XY,Property Damage Only,"(44.19761002, -72.50889573)"
9703,VT0120100,12BA01031,02/16/2012,Tremont St,Barre City,NO DATA,NO DATA,NO DATA,NO DATA,Elm St,NO DATA,Feet,25,"8 - No Turns, Thru moves only, Broadside ^<",East,499301,189086,NO DATA,NO DATA,NO DATA,Street or Town Highways in FA Urban Area,Unknown,999.99,NO DATA,XY,Property Damage Only,"(44.20201999, -72.50874626)"
9704,VT0120100,12BA04165,06/17/2012,14 Elm Street,Barre City,NO DATA,NO DATA,NO DATA,NO DATA,Tremont St,1,Feet,25,"8 - No Turns, Thru moves only, Broadside ^<",North,499301,139086,NO DATA,NO DATA,NO DATA,Street or Town Highways in FA Urban Area,Unknown,999.99,NO DATA,XY,Property Damage Only,"(43.75200661, -72.50868043)"
9705,VT0120500,12BT00190,01/20/2012,509 S Barre Rd,Barre Town,NO DATA,14,NO DATA,NO DATA,Great Energy Store,NO DATA,NO DATA,99,3 - Same Direction Sideswipe,NO DATA,499352,185895,NO DATA,NO DATA,NO DATA,"Other Public Roadway (Rest Areas, Shopping Center",Unknown,999.99,NO DATA,XY,Injury,"(44.17330125, -72.50810427)"
9706,VT0140200,12SF03292,08/16/2012,368 RIVER STREET,Springfield,1,NO DATA,NO DATA,NO DATA,RIDGEWOOD ASSOCIATES,500,Feet,99,3 - Same Direction Sideswipe,North,499362,91259,NO DATA,NO DATA,NO DATA,"Other Public Roadway (Rest Areas, Shopping Center",Unknown,999.99,NO DATA,XY,Property Damage Only,"(43.32151757, -72.50786683)"
9714,VT0140200,12SF01017,03/26/2012,11 Meadow Drive,Springfield,NO DATA,NO DATA,NO DATA,NO DATA,Pedden Road,200,Feet,25,6 - Single Vehicle Crash,South,499471,91451,NO DATA,NO DATA,NO DATA,"City, Village or Urban Compact Street not in FA Ur",Unknown,999.99,NO DATA,XY,Property Damage Only,"(43.32324590, -72.50652319)"
9715,VT0140200,12SF00725,03/07/2012,RIVER STREET,Springfield,1,NO DATA,NO DATA,NO DATA,BLACK RIVER KWICK STOP PARKING LOT,100,Feet,99,5 - Rear-to-rear,South,499479,91094,NO DATA,NO DATA,NO DATA,"Other Public Roadway (Rest Areas, Shopping Center",Unknown,999.99,NO DATA,XY,Property Damage Only,"(43.32003244, -72.50642422)"
9716,VT0120100,12BA01974,03/26/2012,Cottage Street,Barre City,NO DATA,NO DATA,NO DATA,NO DATA,Lenny's,200,Feet,25,1 - Rear End,South,499485,189127,NO DATA,NO DATA,NO DATA,Street or Town Highways in FA Urban Area,Unknown,999.99,NO DATA,XY,Injury,"(44.20238914, -72.50644431)"
9717,VT0120500,12BT00703,03/22/2012,456 S Barre Rd,Barre Town,NO DATA,NO DATA,NO DATA,NO DATA,Hannaford's Grocery Store,NO DATA,NO DATA,99,"8 - No Turns, Thru moves only, Broadside ^<",NO DATA,499502,185982,NO DATA,NO DATA,NO DATA,"Other Public Roadway (Rest Areas, Shopping Center",Unknown,999.99,NO DATA,XY,Property Damage Only,"(44.17408436, -72.50622864)"
9718,VT0120100,12BA00786,02/05/2012,23 Palmisano Plaza,Barre City,NO DATA,NO DATA,NO DATA,NO DATA,Ariolli Avenue,100,Feet,25,7 - Other - Explain in Narrative,South,499503,189015,NO DATA,NO DATA,NO DATA,Street or Town Highways in FA Urban Area,Unknown,999.99,NO DATA,XY,Property Damage Only,"(44.20138116, -72.50621900)"
9719,VT0120500,12BT01621,06/19/2012,379 S Barre Rd,Barre Town,NO DATA,NO DATA,NO DATA,NO DATA,Fired-Up Tobacco Shop,NO DATA,NO DATA,99,5 - Rear-to-rear,NO DATA,499567,186304,NO DATA,NO DATA,NO DATA,"Other Public Roadway (Rest Areas, Shopping Center",Unknown,999.99,NO DATA,XY,Property Damage Only,"(44.17698239, -72.50541608)"
9720,VTVSP0400,12D103651,11/10/2012,Parking Lot,Weathersfield,NO DATA,NO DATA,NO DATA,NO DATA,Reservoir Road,NO DATA,NO DATA,99,6 - Single Vehicle Crash,NO DATA,499609,93417,NO DATA,NO DATA,NO DATA,"Other Public Roadway (Rest Areas, Shopping Center",Unknown,999.99,NO DATA,XY,Property Damage Only,"(43.34094252, -72.50482318)"
9721,VT0120500,12BT03431,12/30/2012,370 S Barre Rd,Barre Town,NO DATA,NO DATA,NO DATA,NO DATA,M&M Beverage,NO DATA,NO DATA,99,6 - Single Vehicle Crash,NO DATA,499624,186295,NO DATA,NO DATA,NO DATA,"Other Public Roadway (Rest Areas, Shopping Center",Unknown,999.99,NO DATA,XY,Property Damage Only,"(44.17690142, -72.50470326)"
9722,VT0120500,12BT01963,07/20/2012,370 S Barre Rd,Barre Town,NO DATA,NO DATA,NO DATA,NO DATA,M&M Beverage,NO DATA,NO DATA,99,4 - Opp Direction Sideswipe,NO DATA,499631,186353,NO DATA,NO DATA,NO DATA,"Other Public Roadway (Rest Areas, Shopping Center",Unknown,999.99,NO DATA,XY,Property Damage Only,"(44.17742342, -72.50461576)"
9723,VT0120500,12BT01130,05/09/2012,370 S Barre Rd,Barre Town,NO DATA,NO DATA,NO DATA,NO DATA,M&M Beverage,NO DATA,NO DATA,99,NO DATA,NO DATA,499637,186317,NO DATA,NO DATA,NO DATA,"Other Public Roadway (Rest Areas, Shopping Center",Unknown,999.99,NO DATA,XY,Property Damage Only,"(44.17709943, -72.50454070)"
9724,VT0120100,12BA02724,04/25/2012,Merchant Row,Barre City,NO DATA,NO DATA,NO DATA,NO DATA,Depot┬á Street,300,Feet,25,"8 - No Turns, Thru moves only, Broadside ^<",East,499707,188678,NO DATA,NO DATA,NO DATA,Street or Town Highways in FA Urban Area,Unknown,999.99,NO DATA,XY,Property Damage Only,"(44.19834830, -72.50366663)"
9725,VT0120100,12BA08284,11/26/2012,Merchants Row,Barre City,NO DATA,NO DATA,NO DATA,NO DATA,Depot Square,200,Feet,25,"8 - No Turns, Thru moves only, Broadside ^<",East,499738,188667,NO DATA,NO DATA,NO DATA,Street or Town Highways in FA Urban Area,Unknown,999.99,NO DATA,XY,Property Damage Only,"(44.19824932, -72.50327881)"
9726,VT0120100,12BA03864,06/01/2012,Court House Parking┬á Lot,Barre City,NO DATA,NO DATA,NO DATA,NO DATA,Merchant Street,NO DATA,NO DATA,25,"8 - No Turns, Thru moves only, Broadside ^<",North,499762,188903,NO DATA,NO DATA,NO DATA,"Other Public Roadway (Rest Areas, Shopping Center",Unknown,999.99,NO DATA,XY,Property Damage Only,"(44.20037330, -72.50297868)"
9727,VTVSP0800,12B201146,04/21/2012,Access Rd,Jay,NO DATA,NO DATA,NO DATA,NO DATA,VT Rt 242,1,Miles,99,"8 - No Turns, Thru moves only, Broadside ^<",North,499776,270149,NO DATA,NO DATA,NO DATA,"Other Public Roadway (Rest Areas, Shopping Center",Unknown,999.99,NO DATA,XY,Property Damage Only,"(44.93153337, -72.50283891)"
9728,VT0120100,12BA02326,04/10/2012,Merchants Row,Barre City,NO DATA,NO DATA,NO DATA,NO DATA,Last Time Around,NO DATA,NO DATA,25,7 - Other - Explain in Narrative,NO DATA,499781,188612,NO DATA,NO DATA,NO DATA,"Other Public Roadway (Rest Areas, Shopping Center",Unknown,999.99,NO DATA,XY,Property Damage Only,"(44.19775433, -72.50274086)"
9729,VT0120100,12BA07360,10/15/2012,Merchants Row,Barre City,NO DATA,NO DATA,NO DATA,NO DATA,Prospect St,NO DATA,NO DATA,25,6 - Single Vehicle Crash,East,499782,188606,NO DATA,NO DATA,NO DATA,"Other Public Roadway (Rest Areas, Shopping Center",Unknown,999.99,NO DATA,XY,Property Damage Only,"(44.19770034, -72.50272835)"
9730,VT0140200,12SF04393,10/18/2012,371 RIVER ST,Springfield,NO DATA,106,NO DATA,NO DATA,NO DATA,NO DATA,NO DATA,40,7 - Other - Explain in Narrative,NO DATA,499784,90626,NO DATA,NO DATA,NO DATA,"Other Public Roadway (Rest Areas, Shopping Center",Unknown,999.99,NO DATA,XY,Property Damage Only,"(43.31581998, -72.50266387)"
9731,VT0120500,12BT00380,02/13/2012,Platinum Plain,Barre Town,191,NO DATA,NO DATA,NO DATA,31 Platinum Plain,NO DATA,NO DATA,25,"8 - No Turns, Thru moves only, Broadside ^<",NO DATA,499789,185701,NO DATA,NO DATA,NO DATA,Street or Town Highways in FA Urban Area,Unknown,999.99,NO DATA,XY,Property Damage Only,"(44.17155551, -72.50263961)"
9739,VT0120100,12BA04454,06/27/2012,Jefferson Street,Barre City,NO DATA,NO DATA,NO DATA,NO DATA,L Browns┬á Printing,50,Feet,25,3 - Same Direction Sideswipe,East,499881,188559,NO DATA,NO DATA,NO DATA,Street or Town Highways in FA Urban Area,Unknown,999.99,NO DATA,XY,Property Damage Only,"(44.19727736, -72.50148985)"
9740,VT0120100,12BA06631,09/13/2012,VT Rte 62,Barre City,NO DATA,NO DATA,NO DATA,NO DATA,Berlin St,1,Miles,50,"8 - No Turns, Thru moves only, Broadside ^<",NO DATA,499881,188560,NO DATA,NO DATA,NO DATA,State System (State Highways and Class I TH links),VT-62,999.99,NO DATA,XY,Property Damage Only,"(44.19728636, -72.50148985)"
9741,VT0120100,12BA06516,09/08/2012,Tremont St,Barre City,NO DATA,NO DATA,NO DATA,NO DATA,Sheridan St,NO DATA,NO DATA,25,6 - Single Vehicle Crash,NO DATA,499885,189020,NO DATA,NO DATA,NO DATA,Street or Town Highways in FA Urban Area,Unknown,999.99,NO DATA,XY,Injury,"(44.20142632, -72.50143991)"
9742,VTVSP0800,12B201127,04/20/2012,80 Trail Side Rd,Jay,NO DATA,NO DATA,NO DATA,NO DATA,Hotel,50,Feet,50,"8 - No Turns, Thru moves only, Broadside ^<",North,499888,269796,NO DATA,NO DATA,NO DATA,"Other Public Roadway (Rest Areas, Shopping Center",Unknown,999.99,NO DATA,XY,Property Damage Only,"(44.92835683, -72.50141999)"
9743,VT0120100,12BA04504,06/29/2012,Elm Street,Barre City,NO DATA,NO DATA,NO DATA,NO DATA,Summer Street,150,Feet,25,"8 - No Turns, Thru moves only, Broadside ^<",North,499946,188730,NO DATA,NO DATA,NO DATA,Street or Town Highways in FA Urban Area,Unknown,999.99,NO DATA,XY,Property Damage Only,"(44.19881636, -72.50067673)"
9744,VT0120100,12BA06723,09/16/2012,Harrington Ave,Barre City,NO DATA,NO DATA,NO DATA,NO DATA,NO DATA,NO DATA,Feet,15,"8 - No Turns, Thru moves only, Broadside ^<",West,499981,188059,NO DATA,NO DATA,NO DATA,Street or Town Highways in FA Urban Area,Unknown,999.99,NO DATA,XY,Property Damage Only,"(44.19277741, -72.50023885)"
9752,VTVSP0800,12B204313,12/23/2012,VT-242,Westfield,NO DATA,242,NO DATA,NO DATA,Entrance To Jay Peak,2,Miles,50,6 - Single Vehicle Crash,West,500082,268637,NO DATA,NO DATA,NO DATA,State System (State Highways and Class I TH links),VT-242,999.99,NO DATA,XY,Property Damage Only,"(44.91792726, -72.49896269)"
9753,VT0120100,12BA08773,12/18/2012,Waterman St,Barre City,NO DATA,NO DATA,NO DATA,NO DATA,Hill St,500,Feet,25,NO DATA,South,500110,187668,NO DATA,NO DATA,NO DATA,Street or Town Highways in FA Urban Area,Unknown,999.99,NO DATA,XY,Property Damage Only,"(44.18925843, -72.49862529)"
9754,VT0120100,12BA01303,02/28/2012,Averill St,Barre City,NO DATA,NO DATA,NO DATA,NO DATA,Jefferson St,150,Feet,25,3 - Same Direction Sideswipe,East,500133,183505,NO DATA,NO DATA,NO DATA,Street or Town Highways in FA Urban Area,Unknown,999.99,NO DATA,XY,Property Damage Only,"(44.15179159, -72.49833865)"
9755,VT0120100,12BA08338,11/29/2012,Perry St,Barre City,NO DATA,NO DATA,NO DATA,NO DATA,Washington St,1,Feet,25,"8 - No Turns, Thru moves only, Broadside ^<",North,500156,188330,NO DATA,NO DATA,NO DATA,Street or Town Highways in FA Urban Area,Unknown,999.99,NO DATA,XY,Injury,"(44.19521637, -72.49804972)"
9756,VT0140200,12SF05331,12/27/2012,SHERMAN PLAZA,Springfield,NO DATA,106,NO DATA,NO DATA,NO DATA,NO DATA,NO DATA,40,1 - Rear End,NO DATA,500185,89951,NO DATA,NO DATA,NO DATA,"Other Public Roadway (Rest Areas, Shopping Center",Unknown,999.99,NO DATA,XY,Injury,"(43.30974410, -72.49772076)"
9757,VT0120100,12BA00780,02/05/2012,Hilltop,Barre City,NO DATA,NO DATA,NO DATA,NO DATA,18 Hilltop,NO DATA,NO DATA,25,NO DATA,NO DATA,500219,188017,NO DATA,NO DATA,NO DATA,Street or Town Highways in FA Urban Area,Unknown,999.99,NO DATA,XY,Property Damage Only,"(44.19239938, -72.49726175)"
9765,VT0140200,12SF00660,02/29/2012,RIVERSIDE MIDDLE SCHOOL PARKING LOT,Springfield,NO DATA,NO DATA,NO DATA,NO DATA,CHESTER ROAD,500,Feet,25,4 - Opp Direction Sideswipe,West,500328,89244,NO DATA,NO DATA,NO DATA,"Other Public Roadway (Rest Areas, Shopping Center",Unknown,999.99,NO DATA,XY,Property Damage Only,"(43.30338011, -72.49595851)"
9766,VT0140200,12SF02204,06/15/2012,Dutton District,Springfield,NO DATA,NO DATA,NO DATA,NO DATA,#188,NO DATA,NO DATA,99,6 - Single Vehicle Crash,NO DATA,500328,83770,NO DATA,NO DATA,NO DATA,"City, Village or Urban Compact Street not in FA Ur",Unknown,999.99,NO DATA,XY,Injury,"(43.25410660, -72.49596177)"
9767,VT0140200,12SF04374,10/17/2012,35 Old Chester Road,Springfield,338,NO DATA,NO DATA,NO DATA,Napa,100,Feet,25,"8 - No Turns, Thru moves only, Broadside ^<",East,500364,88797,NO DATA,NO DATA,NO DATA,"City, Village or Urban Compact Street not in FA Ur",Unknown,999.99,NO DATA,XY,Property Damage Only,"(43.29935650, -72.49551511)"
9768,VT0140200,12SF03575,08/29/2012,25 Ridgewood Road,Springfield,345,NO DATA,NO DATA,NO DATA,25 Ridgewood Road,700,Feet,25,1 - Rear End,West,500370,88603,NO DATA,NO DATA,NO DATA,"City, Village or Urban Compact Street not in FA Ur",Unknown,999.99,NO DATA,XY,Property Damage Only,"(43.29761023, -72.49544129)"
9769,VT0120500,12BT00546,03/05/2012,TH-49 (80 Upper Usle Rd),Barre Town,NO DATA,NO DATA,NO DATA,NO DATA,Miller Rd,300,Feet,35,"14 - Left Turn and Thru, Broadside v<--",East,500373,183994,NO DATA,NO DATA,NO DATA,"City, Village or Urban Compact Street not in FA Ur",TOWN ROAD 0049,999.99,NO DATA,XY,Property Damage Only,"(44.15619250, -72.49533825)"
9770,VT0120100,12BA08251,11/21/2012,44 Academy St,Barre City,NO DATA,NO DATA,NO DATA,NO DATA,NO DATA,NO DATA,NO DATA,25,6 - Single Vehicle Crash,NO DATA,500380,188443,NO DATA,NO DATA,NO DATA,Street or Town Highways in FA Urban Area,Unknown,999.99,NO DATA,XY,Property Damage Only,"(44.19623328, -72.49524753)"
9771,VT0120500,12BT00580,03/09/2012,TH-4 Middle Rd,Barre Town,NO DATA,NO DATA,NO DATA,NO DATA,Graniteville Rd,0,Miles,40,1 - Rear End,West,500393,183983,NO DATA,NO DATA,NO DATA,"City, Village or Urban Compact Street not in FA Ur",TOWN ROAD 0004,999.99,NO DATA,XY,Injury,"(44.15609349, -72.49508823)"
9772,VT0140200,12SF04422,10/16/2012,41 Westview Terrace,Springfield,NO DATA,NO DATA,NO DATA,NO DATA,NO DATA,NO DATA,NO DATA,99,1 - Rear End,NO DATA,500463,89770,NO DATA,NO DATA,NO DATA,"Other Public Roadway (Rest Areas, Shopping Center",Unknown,999.99,NO DATA,XY,Property Damage Only,"(43.30811474, -72.49429419)"
9773,VT0140200,12SF04018,09/23/2012,23 RIDGEWOOD ROAD,Springfield,NO DATA,NO DATA,NO DATA,NO DATA,SPRINGFIELD HOSPITAL,500,Feet,99,5 - Rear-to-rear,West,500502,88596,NO DATA,NO DATA,NO DATA,"Other Public Roadway (Rest Areas, Shopping Center",Unknown,999.99,NO DATA,XY,Property Damage Only,"(43.29754715, -72.49381455)"
9774,VT0140200,12SF04834,11/16/2012,1 Chester Road,Springfield,NO DATA,NO DATA,NO DATA,NO DATA,McDonalds Parking Lot,NO DATA,NO DATA,99,3 - Same Direction Sideswipe,NO DATA,500559,89301,NO DATA,NO DATA,NO DATA,"Other Public Roadway (Rest Areas, Shopping Center",Unknown,999.99,NO DATA,XY,Property Damage Only,"(43.30389305, -72.49311138)"
9775,VT0140200,12SF04640,11/03/2012,1 Chester Road,Springfield,NO DATA,NO DATA,NO DATA,NO DATA,McDonalds Parking Lot,NO DATA,NO DATA,99,3 - Same Direction Sideswipe,NO DATA,500562,89332,NO DATA,NO DATA,NO DATA,"Other Public Roadway (Rest Areas, Shopping Center",Unknown,999.99,NO DATA,XY,Property Damage Only,"(43.30417209, -72.49307437)"
9776,VT0140200,12SF04862,11/19/2012,1 Chester Road,Springfield,NO DATA,NO DATA,NO DATA,NO DATA,NO DATA,NO DATA,NO DATA,99,7 - Other - Explain in Narrative,NO DATA,500565,89314,NO DATA,NO DATA,NO DATA,"Other Public Roadway (Rest Areas, Shopping Center",Unknown,999.99,NO DATA,XY,Property Damage Only,"(43.30401006, -72.49303741)"
9777,VT0140200,12SF02035,06/05/2012,Ridgewood Road,Springfield,NO DATA,NO DATA,NO DATA,NO DATA,Financial Services Parking Lot,NO DATA,NO DATA,99,7 - Other - Explain in Narrative,NO DATA,500573,88693,NO DATA,NO DATA,NO DATA,"Other Public Roadway (Rest Areas, Shopping Center",Unknown,999.99,NO DATA,XY,Property Damage Only,"(43.29842023, -72.49293946)"
9778,VT0120100,12BA04035,06/12/2012,Merchants Row,Barre City,NO DATA,NO DATA,NO DATA,NO DATA,Merchants Row,500,Feet,15,7 - Other - Explain in Narrative,East,500581,187972,NO DATA,NO DATA,NO DATA,Street or Town Highways in FA Urban Area,Unknown,999.99,NO DATA,XY,Property Damage Only,"(44.19199419, -72.49273362)"
9779,VT0140200,12SF00501,02/14/2012,1 Chester Rd,Springfield,NO DATA,11,NO DATA,NO DATA,Mc Donalds Pk Lot,NO DATA,NO DATA,99,6 - Single Vehicle Crash,NO DATA,500586,89314,NO DATA,NO DATA,NO DATA,"Other Public Roadway (Rest Areas, Shopping Center",Unknown,999.99,NO DATA,XY,Injury,"(43.30401005, -72.49277858)"
9780,VT0140200,12SF05037,12/03/2012,McDonalds Parking Lot,Springfield,NO DATA,NO DATA,NO DATA,NO DATA,Parking Lot,0,Feet,99,7 - Other - Explain in Narrative,North,500597,89290,NO DATA,NO DATA,NO DATA,"Other Public Roadway (Rest Areas, Shopping Center",Unknown,999.99,NO DATA,XY,Property Damage Only,"(43.30379401, -72.49264303)"
9781,VT0140200,12SF03905,09/16/2012,2 Chester Road,Springfield,NO DATA,11,NO DATA,NO DATA,Shaw's Supermarket,500,Feet,10,5 - Rear-to-rear,East,500607,89251,NO DATA,NO DATA,NO DATA,"Other Public Roadway (Rest Areas, Shopping Center",Unknown,999.99,NO DATA,XY,Property Damage Only,"(43.30344295, -72.49251982)"
9782,VT0140200,12SF02702,07/16/2012,2 Chester Road,Springfield,NO DATA,NO DATA,NO DATA,NO DATA,Springfield Plaza (Parking Lot),10,Feet,99,7 - Other - Explain in Narrative,South,500627,89251,NO DATA,NO DATA,NO DATA,"Other Public Roadway (Rest Areas, Shopping Center",Unknown,999.99,NO DATA,XY,Property Damage Only,"(43.30344293, -72.49227332)"
9790,VT0140200,12SF03184,08/11/2012,2 Chester Road,Springfield,NO DATA,NO DATA,NO DATA,NO DATA,Springfield Shopping Plaza Parking Lot,NO DATA,NO DATA,15,7 - Other - Explain in Narrative,NO DATA,500673,89153,NO DATA,NO DATA,NO DATA,"Other Public Roadway (Rest Areas, Shopping Center",Unknown,999.99,NO DATA,XY,Property Damage Only,"(43.30256076, -72.49170649)"
9791,VT0140200,12SF01622,05/07/2012,2 Chester Rd,Springfield,NO DATA,1,NO DATA,NO DATA,Rte 106,200,Feet,99,"18 - Right Turn and Thru, Broadside ^<--",North,500679,89177,NO DATA,NO DATA,NO DATA,"Other Public Roadway (Rest Areas, Shopping Center",Unknown,999.99,NO DATA,XY,Property Damage Only,"(43.30277679, -72.49163251)"
9792,VT0140200,12SF02508,07/03/2012,2 Chester Road,Springfield,NO DATA,11,NO DATA,NO DATA,Springfield Plaza,NO DATA,NO DATA,99,7 - Other - Explain in Narrative,NO DATA,500679,89165,NO DATA,NO DATA,NO DATA,"Other Public Roadway (Rest Areas, Shopping Center",Unknown,999.99,NO DATA,XY,Property Damage Only,"(43.30266877, -72.49163253)"
9793,VT0120100,12BA07087,10/03/2012,Currier St,Barre City,NO DATA,NO DATA,NO DATA,NO DATA,@114 Currier St,NO DATA,NO DATA,25,"8 - No Turns, Thru moves only, Broadside ^<",NO DATA,500680,188904,NO DATA,NO DATA,NO DATA,Street or Town Highways in FA Urban Area,Unknown,999.99,NO DATA,XY,Property Damage Only,"(44.20038203, -72.49149405)"
9794,VT0140200,12SF00761,03/10/2012,2 Chester Rd,Springfield,NO DATA,11,NO DATA,NO DATA,VT Rte 106,600,Feet,99,5 - Rear-to-rear,South,500683,89133,NO DATA,NO DATA,NO DATA,"Other Public Roadway (Rest Areas, Shopping Center",Unknown,999.99,NO DATA,XY,Property Damage Only,"(43.30238073, -72.49158327)"
9795,VT0140200,12SF03582,08/29/2012,PLAZA P/L,Springfield,NO DATA,NO DATA,NO DATA,NO DATA,N/A,NO DATA,NO DATA,99,1 - Rear End,NO DATA,500690,89123,NO DATA,NO DATA,NO DATA,"Other Public Roadway (Rest Areas, Shopping Center",Unknown,999.99,NO DATA,XY,Property Damage Only,"(43.30229071, -72.49149701)"
9803,VT0120100,12BA04734,07/06/2012,21 Delmont Avenue,Barre City,NO DATA,NO DATA,NO DATA,NO DATA,Delmont St,NO DATA,NO DATA,25,"8 - No Turns, Thru moves only, Broadside ^<",South,500847,188348,NO DATA,NO DATA,NO DATA,Street or Town Highways in FA Urban Area,Unknown,999.99,NO DATA,XY,Property Damage Only,"(44.19537790, -72.48940569)"