ID,Reporting Agency,Report Number,Date,Street Address,Town,Number,Number1,Number2,Number3,Intersection,Distance From Intersection,Distance Unit,Posted Speed,Direction of Collision,Direction from Intersection,Easting,Northing,Mile Marker,Mile Marker 1,Mile Marker 2,AOT Roadway,AOT Route,AOT Actual Mile,LRS Number,How Mapped,Crash Type,Location 1
9804,VTVSP1100,12D305698,12/31/2012,I 89SB,Sharon,NO DATA,NO DATA,NO DATA,89,MM15,2,Miles,65,2 - Head On,North,500859,142730,NO DATA,NO DATA,NO DATA,State System (State Highways and Class I TH links),I-89,999.99,NO DATA,XY,Injury,"(43.78480462, -72.48932937)"
9805,VT0120100,12BA01096,02/19/2012,(Tremont Street),Barre City,NO DATA,NO DATA,NO DATA,NO DATA,Delmont Ave,NO DATA,NO DATA,25,1 - Rear End,NO DATA,500897,188475,NO DATA,NO DATA,NO DATA,Street or Town Highways in FA Urban Area,Unknown,999.99,NO DATA,XY,Property Damage Only,"(44.19652083, -72.48878000)"
9806,VT0140200,12SF02355,06/25/2012,7 Morgan Street,Springfield,NO DATA,NO DATA,NO DATA,NO DATA,NO DATA,NO DATA,NO DATA,25,7 - Other - Explain in Narrative,NO DATA,500905,89063,NO DATA,NO DATA,NO DATA,"City, Village or Urban Compact Street not in FA Ur",Unknown,999.99,NO DATA,XY,Property Damage Only,"(43.30175040, -72.48884727)"
9807,VTVSP0400,12D101636,05/30/2012,Min. C 0508 Reservoir Rd,Weathersfield,4,NO DATA,NO DATA,NO DATA,Cady Hill Road,0,Miles,40,6 - Single Vehicle Crash,South,500927,97269,NO DATA,NO DATA,NO DATA,Minor Collector - Non Fed Aid Rural TH,MinCollector,999.99,NO DATA,XY,Property Damage Only,"(43.37561485, -72.48856228)"
9808,VT0140200,12SF03854,09/13/2012,Union Street,Springfield,NO DATA,NO DATA,NO DATA,NO DATA,Park Street,NO DATA,NO DATA,25,1 - Rear End,East,500974,88562,NO DATA,NO DATA,NO DATA,"City, Village or Urban Compact Street not in FA Ur",Unknown,999.99,NO DATA,XY,Property Damage Only,"(43.29724064, -72.48799775)"
9816,VT0120500,12BT02159,08/08/2012,TH-2 Websterville Rd,Barre Town,NO DATA,NO DATA,NO DATA,NO DATA,Bolster Rd,243,Feet,35,"8 - No Turns, Thru moves only, Broadside ^<",East,501109,185318,NO DATA,NO DATA,NO DATA,"City, Village or Urban Compact Street not in FA Ur",TOWN ROAD 0002,999.99,NO DATA,XY,Property Damage Only,"(44.16810772, -72.48613461)"
9817,VT0140200,12SF00664,03/01/2012,42 NORTH MAIN STREET,Springfield,325,NO DATA,NO DATA,NO DATA,ELLS STREET,50,Feet,25,2 - Head On,North,501150,89349,NO DATA,NO DATA,NO DATA,"City, Village or Urban Compact Street not in FA Ur",Unknown,999.99,NO DATA,XY,Property Damage Only,"(43.30432444, -72.48582712)"
9818,VT0140200,12SF00663,03/01/2012,Park Street,Springfield,340,NO DATA,NO DATA,NO DATA,Pearl Street,NO DATA,NO DATA,25,6 - Single Vehicle Crash,NO DATA,501188,88808,NO DATA,NO DATA,NO DATA,"City, Village or Urban Compact Street not in FA Ur",Unknown,999.99,NO DATA,XY,Property Damage Only,"(43.29945466, -72.48535993)"
9819,VT0140200,12SF00656,02/29/2012,Grove Street,Springfield,NO DATA,NO DATA,NO DATA,NO DATA,Union Street,300,Feet,25,NO DATA,East,501213,88093,NO DATA,NO DATA,NO DATA,"City, Village or Urban Compact Street not in FA Ur",Unknown,999.99,NO DATA,XY,Property Damage Only,"(43.29301866, -72.48505340)"
9820,VT0120500,12BT01727,06/29/2012,TH-20 Cassie St,Barre Town,NO DATA,NO DATA,NO DATA,NO DATA,Plainfield Brook Rd,NO DATA,NO DATA,30,6 - Single Vehicle Crash,NO DATA,501216,191158,NO DATA,NO DATA,NO DATA,Street or Town Highways in FA Urban Area,Unknown,999.99,NO DATA,XY,Property Damage Only,"(44.22066710, -72.48478320)"
9821,VT0140200,12SF04997,11/30/2012,110 MINERAL STREET,Springfield,NO DATA,NO DATA,NO DATA,NO DATA,DCF BUILDING,NO DATA,NO DATA,99,"8 - No Turns, Thru moves only, Broadside ^<",NO DATA,501272,88596,NO DATA,NO DATA,NO DATA,"Other Public Roadway (Rest Areas, Shopping Center",Unknown,999.99,NO DATA,XY,Property Damage Only,"(43.29754624, -72.48432519)"
9829,VT0140200,12SF00085,01/06/2012,People Bank Parking Lot,Springfield,NO DATA,11,NO DATA,NO DATA,Main Street,20,Feet,25,4 - Opp Direction Sideswipe,South,501428,88766,NO DATA,NO DATA,NO DATA,"Other Public Roadway (Rest Areas, Shopping Center",Unknown,999.99,NO DATA,XY,Property Damage Only,"(43.29907619, -72.48240223)"
9830,VT0140200,12SF01267,04/13/2012,PARK STREET,Springfield,NO DATA,NO DATA,NO DATA,NO DATA,MAIN STREET,1,Feet,25,3 - Same Direction Sideswipe,South,501462,88721,NO DATA,NO DATA,NO DATA,Street or Town Highways in FA Urban Area,Unknown,999.99,NO DATA,XY,Property Damage Only,"(43.29867107, -72.48198332)"
9831,VT0140200,12SF03616,08/31/2012,5 Hill Place,Springfield,NO DATA,NO DATA,NO DATA,NO DATA,NO DATA,NO DATA,NO DATA,99,1 - Rear End,NO DATA,501466,88978,NO DATA,NO DATA,NO DATA,"City, Village or Urban Compact Street not in FA Ur",Unknown,999.99,NO DATA,XY,Property Damage Only,"(43.30098440, -72.48193334)"
9832,VT0140200,12SF04470,10/23/2012,Bank Block Parking Lot,Springfield,NO DATA,NO DATA,NO DATA,NO DATA,NO DATA,NO DATA,NO DATA,99,7 - Other - Explain in Narrative,NO DATA,501485,88674,NO DATA,NO DATA,NO DATA,"Other Public Roadway (Rest Areas, Shopping Center",Unknown,999.99,NO DATA,XY,Property Damage Only,"(43.29824796, -72.48170000)"
9833,VT0140200,12SF00739,03/08/2012,MAIN STREET,Springfield,1,NO DATA,NO DATA,NO DATA,VILLAGE PIZZA PARKING LOT,100,Feet,15,5 - Rear-to-rear,North,501505,88668,NO DATA,NO DATA,NO DATA,"Other Public Roadway (Rest Areas, Shopping Center",Unknown,999.99,NO DATA,XY,Property Damage Only,"(43.29819391, -72.48145353)"
9834,VT0140200,12SF00262,01/19/2012,Main Street,Springfield,NO DATA,NO DATA,NO DATA,NO DATA,People's United Bank Parking Lot,NO DATA,NO DATA,99,"14 - Left Turn and Thru, Broadside v<--",NO DATA,501507,88785,NO DATA,NO DATA,NO DATA,"Other Public Roadway (Rest Areas, Shopping Center",Unknown,999.99,NO DATA,XY,Property Damage Only,"(43.29924706, -72.48142857)"
9842,VTVSP1100,12D300786,02/22/2012,TH-3┬á (BROOK RD),Chelsea,3,NO DATA,NO DATA,NO DATA,23 BROOK RD,500,Feet,35,6 - Single Vehicle Crash,NO DATA,501590,163837,NO DATA,NO DATA,NO DATA,"City, Village or Urban Compact Street not in FA Ur",TOWN ROAD 0003,999.99,NO DATA,XY,Property Damage Only,"(43.97477530, -72.48018494)"
9843,VT0140200,12SF04047,09/25/2012,Min. C 0560 South Street,Springfield,NO DATA,NO DATA,NO DATA,NO DATA,Mineral Street,10,Feet,25,7 - Other - Explain in Narrative,West,501610,88183,NO DATA,NO DATA,NO DATA,Minor Collector - Non Fed Aid Rural TH,MinCollector,999.99,NO DATA,XY,Property Damage Only,"(43.29382804, -72.48016094)"
9844,VT0140200,12SF00523,02/17/2012,MINC0560 (South Street),Springfield,4,NO DATA,NO DATA,NO DATA,Mineral Street,NO DATA,Feet,25,NO DATA,NO DATA,501624,88207,NO DATA,NO DATA,NO DATA,Minor Collector - Non Fed Aid Rural TH,MinCollector,999.99,NO DATA,XY,Property Damage Only,"(43.29404404, -72.47998834)"
9845,VT0140200,12SF02770,07/19/2012,Min. C 0560 SOUTH ST,Springfield,4,NO DATA,NO DATA,NO DATA,MINERAL ST,NO DATA,NO DATA,25,"11 - Left Turn and Thru, Head On ^v--",NO DATA,501624,88206,NO DATA,NO DATA,NO DATA,Minor Collector - Non Fed Aid Rural TH,MinCollector,999.99,NO DATA,XY,Property Damage Only,"(43.29403504, -72.47998834)"
9846,VT0140200,12SF04234,10/08/2012,52 Litchfield St,Springfield,NO DATA,NO DATA,NO DATA,NO DATA,At #52,300,Feet,25,3 - Same Direction Sideswipe,North,501683,89731,NO DATA,NO DATA,NO DATA,"City, Village or Urban Compact Street not in FA Ur",Unknown,999.99,NO DATA,XY,Property Damage Only,"(43.30776195, -72.47925661)"
9847,VT0140200,12SF04553,10/29/2012,50 Clinton Street,Springfield,NO DATA,NO DATA,NO DATA,NO DATA,NO DATA,NO DATA,NO DATA,99,6 - Single Vehicle Crash,NO DATA,501714,88220,NO DATA,NO DATA,NO DATA,"Other Public Roadway (Rest Areas, Shopping Center",Unknown,999.99,NO DATA,XY,Property Damage Only,"(43.29416086, -72.47887922)"
9855,VT0140200,12SF02188,06/14/2012,CLINTON ST,Springfield,NO DATA,11,NO DATA,NO DATA,ONE CREDIT UNION PARKING LOT,NO DATA,NO DATA,99,1 - Rear End,NO DATA,501838,88119,NO DATA,NO DATA,NO DATA,"Other Public Roadway (Rest Areas, Shopping Center",Unknown,999.99,NO DATA,XY,Property Damage Only,"(43.29325143, -72.47735148)"
9856,VT0140200,12SF00148,01/13/2012,BROCKWAY MILLS ROAD,Springfield,NO DATA,NO DATA,NO DATA,NO DATA,PARKER HILL ROAD,1,Miles,35,6 - Single Vehicle Crash,South,501847,84663,NO DATA,NO DATA,NO DATA,Minor Collector - Non Fed Aid Rural TH,MinCollector,999.99,NO DATA,XY,Property Damage Only,"(43.26214267, -72.47725217)"
9857,VT0140200,12SF03656,09/02/2012,Orchard Street,Springfield,458,NO DATA,NO DATA,NO DATA,Front Street,NO DATA,NO DATA,25,"11 - Left Turn and Thru, Head On ^v--",NO DATA,501857,88973,NO DATA,NO DATA,NO DATA,"City, Village or Urban Compact Street not in FA Ur",Unknown,999.99,NO DATA,XY,Property Damage Only,"(43.30093853, -72.47711447)"
9858,VT0140200,12SF03733,09/05/2012,South Street,Springfield,NO DATA,NO DATA,NO DATA,NO DATA,Jakes Market,30,Feet,25,4 - Opp Direction Sideswipe,North,501917,87077,NO DATA,NO DATA,NO DATA,"Other Public Roadway (Rest Areas, Shopping Center",Unknown,999.99,NO DATA,XY,Property Damage Only,"(43.28387182, -72.47638160)"
9859,VT0120500,12BT01438,06/05/2012,US-302 E Barre Rd,Barre Town,NO DATA,NO DATA,302,NO DATA,Phelps Rd,NO DATA,NO DATA,35,2 - Head On,South,501939,186906,NO DATA,NO DATA,NO DATA,State System (State Highways and Class I TH links),US-302,999.99,U302-1202,XY,Injury,"(44.18239791, -72.47575071)"
9860,VT0140200,12SF03440,08/23/2012,Min. C 0560 (268 South Street),Springfield,4,NO DATA,NO DATA,NO DATA,268 South Street,700,Feet,25,6 - Single Vehicle Crash,South,501957,86968,NO DATA,NO DATA,NO DATA,Minor Collector - Non Fed Aid Rural TH,MinCollector,999.99,NO DATA,XY,Property Damage Only,"(43.28289057, -72.47588914)"
9868,VT0140200,12SF00572,02/21/2012,Wall Street,Springfield,445,NO DATA,NO DATA,NO DATA,2 Wall Street Court,10,Feet,25,6 - Single Vehicle Crash,South,502147,88302,NO DATA,NO DATA,NO DATA,"City, Village or Urban Compact Street not in FA Ur",Unknown,999.99,NO DATA,XY,Property Damage Only,"(43.29489786, -72.47354297)"
9869,VT0140200,12SF04754,11/11/2012,Clinton Street,Springfield,NO DATA,NO DATA,NO DATA,NO DATA,Jake's Market Parking Lot,NO DATA,NO DATA,99,7 - Other - Explain in Narrative,NO DATA,502217,87606,NO DATA,NO DATA,NO DATA,"Other Public Roadway (Rest Areas, Shopping Center",Unknown,999.99,NO DATA,XY,Property Damage Only,"(43.28863272, -72.47268314)"
9870,VT0140200,12SF00018,01/02/2012,201 Clinton Street (Parking Lot),Springfield,NO DATA,NO DATA,NO DATA,NO DATA,NO DATA,NO DATA,NO DATA,99,7 - Other - Explain in Narrative,NO DATA,502250,87530,NO DATA,NO DATA,NO DATA,"Other Public Roadway (Rest Areas, Shopping Center",Unknown,999.99,NO DATA,XY,Property Damage Only,"(43.28794852, -72.47227682)"
9871,VTVSP0800,12B201829,06/17/2012,TH-17 Buck Hill Road,Lowell,NO DATA,NO DATA,NO DATA,NO DATA,Buck Hill Road,100,Feet,35,6 - Single Vehicle Crash,North,502269,257480,NO DATA,NO DATA,NO DATA,"City, Village or Urban Compact Street not in FA Ur",TOWN ROAD 0017,999.99,NO DATA,XY,Injury,"(44.81752340, -72.47131379)"
9872,VT0080000,12LC03410,12/02/2012,FAS-247 N. Wolcott Road,Wolcott,NO DATA,NO DATA,NO DATA,NO DATA,Sand Hill Road,200,Feet,40,6 - Single Vehicle Crash,NO DATA,502378,232900,NO DATA,NO DATA,NO DATA,Federal Aid Secondary System (Class 2 TH),FAS 0247,999.99,NO DATA,XY,Property Damage Only,"(44.59632488, -72.47004995)"
9880,VT0140200,12SF00789,03/12/2012,Summer Street,Springfield,NO DATA,NO DATA,NO DATA,NO DATA,Family Center Parking Lot,NO DATA,NO DATA,99,7 - Other - Explain in Narrative,NO DATA,502695,87969,NO DATA,NO DATA,NO DATA,"Other Public Roadway (Rest Areas, Shopping Center",Unknown,999.99,NO DATA,XY,Property Damage Only,"(43.29189865, -72.46679143)"
9881,VTVSP1200,12A302139,05/24/2012,Min. C 0722 (2156 Pekin Brook),Calais,3,NO DATA,NO DATA,NO DATA,Jack Hill RD,0,Miles,50,6 - Single Vehicle Crash,West,502707,205622,NO DATA,NO DATA,NO DATA,Minor Collector - Non Fed Aid Rural TH,MinCollector,999.99,NO DATA,XY,Property Damage Only,"(44.35083588, -72.46604876)"
9882,VT0140200,12SF00824,03/14/2012,Summer Street,Springfield,3,NO DATA,NO DATA,NO DATA,FAMILY CENTER PARKING LOT,NO DATA,NO DATA,99,5 - Rear-to-rear,NO DATA,502707,87937,NO DATA,NO DATA,NO DATA,"Other Public Roadway (Rest Areas, Shopping Center",Unknown,999.99,NO DATA,XY,Property Damage Only,"(43.29161057, -72.46664371)"
9883,VTVSP1100,12D304682,10/19/2012,TH-14,Tunbridge,14,NO DATA,NO DATA,NO DATA,Potash Road And Town Farm Road,30,Feet,35,6 - Single Vehicle Crash,North,502916,152489,NO DATA,NO DATA,NO DATA,"City, Village or Urban Compact Street not in FA Ur",TOWN ROAD 0014,999.99,NO DATA,XY,Injury,"(43.87263526, -72.46372108)"
9884,VT0120100,12BA03978,06/10/2012,TH-36 Nuissl Road,Barre Town,NO DATA,NO DATA,NO DATA,NO DATA,GMP Pole # 67967,1,Feet,30,6 - Single Vehicle Crash,North,502958,187796,NO DATA,NO DATA,NO DATA,"City, Village or Urban Compact Street not in FA Ur",TOWN ROAD 0036,999.99,NO DATA,XY,Injury,"(44.19040444, -72.46300138)"
9885,VTVSP0400,12D100790,03/09/2012,Min. C 0542 Back Westminster Rd,Westminster,5,NO DATA,NO DATA,NO DATA,Access Road,200,Feet,50,4 - Opp Direction Sideswipe,North,503209,65726,NO DATA,NO DATA,NO DATA,Minor Collector - Non Fed Aid Rural TH,MinCollector,999.99,NO DATA,XY,Property Damage Only,"(43.09167612, -72.46058660)"
9893,VT0141100,12RY01094,10/16/2012,VT-14,Sharon,NO DATA,14,NO DATA,NO DATA,Sharon Trading Post,5,Feet,99,1 - Rear End,North,503666,142656,NO DATA,NO DATA,NO DATA,"Other Public Roadway (Rest Areas, Shopping Center",Unknown,999.99,NO DATA,XY,Property Damage Only,"(43.78413000, -72.45445712)"
9894,VTVSP1200,12A305151,12/02/2012,TH-6 County RD,Woodbury,6,NO DATA,NO DATA,NO DATA,Residence 1820,0,Miles,35,6 - Single Vehicle Crash,North,503696,215917,NO DATA,NO DATA,NO DATA,"City, Village or Urban Compact Street not in FA Ur",TOWN ROAD 0006,999.99,NO DATA,XY,Property Damage Only,"(44.44348240, -72.45357108)"
9895,VT0141100,12RY00460,05/04/2012,Sharon Trading Post Pk. Lt.,Sharon,NO DATA,14,NO DATA,NO DATA,Sharon Trading Post,5,Feet,99,3 - Same Direction Sideswipe,North,503696,142652,NO DATA,NO DATA,NO DATA,"Other Public Roadway (Rest Areas, Shopping Center",Unknown,999.99,NO DATA,XY,Property Damage Only,"(43.78409385, -72.45408445)"
9896,VT0120500,12BT03429,12/30/2012,170 Mill St,Barre Town,NO DATA,NO DATA,NO DATA,NO DATA,Avery Apts,NO DATA,NO DATA,99,4 - Opp Direction Sideswipe,NO DATA,503723,184160,NO DATA,NO DATA,NO DATA,"City, Village or Urban Compact Street not in FA Ur",TOWN ROAD 0091,999.99,NO DATA,XY,Property Damage Only,"(44.15767711, -72.45345821)"
9897,VT0120500,12BT00466,02/23/2012,Waterman St,Barre Town,NO DATA,NO DATA,NO DATA,NO DATA,Panther Dr,70,Feet,25,6 - Single Vehicle Crash,North,503744,183890,NO DATA,NO DATA,NO DATA,Street or Town Highways in FA Urban Area,Unknown,999.99,NO DATA,XY,Property Damage Only,"(44.15524701, -72.45319760)"
9898,VTVSP0400,12D103504,10/27/2012,I-91NB,Westminster,NO DATA,NO DATA,NO DATA,91,NO DATA,NO DATA,NO DATA,65,1 - Rear End,NO DATA,503749,66583,910,1320,3150,State System (State Highways and Class I TH links),I-91,999.99,NO DATA,XY,Injury,"(43.09938807, -72.45394827)"
9906,VT0120500,12BT01635,06/20/2012,973 E Barre Rd,Barre Town,NO DATA,NO DATA,302,NO DATA,E Barre Rd,200,Feet,99,7 - Other - Explain in Narrative,North,504065,184588,NO DATA,NO DATA,NO DATA,"Other Public Roadway (Rest Areas, Shopping Center",Unknown,999.99,NO DATA,XY,Property Damage Only,"(44.16152728, -72.44917941)"
9907,VT0120500,12BT02989,11/04/2012,TH-73 Lowery Rd,Barre Town,NO DATA,NO DATA,NO DATA,NO DATA,Donahue Rd,1,Miles,35,6 - Single Vehicle Crash,South,504102,181769,NO DATA,NO DATA,NO DATA,"City, Village or Urban Compact Street not in FA Ur",TOWN ROAD 0073,999.99,NO DATA,XY,Injury,"(44.13615609, -72.44873878)"
9908,VT0140300,12HF00572,02/23/2012,WHEELOCK ROAD,Hartford,NO DATA,NO DATA,NO DATA,NO DATA,QUECHEE GOLF CLUB,1,Miles,25,6 - Single Vehicle Crash,North,504169,128306,NO DATA,NO DATA,NO DATA,"City, Village or Urban Compact Street not in FA Ur",Unknown,999.99,NO DATA,XY,Property Damage Only,"(43.65496771, -72.44831931)"
9909,VT0140200,12SF01051,03/27/2012,TH-63 (901 Spencer Hollow Road),Springfield,63,NO DATA,NO DATA,NO DATA,901 Spencer Hollow Road,0,Miles,35,6 - Single Vehicle Crash,North,504267,85932,NO DATA,NO DATA,NO DATA,"City, Village or Urban Compact Street not in FA Ur",TOWN ROAD 0063,999.99,NO DATA,XY,Property Damage Only,"(43.27355562, -72.44743592)"
9910,VT0140200,12SF00528,02/18/2012,TH-54 EUREKA ROAD,Springfield,NO DATA,NO DATA,NO DATA,NO DATA,ROUTE 143,500,Feet,35,6 - Single Vehicle Crash,South,504326,88656,NO DATA,NO DATA,NO DATA,"City, Village or Urban Compact Street not in FA Ur",TOWN ROAD 0054,999.99,NO DATA,XY,Property Damage Only,"(43.29807497, -72.44668770)"
9918,VT0140200,12SF00417,02/06/2012,US-5 Missing Link Road,Springfield,NO DATA,NO DATA,5,NO DATA,Rockingham Town Line,1,Miles,50,6 - Single Vehicle Crash,North,505011,81471,NO DATA,NO DATA,NO DATA,State System (State Highways and Class I TH links),US-5,999.99,NO DATA,XY,Injury,"(43.23339576, -72.43831113)"
9919,VTVSP0800,12B201207,04/26/2012,Min. C 0816 Cross Road,Jay,NO DATA,NO DATA,NO DATA,NO DATA,Kennison Road,1,Miles,50,6 - Single Vehicle Crash,North,505039,270417,NO DATA,NO DATA,NO DATA,Minor Collector - Non Fed Aid Rural TH,MinCollector,999.99,NO DATA,XY,Property Damage Only,"(44.93392723, -72.43616355)"
9920,VTVSP0800,12B200280,02/02/2012,Min. C 0816 (704 Cross Road),Jay,NO DATA,NO DATA,NO DATA,NO DATA,VT RT 242,1,Miles,50,6 - Single Vehicle Crash,South,505063,270707,NO DATA,NO DATA,NO DATA,Minor Collector - Non Fed Aid Rural TH,MinCollector,999.99,NO DATA,XY,Property Damage Only,"(44.93653670, -72.43585660)"
9921,VT0140200,12SF03993,09/21/2012,MISSING LINK ROAD,Springfield,NO DATA,5,NO DATA,NO DATA,CIRCLE K TRUCK STOP,100,Feet,99,5 - Rear-to-rear,East,505127,84887,NO DATA,NO DATA,NO DATA,"Other Public Roadway (Rest Areas, Shopping Center",Unknown,999.99,NO DATA,XY,Property Damage Only,"(43.26414381, -72.43685131)"
9922,VT0140200,12SF00819,03/14/2012,MISSING LINK ROAD,Springfield,NO DATA,5,NO DATA,NO DATA,CIRCLE K TRUCK STOP,100,Feet,99,3 - Same Direction Sideswipe,East,505165,84874,NO DATA,NO DATA,NO DATA,"Other Public Roadway (Rest Areas, Shopping Center",Unknown,999.99,NO DATA,XY,Property Damage Only,"(43.26402654, -72.43638338)"
9923,VTVSP0400,12D102609,08/16/2012,I-91 NB,Springfield,NO DATA,NO DATA,NO DATA,91,NO DATA,NO DATA,NO DATA,65,1 - Rear End,NO DATA,505269,85594,91,1418,4255,State System (State Highways and Class I TH links),I-91,999.99,NO DATA,XY,Property Damage Only,"(43.27050681, -72.43509552)"
9931,VTVSP1200,12A300050,01/04/2012,Min. C 0698 Mill ST,Plainfield,1,NO DATA,NO DATA,NO DATA,Brook Street,NO DATA,NO DATA,30,"10 - Left Turn and Thru, Angle Broadside -->v--",NO DATA,505976,197253,NO DATA,NO DATA,NO DATA,Minor Collector - Non Fed Aid Rural TH,MinCollector,999.99,NO DATA,XY,Injury,"(44.27549761, -72.42514330)"
9932,VTVSP0400,12D101434,05/12/2012,TH-46 (2172 Gird Lot Rd),Weathersfield,46,NO DATA,NO DATA,NO DATA,NO DATA,NO DATA,NO DATA,35,6 - Single Vehicle Crash,NO DATA,505986,98478,NO DATA,NO DATA,NO DATA,"City, Village or Urban Compact Street not in FA Ur",TOWN ROAD 0046,999.99,NO DATA,XY,Injury,"(43.38647402, -72.42612283)"
9933,VT0140300,12HF01012,03/31/2012,Willard Road,Hartford,NO DATA,NO DATA,NO DATA,NO DATA,Bayley Way,5,Feet,25,6 - Single Vehicle Crash,South,506171,129035,NO DATA,NO DATA,NO DATA,"City, Village or Urban Compact Street not in FA Ur",Unknown,999.99,NO DATA,XY,Property Damage Only,"(43.66151535, -72.42349280)"
9934,VTVSP1200,12A303930,09/07/2012,TH-42 Hollister Hill,Marshfield,4,NO DATA,NO DATA,NO DATA,Hollister Hill┬á Taylor Farm,NO DATA,NO DATA,35,6 - Single Vehicle Crash,NO DATA,506190,200430,NO DATA,NO DATA,NO DATA,"City, Village or Urban Compact Street not in FA Ur",TOWN ROAD 0042,999.99,NO DATA,XY,Property Damage Only,"(44.30408807, -72.42242502)"
9935,VT0140300,12HF02704,08/04/2012,Westfield Drive,Hartford,NO DATA,NO DATA,NO DATA,NO DATA,Quechee-W.Hartford Road,200,Feet,25,"8 - No Turns, Thru moves only, Broadside ^<",South,506244,134379,NO DATA,NO DATA,NO DATA,"City, Village or Urban Compact Street not in FA Ur",Unknown,999.99,NO DATA,XY,Property Damage Only,"(43.70961459, -72.42252587)"
9943,VTVSP0800,12B200003,01/01/2012,TH-3 (3059 N Jay Rd),Jay,NO DATA,NO DATA,NO DATA,NO DATA,Driveway 3059 N Jay Rd,200,Feet,35,6 - Single Vehicle Crash,North,507064,277236,NO DATA,NO DATA,NO DATA,"City, Village or Urban Compact Street not in FA Ur",TOWN ROAD 0003,999.99,NO DATA,XY,Property Damage Only,"(44.99527211, -72.41041397)"
9944,VTVSP0400,12D103479,10/25/2012,TH-40 (156 Tenney Hill Rd),Weathersfield,40,NO DATA,NO DATA,NO DATA,VT Route 131,0,Miles,99,6 - Single Vehicle Crash,South,507151,100219,NO DATA,NO DATA,NO DATA,"City, Village or Urban Compact Street not in FA Ur",TOWN ROAD 0040,999.99,NO DATA,XY,Property Damage Only,"(43.40213488, -72.41172185)"
9945,VT0140300,12HF03767,10/29/2012,TH-36 Old River Rd,Hartford,NO DATA,NO DATA,NO DATA,NO DATA,I-89 Overpass,300,Feet,35,7 - Other - Explain in Narrative,East,507401,133192,NO DATA,NO DATA,NO DATA,"City, Village or Urban Compact Street not in FA Ur",TOWN ROAD 0036,999.99,NO DATA,XY,Property Damage Only,"(43.69892014, -72.40818619)"
9946,VTVSP1200,12A304213,09/25/2012,Min. C 0696 Brook RD,Plainfield,2,NO DATA,NO DATA,NO DATA,Brook Road & Lee Road,500,Feet,35,6 - Single Vehicle Crash,South,507437,192727,NO DATA,NO DATA,NO DATA,Minor Collector - Non Fed Aid Rural TH,MinCollector,999.99,NO DATA,XY,Property Damage Only,"(44.23475098, -72.40690650)"
9947,VTVSP1100,12D301511,04/19/2012,Min. C 0608,Hartland,2,NO DATA,NO DATA,NO DATA,QUECHEE RD & BRIAR PATCH RD,100,Feet,35,6 - Single Vehicle Crash,South,507490,123760,NO DATA,NO DATA,NO DATA,Minor Collector - Non Fed Aid Rural TH,MinCollector,999.99,NO DATA,XY,Property Damage Only,"(43.61402406, -72.40721289)"
9948,VT0140300,12HF01921,06/17/2012,QUECHEE BRIDGE PARKING LOT,Hartford,NO DATA,4,NO DATA,NO DATA,6053 WOODSTOCK RD.,50,Feet,99,7 - Other - Explain in Narrative,South,507554,126321,NO DATA,NO DATA,NO DATA,"Other Public Roadway (Rest Areas, Shopping Center",Unknown,999.99,NO DATA,XY,Injury,"(43.63707449, -72.40638427)"
9956,VTVSP1200,12A303016,07/12/2012,West Corinth RD State Forest RD,Washington,37,NO DATA,NO DATA,NO DATA,West Corinth And State Farm,1,Miles,35,6 - Single Vehicle Crash,West,509125,172227,NO DATA,NO DATA,NO DATA,"City, Village or Urban Compact Street not in FA Ur",TOWN ROAD 0001,999.99,NO DATA,XY,Property Damage Only,"(44.05023205, -72.38613171)"
9957,VTVSP0800,12B201737,06/10/2012,TH-6 (1499 Collinville Road),Craftsbury,NO DATA,NO DATA,NO DATA,NO DATA,Eden Mountain Road,100,Feet,50,6 - Single Vehicle Crash,North,509209,240595,NO DATA,NO DATA,NO DATA,"City, Village or Urban Compact Street not in FA Ur",TOWN ROAD 0006,999.99,NO DATA,XY,Property Damage Only,"(44.66551887, -72.38387461)"
9958,VTVSP1200,12A304248,09/26/2012,683 Bean Road,Plainfield,38,NO DATA,NO DATA,NO DATA,East Hill RD,1,Miles,50,2 - Head On,East,509407,193867,NO DATA,NO DATA,NO DATA,"City, Village or Urban Compact Street not in FA Ur",TOWN ROAD 0038,999.99,NO DATA,XY,Injury,"(44.24498804, -72.38222607)"
9959,VTVSP0800,12B201939,06/24/2012,47 EAst Hill Ext,Troy,NO DATA,NO DATA,NO DATA,NO DATA,Driveway,NO DATA,NO DATA,50,"8 - No Turns, Thru moves only, Broadside ^<",North,509567,276658,NO DATA,NO DATA,NO DATA,"City, Village or Urban Compact Street not in FA Ur",TOWN ROAD 0099,999.99,NO DATA,XY,Property Damage Only,"(44.99004158, -72.37868138)"
9960,VTVSP0800,12B204083,12/02/2012,VT-100,Newport Town,NO DATA,100,NO DATA,NO DATA,Loop Rd,3,Miles,50,6 - Single Vehicle Crash,East,509582,267882,NO DATA,NO DATA,NO DATA,State System (State Highways and Class I TH links),VT-100,999.99,NO DATA,XY,Property Damage Only,"(44.91106873, -72.37865768)"
9961,VTVSP1200,12A305440,12/21/2012,TH-49 Laird Pond Road,Marshfield,49,NO DATA,NO DATA,NO DATA,Residence 915,1,Miles,35,"8 - No Turns, Thru moves only, Broadside ^<",West,509883,198207,NO DATA,NO DATA,NO DATA,"City, Village or Urban Compact Street not in FA Ur",TOWN ROAD 0049,999.99,NO DATA,XY,Property Damage Only,"(44.28404083, -72.37618463)"
9969,VT0030100,12HW01084,08/04/2012,VT-14 Craftsbury Rd,Hardwick,NO DATA,NO DATA,NO DATA,NO DATA,Town Farm Rd,2,Miles,50,"13 - Left Turns, Same Direction, Rear End v--v--",North,510711,230802,NO DATA,NO DATA,NO DATA,State System (State Highways and Class I TH links),VT-14,999.99,NO DATA,XY,Property Damage Only,"(44.57736865, -72.36513843)"