ID,Reporting Agency,Report Number,Date,Street Address,Town,Number,Number1,Number2,Number3,Intersection,Distance From Intersection,Distance Unit,Posted Speed,Direction of Collision,Direction from Intersection,Easting,Northing,Mile Marker,Mile Marker 1,Mile Marker 2,AOT Roadway,AOT Route,AOT Actual Mile,LRS Number,How Mapped,Crash Type,Location 1
9970,VT0030100,12HW00929,07/09/2012,Vt Rt 14,Hardwick,NO DATA,NO DATA,NO DATA,NO DATA,Vt Rt 15 West,1,Miles,50,6 - Single Vehicle Crash,North,510742,222820,NO DATA,NO DATA,NO DATA,State System (State Highways and Class I TH links),VT-14,999.99,NO DATA,XY,Injury,"(44.50553538, -72.36491430)"
9971,VTVSP1200,12A302402,06/10/2012,Min. C 0724 Calais Road,Marshfield,2,NO DATA,NO DATA,NO DATA,Ennis Hill Road,150,Feet,35,6 - Single Vehicle Crash,West,510753,206669,NO DATA,NO DATA,NO DATA,Minor Collector - Non Fed Aid Rural TH,MinCollector,999.99,NO DATA,XY,Injury,"(44.36018394, -72.36511072)"
9972,VT0030100,12HW00925,07/08/2012,45 Glenside Ave,Hardwick,NO DATA,NO DATA,NO DATA,NO DATA,Mill Street,75,Feet,35,6 - Single Vehicle Crash,South,510850,222517,NO DATA,NO DATA,NO DATA,"City, Village or Urban Compact Street not in FA Ur",Unknown,999.99,NO DATA,XY,Injury,"(44.50280694, -72.36356251)"
9973,VT0141000,12NW00921,07/12/2012,TH-34 Tucker Hill Road,Norwich,NO DATA,NO DATA,NO DATA,NO DATA,Beaver Meadow Road,NO DATA,NO DATA,25,6 - Single Vehicle Crash,NO DATA,511102,139095,NO DATA,NO DATA,NO DATA,"City, Village or Urban Compact Street not in FA Ur",TOWN ROAD 0034,999.99,NO DATA,XY,Property Damage Only,"(43.75200482, -72.36215084)"
9974,VT0140300,12HF00103,01/09/2012,TH-10 (1126 Old River Road),Hartford,NO DATA,NO DATA,NO DATA,NO DATA,Smith Road,150,Feet,35,6 - Single Vehicle Crash,East,511238,129414,NO DATA,NO DATA,NO DATA,"City, Village or Urban Compact Street not in FA Ur",TOWN ROAD 0010,999.99,NO DATA,XY,Property Damage Only,"(43.66486733, -72.36066416)"
9982,VT0140300,12HF01588,05/15/2012,TH-6 V.A. Cutoff Road,Hartford,132,NO DATA,NO DATA,NO DATA,TH132,10,Feet,35,4 - Opp Direction Sideswipe,North,512589,128566,NO DATA,NO DATA,NO DATA,"City, Village or Urban Compact Street not in FA Ur",TOWN ROAD 0006,999.99,NO DATA,XY,Property Damage Only,"(43.65721306, -72.34393330)"
9983,VT0140300,12HF00206,01/18/2012,Loveland Hill Road,Hartford,NO DATA,NO DATA,NO DATA,NO DATA,First Intersection On Loveland Hill Road,0,Miles,10,6 - Single Vehicle Crash,East,512655,131764,NO DATA,NO DATA,NO DATA,"City, Village or Urban Compact Street not in FA Ur",Unknown,999.99,NO DATA,XY,Injury,"(43.68599623, -72.34304009)"
9984,VT0030100,12HW00878,06/27/2012,FAS-257 Center Rd,Hardwick,NO DATA,NO DATA,NO DATA,NO DATA,Hardwick Farms Rd,1,Miles,50,"8 - No Turns, Thru moves only, Broadside ^<",South,512687,224880,NO DATA,NO DATA,NO DATA,Federal Aid Secondary System (Class 2 TH),FAS 0257,999.99,NO DATA,XY,Property Damage Only,"(44.52404256, -72.34040430)"
9985,VTVSP0800,12B201476,05/20/2012,TH-22Tetreault Road,Newport Town,NO DATA,NO DATA,NO DATA,NO DATA,Route 100,200,Feet,50,6 - Single Vehicle Crash,South,512805,268139,NO DATA,NO DATA,NO DATA,"City, Village or Urban Compact Street not in FA Ur",TOWN ROAD 0022,999.99,NO DATA,XY,Property Damage Only,"(44.91333075, -72.33783622)"
9986,VT0141000,12NW01116,08/19/2012,534 Bragg Hill Road,Norwich,NO DATA,NO DATA,NO DATA,NO DATA,NO DATA,NO DATA,NO DATA,40,6 - Single Vehicle Crash,NO DATA,512816,136037,NO DATA,NO DATA,NO DATA,"City, Village or Urban Compact Street not in FA Ur",TOWN ROAD 0052,999.99,NO DATA,XY,Property Damage Only,"(43.72445330, -72.34094155)"
9994,VT0140300,12HF02843,08/15/2012,Min. C 0614 (618 Christian Street),Hartford,NO DATA,NO DATA,NO DATA,NO DATA,Braley Drive,200,Feet,35,6 - Single Vehicle Crash,South,513814,129374,NO DATA,NO DATA,NO DATA,Minor Collector - Non Fed Aid Rural TH,MinCollector,999.99,NO DATA,XY,Property Damage Only,"(43.66446391, -72.32872617)"
9995,VT0140300,12HF01712,05/24/2012,Min. C 0612 Jericho Street,Hartford,NO DATA,NO DATA,5,NO DATA,Christian Street,1,Miles,25,6 - Single Vehicle Crash,West,513896,132250,NO DATA,NO DATA,NO DATA,Minor Collector - Non Fed Aid Rural TH,MinCollector,999.99,NO DATA,XY,Injury,"(43.69034839, -72.32763540)"
9996,VT0090400,12TF00126,03/10/2012,FAS-177 VT Route 132,Thetford,NO DATA,NO DATA,NO DATA,NO DATA,Tucker Hill Road,1,Miles,35,NO DATA,North,513957,145580,NO DATA,NO DATA,NO DATA,Federal Aid Secondary System (Class 2 TH),FAS 0177,999.99,NO DATA,XY,Property Damage Only,"(43.81032505, -72.32653260)"
9997,VT0090400,12TF00096,02/25/2012,TH-25 New Boston Road,Thetford,25,NO DATA,NO DATA,NO DATA,Judd Road,1000,Feet,25,6 - Single Vehicle Crash,South,513960,145580,NO DATA,NO DATA,NO DATA,"City, Village or Urban Compact Street not in FA Ur",TOWN ROAD 0025,999.99,NO DATA,XY,Property Damage Only,"(43.81032499, -72.32649531)"
9998,VT0141000,12NW01471,11/07/2012,TH-12 New Boston Road,Norwich,NO DATA,NO DATA,NO DATA,NO DATA,Rock Ledge Lane,1,Miles,35,2 - Head On,North,514042,144698,NO DATA,NO DATA,NO DATA,"City, Village or Urban Compact Street not in FA Ur",TOWN ROAD 0012,999.99,NO DATA,XY,Injury,"(43.80238500, -72.32549927)"
9999,VT0140300,12HF00617,02/27/2012,Min. C 0614 Christian Street,Hartford,NO DATA,NO DATA,NO DATA,NO DATA,Bugbee Street,2,Feet,35,"16 - Right Turn and Thru, Same Direction Sideswipe/Angle Crash ^^--",West,514062,129873,NO DATA,NO DATA,NO DATA,Minor Collector - Non Fed Aid Rural TH,MinCollector,999.99,NO DATA,XY,Injury,"(43.66895061, -72.32563832)"
10007,VT0140300,12HF01839,06/03/2012,Chambers Lane,Hartford,NO DATA,NO DATA,NO DATA,NO DATA,Walsh Avenue,25,Feet,15,3 - Same Direction Sideswipe,East,514473,127078,NO DATA,NO DATA,NO DATA,"City, Village or Urban Compact Street not in FA Ur",Unknown,999.99,NO DATA,XY,Property Damage Only,"(43.64378569, -72.32061702)"
10008,VT0140300,12HF01216,04/17/2012,22 SPRING CIR,Hartford,NO DATA,NO DATA,NO DATA,NO DATA,CHAMBERS LANE,NO DATA,NO DATA,10,"18 - Right Turn and Thru, Broadside ^<--",NO DATA,514493,127207,NO DATA,NO DATA,NO DATA,"City, Village or Urban Compact Street not in FA Ur",Unknown,999.99,NO DATA,XY,Property Damage Only,"(43.64494639, -72.32036567)"
10009,VT0140300,12HF02932,08/22/2012,TH-78┬á (11 Connecticut River Road),Hartford,NO DATA,NO DATA,NO DATA,NO DATA,Sykes Mountain Avenue,10,Feet,30,6 - Single Vehicle Crash,South,514495,126805,NO DATA,NO DATA,NO DATA,"City, Village or Urban Compact Street not in FA Ur",TOWN ROAD 0078,999.99,NO DATA,XY,Property Damage Only,"(43.64132805, -72.32035166)"
10010,VT0140300,12HF01614,05/17/2012,171 Walsh Avenue,Hartford,NO DATA,NO DATA,NO DATA,NO DATA,NO DATA,NO DATA,NO DATA,25,1 - Rear End,NO DATA,514515,127195,NO DATA,NO DATA,NO DATA,"City, Village or Urban Compact Street not in FA Ur",Unknown,999.99,NO DATA,XY,Property Damage Only,"(43.64483796, -72.32009331)"
10011,VT0140300,12HF02450,07/17/2012,75 Gates,Hartford,NO DATA,NO DATA,NO DATA,NO DATA,Currier Street,20,Feet,25,1 - Rear End,East,514528,127543,NO DATA,NO DATA,NO DATA,"City, Village or Urban Compact Street not in FA Ur",Unknown,999.99,NO DATA,XY,Property Damage Only,"(43.64796996, -72.31992283)"
10012,VT0140300,12HF00236,01/20/2012,2680 Hartford Avenue,Hartford,NO DATA,NO DATA,5,NO DATA,Parking Lot Crash,5,NO DATA,15,7 - Other - Explain in Narrative,West,514548,131521,NO DATA,NO DATA,NO DATA,"Other Public Roadway (Rest Areas, Shopping Center",Unknown,999.99,NO DATA,XY,Property Damage Only,"(43.68377442, -72.31956771)"
10013,VTVSP0800,12B200982,04/10/2012,TH-14 Barton Rd,Albany,NO DATA,NO DATA,NO DATA,NO DATA,Creek Rd,1,Feet,50,6 - Single Vehicle Crash,NO DATA,514557,247868,NO DATA,NO DATA,NO DATA,"City, Village or Urban Compact Street not in FA Ur",TOWN ROAD 0014,999.99,NO DATA,XY,Injury,"(44.73088070, -72.31622906)"
10014,VT0140300,12HF00111,01/10/2012,Min. C 0614 Christian Street,Hartford,NO DATA,NO DATA,NO DATA,NO DATA,Brookside Drive,5,Feet,25,"8 - No Turns, Thru moves only, Broadside ^<",North,514565,128005,NO DATA,NO DATA,NO DATA,Minor Collector - Non Fed Aid Rural TH,MinCollector,999.99,NO DATA,XY,Property Damage Only,"(43.65212758, -72.31945175)"
10015,VT0140300,12HF03512,10/09/2012,209 Maple Street,Hartford,NO DATA,NO DATA,NO DATA,NO DATA,Food Co-op Store,NO DATA,NO DATA,99,"8 - No Turns, Thru moves only, Broadside ^<",NO DATA,514663,127978,NO DATA,NO DATA,NO DATA,"Other Public Roadway (Rest Areas, Shopping Center",Unknown,999.99,NO DATA,XY,Property Damage Only,"(43.65188263, -72.31823767)"
10016,VTVSP0800,12B201903,06/22/2012,VT Rt 105,Newport Town,NO DATA,105,NO DATA,NO DATA,NO DATA,NO DATA,NO DATA,50,6 - Single Vehicle Crash,West,514669,273901,NO DATA,NO DATA,NO DATA,State System (State Highways and Class I TH links),VT-105,999.99,NO DATA,XY,Injury,"(44.96514529, -72.31406301)"
10017,VT0140300,12HF04132,11/30/2012,Pine Street,Hartford,NO DATA,NO DATA,4,NO DATA,Maple Street,200,Feet,25,1 - Rear End,North,514719,127953,NO DATA,NO DATA,NO DATA,"City, Village or Urban Compact Street not in FA Ur",Unknown,999.99,NO DATA,XY,Property Damage Only,"(43.65165651, -72.31754417)"
10018,VT0140300,12HF01408,05/01/2012,200 PINE STREET,Hartford,NO DATA,NO DATA,NO DATA,NO DATA,STEARNS PRODUCE PARKING LOT,NO DATA,NO DATA,99,7 - Other - Explain in Narrative,NO DATA,514749,128031,NO DATA,NO DATA,NO DATA,"Other Public Roadway (Rest Areas, Shopping Center",Unknown,999.99,NO DATA,XY,Property Damage Only,"(43.65235797, -72.31717016)"
10019,VT0140300,12HF03967,11/14/2012,Bridge Street,Hartford,NO DATA,NO DATA,NO DATA,NO DATA,Maple Street,25,Feet,25,"10 - Left Turn and Thru, Angle Broadside -->v--",South,514819,127869,NO DATA,NO DATA,NO DATA,"City, Village or Urban Compact Street not in FA Ur",Unknown,999.99,NO DATA,XY,Property Damage Only,"(43.65089846, -72.31630688)"
10020,VT0140300,12HF03133,09/08/2012,41 Maple Street,Hartford,NO DATA,NO DATA,NO DATA,NO DATA,Prospect Street,25,Feet,99,7 - Other - Explain in Narrative,South,514846,127851,NO DATA,NO DATA,NO DATA,"Other Public Roadway (Rest Areas, Shopping Center",Unknown,999.99,NO DATA,XY,Property Damage Only,"(43.65073591, -72.31597269)"
10021,VT0140300,12HF03212,09/14/2012,284 WILDER ST,Hartford,NO DATA,NO DATA,NO DATA,NO DATA,HEWITT ST,25,Feet,25,6 - Single Vehicle Crash,North,514934,129090,NO DATA,NO DATA,NO DATA,"City, Village or Urban Compact Street not in FA Ur",Unknown,999.99,NO DATA,XY,Property Damage Only,"(43.66188605, -72.31484760)"
10022,VT0140300,12HF02755,08/08/2012,302 Wilder Street,Hartford,NO DATA,NO DATA,NO DATA,NO DATA,Hewitt Street,50,Feet,30,7 - Other - Explain in Narrative,North,514944,129097,NO DATA,NO DATA,NO DATA,"City, Village or Urban Compact Street not in FA Ur",Unknown,999.99,NO DATA,XY,Property Damage Only,"(43.66194886, -72.31472343)"
10023,VT0141000,12NW01446,11/02/2012,TH-12 New Boston Road,Norwich,NO DATA,NO DATA,NO DATA,NO DATA,Pole # 24,NO DATA,NO DATA,40,6 - Single Vehicle Crash,NO DATA,514977,143517,NO DATA,NO DATA,NO DATA,"City, Village or Urban Compact Street not in FA Ur",TOWN ROAD 0012,999.99,NO DATA,XY,Property Damage Only,"(43.79173707, -72.31391294)"
10024,VT0140300,12HF02612,07/29/2012,Ravenswood Terrace,Hartford,NO DATA,NO DATA,NO DATA,NO DATA,375 Ravenswood Terrace,50,Feet,25,6 - Single Vehicle Crash,South,514997,129955,NO DATA,NO DATA,NO DATA,"City, Village or Urban Compact Street not in FA Ur",Unknown,999.99,NO DATA,XY,Property Damage Only,"(43.66967040, -72.31404249)"
10032,VT0141000,12NW00911,07/10/2012,Min. C 0622 (59 Union Village Rd),Norwich,NO DATA,NO DATA,NO DATA,NO DATA,59 Union Village Road,NO DATA,NO DATA,40,6 - Single Vehicle Crash,NO DATA,515361,135976,NO DATA,NO DATA,NO DATA,Minor Collector - Non Fed Aid Rural TH,MinCollector,999.99,NO DATA,XY,Property Damage Only,"(43.72385595, -72.30935740)"
10033,VT0141000,12NW00235,02/22/2012,Min. C 0622 Main Street,Norwich,NO DATA,NO DATA,NO DATA,NO DATA,Koch Road,NO DATA,NO DATA,25,3 - Same Direction Sideswipe,NO DATA,515369,135697,NO DATA,NO DATA,NO DATA,Minor Collector - Non Fed Aid Rural TH,MinCollector,999.99,NO DATA,XY,Property Damage Only,"(43.72134461, -72.30926608)"
10034,VT0141000,12NW00695,05/27/2012,319 Main Street,Norwich,NO DATA,NO DATA,NO DATA,NO DATA,Dan & Whit's Parking Lot,NO DATA,NO DATA,99,5 - Rear-to-rear,NO DATA,515415,134942,NO DATA,NO DATA,NO DATA,"Other Public Roadway (Rest Areas, Shopping Center",Unknown,999.99,NO DATA,XY,Property Damage Only,"(43.71454818, -72.30871683)"
10035,VT0141000,12NW01268,09/20/2012,293 Main Street,Norwich,NO DATA,NO DATA,NO DATA,NO DATA,Norwich Post Office Parking Lot,NO DATA,NO DATA,99,5 - Rear-to-rear,NO DATA,515431,134857,NO DATA,NO DATA,NO DATA,"Other Public Roadway (Rest Areas, Shopping Center",Unknown,999.99,NO DATA,XY,Property Damage Only,"(43.71378280, -72.30852072)"
10036,VT0141000,12NW00370,03/02/2012,TH-41 Hazen Street,Norwich,NO DATA,NO DATA,NO DATA,NO DATA,NO DATA,NO DATA,NO DATA,25,7 - Other - Explain in Narrative,NO DATA,515435,135222,NO DATA,NO DATA,NO DATA,"City, Village or Urban Compact Street not in FA Ur",TOWN ROAD 0041,999.99,NO DATA,XY,Property Damage Only,"(43.71706794, -72.30846062)"
10037,VT0141000,12NW01296,09/27/2012,Hazen Street,Norwich,NO DATA,NO DATA,NO DATA,NO DATA,Cliff Street,50,Feet,25,1 - Rear End,East,515456,135369,NO DATA,NO DATA,NO DATA,"City, Village or Urban Compact Street not in FA Ur",Unknown,999.99,NO DATA,XY,Property Damage Only,"(43.71839060, -72.30819581)"
10045,VT0141000,12NW01453,11/04/2012,TH-40 (207 Willey Hill Road),Norwich,NO DATA,NO DATA,NO DATA,NO DATA,Hawkpine Road,100,Feet,30,6 - Single Vehicle Crash,South,516245,136508,NO DATA,NO DATA,NO DATA,"City, Village or Urban Compact Street not in FA Ur",TOWN ROAD 0040,999.99,NO DATA,XY,Injury,"(43.72862545, -72.29837018)"
10046,VT0141000,12NW01719,12/25/2012,TH-12 New Boston Road,Norwich,NO DATA,NO DATA,NO DATA,NO DATA,1249 New Boston Road,0,Miles,35,6 - Single Vehicle Crash,NO DATA,516286,142225,NO DATA,NO DATA,NO DATA,"City, Village or Urban Compact Street not in FA Ur",TOWN ROAD 0012,999.99,NO DATA,XY,Property Damage Only,"(43.78008077, -72.29768802)"
10047,VTVSP0200,12B101328,05/01/2012,Cabot Rd,Walden,NO DATA,NO DATA,NO DATA,NO DATA,VT Route 15,0,Miles,35,6 - Single Vehicle Crash,South,516304,218876,NO DATA,NO DATA,NO DATA,"City, Village or Urban Compact Street not in FA Ur",TOWN ROAD 0001,999.99,NO DATA,XY,Injury,"(44.46993759, -72.29509358)"
10048,VT0141000,12NW00962,07/19/2012,Min. C 0622 Union Village Road,Norwich,NO DATA,NO DATA,NO DATA,NO DATA,Turnpike Road,2,Miles,40,NO DATA,North,516345,138038,NO DATA,NO DATA,NO DATA,Minor Collector - Non Fed Aid Rural TH,MinCollector,999.99,NO DATA,XY,Property Damage Only,"(43.74239416, -72.29708250)"
10049,VTVSP1300,12B302596,11/28/2012,TH-4 Parker Road,Vershire,4,NO DATA,NO DATA,NO DATA,South Vershire Road,1,Miles,50,6 - Single Vehicle Crash,North,516364,158253,NO DATA,NO DATA,NO DATA,"City, Village or Urban Compact Street not in FA Ur",TOWN ROAD 0004,999.99,NO DATA,XY,Property Damage Only,"(43.92433760, -72.29622849)"
10057,VTVSP0800,12B201980,06/28/2012,TH-8 Back Coventry Rd,Coventry,NO DATA,NO DATA,NO DATA,NO DATA,Bridge St,0,Miles,50,6 - Single Vehicle Crash,North,517411,261982,NO DATA,NO DATA,NO DATA,"City, Village or Urban Compact Street not in FA Ur",TOWN ROAD 0008,999.99,NO DATA,XY,Injury,"(44.85782764, -72.27971686)"
10058,VTVSP1300,12B302559,11/23/2012,TH-38 South Vershire Road,Vershire,38,NO DATA,NO DATA,NO DATA,Miller Pond Road,118,Feet,50,6 - Single Vehicle Crash,South,517549,157240,NO DATA,NO DATA,NO DATA,"City, Village or Urban Compact Street not in FA Ur",TOWN ROAD 0038,999.99,NO DATA,XY,Property Damage Only,"(43.91519304, -72.28150575)"
10059,VTVSP0800,12B202958,08/31/2012,VT-14,Irasburg,NO DATA,14,NO DATA,NO DATA,800 VT RT 14,1,Miles,50,6 - Single Vehicle Crash,South,517578,261168,NO DATA,NO DATA,NO DATA,State System (State Highways and Class I TH links),VT-14,999.99,NO DATA,XY,Property Damage Only,"(44.85049851, -72.27763218)"
10060,VTVSP0800,12B204229,12/15/2012,TH-7 Covered Bridge Rd,Coventry,NO DATA,NO DATA,NO DATA,NO DATA,Chelafaux Rd,200,Feet,35,6 - Single Vehicle Crash,South,517956,262413,NO DATA,NO DATA,NO DATA,"City, Village or Urban Compact Street not in FA Ur",TOWN ROAD 0007,999.99,NO DATA,XY,Property Damage Only,"(44.86169261, -72.27280631)"
10061,VT0141000,12NW00741,06/05/2012,288 US Route 5 N,Norwich,NO DATA,NO DATA,5,NO DATA,NO DATA,NO DATA,NO DATA,99,NO DATA,NO DATA,517974,136327,NO DATA,NO DATA,NO DATA,"Other Public Roadway (Rest Areas, Shopping Center",Unknown,999.99,NO DATA,XY,Property Damage Only,"(43.72695647, -72.27691624)"
10062,VT0141000,12NW01705,12/22/2012,I91SB,Norwich,NO DATA,NO DATA,NO DATA,91,Exit 13,2,Miles,65,6 - Single Vehicle Crash,South,518069,137126,NO DATA,NO DATA,NO DATA,State System (State Highways and Class I TH links),I-91,999.99,NO DATA,XY,Property Damage Only,"(43.73414563, -72.27571032)"
10070,VTVSP1300,12B300601,03/28/2012,TH-20 Beaver Meadow Road,West Fairlee,22,NO DATA,NO DATA,NO DATA,VT RT 113,1,Miles,99,6 - Single Vehicle Crash,South,519231,160303,NO DATA,NO DATA,NO DATA,"City, Village or Urban Compact Street not in FA Ur",TOWN ROAD 0020,999.99,NO DATA,XY,Injury,"(43.94271889, -72.26045342)"
10071,VTVSP0200,12B103603,11/02/2012,TH-14 Hutchins Farm Rd,Stannard,6,NO DATA,NO DATA,NO DATA,Stannard Mtn Rd,0,Miles,50,6 - Single Vehicle Crash,East,519612,226691,NO DATA,NO DATA,NO DATA,"City, Village or Urban Compact Street not in FA Ur",TOWN ROAD 0014,999.99,NO DATA,XY,Injury,"(44.54018536, -72.25322267)"
10072,VTVSP1300,12B300856,04/24/2012,TH-63 Spooner Road,Topsham,60,NO DATA,NO DATA,NO DATA,Watson Hill Road,0,Miles,99,3 - Same Direction Sideswipe,East,519700,177225,NO DATA,NO DATA,NO DATA,"City, Village or Urban Compact Street not in FA Ur",TOWN ROAD 0063,999.99,NO DATA,XY,Property Damage Only,"(44.09500650, -72.25398252)"
10073,VTVSP0800,12B200182,01/20/2012,TH-4 (3452 Burton Hill Rd),Irasburg,NO DATA,NO DATA,NO DATA,NO DATA,NO DATA,NO DATA,NO DATA,35,"13 - Left Turns, Same Direction, Rear End v--v--",NO DATA,519795,252674,NO DATA,NO DATA,NO DATA,"City, Village or Urban Compact Street not in FA Ur",TOWN ROAD 0004,999.99,NO DATA,XY,Property Damage Only,"(44.77400414, -72.24991700)"
10074,VTVSP1300,12B302326,10/19/2012,TH-13 Pike Hill Road,Corinth,28,NO DATA,NO DATA,NO DATA,Brook Road,75,Feet,50,6 - Single Vehicle Crash,North,520143,172545,NO DATA,NO DATA,NO DATA,"City, Village or Urban Compact Street not in FA Ur",TOWN ROAD 0013,999.99,NO DATA,XY,Injury,"(44.05287433, -72.24862863)"
10075,VTVSP0800,12B201911,06/22/2012,TH-44 (1883 E Albany Rd),Barton,NO DATA,NO DATA,NO DATA,NO DATA,W Glover Rd,1,Miles,50,6 - Single Vehicle Crash,South,520169,250055,NO DATA,NO DATA,NO DATA,"City, Village or Urban Compact Street not in FA Ur",TOWN ROAD 0044,999.99,NO DATA,XY,Property Damage Only,"(44.75042548, -72.24529562)"
10083,VTVSP0800,12B200129,01/14/2012,TH-14 (1154 Parker Road),Glover,NO DATA,NO DATA,NO DATA,NO DATA,1154 Parker Road,NO DATA,NO DATA,35,6 - Single Vehicle Crash,North,521342,245970,NO DATA,NO DATA,NO DATA,"City, Village or Urban Compact Street not in FA Ur",TOWN ROAD 0014,999.99,NO DATA,XY,Property Damage Only,"(44.71363068, -72.23065314)"
10084,VT0100100,12NP01203,06/19/2012,Third Street,Newport City,NO DATA,NO DATA,NO DATA,NO DATA,Main Street,50,Feet,25,6 - Single Vehicle Crash,South,521428,270464,NO DATA,NO DATA,NO DATA,"Other Public Roadway (Rest Areas, Shopping Center",Unknown,999.99,NO DATA,XY,Property Damage Only,"(44.93404539, -72.22853534)"
10085,VT0100100,12NP01845,09/07/2012,West Main Street,Newport City,NO DATA,NO DATA,NO DATA,NO DATA,Highland Avenue,NO DATA,NO DATA,25,1 - Rear End,North,521660,270431,NO DATA,NO DATA,NO DATA,Street or Town Highways in FA Urban Area,Unknown,999.99,NO DATA,XY,Property Damage Only,"(44.93374141, -72.22559763)"
10086,VT0030100,12HW01001,07/19/2012,454 Vt Rt 15,Hardwick,NO DATA,NO DATA,NO DATA,NO DATA,NO DATA,NO DATA,NO DATA,99,5 - Rear-to-rear,NO DATA,521765,201181,NO DATA,NO DATA,NO DATA,"Other Public Roadway (Rest Areas, Shopping Center",Unknown,999.99,NO DATA,XY,Property Damage Only,"(44.31054749, -72.22720146)"
10087,VTVSP1300,12B301232,06/14/2012,TH-10 (1434 Taplin Hill Road),Corinth,10,NO DATA,NO DATA,NO DATA,Fairground Road,0,Miles,99,6 - Single Vehicle Crash,West,521804,171320,NO DATA,NO DATA,NO DATA,"City, Village or Urban Compact Street not in FA Ur",TOWN ROAD 0010,999.99,NO DATA,XY,Injury,"(44.04180178, -72.22795104)"
10088,VTVSP0800,12B200928,04/06/2012,TH-6 Lake Region Road,Barton,NO DATA,NO DATA,NO DATA,NO DATA,Route 58,1,Miles,50,6 - Single Vehicle Crash,West,521811,254881,NO DATA,NO DATA,NO DATA,"City, Village or Urban Compact Street not in FA Ur",TOWN ROAD 0006,999.99,NO DATA,XY,Property Damage Only,"(44.79380607, -72.22435324)"
10096,VT0030100,12HW00812,06/15/2012,South Main St,Hardwick,NO DATA,NO DATA,NO DATA,NO DATA,Vt Rt 14 & Vt Rt 15,NO DATA,NO DATA,30,1 - Rear End,North,522275,200280,NO DATA,NO DATA,NO DATA,"Other Public Roadway (Rest Areas, Shopping Center",Unknown,999.99,NO DATA,XY,Property Damage Only,"(44.30242337, -72.22084770)"
10097,VT0100100,12NP00337,02/23/2012,West Main Street,Newport City,NO DATA,NO DATA,NO DATA,NO DATA,Outlook Street,NO DATA,NO DATA,25,6 - Single Vehicle Crash,NO DATA,522331,270278,NO DATA,NO DATA,NO DATA,Street or Town Highways in FA Urban Area,Unknown,999.99,NO DATA,XY,Property Damage Only,"(44.93234387, -72.21710381)"
10098,VT0100100,12NP01536,07/30/2012,Second Street,Newport City,NO DATA,NO DATA,NO DATA,NO DATA,Main Street,40,Feet,25,1 - Rear End,South,522385,270592,NO DATA,NO DATA,NO DATA,Street or Town Highways in FA Urban Area,Unknown,999.99,NO DATA,XY,Property Damage Only,"(44.93516775, -72.21640582)"
10099,VT0030100,12HW01424,10/11/2012,117 Mill St,Hardwick,NO DATA,NO DATA,NO DATA,NO DATA,Hays Convenience Store,NO DATA,NO DATA,99,7 - Other - Explain in Narrative,North,522471,200254,NO DATA,NO DATA,NO DATA,"Other Public Roadway (Rest Areas, Shopping Center",Unknown,999.99,NO DATA,XY,Injury,"(44.30218335, -72.21839254)"
10100,VTVSP0200,12B102371,07/22/2012,TH-5 (3056 Macks Mtn Rd),Peacham,NO DATA,NO DATA,NO DATA,NO DATA,Lanesboro Rd,1,Miles,35,6 - Single Vehicle Crash,North,522592,205210,NO DATA,NO DATA,NO DATA,"City, Village or Urban Compact Street not in FA Ur",TOWN ROAD 0005,999.99,NO DATA,XY,Injury,"(44.34678166, -72.21666158)"
10101,VT0100100,12NP02605,12/22/2012,10 Main Street,Newport City,NO DATA,NO DATA,NO DATA,NO DATA,Cross Street,NO DATA,NO DATA,25,6 - Single Vehicle Crash,South,522630,270612,NO DATA,NO DATA,NO DATA,Street or Town Highways in FA Urban Area,Unknown,999.99,NO DATA,XY,Property Damage Only,"(44.93533998, -72.21330106)"
10109,VT0100100,12NP01736,08/23/2012,Central Street,Newport City,NO DATA,NO DATA,NO DATA,NO DATA,Parking Lot Central Street,10,Feet,99,6 - Single Vehicle Crash,North,522904,270515,NO DATA,NO DATA,NO DATA,"Other Public Roadway (Rest Areas, Shopping Center",Unknown,999.99,NO DATA,XY,Property Damage Only,"(44.93445834, -72.20983419)"
10110,VT0100100,12NP00059,01/12/2012,112 Second Street,Newport City,NO DATA,NO DATA,NO DATA,NO DATA,Prospect Street,30,Feet,25,7 - Other - Explain in Narrative,North,522956,270456,NO DATA,NO DATA,NO DATA,Street or Town Highways in FA Urban Area,Unknown,999.99,NO DATA,XY,Property Damage Only,"(44.93392575, -72.20917810)"
10111,VT0100100,12NP00297,02/17/2012,Main Street,Newport City,NO DATA,NO DATA,NO DATA,NO DATA,State Bldg. Parking Lot,40,Feet,25,5 - Rear-to-rear,North,523041,270747,NO DATA,NO DATA,NO DATA,"Other Public Roadway (Rest Areas, Shopping Center",Unknown,999.99,NO DATA,XY,Property Damage Only,"(44.93654160, -72.20808800)"
10112,VT0100100,12NP02404,11/21/2012,Prouty Drive,Newport City,NO DATA,NO DATA,NO DATA,NO DATA,Intersection Union Street,NO DATA,NO DATA,25,1 - Rear End,North,523057,272689,NO DATA,NO DATA,NO DATA,Street or Town Highways in FA Urban Area,Unknown,999.99,NO DATA,XY,Property Damage Only,"(44.95401640, -72.20779666)"
10113,VT0100100,12NP00446,03/14/2012,477 East Main Street,Newport City,NO DATA,NO DATA,NO DATA,NO DATA,Western Avenue,100,Feet,25,6 - Single Vehicle Crash,West,523121,271511,NO DATA,NO DATA,NO DATA,"Other Public Roadway (Rest Areas, Shopping Center",Unknown,999.99,NO DATA,XY,Property Damage Only,"(44.94341396, -72.20703951)"