ID,Reporting Agency,Report Number,Date,Street Address,Town,Number,Number1,Number2,Number3,Intersection,Distance From Intersection,Distance Unit,Posted Speed,Direction of Collision,Direction from Intersection,Easting,Northing,Mile Marker,Mile Marker 1,Mile Marker 2,AOT Roadway,AOT Route,AOT Actual Mile,LRS Number,How Mapped,Crash Type,Location 1
10114,VT0100100,12NP00713,04/15/2012,Veterans Avenue,Newport City,NO DATA,NO DATA,NO DATA,NO DATA,Duchess Avenue,20,Feet,25,6 - Single Vehicle Crash,South,523209,271720,NO DATA,NO DATA,NO DATA,Street or Town Highways in FA Urban Area,Unknown,999.99,NO DATA,XY,Property Damage Only,"(44.94529180, -72.20591490)"
10122,VTVSP0800,12B201233,04/28/2012,TH-1 (1599),Coventry,20,NO DATA,NO DATA,NO DATA,Nebelski Rd,2,Miles,50,6 - Single Vehicle Crash,South,523301,260982,NO DATA,NO DATA,NO DATA,"City, Village or Urban Compact Street not in FA Ur",TOWN ROAD 0001,999.99,NO DATA,XY,Property Damage Only,"(44.84866083, -72.20524322)"
10123,VT0030100,12HW01191,08/26/2012,TH-51 Nichols Pond Rd,Hardwick,NO DATA,NO DATA,NO DATA,NO DATA,Dutton Rd,0,Miles,35,6 - Single Vehicle Crash,South,523302,198310,NO DATA,NO DATA,NO DATA,"City, Village or Urban Compact Street not in FA Ur",TOWN ROAD 0051,999.99,NO DATA,XY,Injury,"(44.28466188, -72.20806519)"
10124,VTVSP1300,12B300649,04/03/2012,TH-4 Blood Brook Road,West Fairlee,4,NO DATA,NO DATA,NO DATA,363 Blood Brook Road,NO DATA,NO DATA,35,6 - Single Vehicle Crash,East,523310,156313,NO DATA,NO DATA,NO DATA,"City, Village or Urban Compact Street not in FA Ur",TOWN ROAD 0004,999.99,NO DATA,XY,Injury,"(43.90669014, -72.20981923)"
10125,VT0100100,12NP00406,03/07/2012,TH-10 Union Street,Newport City,10,NO DATA,NO DATA,NO DATA,East Main Street,100,Feet,25,1 - Rear End,North,523391,271470,NO DATA,NO DATA,NO DATA,Street or Town Highways in FA Urban Area,Unknown,999.99,NO DATA,XY,Property Damage Only,"(44.94303619, -72.20362034)"
10126,VT0100100,12NP02141,10/17/2012,Bluff Road,Newport City,NO DATA,NO DATA,NO DATA,NO DATA,Pike Place,NO DATA,NO DATA,25,2 - Head On,East,523466,272497,NO DATA,NO DATA,NO DATA,Street or Town Highways in FA Urban Area,Unknown,999.99,NO DATA,XY,Injury,"(44.95227529, -72.20262234)"
10127,VT0100100,12NP00657,04/10/2012,East Main Street,Newport City,NO DATA,NO DATA,NO DATA,NO DATA,Sunset Terrace,40,Feet,25,7 - Other - Explain in Narrative,South,523533,271436,NO DATA,NO DATA,NO DATA,"Other Public Roadway (Rest Areas, Shopping Center",Unknown,999.99,NO DATA,XY,Property Damage Only,"(44.94272555, -72.20182271)"
10135,VTVSP0800,12B201727,06/10/2012,TH-34 (495 Kinsey Road),Barton,34,NO DATA,NO DATA,NO DATA,Route 5,400,Feet,50,6 - Single Vehicle Crash,West,524096,250691,NO DATA,NO DATA,NO DATA,"City, Village or Urban Compact Street not in FA Ur",TOWN ROAD 0034,999.99,NO DATA,XY,Property Damage Only,"(44.75602742, -72.19567383)"
10136,VTVSP1300,12B301189,06/08/2012,TH-8 Jennings Road,West Fairlee,8,NO DATA,NO DATA,NO DATA,Branch Road,50,Feet,35,6 - Single Vehicle Crash,East,524129,164712,NO DATA,NO DATA,NO DATA,"City, Village or Urban Compact Street not in FA Ur",TOWN ROAD 0008,999.99,NO DATA,XY,Injury,"(43.98225644, -72.19924292)"
10137,VTVSP0800,12B202563,08/06/2012,MinC 802 Coventry Station Road,Coventry,NO DATA,NO DATA,NO DATA,NO DATA,River Road,500,Feet,50,6 - Single Vehicle Crash,South,524181,263054,NO DATA,NO DATA,NO DATA,Minor Collector - Non Fed Aid Rural TH,MinCollector,999.99,NO DATA,XY,Property Damage Only,"(44.86727696, -72.19401263)"
10138,VT0100100,12NP02197,10/23/2012,Sias Ave,Newport City,NO DATA,NO DATA,NO DATA,NO DATA,East Main Street,100,Feet,25,3 - Same Direction Sideswipe,North,524191,271521,NO DATA,NO DATA,NO DATA,"Other Public Roadway (Rest Areas, Shopping Center",Unknown,999.99,NO DATA,XY,Property Damage Only,"(44.94346836, -72.19348146)"
10139,VT0100100,12NP01494,07/24/2012,50 Poutre Street,Newport City,NO DATA,NO DATA,NO DATA,NO DATA,Edgwood Drive,200,Feet,25,1 - Rear End,South,524357,271977,NO DATA,NO DATA,NO DATA,Street or Town Highways in FA Urban Area,Unknown,999.99,NO DATA,XY,Property Damage Only,"(44.94756606, -72.19135615)"
10140,VTVSP0800,12B204124,12/05/2012,TH-2 Roaring Brook Rd.,Barton,2,NO DATA,NO DATA,NO DATA,Breezy Hill Road,0,Miles,99,6 - Single Vehicle Crash,North,524366,248858,NO DATA,NO DATA,NO DATA,"City, Village or Urban Compact Street not in FA Ur",TOWN ROAD 0002,999.99,NO DATA,XY,Property Damage Only,"(44.73952327, -72.19235135)"
10148,VTVSP0800,12B201119,04/19/2012,I 91 South Mm 1622,Coventry,NO DATA,NO DATA,NO DATA,91,Ext 27 Off Ramp,3,Miles,65,6 - Single Vehicle Crash,South,525882,264697,NO DATA,NO DATA,NO DATA,State System (State Highways and Class I TH links),I-91,999.99,NO DATA,XY,Property Damage Only,"(44.88200213, -72.17240449)"
10149,VTVSP0800,12B202461,08/01/2012,TH-66 Ridgehill Drive,Derby,NO DATA,NO DATA,NO DATA,NO DATA,#527,NO DATA,NO DATA,35,6 - Single Vehicle Crash,South,525916,273392,NO DATA,NO DATA,NO DATA,"City, Village or Urban Compact Street not in FA Ur",TOWN ROAD 0066,999.99,NO DATA,XY,Property Damage Only,"(44.96024395, -72.17152863)"
10150,VTVSP0800,12B203177,09/16/2012,TH-7 Shattuck Hill Road,Derby,NO DATA,NO DATA,NO DATA,NO DATA,Entrance Derby Mobile Home Trailer Park,10,Feet,35,2 - Head On,South,526152,272485,NO DATA,NO DATA,NO DATA,"City, Village or Urban Compact Street not in FA Ur",TOWN ROAD 0007,999.99,NO DATA,XY,Injury,"(44.95207360, -72.16858447)"
10151,VTVSP0800,12B201097,04/17/2012,TH-52 Duck Pond Road,Barton,NO DATA,NO DATA,NO DATA,NO DATA,US RT 5,2,Miles,50,6 - Single Vehicle Crash,East,526212,246943,NO DATA,NO DATA,NO DATA,"City, Village or Urban Compact Street not in FA Ur",TOWN ROAD 0052,999.99,NO DATA,XY,Injury,"(44.72222516, -72.16914203)"
10152,VT0030100,12HW01445,10/15/2012,TH-1 Belfry Rd,Hardwick,NO DATA,NO DATA,NO DATA,NO DATA,Vt Rt 16,2,Miles,50,6 - Single Vehicle Crash,East,526396,201314,NO DATA,NO DATA,NO DATA,"City, Village or Urban Compact Street not in FA Ur",TOWN ROAD 0001,999.99,NO DATA,XY,Property Damage Only,"(44.31159107, -72.16915126)"
10153,VTVSP0800,12B201662,06/04/2012,Community Dr,Derby,NO DATA,NO DATA,NO DATA,NO DATA,Shattuck Hill Rd,NO DATA,NO DATA,35,2 - Head On,South,526483,272436,NO DATA,NO DATA,NO DATA,"City, Village or Urban Compact Street not in FA Ur",Unknown,999.99,NO DATA,XY,Property Damage Only,"(44.95162042, -72.16439245)"
10154,VTVSP0800,12B203945,11/20/2012,TH-7,Derby,7,NO DATA,NO DATA,NO DATA,US RT 5,NO DATA,NO DATA,35,"10 - Left Turn and Thru, Angle Broadside -->v--",East,526537,272381,NO DATA,NO DATA,NO DATA,"City, Village or Urban Compact Street not in FA Ur",TOWN ROAD 0007,999.99,NO DATA,XY,Property Damage Only,"(44.95112349, -72.16371103)"
10155,VTVSP0800,12B202922,08/25/2012,TH-41 Crawford Road,Derby,NO DATA,NO DATA,NO DATA,NO DATA,US RT 5,NO DATA,NO DATA,35,1 - Rear End,North,526646,272390,NO DATA,NO DATA,NO DATA,"City, Village or Urban Compact Street not in FA Ur",TOWN ROAD 0041,999.99,NO DATA,XY,Property Damage Only,"(44.95120040, -72.16232927)"
10156,VTVSP0800,12B202390,07/28/2012,TH-43 Schuler Rd. US RT 5,Derby,43,NO DATA,NO DATA,NO DATA,I 91,NO DATA,NO DATA,35,6 - Single Vehicle Crash,East,526799,268788,NO DATA,NO DATA,NO DATA,"City, Village or Urban Compact Street not in FA Ur",TOWN ROAD 0043,999.99,NO DATA,XY,Property Damage Only,"(44.91878172, -72.16058140)"
10157,VTVSP0800,12B201338,05/09/2012,TH-27 Quarry Rd,Derby,NO DATA,NO DATA,NO DATA,NO DATA,Commerce Way,NO DATA,NO DATA,35,"8 - No Turns, Thru moves only, Broadside ^<",NO DATA,526898,272716,NO DATA,NO DATA,NO DATA,"City, Village or Urban Compact Street not in FA Ur",TOWN ROAD 0027,999.99,NO DATA,XY,Property Damage Only,"(44.95412445, -72.15911849)"
10158,VTVSP0800,12B204230,12/15/2012,Min. C 0800 Old Stone House Rd,Brownington,NO DATA,NO DATA,NO DATA,NO DATA,Button Brook Ln,100,Feet,99,6 - Single Vehicle Crash,East,526999,259287,NO DATA,NO DATA,NO DATA,Minor Collector - Non Fed Aid Rural TH,MinCollector,999.99,NO DATA,XY,Property Damage Only,"(44.83327765, -72.15855434)"
10159,VTVSP0800,12B203943,11/20/2012,TH-27 Quarry Road,Derby,NO DATA,NO DATA,NO DATA,NO DATA,NO DATA,NO DATA,NO DATA,35,4 - Opp Direction Sideswipe,South,527057,273832,NO DATA,NO DATA,NO DATA,"City, Village or Urban Compact Street not in FA Ur",TOWN ROAD 0027,999.99,NO DATA,XY,Property Damage Only,"(44.96416080, -72.15704368)"
10160,VTVSP0200,12B103439,10/21/2012,TH 2,Peacham,2,NO DATA,NO DATA,NO DATA,Thaddeus Stevens Rd,NO DATA,NO DATA,35,"8 - No Turns, Thru moves only, Broadside ^<",North,527260,204228,NO DATA,NO DATA,NO DATA,"City, Village or Urban Compact Street not in FA Ur",TOWN ROAD 0002,999.99,NO DATA,XY,Property Damage Only,"(44.33778390, -72.15816973)"
10161,VTVSP1300,12B300297,02/15/2012,VT-25 Waits River Road,Bradford,NO DATA,25,NO DATA,NO DATA,Pole 29/F2/124,1,Miles,50,6 - Single Vehicle Crash,North,527277,166517,250,901,340,State System (State Highways and Class I TH links),VT-25,999.99,NO DATA,XY,Injury,"(43.99839158, -72.15991226)"
10162,VT0030100,12HW00048,01/15/2012,567 Main Street,Greensboro,NO DATA,NO DATA,NO DATA,NO DATA,The Bend Road,0,Miles,30,4 - Opp Direction Sideswipe,North,527410,203565,NO DATA,NO DATA,NO DATA,"City, Village or Urban Compact Street not in FA Ur",TOWN ROAD 0004,999.99,NO DATA,XY,Injury,"(44.33181156, -72.15632367)"
10163,VTVSP0800,12B202812,08/22/2012,Min. C 0798 Hinman Settler Road,Brownington,NO DATA,NO DATA,NO DATA,NO DATA,Parker Road,500,Feet,99,"12 - Left Turn and Thru, Same Direction Sideswipe/Angle Crash vv--",North,527426,256980,NO DATA,NO DATA,NO DATA,Minor Collector - Non Fed Aid Rural TH,MinCollector,999.99,NO DATA,XY,Property Damage Only,"(44.81250123, -72.15327877)"
10164,VTVSP1300,12B302735,12/17/2012,TH-2 Swamp Road,Newbury,2,NO DATA,NO DATA,NO DATA,Jefferson HIll Road,0,Miles,99,2 - Head On,South,527552,186012,NO DATA,NO DATA,NO DATA,"City, Village or Urban Compact Street not in FA Ur",TOWN ROAD 0002,999.99,NO DATA,XY,Property Damage Only,"(44.17383502, -72.15546676)"
10165,VTVSP0800,12B203678,10/29/2012,Min. C 0798 Hinman Settler Rd,Derby,NO DATA,NO DATA,NO DATA,NO DATA,Schuler Rd,NO DATA,NO DATA,35,6 - Single Vehicle Crash,NO DATA,527659,268350,NO DATA,NO DATA,NO DATA,Minor Collector - Non Fed Aid Rural TH,MinCollector,999.99,NO DATA,XY,Injury,"(44.91480743, -72.14971331)"
10173,VTVSP1300,12B300461,03/10/2012,Min. C 0670 North Road,Newbury,6,NO DATA,NO DATA,NO DATA,Fuller Road,0,Miles,50,2 - Head On,South,528366,178862,NO DATA,NO DATA,NO DATA,Minor Collector - Non Fed Aid Rural TH,MinCollector,999.99,NO DATA,XY,Property Damage Only,"(44.10945505, -72.14567305)"
10174,VTVSP1300,12B302714,12/14/2012,TH-6 Goshen Road,Bradford,6,NO DATA,NO DATA,NO DATA,Chase Hollow Road,100,Feet,35,6 - Single Vehicle Crash,East,528433,171051,NO DATA,NO DATA,NO DATA,"City, Village or Urban Compact Street not in FA Ur",TOWN ROAD 0006,999.99,NO DATA,XY,Property Damage Only,"(44.03915391, -72.14525634)"
10175,VTVSP1300,12B302239,10/07/2012,TH-5 Creamery Road,Ryegate,5,NO DATA,NO DATA,NO DATA,Stone Shed Road,50,Feet,30,7 - Other - Explain in Narrative,East,528509,187794,NO DATA,NO DATA,NO DATA,"City, Village or Urban Compact Street not in FA Ur",TOWN ROAD 0005,999.99,NO DATA,XY,Property Damage Only,"(44.18983589, -72.14340316)"
10176,VTVSP1300,12B300131,01/19/2012,MINC0650 (Lake Morey Road),Fairlee,1,NO DATA,NO DATA,NO DATA,#4202 Lake Morey Road,NO DATA,NO DATA,30,6 - Single Vehicle Crash,NO DATA,528545,158315,NO DATA,NO DATA,NO DATA,Minor Collector - Non Fed Aid Rural TH,MinCollector,999.99,NO DATA,XY,Property Damage Only,"(43.92452446, -72.14454356)"
10177,VTVSP1300,12B300865,04/26/2012,Min. C 0670 Newbury Center Road,Newbury,45,NO DATA,NO DATA,NO DATA,North Road,800,Feet,50,6 - Single Vehicle Crash,North,528596,180015,NO DATA,NO DATA,NO DATA,Minor Collector - Non Fed Aid Rural TH,MinCollector,999.99,NO DATA,XY,Property Damage Only,"(44.11982296, -72.14273759)"
10178,VTVSP0800,12B202224,07/17/2012,Min.C 0798 Hinman Settler,Derby,NO DATA,NO DATA,NO DATA,NO DATA,VT RT 105,0,Miles,35,6 - Single Vehicle Crash,South,528655,271398,NO DATA,NO DATA,NO DATA,Minor Collector - Non Fed Aid Rural TH,MinCollector,999.99,NO DATA,XY,Property Damage Only,"(44.94219573, -72.13692695)"
10186,VTVSP1300,12B300045,01/07/2012,Min. C 0668 Tyler Farm Road,Newbury,1,NO DATA,NO DATA,NO DATA,Cole Road,0,Miles,99,6 - Single Vehicle Crash,South,530350,172745,NO DATA,NO DATA,NO DATA,Minor Collector - Non Fed Aid Rural TH,MinCollector,999.99,NO DATA,XY,Property Damage Only,"(44.05432308, -72.12124223)"
10187,VTVSP1300,12B302079,09/17/2012,Min. C 0668 Tyler Farm Road,Newbury,1,NO DATA,NO DATA,NO DATA,French Road,0,NO DATA,99,6 - Single Vehicle Crash,North,530360,172523,NO DATA,NO DATA,NO DATA,Minor Collector - Non Fed Aid Rural TH,MinCollector,999.99,NO DATA,XY,Property Damage Only,"(44.05232468, -72.12113017)"
10188,VTVSP0200,12B102867,09/02/2012,TH-38 Cormier Rd,Danville,38,NO DATA,NO DATA,NO DATA,Dole Hill Rd,600,Feet,30,6 - Single Vehicle Crash,East,530518,214019,NO DATA,NO DATA,NO DATA,"City, Village or Urban Compact Street not in FA Ur",TOWN ROAD 0038,999.99,NO DATA,XY,Property Damage Only,"(44.42576772, -72.11674193)"
10189,VTVSP0200,12B199628,03/03/2012,I91N MM 146,Sheffield,NO DATA,NO DATA,NO DATA,91,Exit 24,6,Miles,65,6 - Single Vehicle Crash,North,530748,234225,910,312,1460,State System (State Highways and Class I TH links),I-91,999.99,NO DATA,XY,Property Damage Only,"(44.60759601, -72.11265078)"
10190,VTVSP1300,12B300987,05/13/2012,TH-7 N Bayley Hazen Road,Ryegate,18,NO DATA,NO DATA,NO DATA,Millen Brook Trail,15,Feet,50,6 - Single Vehicle Crash,North,530767,192810,NO DATA,NO DATA,NO DATA,"City, Village or Urban Compact Street not in FA Ur",TOWN ROAD 0007,999.99,NO DATA,XY,Property Damage Only,"(44.23488669, -72.11486603)"
10191,VTVSP1300,12B302598,11/29/2012,TH-4 Scotch Hollow Road,Newbury,4,NO DATA,NO DATA,NO DATA,US Route 302,NO DATA,NO DATA,99,6 - Single Vehicle Crash,NO DATA,530871,186120,NO DATA,NO DATA,NO DATA,"City, Village or Urban Compact Street not in FA Ur",TOWN ROAD 0004,999.99,NO DATA,XY,Property Damage Only,"(44.17467429, -72.11395761)"
10199,VTVSP0200,12B101880,06/15/2012,Min. C 0750 So Wheelock Rd,Lyndon,1,NO DATA,NO DATA,NO DATA,5492 S Wheelock Rd,0,Feet,35,6 - Single Vehicle Crash,East,532012,227617,NO DATA,NO DATA,NO DATA,Minor Collector - Non Fed Aid Rural TH,MinCollector,999.99,NO DATA,XY,Injury,"(44.54807488, -72.09713864)"
10200,VTVSP0200,12B100050,01/05/2012,Min. C 0750 South Wheelock Rd,Wheelock,1,NO DATA,NO DATA,NO DATA,Ball Field Drive,200,Feet,99,6 - Single Vehicle Crash,West,532169,227636,NO DATA,NO DATA,NO DATA,Minor Collector - Non Fed Aid Rural TH,MinCollector,999.99,NO DATA,XY,Property Damage Only,"(44.54823888, -72.09516170)"
10201,VTVSP0200,12B103123,09/24/2012,Min. C 0752 Burroughs Rd,Wheelock,NO DATA,NO DATA,NO DATA,NO DATA,Coral Dr,500,Feet,99,6 - Single Vehicle Crash,South,532212,225277,NO DATA,NO DATA,NO DATA,Minor Collector - Non Fed Aid Rural TH,MinCollector,999.99,NO DATA,XY,Property Damage Only,"(44.52700795, -72.09476783)"
10202,VTVSP0200,12B103594,11/02/2012,Min. C 0750 S Wheelock Rd,Wheelock,45,NO DATA,NO DATA,NO DATA,5196 S Wheelock Rd,NO DATA,NO DATA,35,6 - Single Vehicle Crash,West,532277,227636,NO DATA,NO DATA,NO DATA,Minor Collector - Non Fed Aid Rural TH,MinCollector,999.99,NO DATA,XY,Property Damage Only,"(44.54823405, -72.09380258)"
10203,VTVSP0200,12B100148,01/14/2012,TH-40 (Jamison Rd),Danville,40,NO DATA,NO DATA,NO DATA,Hawkins Road,0,Miles,35,2 - Head On,North,532389,216753,NO DATA,NO DATA,NO DATA,"City, Village or Urban Compact Street not in FA Ur",TOWN ROAD 0040,999.99,NO DATA,XY,Property Damage Only,"(44.45029058, -72.09307488)"
10204,VTVSP1300,12B301239,06/15/2012,2886,Newbury,NO DATA,NO DATA,302,NO DATA,P&H Truck Stop,NO DATA,NO DATA,50,7 - Other - Explain in Narrative,NO DATA,532686,184737,NO DATA,NO DATA,NO DATA,"Other Public Roadway (Rest Areas, Shopping Center",Unknown,999.99,NO DATA,XY,Property Damage Only,"(44.16214870, -72.09134743)"
10212,VTVSP1300,12B302054,09/13/2012,Min. C 0670 Scotch Hollow Road,Newbury,NO DATA,NO DATA,NO DATA,NO DATA,Wallace Hill Road,200,Feet,50,6 - Single Vehicle Crash,West,533993,176910,NO DATA,NO DATA,NO DATA,Minor Collector - Non Fed Aid Rural TH,MinCollector,999.99,NO DATA,XY,Injury,"(44.09164778, -72.07551199)"
10213,VTVSP1300,12B301300,06/22/2012,MinC0700 (East Road),Ryegate,1,NO DATA,NO DATA,NO DATA,US Route 5,1,Miles,50,6 - Single Vehicle Crash,West,534134,188800,NO DATA,NO DATA,NO DATA,Minor Collector - Non Fed Aid Rural TH,MinCollector,999.99,NO DATA,XY,Property Damage Only,"(44.19864828, -72.07298059)"
10214,VTVSP0200,12B100273,01/27/2012,I91 SB,Barnet,NO DATA,NO DATA,NO DATA,91,Exit 18,2,Miles,65,6 - Single Vehicle Crash,South,534141,196788,910,301,11820,State System (State Highways and Class I TH links),I-91,999.99,NO DATA,XY,Property Damage Only,"(44.27053683, -72.07237274)"
10215,VTVSP0800,12B200431,02/18/2012,TH-6 (504 Fontaine Road),Charleston,6,NO DATA,NO DATA,NO DATA,VT Rt 105 East,1,Miles,35,6 - Single Vehicle Crash,North,534417,267227,NO DATA,NO DATA,NO DATA,"City, Village or Urban Compact Street not in FA Ur",TOWN ROAD 0006,999.99,NO DATA,XY,Property Damage Only,"(44.90440751, -72.06420510)"
10216,VTVSP0200,12B102681,08/18/2012,TH-46 (1488 Cold Hill Rd),Lyndon,46,NO DATA,NO DATA,NO DATA,Grimes Rd,1,Feet,99,6 - Single Vehicle Crash,North,534526,225301,NO DATA,NO DATA,NO DATA,"City, Village or Urban Compact Street not in FA Ur",TOWN ROAD 0046,999.99,NO DATA,XY,Injury,"(44.52711694, -72.06565645)"
10217,VTVSP0800,12B203995,11/24/2012,2744 RTE 5A,Charleston,NO DATA,5A,NO DATA,NO DATA,Batchelder Road,1,Miles,50,6 - Single Vehicle Crash,South,535105,261228,NO DATA,NO DATA,NO DATA,State System (State Highways and Class I TH links),VT-5A,999.99,NO DATA,XY,Property Damage Only,"(44.85039150, -72.05590915)"
10225,VTVSP0200,12B102515,08/04/2012,TH-38 Wheelock Rd,Sutton,38,NO DATA,NO DATA,NO DATA,South Ridge Rd,0,Miles,50,6 - Single Vehicle Crash,South,537078,235706,NO DATA,NO DATA,NO DATA,"City, Village or Urban Compact Street not in FA Ur",TOWN ROAD 0038,999.99,NO DATA,XY,Property Damage Only,"(44.62062519, -72.03280366)"
10226,VTVSP0200,12B103624,11/03/2012,TH-59 Stark Road,Lyndon,59,NO DATA,NO DATA,NO DATA,Diamond Hill Rd,1,Miles,35,6 - Single Vehicle Crash,South,537170,223413,59,307,0,"City, Village or Urban Compact Street not in FA Ur",TOWN ROAD 0059,999.99,NO DATA,XY,Injury,"(44.50999529, -72.03253127)"
10227,VTVSP0800,12B200516,02/25/2012,TH-2 Gore Road,Holland,NO DATA,NO DATA,NO DATA,NO DATA,1786 Gore Road,0,Miles,50,6 - Single Vehicle Crash,South,537172,272925,NO DATA,NO DATA,NO DATA,"City, Village or Urban Compact Street not in FA Ur",TOWN ROAD 0002,999.99,NO DATA,XY,Property Damage Only,"(44.95554227, -72.02890282)"
10228,VTVSP0200,12B100567,02/25/2012,TH-10 (435 Stark Road),St. Johnsbury,NO DATA,NO DATA,NO DATA,NO DATA,Diamond Hill Road,0,Miles,50,6 - Single Vehicle Crash,South,537223,223483,NO DATA,NO DATA,NO DATA,"City, Village or Urban Compact Street not in FA Ur",TOWN ROAD 0010,999.99,NO DATA,XY,Property Damage Only,"(44.51062249, -72.03185970)"
10229,VTVSP0200,12B100249,01/24/2012,TH-4┬á (Mt Pleasant Street),St. Johnsbury,4,NO DATA,NO DATA,NO DATA,1480 Mt Pleasant Street,400,Feet,35,6 - Single Vehicle Crash,South,537284,215306,NO DATA,NO DATA,NO DATA,Street or Town Highways in FA Urban Area,Unknown,999.99,NO DATA,XY,Injury,"(44.43703305, -72.03168143)"
10230,VTVSP0200,12B100067,01/07/2012,Min. C 0758 Sheffield Rd,Sutton,NO DATA,NO DATA,NO DATA,NO DATA,Wheelock Rd,0,Feet,99,2 - Head On,West,537362,236861,NO DATA,NO DATA,NO DATA,Minor Collector - Non Fed Aid Rural TH,MinCollector,999.99,NO DATA,XY,Property Damage Only,"(44.63100427, -72.02914126)"
10238,VTVSP0200,12B100215,01/21/2012,MINC0754 (College Road),Lyndon,NO DATA,NO DATA,NO DATA,NO DATA,Lower Campus Road,NO DATA,NO DATA,35,"8 - No Turns, Thru moves only, Broadside ^<",North,537913,226571,NO DATA,NO DATA,NO DATA,Minor Collector - Non Fed Aid Rural TH,MinCollector,999.99,NO DATA,XY,Property Damage Only,"(44.53837578, -72.02295535)"
10239,VT0030300,12SJ01524,04/24/2012,TH-4 (762 Mt Pleasant St),St. Johnsbury,NO DATA,NO DATA,NO DATA,NO DATA,NO DATA,NO DATA,NO DATA,30,"8 - No Turns, Thru moves only, Broadside ^<",South,537938,214835,NO DATA,NO DATA,NO DATA,"City, Village or Urban Compact Street not in FA Ur",TOWN ROAD 0004,999.99,NO DATA,XY,Property Damage Only,"(44.43276043, -72.02350134)"
10240,VT0030300,12SJ00951,03/16/2012,Cliff St,St. Johnsbury,NO DATA,NO DATA,NO DATA,NO DATA,Webster St,NO DATA,NO DATA,30,6 - Single Vehicle Crash,East,537962,213811,NO DATA,NO DATA,NO DATA,Street or Town Highways in FA Urban Area,Unknown,999.99,NO DATA,XY,Property Damage Only,"(44.42354395, -72.02327482)"
10241,VTVSP0200,12B100508,02/19/2012,Min. C 0750 (563 So Wheelock Rd),Lyndon,1,NO DATA,NO DATA,NO DATA,Brookside Lane,15,Feet,35,6 - Single Vehicle Crash,East,538204,224268,NO DATA,NO DATA,NO DATA,Minor Collector - Non Fed Aid Rural TH,MinCollector,999.99,NO DATA,XY,Property Damage Only,"(44.51763555, -72.01946436)"
10242,VTVSP0200,12B100466,02/15/2012,Min. C 0750 (563 South Wheelock Rd),Lyndon,1,NO DATA,NO DATA,NO DATA,Brookside Lane,300,Feet,35,6 - Single Vehicle Crash,South,538217,224274,NO DATA,NO DATA,NO DATA,Minor Collector - Non Fed Aid Rural TH,MinCollector,999.99,NO DATA,XY,Property Damage Only,"(44.51768886, -72.01930040)"
10250,VTVSP0200,12B104286,12/26/2012,Memorial Dr,St. Johnsbury,NO DATA,NO DATA,5,NO DATA,Parking Lot Green Mtn Mall,NO DATA,NO DATA,99,7 - Other - Explain in Narrative,NO DATA,538688,217977,NO DATA,NO DATA,NO DATA,"Other Public Roadway (Rest Areas, Shopping Center",Unknown,999.99,NO DATA,XY,Property Damage Only,"(44.46099624, -72.01384723)"
10251,VT0030300,12SJ03332,08/17/2012,18 Arlington Terrace,St. Johnsbury,NO DATA,NO DATA,NO DATA,NO DATA,St John St,NO DATA,NO DATA,30,7 - Other - Explain in Narrative,North,538691,214833,NO DATA,NO DATA,NO DATA,Street or Town Highways in FA Urban Area,Unknown,999.99,NO DATA,XY,Property Damage Only,"(44.43270259, -72.01404418)"
10252,VT0030300,12SJ05337,12/26/2012,FAU-7002 Bay St,St. Johnsbury,NO DATA,NO DATA,NO DATA,NO DATA,NO DATA,1000,Feet,30,6 - Single Vehicle Crash,South,538692,212977,NO DATA,NO DATA,NO DATA,Federal Aid Urban System (Class 2 TH's and 3 TH's,"BAY ST., ST. JOHNSBURY",999.99,NO DATA,XY,Property Damage Only,"(44.41599996, -72.01416997)"
10253,VTVSP0200,12B100790,03/17/2012,Gordon Mills Way,St. Johnsbury,NO DATA,NO DATA,NO DATA,NO DATA,Memorial Dr (US Route 5),NO DATA,NO DATA,50,"11 - Left Turn and Thru, Head On ^v--",NO DATA,538699,220356,NO DATA,NO DATA,NO DATA,Street or Town Highways in FA Urban Area,Unknown,999.99,NO DATA,XY,Property Damage Only,"(44.48240465, -72.01353120)"
10254,VTVSP0200,12B101633,05/28/2012,Min. C 0754 College Rd,Lyndon,8,NO DATA,NO DATA,NO DATA,Center St,NO DATA,NO DATA,25,6 - Single Vehicle Crash,West,538704,226480,NO DATA,NO DATA,NO DATA,Minor Collector - Non Fed Aid Rural TH,MinCollector,999.99,NO DATA,XY,Property Damage Only,"(44.53751487, -72.01300966)"
10262,VTVSP0200,12B101946,06/20/2012,TH-15 (598 Pierce Rd),St. Johnsbury,15,NO DATA,NO DATA,NO DATA,598 Pierce Rd,1,Miles,99,6 - Single Vehicle Crash,East,539098,220670,NO DATA,NO DATA,NO DATA,Street or Town Highways in FA Urban Area,Unknown,999.99,NO DATA,XY,Injury,"(44.48520891, -72.00849199)"
10263,VTVSP0200,12B103665,11/09/2012,I 91 S,Lyndon,NO DATA,NO DATA,NO DATA,91,Exit 23 Ramp,0,Miles,65,6 - Single Vehicle Crash,South,539133,224008,910,307,1366,State System (State Highways and Class I TH links),I-91,999.99,NO DATA,XY,Property Damage Only,"(44.51524603, -72.00779935)"
10264,VT0030300,12SJ05108,12/10/2012,TH-4 Mt Pleasant Ext,St. Johnsbury,NO DATA,NO DATA,NO DATA,NO DATA,Mt Pleasant Cemetary,1,Miles,30,2 - Head On,North,539175,211965,NO DATA,NO DATA,NO DATA,Street or Town Highways in FA Urban Area,Unknown,999.99,NO DATA,XY,Property Damage Only,"(44.40686676, -72.00818179)"
10265,VT0030300,12SJ05227,12/19/2012,Cliff St,St. Johnsbury,NO DATA,NO DATA,NO DATA,NO DATA,NO DATA,NO DATA,NO DATA,30,"14 - Left Turn and Thru, Broadside v<--",North,539175,211965,NO DATA,NO DATA,NO DATA,Street or Town Highways in FA Urban Area,Unknown,999.99,NO DATA,XY,Property Damage Only,"(44.40686676, -72.00818179)"