ID,Reporting Agency,Report Number,Date,Street Address,Town,Number,Number1,Number2,Number3,Intersection,Distance From Intersection,Distance Unit,Posted Speed,Direction of Collision,Direction from Intersection,Easting,Northing,Mile Marker,Mile Marker 1,Mile Marker 2,AOT Roadway,AOT Route,AOT Actual Mile,LRS Number,How Mapped,Crash Type,Location 1
10568,VT0040100,2012BU000978,01/12/2012,23 Hillside Terrace,Burlington,NO DATA,NO DATA,NO DATA,NO DATA,23 Hillside Terrace,NO DATA,NO DATA,25,7 - Other - Explain in Narrative,NO DATA,,,NO DATA,NO DATA,NO DATA,Street or Town Highways in FA Urban Area,Unknown,999.99,NO DATA,GEOCODE,Property Damage Only,"(44.48723327, -73.19733540)"
10569,VT0050000,12EXC0282,11/25/2012,23 West Main St.,Lunenburg,NO DATA,NO DATA,2,NO DATA,Lunenburg Variety Store Parking Lot,50,Feet,50,NO DATA,West,,,NO DATA,NO DATA,NO DATA,"Other Public Roadway (Rest Areas, Shopping Center",Unknown,999.99,NO DATA,GEOCODE,Property Damage Only,"(44.46296418, -71.68329232)"
10570,VT0040100,2012BU018591,07/27/2012,230 College St,Burlington,NO DATA,NO DATA,NO DATA,NO DATA,College St,NO DATA,NO DATA,25,"18 - Right Turn and Thru, Broadside ^<--",NO DATA,,,NO DATA,NO DATA,NO DATA,Street or Town Highways in FA Urban Area,Unknown,999.99,NO DATA,GEOCODE,Property Damage Only,"(44.47735293, -73.21058064)"
10571,VT0040100,2012BU013488,06/05/2012,230 N Winooski Ave,Burlington,NO DATA,NO DATA,NO DATA,NO DATA,Decatur St,70,Feet,25,2 - Head On,South,,,NO DATA,NO DATA,NO DATA,"Other Public Roadway (Rest Areas, Shopping Center",Unknown,999.99,NO DATA,GEOCODE,Property Damage Only,"(44.48647943, -73.20906643)"
10572,VT0040100,2012BU016364,07/04/2012,230 North Winooski Avenue,Burlington,NO DATA,NO DATA,NO DATA,NO DATA,Parking Lot,20,Feet,99,7 - Other - Explain in Narrative,South,,,NO DATA,NO DATA,NO DATA,"Other Public Roadway (Rest Areas, Shopping Center",Unknown,999.99,NO DATA,GEOCODE,Property Damage Only,"(44.48647943, -73.20906643)"
10573,VT0110000,12RUC0035,01/09/2012,232 Main St,West Rutland,NO DATA,NO DATA,NO DATA,NO DATA,Stewarts,1,Miles,99,"8 - No Turns, Thru moves only, Broadside ^<",West,,,NO DATA,NO DATA,NO DATA,"Other Public Roadway (Rest Areas, Shopping Center",Unknown,999.99,NO DATA,GEOCODE,Property Damage Only,"(43.59399474, -73.04276390)"
10581,VT0040100,2012BU005380,03/06/2012,24 Dunder Rd,Burlington,NO DATA,NO DATA,NO DATA,NO DATA,24 Dunder Rd,300,Feet,25,3 - Same Direction Sideswipe,North,,,NO DATA,NO DATA,NO DATA,Street or Town Highways in FA Urban Area,Unknown,999.99,NO DATA,GEOCODE,Property Damage Only,"(44.45052090, -73.22660166)"
10582,VT0040600,12MT04416,10/28/2012,24 Ritchie Ave.,Milton,NO DATA,NO DATA,NO DATA,NO DATA,,300,Feet,35,7 - Other - Explain in Narrative,NO DATA,,,NO DATA,NO DATA,NO DATA,Street or Town Highways in FA Urban Area,Unknown,999.99,NO DATA,GEOCODE,Property Damage Only,"(44.63559947, -73.11521778)"
10583,VT0040100,2012BU019346,08/04/2012,240 College St,Burlington,NO DATA,NO DATA,NO DATA,NO DATA,Fletcher Free Library,50,Feet,25,3 - Same Direction Sideswipe,East,,,NO DATA,NO DATA,NO DATA,Street or Town Highways in FA Urban Area,Unknown,999.99,NO DATA,GEOCODE,Property Damage Only,"(44.47736726, -73.21012336)"
10584,VT0040100,2012BU006812,03/21/2012,240 Pearl St,Burlington,NO DATA,NO DATA,NO DATA,NO DATA,Pearl St Beverage Parking Lot,NO DATA,NO DATA,99,4 - Opp Direction Sideswipe,NO DATA,,,NO DATA,NO DATA,NO DATA,"Other Public Roadway (Rest Areas, Shopping Center",Unknown,999.99,NO DATA,GEOCODE,Property Damage Only,"(44.48076939, -73.20916089)"
10585,VT0110200,12RL12621,12/14/2012,241 South Main Street,Rutland City,NO DATA,NO DATA,NO DATA,NO DATA,Panera Bread Drive Thru,NO DATA,NO DATA,99,1 - Rear End,NO DATA,,,NO DATA,NO DATA,NO DATA,"Other Public Roadway (Rest Areas, Shopping Center",Unknown,999.99,NO DATA,GEOCODE,Property Damage Only,"(43.59077402, -72.97239725)"
10586,VT0040100,2012BU030306,11/28/2012,"244 Church Street, #2",Burlington,NO DATA,NO DATA,NO DATA,NO DATA,Parking Lot,0,Miles,99,4 - Opp Direction Sideswipe,South,,,NO DATA,NO DATA,NO DATA,"Other Public Roadway (Rest Areas, Shopping Center",Unknown,999.99,NO DATA,GEOCODE,Property Damage Only,"(44.47324642, -73.21193167)"
10594,VT0040100,2012BU021871,08/29/2012,26 Chase St,Burlington,NO DATA,NO DATA,NO DATA,NO DATA,Colchester Ave,NO DATA,NO DATA,25,3 - Same Direction Sideswipe,South,,,NO DATA,NO DATA,NO DATA,Street or Town Highways in FA Urban Area,Unknown,999.99,NO DATA,GEOCODE,Property Damage Only,"(44.48705757, -73.18610737)"
10595,VT0041000,12WT04348,12/06/2012,26 Cypress Street,Williston,NO DATA,NO DATA,NO DATA,NO DATA,Best Buy,5,Feet,10,5 - Rear-to-rear,North,,,NO DATA,NO DATA,NO DATA,"Other Public Roadway (Rest Areas, Shopping Center",Unknown,999.99,NO DATA,GEOCODE,Property Damage Only,"(44.44461024, -73.10974598)"
10596,VTVSP0200,12B103719,11/12/2012,260 Hill St,Lyndon,NO DATA,NO DATA,NO DATA,NO DATA,Lily Pond Rd,1000,Feet,99,6 - Single Vehicle Crash,North,615484,171156,NO DATA,NO DATA,NO DATA,"Other Public Roadway (Rest Areas, Shopping Center",Unknown,999.99,NO DATA,GEOCODE,Property Damage Only,"(44.53321217, -71.99309646)"
10597,VT0010200,12-124-AC,07/13/2012,260┬á COURT ST,Middlebury,NO DATA,NO DATA,NO DATA,NO DATA,HANNAFORDS PL,70,Feet,99,NO DATA,West,,,NO DATA,NO DATA,NO DATA,"Other Public Roadway (Rest Areas, Shopping Center",Unknown,999.99,NO DATA,GEOCODE,Property Damage Only,"(44.00123887, -73.15571956)"
10598,VT0010200,12-155-AC,09/13/2012,260┬á COURT ST,Middlebury,NO DATA,NO DATA,NO DATA,NO DATA,HANNAFORDS,NO DATA,NO DATA,99,NO DATA,West,,,NO DATA,NO DATA,NO DATA,"Other Public Roadway (Rest Areas, Shopping Center",Unknown,999.99,NO DATA,GEOCODE,Property Damage Only,"(44.00123887, -73.15571956)"
10599,VT0010200,12-47-AC,03/12/2012,260┬á COURT ST,Middlebury,NO DATA,NO DATA,NO DATA,NO DATA,HANNAFORDS PARKING LOT,NO DATA,NO DATA,99,7 - Other - Explain in Narrative,West,,,NO DATA,NO DATA,NO DATA,"Other Public Roadway (Rest Areas, Shopping Center",Unknown,999.99,NO DATA,GEOCODE,Property Damage Only,"(44.00123887, -73.15571956)"
10607,VT0040100,2012BU030235,11/27/2012,266 College Street,Burlington,NO DATA,NO DATA,NO DATA,NO DATA,YMCA Parking Lot,NO DATA,NO DATA,99,"8 - No Turns, Thru moves only, Broadside ^<",NO DATA,,,NO DATA,NO DATA,NO DATA,"Other Public Roadway (Rest Areas, Shopping Center",Unknown,999.99,NO DATA,GEOCODE,Property Damage Only,"(44.47742930, -73.20941539)"
10608,VT0040100,2012BU010290,05/02/2012,266 Ethan Allen Pkwy,Burlington,NO DATA,NO DATA,NO DATA,NO DATA,266 Ethan Allen Pkwy,NO DATA,NO DATA,25,"8 - No Turns, Thru moves only, Broadside ^<",NO DATA,,,NO DATA,NO DATA,NO DATA,Street or Town Highways in FA Urban Area,Unknown,999.99,NO DATA,GEOCODE,Property Damage Only,"(44.51103463, -73.24215229)"
10609,VT0040100,2012BU018059,07/21/2012,266 Maple St,Burlington,NO DATA,NO DATA,NO DATA,NO DATA,S Union St,50,Feet,99,2 - Head On,East,,,NO DATA,NO DATA,NO DATA,Street or Town Highways in FA Urban Area,Unknown,999.99,NO DATA,GEOCODE,Injury,"(44.47402367, -73.20848245)"
10610,VT0040100,2012BU012352,05/24/2012,266 Pine St,Burlington,NO DATA,NO DATA,NO DATA,NO DATA,Pine St,NO DATA,NO DATA,99,7 - Other - Explain in Narrative,NO DATA,,,NO DATA,NO DATA,NO DATA,"Other Public Roadway (Rest Areas, Shopping Center",Unknown,999.99,NO DATA,GEOCODE,Property Damage Only,"(44.47221788, -73.21435670)"
10611,VT0040100,2012BU017737,07/18/2012,27 Drew St,Burlington,NO DATA,NO DATA,NO DATA,NO DATA,North St,NO DATA,NO DATA,25,1 - Rear End,NO DATA,,,NO DATA,NO DATA,NO DATA,Street or Town Highways in FA Urban Area,Unknown,999.99,NO DATA,GEOCODE,Property Damage Only,"(44.48480920, -73.22158934)"
10612,VT0040400,12WS01937,05/31/2012,27 East Allen Street,Winooski City,NO DATA,NO DATA,NO DATA,NO DATA,Weaver Lane,NO DATA,NO DATA,25,1 - Rear End,NO DATA,415397,221510,NO DATA,NO DATA,NO DATA,"Other Public Roadway (Rest Areas, Shopping Center",Unknown,999.99,NO DATA,GEOCODE,Property Damage Only,"(44.49153984, -73.18537564)"
10620,VT0040600,12MT01217,04/02/2012,28 Industrial Drive,Milton,NO DATA,NO DATA,NO DATA,NO DATA,Plastic Monofil Inc,NO DATA,NO DATA,25,6 - Single Vehicle Crash,NO DATA,,,NO DATA,NO DATA,NO DATA,"Other Public Roadway (Rest Areas, Shopping Center",Unknown,999.99,NO DATA,GEOCODE,Property Damage Only,"(44.60433606, -73.16364103)"
10621,VT0040100,2012BU020919,08/20/2012,28 Lori Lane,Burlington,NO DATA,NO DATA,NO DATA,NO DATA,28 Lori Lane,100,Feet,25,"8 - No Turns, Thru moves only, Broadside ^<",South,,,NO DATA,NO DATA,NO DATA,Street or Town Highways in FA Urban Area,Unknown,999.99,NO DATA,GEOCODE,Property Damage Only,"(44.51907508, -73.24394186)"
10622,VT0040100,2012BU012279,05/23/2012,28 Murray St,Burlington,NO DATA,NO DATA,NO DATA,NO DATA,Allen St,50,Feet,25,2 - Head On,South,,,NO DATA,NO DATA,NO DATA,Street or Town Highways in FA Urban Area,Unknown,999.99,NO DATA,GEOCODE,Property Damage Only,"(44.48334363, -73.21574139)"
10623,VT0010200,12-185-AC,11/03/2012,280┬á COURT ST,Middlebury,NO DATA,NO DATA,NO DATA,NO DATA,MCDONALDS DRIVE THROUGH,NO DATA,NO DATA,99,NO DATA,West,,,NO DATA,NO DATA,NO DATA,"Other Public Roadway (Rest Areas, Shopping Center",Unknown,999.99,NO DATA,GEOCODE,Property Damage Only,"(44.00233834, -73.15432586)"
10624,VT0120600,12BL01980,08/10/2012,282 Berlin Mall Road,Berlin,NO DATA,NO DATA,NO DATA,NO DATA,JcPenny Parking Lot,30,Feet,25,3 - Same Direction Sideswipe,North,,,NO DATA,NO DATA,NO DATA,"Other Public Roadway (Rest Areas, Shopping Center",Unknown,999.99,NO DATA,GEOCODE,Property Damage Only,"(44.21693864, -72.56502370)"
10625,VT0120600,12BL02547,10/15/2012,282 Berlin Mall Road,Berlin,NO DATA,NO DATA,NO DATA,NO DATA,Parking Lot In Front Of Walmart,15,Feet,99,7 - Other - Explain in Narrative,West,,,NO DATA,NO DATA,NO DATA,"Other Public Roadway (Rest Areas, Shopping Center",Unknown,999.99,NO DATA,GEOCODE,Property Damage Only,"(44.21693864, -72.56502370)"
10633,VT0040100,2012BU016438,07/05/2012,294 No Winooski Ave,Burlington,NO DATA,NO DATA,NO DATA,NO DATA,Parking Lot,NO DATA,NO DATA,99,2 - Head On,NO DATA,,,NO DATA,NO DATA,NO DATA,"Other Public Roadway (Rest Areas, Shopping Center",Unknown,999.99,NO DATA,GEOCODE,Property Damage Only,"(44.48780849, -73.20762159)"
10634,VT0040100,2012BU008429,04/09/2012,295 Maple St,Burlington,NO DATA,NO DATA,NO DATA,NO DATA,,500,Feet,25,"8 - No Turns, Thru moves only, Broadside ^<",East,,,NO DATA,NO DATA,NO DATA,Street or Town Highways in FA Urban Area,Unknown,999.99,NO DATA,GEOCODE,Property Damage Only,"(44.47355060, -73.20739924)"
10635,VT0040100,12BU017462,07/15/2012,3 Cherry St,Burlington,NO DATA,NO DATA,NO DATA,NO DATA,Church Parking Lot,NO DATA,NO DATA,10,7 - Other - Explain in Narrative,NO DATA,,,NO DATA,NO DATA,NO DATA,"Other Public Roadway (Rest Areas, Shopping Center",Unknown,999.99,NO DATA,GEOCODE,Property Damage Only,"(44.46128949, -73.18165391)"
10636,VT0040100,12BU017072,07/11/2012,3 Main St,Burlington,NO DATA,NO DATA,NO DATA,NO DATA,Battery St,NO DATA,NO DATA,25,"8 - No Turns, Thru moves only, Broadside ^<",West,,,NO DATA,NO DATA,NO DATA,Street or Town Highways in FA Urban Area,Unknown,999.99,NO DATA,GEOCODE,Property Damage Only,"(44.47536962, -73.21919793)"
10637,VT0130200,12BB07753,10/11/2012,30 Putney Rd,Brattleboro,NO DATA,NO DATA,NO DATA,NO DATA,Court House Parking Lot,NO DATA,NO DATA,99,NO DATA,NO DATA,,,NO DATA,NO DATA,NO DATA,"Other Public Roadway (Rest Areas, Shopping Center",Unknown,999.99,NO DATA,GEOCODE,Property Damage Only,"(42.85669873, -72.56027114)"
10638,VT0040600,12MT04833,11/30/2012,30 School Street,Milton,NO DATA,NO DATA,NO DATA,NO DATA,On Cherry St.┬á East Of 30 School Street,30,Feet,30,6 - Single Vehicle Crash,East,,,NO DATA,NO DATA,NO DATA,Street or Town Highways in FA Urban Area,Unknown,999.99,NO DATA,GEOCODE,Property Damage Only,"(44.63720222, -73.11078238)"
10646,VT0040100,2012BU021042,08/21/2012,31 Elmwood Ave,Burlington,NO DATA,NO DATA,NO DATA,NO DATA,Elmwood Ave,50,Feet,25,7 - Other - Explain in Narrative,North,,,NO DATA,NO DATA,NO DATA,Street or Town Highways in FA Urban Area,Unknown,999.99,NO DATA,GEOCODE,Property Damage Only,"(44.48136317, -73.21384971)"
10647,VT0040100,2012BU003742,02/13/2012,315 Pine St,Burlington,NO DATA,NO DATA,NO DATA,NO DATA,315 Pine St,NO DATA,NO DATA,99,3 - Same Direction Sideswipe,NO DATA,,,NO DATA,NO DATA,NO DATA,"Other Public Roadway (Rest Areas, Shopping Center",Unknown,999.99,NO DATA,GEOCODE,Property Damage Only,"(44.47126877, -73.21602675)"
10648,VT0040100,2012BU028614,11/06/2012,32 Cherry Street,Burlington,NO DATA,NO DATA,NO DATA,NO DATA,Pearl Street,100,Feet,99,7 - Other - Explain in Narrative,South,,,NO DATA,NO DATA,NO DATA,Street or Town Highways in FA Urban Area,Unknown,999.99,NO DATA,GEOCODE,Property Damage Only,"(44.47942239, -73.21706121)"
10649,VT0040100,2012BU032364,12/24/2012,32 Rose ST,Burlington,NO DATA,NO DATA,NO DATA,NO DATA,Rose St,NO DATA,NO DATA,99,3 - Same Direction Sideswipe,NO DATA,,,NO DATA,NO DATA,NO DATA,Street or Town Highways in FA Urban Area,Unknown,999.99,NO DATA,GEOCODE,Property Damage Only,"(44.48556279, -73.21627080)"
10650,VT0030300,12SJ04640,11/10/2012,325 Portland St,St. Johnsbury,NO DATA,NO DATA,NO DATA,NO DATA,Union Bank Parking Lot,NO DATA,NO DATA,30,7 - Other - Explain in Narrative,East,578193,213178,NO DATA,NO DATA,NO DATA,"Other Public Roadway (Rest Areas, Shopping Center",Unknown,999.99,NO DATA,GEOCODE,Property Damage Only,"(44.42055552, -72.00934282)"
10651,VT0040100,12BU16226,07/03/2012,328 North Ave,Burlington,NO DATA,NO DATA,NO DATA,NO DATA,Champlain Farms,NO DATA,NO DATA,25,7 - Other - Explain in Narrative,NO DATA,,,NO DATA,NO DATA,NO DATA,"Other Public Roadway (Rest Areas, Shopping Center",Unknown,999.99,NO DATA,GEOCODE,Property Damage Only,"(44.49015854, -73.22652278)"
10659,VT0020400,12MC01300,07/05/2012,34 Ways Lane,Manchester,NO DATA,NO DATA,NO DATA,NO DATA,Pharmacy Northshire,15,Feet,30,"12 - Left Turn and Thru, Same Direction Sideswipe/Angle Crash vv--",South,,,NO DATA,NO DATA,NO DATA,"City, Village or Urban Compact Street not in FA Ur",Unknown,999.99,NO DATA,GEOCODE,Property Damage Only,"(43.17250175, -73.06398136)"
10660,VT0040100,2012BU009771,04/25/2012,348 North St,Burlington,NO DATA,NO DATA,NO DATA,NO DATA,Parking Lot,NO DATA,NO DATA,99,4 - Opp Direction Sideswipe,NO DATA,,,NO DATA,NO DATA,NO DATA,"Other Public Roadway (Rest Areas, Shopping Center",Unknown,999.99,NO DATA,GEOCODE,Property Damage Only,"(44.51940414, -73.26550111)"
10661,VT0040100,2012BU018774,07/29/2012,35 Oakland Terr,Burlington,NO DATA,NO DATA,NO DATA,NO DATA,Staniford Rd,500,Feet,25,7 - Other - Explain in Narrative,North,,,NO DATA,NO DATA,NO DATA,Street or Town Highways in FA Urban Area,Unknown,999.99,NO DATA,GEOCODE,Property Damage Only,"(44.50997736, -73.25897190)"
10662,VT0040100,2012BU017246,07/13/2012,35 St Marys St,Burlington,NO DATA,NO DATA,NO DATA,NO DATA,Oak St,NO DATA,NO DATA,25,7 - Other - Explain in Narrative,South,,,NO DATA,NO DATA,NO DATA,Street or Town Highways in FA Urban Area,Unknown,999.99,NO DATA,GEOCODE,Property Damage Only,"(44.48934740, -73.21063455)"
10663,VT0010200,12-166-AC,09/28/2012,350┬á LODGE RD,Middlebury,NO DATA,NO DATA,NO DATA,NO DATA,THE LODGE AT OTTER CREEK,NO DATA,Miles,25,NO DATA,West,,,NO DATA,NO DATA,NO DATA,"Other Public Roadway (Rest Areas, Shopping Center",Unknown,999.99,NO DATA,GEOCODE,Property Damage Only,"(43.99259887, -73.15598177)"
10664,VT0010200,12-1-AC,01/01/2012,3518┬á CASE ST,Middlebury,NO DATA,NO DATA,NO DATA,NO DATA,COMMUNITY HOUSE DRIVEWAY,NO DATA,NO DATA,99,NO DATA,NO DATA,,,NO DATA,NO DATA,NO DATA,Private Property (Driveways),Unknown,999.99,NO DATA,GEOCODE,Property Damage Only,"(44.02153904, -73.10230390)"
10672,VT0080200,12ST00147,01/14/2012,360 Mansfield Base,Stowe,NO DATA,NO DATA,NO DATA,NO DATA,Parking Lot,NO DATA,NO DATA,99,2 - Head On,NO DATA,,,NO DATA,NO DATA,NO DATA,"Other Public Roadway (Rest Areas, Shopping Center",Unknown,999.99,NO DATA,GEOCODE,Property Damage Only,"(44.52905899, -72.78430978)"
10673,VT0080200,12ST00246,01/24/2012,360 Mansfield Base,Stowe,NO DATA,NO DATA,NO DATA,NO DATA,Parking Lot,NO DATA,NO DATA,99,NO DATA,NO DATA,,,NO DATA,NO DATA,NO DATA,"Other Public Roadway (Rest Areas, Shopping Center",Unknown,999.99,NO DATA,GEOCODE,Property Damage Only,"(44.52905899, -72.78430978)"
10674,VT0080200,12ST00444,02/15/2012,360 Mansfield Base,Stowe,NO DATA,NO DATA,NO DATA,NO DATA,Parking Lot,NO DATA,NO DATA,99,1 - Rear End,NO DATA,,,NO DATA,NO DATA,NO DATA,"Other Public Roadway (Rest Areas, Shopping Center",Unknown,999.99,NO DATA,GEOCODE,Property Damage Only,"(44.52905899, -72.78430978)"
10675,VT0040100,2012BU015949,06/30/2012,361 Northgate Rd,Burlington,NO DATA,NO DATA,NO DATA,NO DATA,Northgate Rd,NO DATA,NO DATA,99,"8 - No Turns, Thru moves only, Broadside ^<",NO DATA,,,NO DATA,NO DATA,NO DATA,Street or Town Highways in FA Urban Area,Unknown,999.99,NO DATA,GEOCODE,Property Damage Only,"(44.51904504, -73.26493779)"
10676,VT0040100,2012BU013042,05/30/2012,361 Pearl St,Burlington,NO DATA,NO DATA,NO DATA,NO DATA,Parking Lot,NO DATA,NO DATA,99,1 - Rear End,NO DATA,,,NO DATA,NO DATA,NO DATA,"Other Public Roadway (Rest Areas, Shopping Center",Unknown,999.99,NO DATA,GEOCODE,Property Damage Only,"(44.48047963, -73.20409448)"
10677,VT0040300,12SB01049,02/09/2012,364 Dorset Street,South Burlington,NO DATA,NO DATA,NO DATA,NO DATA,364 Dorset Street,500,Feet,99,5 - Rear-to-rear,South,,,NO DATA,NO DATA,NO DATA,"Other Public Roadway (Rest Areas, Shopping Center",Unknown,999.99,NO DATA,GEOCODE,Property Damage Only,"(44.45853836, -73.17829603)"
10685,VT0040100,2012BU017582,07/06/2012,38 Russell St,Burlington,NO DATA,NO DATA,NO DATA,NO DATA,Charles St,200,Feet,99,7 - Other - Explain in Narrative,South,,,NO DATA,NO DATA,NO DATA,Street or Town Highways in FA Urban Area,Unknown,999.99,NO DATA,GEOCODE,Property Damage Only,"(44.48607492, -73.20676427)"
10686,VT0040100,2012BU018988,07/31/2012,388 College St,Burlington,NO DATA,NO DATA,NO DATA,NO DATA,Colleges St,NO DATA,NO DATA,25,4 - Opp Direction Sideswipe,NO DATA,,,NO DATA,NO DATA,NO DATA,Street or Town Highways in FA Urban Area,Unknown,999.99,NO DATA,GEOCODE,Property Damage Only,"(44.47798499, -73.20391313)"
10687,VT0040100,2012BU023127,09/09/2012,388 College St,Burlington,NO DATA,NO DATA,NO DATA,NO DATA,Parking Lot,NO DATA,NO DATA,99,"8 - No Turns, Thru moves only, Broadside ^<",NO DATA,,,NO DATA,NO DATA,NO DATA,"Other Public Roadway (Rest Areas, Shopping Center",Unknown,999.99,NO DATA,GEOCODE,Property Damage Only,"(44.47798499, -73.20391313)"
10688,VT0040100,2012BU07840,04/02/2012,388 Pine St,Burlington,NO DATA,NO DATA,NO DATA,NO DATA,Burlington Futon,30,Feet,99,"11 - Left Turn and Thru, Head On ^v--",West,,,NO DATA,NO DATA,NO DATA,"Other Public Roadway (Rest Areas, Shopping Center",Unknown,999.99,NO DATA,GEOCODE,Property Damage Only,"(44.46869913, -73.21472174)"
10689,VT0040600,12MT03457,08/29/2012,4 Centre Drive,Milton,NO DATA,NO DATA,NO DATA,NO DATA,Vermont Federal Bank,NO DATA,NO DATA,35,6 - Single Vehicle Crash,West,,,NO DATA,NO DATA,NO DATA,Street or Town Highways in FA Urban Area,Unknown,999.99,NO DATA,GEOCODE,Injury,"(44.62214146, -73.12205175)"
10690,VT0040100,2012BU028381,11/03/2012,40 Intervale Avenue,Burlington,NO DATA,NO DATA,NO DATA,NO DATA,North Street,NO DATA,NO DATA,25,7 - Other - Explain in Narrative,NO DATA,,,NO DATA,NO DATA,NO DATA,Street or Town Highways in FA Urban Area,Unknown,999.99,NO DATA,GEOCODE,Property Damage Only,"(44.48565696, -73.21284328)"
10698,VT0080200,12ST00384,02/08/2012,413 Barrows Road,Stowe,5,NO DATA,NO DATA,NO DATA,School Parking Lot @ Barrows Intersection,NO DATA,NO DATA,35,1 - Rear End,NO DATA,,,NO DATA,NO DATA,NO DATA,"Other Public Roadway (Rest Areas, Shopping Center",Unknown,999.99,NO DATA,GEOCODE,Property Damage Only,"(44.46720939, -72.72647654)"
10699,VT0041000,12WT01264,04/23/2012,4185 St. George Road,Williston,NO DATA,2A,NO DATA,NO DATA,Parking Lot Of 4185 St. George,75,Feet,99,1 - Rear End,South,,,NO DATA,NO DATA,NO DATA,"Other Public Roadway (Rest Areas, Shopping Center",Unknown,999.99,NO DATA,GEOCODE,Property Damage Only,"(44.42344799, -73.12319323)"
10700,VT0040100,2012BU00453,01/06/2012,42 Grant St,Burlington,NO DATA,NO DATA,NO DATA,NO DATA,42 Grant St,NO DATA,NO DATA,99,3 - Same Direction Sideswipe,NO DATA,,,NO DATA,NO DATA,NO DATA,Street or Town Highways in FA Urban Area,Unknown,999.99,NO DATA,GEOCODE,Property Damage Only,"(44.48243808, -73.21191428)"
10701,VT0040100,12BU017601,07/06/2012,429 Northgate Rd,Burlington,NO DATA,NO DATA,NO DATA,NO DATA,North Ave,700,Feet,25,7 - Other - Explain in Narrative,West,,,NO DATA,NO DATA,NO DATA,Street or Town Highways in FA Urban Area,Unknown,999.99,NO DATA,GEOCODE,Property Damage Only,"(44.51801934, -73.26482868)"
10702,VT0040100,2012BU026941,10/19/2012,43 Starr Farm Rd,Burlington,NO DATA,NO DATA,NO DATA,NO DATA,North Ave,300,Feet,99,7 - Other - Explain in Narrative,NO DATA,,,NO DATA,NO DATA,NO DATA,Street or Town Highways in FA Urban Area,Unknown,999.99,NO DATA,GEOCODE,Property Damage Only,"(44.51597487, -73.26001043)"
10703,VT0040100,2012BU016444,07/05/2012,43 Ward Street,Burlington,NO DATA,NO DATA,NO DATA,NO DATA,,NO DATA,NO DATA,25,7 - Other - Explain in Narrative,NO DATA,,,NO DATA,NO DATA,NO DATA,Street or Town Highways in FA Urban Area,Unknown,999.99,NO DATA,GEOCODE,Property Damage Only,"(44.48674853, -73.22210316)"
10711,VT0040100,2012BU000280,01/04/2012,454 Riverside Ave,Burlington,NO DATA,NO DATA,NO DATA,NO DATA,N Prospect St,300,Feet,25,4 - Opp Direction Sideswipe,East,,,NO DATA,NO DATA,NO DATA,"Other Public Roadway (Rest Areas, Shopping Center",Unknown,999.99,NO DATA,GEOCODE,Property Damage Only,"(44.48805051, -73.20046021)"
10712,VT0040100,2012BU010963,05/10/2012,454 Riverside Ave,Burlington,NO DATA,NO DATA,NO DATA,NO DATA,Cumberland Farms Lot,NO DATA,NO DATA,99,5 - Rear-to-rear,NO DATA,,,NO DATA,NO DATA,NO DATA,"Other Public Roadway (Rest Areas, Shopping Center",Unknown,999.99,NO DATA,GEOCODE,Property Damage Only,"(44.48805051, -73.20046021)"
10713,VT0040100,2012BU019081,08/01/2012,454 Riverside Ave,Burlington,NO DATA,NO DATA,NO DATA,NO DATA,Cumberland Farms Parking Lot,NO DATA,NO DATA,99,"8 - No Turns, Thru moves only, Broadside ^<",NO DATA,,,NO DATA,NO DATA,NO DATA,"Other Public Roadway (Rest Areas, Shopping Center",Unknown,999.99,NO DATA,GEOCODE,Property Damage Only,"(44.48805051, -73.20046021)"
10714,VT0040100,2012BU019607,08/07/2012,454 Riverside Ave,Burlington,NO DATA,NO DATA,NO DATA,NO DATA,N Prospect St,NO DATA,NO DATA,99,7 - Other - Explain in Narrative,NO DATA,,,NO DATA,NO DATA,NO DATA,"Other Public Roadway (Rest Areas, Shopping Center",Unknown,999.99,NO DATA,GEOCODE,Property Damage Only,"(44.48805051, -73.20046021)"
10715,VT0040100,2012BU021364,08/24/2012,454 Riverside Ave,Burlington,NO DATA,NO DATA,NO DATA,NO DATA,Intervale Rd,NO DATA,NO DATA,25,"10 - Left Turn and Thru, Angle Broadside -->v--",NO DATA,,,NO DATA,NO DATA,NO DATA,"Other Public Roadway (Rest Areas, Shopping Center",Unknown,999.99,NO DATA,GEOCODE,Injury,"(44.48805051, -73.20046021)"
10723,VT0130200,12BB09395,12/13/2012,460 Canal St,Brattleboro,NO DATA,NO DATA,NO DATA,NO DATA,VT Inn Pizza Parking Lot,NO DATA,NO DATA,99,NO DATA,NO DATA,,,NO DATA,NO DATA,NO DATA,"Other Public Roadway (Rest Areas, Shopping Center",Unknown,999.99,NO DATA,GEOCODE,Property Damage Only,"(42.83951874, -72.56467112)"
10724,VT0120600,12BL00184,01/21/2012,465 US RT 302,Berlin,NO DATA,NO DATA,302,NO DATA,Parking Lot Of 465 US RT 302,10,Feet,40,6 - Single Vehicle Crash,North,,,NO DATA,NO DATA,NO DATA,"Other Public Roadway (Rest Areas, Shopping Center",Unknown,999.99,NO DATA,GEOCODE,Property Damage Only,"(44.21850337, -72.54076506)"
10725,VT0130200,12BB09438,12/15/2012,469 Canal St,Brattleboro,NO DATA,NO DATA,NO DATA,NO DATA,Fairview St,NO DATA,NO DATA,99,NO DATA,NO DATA,,,NO DATA,NO DATA,NO DATA,"Other Public Roadway (Rest Areas, Shopping Center",Unknown,999.99,NO DATA,GEOCODE,Property Damage Only,"(42.83948486, -72.56534954)"
10726,VT0040100,2012BU016961,07/10/2012,47 Maple St,Burlington,NO DATA,NO DATA,NO DATA,NO DATA,Battery St,NO DATA,NO DATA,30,1 - Rear End,East,,,NO DATA,NO DATA,NO DATA,Street or Town Highways in FA Urban Area,Unknown,999.99,NO DATA,GEOCODE,Property Damage Only,"(44.47327155, -73.21792118)"