ID,Reporting Agency,Report Number,Date,Street Address,Town,Number,Number1,Number2,Number3,Intersection,Distance From Intersection,Distance Unit,Posted Speed,Direction of Collision,Direction from Intersection,Easting,Northing,Mile Marker,Mile Marker 1,Mile Marker 2,AOT Roadway,AOT Route,AOT Actual Mile,LRS Number,How Mapped,Crash Type,Location 1
10727,VT0130200,12BB08597,11/13/2012,47 Old Ferry Rd,Brattleboro,NO DATA,NO DATA,NO DATA,NO DATA,C & S Parking Lot,NO DATA,NO DATA,99,3 - Same Direction Sideswipe,NO DATA,,,NO DATA,NO DATA,NO DATA,"Other Public Roadway (Rest Areas, Shopping Center",Unknown,999.99,NO DATA,GEOCODE,Property Damage Only,"(42.89269873, -72.54927111)"
10728,VT0040100,2012BU018168,07/22/2012,47 S Williams St #311,Burlington,NO DATA,NO DATA,NO DATA,NO DATA,S Williams St,NO DATA,NO DATA,99,3 - Same Direction Sideswipe,NO DATA,,,NO DATA,NO DATA,NO DATA,"Other Public Roadway (Rest Areas, Shopping Center",Unknown,999.99,NO DATA,GEOCODE,Property Damage Only,"(44.47949638, -73.20420615)"
10736,VT0130200,12BB09001,11/28/2012,49 Organ St,Brattleboro,NO DATA,NO DATA,NO DATA,NO DATA,Organ St,NO DATA,NO DATA,99,NO DATA,NO DATA,,,NO DATA,NO DATA,NO DATA,Street or Town Highways in FA Urban Area,Unknown,999.99,NO DATA,GEOCODE,Property Damage Only,"(42.84682873, -72.56747115)"
10737,VT0020400,12MC02159,10/23/2012,4963 Main Street,Manchester,NO DATA,7A,NO DATA,NO DATA,Parking Lot @ Gourmet Deli,NO DATA,NO DATA,99,NO DATA,NO DATA,,,NO DATA,NO DATA,NO DATA,"Other Public Roadway (Rest Areas, Shopping Center",Unknown,999.99,NO DATA,GEOCODE,Property Damage Only,"(43.17789193, -73.05567298)"
10738,VT0130200,12BB01096,01/25/2012,499 Canal St,Brattleboro,NO DATA,NO DATA,NO DATA,NO DATA,Brattleboro,NO DATA,NO DATA,99,NO DATA,NO DATA,,,NO DATA,NO DATA,NO DATA,"Other Public Roadway (Rest Areas, Shopping Center",Unknown,999.99,NO DATA,GEOCODE,Property Damage Only,"(42.83968832, -72.56601490)"
10739,VT0130200,12BB02777,04/17/2012,499 Canal St,Brattleboro,NO DATA,NO DATA,NO DATA,NO DATA,Price Chopper Lot,NO DATA,NO DATA,99,3 - Same Direction Sideswipe,West,,,NO DATA,NO DATA,NO DATA,"Other Public Roadway (Rest Areas, Shopping Center",Unknown,999.99,NO DATA,GEOCODE,Property Damage Only,"(42.83968832, -72.56601490)"
10740,VT0130200,12BB03796,05/23/2012,499 Canal St,Brattleboro,NO DATA,NO DATA,NO DATA,NO DATA,Price Chopper Parking Lot,NO DATA,NO DATA,99,NO DATA,NO DATA,,,NO DATA,NO DATA,NO DATA,"Other Public Roadway (Rest Areas, Shopping Center",Unknown,999.99,NO DATA,GEOCODE,Property Damage Only,"(42.83968832, -72.56601490)"
10741,VT0130200,12BB03898,05/28/2012,499 Canal St,Brattleboro,NO DATA,NO DATA,NO DATA,NO DATA,Price Chopper Parking Lot,NO DATA,NO DATA,99,NO DATA,NO DATA,,,NO DATA,NO DATA,NO DATA,"Other Public Roadway (Rest Areas, Shopping Center",Unknown,999.99,NO DATA,GEOCODE,Property Damage Only,"(42.83968832, -72.56601490)"
10749,VT0130200,12BB07658,09/25/2012,499 Canal St,Brattleboro,NO DATA,NO DATA,NO DATA,NO DATA,Price Chopper Parking Lot,NO DATA,NO DATA,99,NO DATA,NO DATA,,,NO DATA,NO DATA,NO DATA,"Other Public Roadway (Rest Areas, Shopping Center",Unknown,999.99,NO DATA,GEOCODE,Property Damage Only,"(42.83968832, -72.56601490)"
10750,VT0130200,12BB08360,11/02/2012,499 Canal St,Brattleboro,NO DATA,NO DATA,NO DATA,NO DATA,Price Chopper Parking Lot,NO DATA,NO DATA,99,NO DATA,NO DATA,,,NO DATA,NO DATA,NO DATA,"Other Public Roadway (Rest Areas, Shopping Center",Unknown,999.99,NO DATA,GEOCODE,Property Damage Only,"(42.83968832, -72.56601490)"
10751,VT0090100,12RD01106,11/08/2012,5 Church Street,Randolph,376,NO DATA,NO DATA,NO DATA,South Pleasant St,75,Feet,25,6 - Single Vehicle Crash,East,,,NO DATA,NO DATA,NO DATA,"City, Village or Urban Compact Street not in FA Ur",Unknown,999.99,NO DATA,GEOCODE,Property Damage Only,"(43.92090351, -72.66316342)"
10752,VT0040100,2012BU025486,10/03/2012,50 Harrington Terr,Burlington,NO DATA,NO DATA,NO DATA,NO DATA,Harrington Terr,130,Feet,25,"8 - No Turns, Thru moves only, Broadside ^<",South,,,NO DATA,NO DATA,NO DATA,Street or Town Highways in FA Urban Area,Unknown,999.99,NO DATA,GEOCODE,Property Damage Only,"(44.47465090, -73.20351321)"
10753,VT0040100,2012BU001815,01/21/2012,500 Riverside Ave,Burlington,NO DATA,NO DATA,NO DATA,NO DATA,500 Riverside Ave,NO DATA,NO DATA,99,1 - Rear End,North,,,NO DATA,NO DATA,NO DATA,"Other Public Roadway (Rest Areas, Shopping Center",Unknown,999.99,NO DATA,GEOCODE,Property Damage Only,"(44.48846094, -73.20190557)"
10754,VT0040100,2012BU031975,12/19/2012,51 St Mary's Street,Burlington,NO DATA,NO DATA,NO DATA,NO DATA,N/A,NO DATA,NO DATA,25,7 - Other - Explain in Narrative,NO DATA,,,NO DATA,NO DATA,NO DATA,Street or Town Highways in FA Urban Area,Unknown,999.99,NO DATA,GEOCODE,Property Damage Only,"(44.49035870, -73.21064249)"
10762,VT0040300,12SB014257,10/24/2012,550 Dorset Street,South Burlington,NO DATA,NO DATA,NO DATA,NO DATA,South Burlington High School,NO DATA,NO DATA,10,7 - Other - Explain in Narrative,NO DATA,,,NO DATA,NO DATA,NO DATA,"Other Public Roadway (Rest Areas, Shopping Center",Unknown,999.99,NO DATA,GEOCODE,Property Damage Only,"(44.45493255, -73.17789245)"
10763,VT0040100,2012BU005992,03/13/2012,555 Shelburne Rd,Burlington,NO DATA,NO DATA,NO DATA,NO DATA,TJ Maxx Parking Lot,NO DATA,NO DATA,99,4 - Opp Direction Sideswipe,NO DATA,,,NO DATA,NO DATA,NO DATA,"Other Public Roadway (Rest Areas, Shopping Center",Unknown,999.99,NO DATA,GEOCODE,Property Damage Only,"(44.44819741, -73.20972494)"
10764,VT0040100,2012BU008307,04/07/2012,555 Shelburne Rd,Burlington,NO DATA,NO DATA,NO DATA,NO DATA,TJ Maxx Parking Lot,NO DATA,NO DATA,99,6 - Single Vehicle Crash,NO DATA,,,NO DATA,NO DATA,NO DATA,"Other Public Roadway (Rest Areas, Shopping Center",Unknown,999.99,NO DATA,GEOCODE,Injury,"(44.44819741, -73.20972494)"
10765,VT0040100,12BU018426,07/25/2012,56 King St,Burlington,NO DATA,NO DATA,NO DATA,NO DATA,S Champlain St,100,Feet,25,7 - Other - Explain in Narrative,NO DATA,,,NO DATA,NO DATA,NO DATA,Street or Town Highways in FA Urban Area,Unknown,999.99,NO DATA,GEOCODE,Property Damage Only,"(44.47483624, -73.21646978)"
10766,VT0080100,12MR00994,04/23/2012,56 SUMMER STREET,Morristown,NO DATA,NO DATA,NO DATA,NO DATA,UPPER MAIN STREET,100,Feet,25,7 - Other - Explain in Narrative,West,,,NO DATA,NO DATA,NO DATA,"City, Village or Urban Compact Street not in FA Ur",Unknown,999.99,NO DATA,GEOCODE,Property Damage Only,"(44.56119293, -72.59601714)"
10774,VT0040100,2012BU005991,03/13/2012,595 Shelburne Rd,Burlington,NO DATA,NO DATA,NO DATA,NO DATA,Price Chopper Parking Lot,NO DATA,NO DATA,99,3 - Same Direction Sideswipe,NO DATA,,,NO DATA,NO DATA,NO DATA,"Other Public Roadway (Rest Areas, Shopping Center",Unknown,999.99,NO DATA,GEOCODE,Property Damage Only,"(44.44959148, -73.21085901)"
10775,VT0040100,2012BU007331,03/27/2012,595 Shelburne Rd,Burlington,NO DATA,NO DATA,NO DATA,NO DATA,595 Shelburne Rd,NO DATA,NO DATA,99,1 - Rear End,NO DATA,,,NO DATA,NO DATA,NO DATA,"Other Public Roadway (Rest Areas, Shopping Center",Unknown,999.99,NO DATA,GEOCODE,Property Damage Only,"(44.44959148, -73.21085901)"
10776,VT0040100,2012BU007448,03/28/2012,595 Shelburne Rd,Burlington,NO DATA,NO DATA,NO DATA,NO DATA,Parking Lot,200,Feet,99,6 - Single Vehicle Crash,West,,,NO DATA,NO DATA,NO DATA,"Other Public Roadway (Rest Areas, Shopping Center",Unknown,999.99,NO DATA,GEOCODE,Injury,"(44.44959148, -73.21085901)"
10777,VT0040100,2012BU0075066,03/29/2012,595 Shelburne Rd,Burlington,NO DATA,NO DATA,NO DATA,NO DATA,Price Chopper Parking Lot,NO DATA,NO DATA,99,NO DATA,NO DATA,,,NO DATA,NO DATA,NO DATA,"Other Public Roadway (Rest Areas, Shopping Center",Unknown,999.99,NO DATA,GEOCODE,Property Damage Only,"(44.44959148, -73.21085901)"
10778,VT0040100,2012BU008283,03/31/2012,595 Shelburne Rd,Burlington,NO DATA,NO DATA,NO DATA,NO DATA,Shelburne Rd,NO DATA,NO DATA,25,7 - Other - Explain in Narrative,NO DATA,,,NO DATA,NO DATA,NO DATA,"Other Public Roadway (Rest Areas, Shopping Center",Unknown,999.99,NO DATA,GEOCODE,Property Damage Only,"(44.44959148, -73.21085901)"
10786,VT0040100,2012BU018917,07/30/2012,595 Shelburne Rd,Burlington,NO DATA,NO DATA,NO DATA,NO DATA,Parking Lot,NO DATA,NO DATA,99,5 - Rear-to-rear,NO DATA,,,NO DATA,NO DATA,NO DATA,"Other Public Roadway (Rest Areas, Shopping Center",Unknown,999.99,NO DATA,GEOCODE,Property Damage Only,"(44.44959148, -73.21085901)"
10787,VT0040100,2012BU020050,08/11/2012,595 SHELBURNE RD,Burlington,NO DATA,NO DATA,NO DATA,NO DATA,595 SHELBURNE RD,NO DATA,NO DATA,10,NO DATA,NO DATA,,,NO DATA,NO DATA,NO DATA,"Other Public Roadway (Rest Areas, Shopping Center",Unknown,999.99,NO DATA,GEOCODE,Property Damage Only,"(44.44959148, -73.21085901)"
10788,VT0040100,2012BU020243,08/13/2012,595 Shelburne Rd,Burlington,NO DATA,NO DATA,NO DATA,NO DATA,Dress Barn Parking Lot,NO DATA,NO DATA,99,4 - Opp Direction Sideswipe,NO DATA,,,NO DATA,NO DATA,NO DATA,"Other Public Roadway (Rest Areas, Shopping Center",Unknown,999.99,NO DATA,GEOCODE,Property Damage Only,"(44.44959148, -73.21085901)"
10789,VT0040100,2012BU021972,08/30/2012,595 Shelburne Rd,Burlington,NO DATA,NO DATA,NO DATA,NO DATA,Price Chopper,1,Feet,99,3 - Same Direction Sideswipe,West,,,NO DATA,NO DATA,NO DATA,"Other Public Roadway (Rest Areas, Shopping Center",Unknown,999.99,NO DATA,GEOCODE,Property Damage Only,"(44.44959148, -73.21085901)"
10790,VT0040100,2012BU022730,09/06/2012,595 Shelburne Rd,Burlington,NO DATA,NO DATA,NO DATA,NO DATA,Shelburen Rd,NO DATA,NO DATA,99,"8 - No Turns, Thru moves only, Broadside ^<",East,,,NO DATA,NO DATA,NO DATA,"Other Public Roadway (Rest Areas, Shopping Center",Unknown,999.99,NO DATA,GEOCODE,Property Damage Only,"(44.44959148, -73.21085901)"
10798,VT0040100,2012BU030736,12/04/2012,60 Battery St,Burlington,NO DATA,NO DATA,NO DATA,NO DATA,Hilton Parking Garage,NO DATA,NO DATA,25,"18 - Right Turn and Thru, Broadside ^<--",NO DATA,,,NO DATA,NO DATA,NO DATA,"Other Public Roadway (Rest Areas, Shopping Center",Unknown,999.99,NO DATA,GEOCODE,Property Damage Only,"(44.47813870, -73.21824031)"
10799,VT0040100,2012BU017168,07/12/2012,60 Institute Rd,Burlington,NO DATA,NO DATA,NO DATA,NO DATA,North Beach,NO DATA,NO DATA,99,7 - Other - Explain in Narrative,NO DATA,,,NO DATA,NO DATA,NO DATA,Street or Town Highways in FA Urban Area,Unknown,999.99,NO DATA,GEOCODE,Property Damage Only,"(44.49476723, -73.23601747)"
10800,VT0040100,2012BU024649,09/23/2012,60 Lake St,Burlington,NO DATA,NO DATA,NO DATA,NO DATA,60,1,Feet,25,7 - Other - Explain in Narrative,North,,,NO DATA,NO DATA,NO DATA,"Other Public Roadway (Rest Areas, Shopping Center",Unknown,999.99,NO DATA,GEOCODE,Property Damage Only,"(44.47778246, -73.21976057)"
10801,VT0040100,2012BU027946,10/29/2012,60 Lake Street,Burlington,NO DATA,NO DATA,NO DATA,NO DATA,College St,100,Feet,25,3 - Same Direction Sideswipe,North,,,NO DATA,NO DATA,NO DATA,"Other Public Roadway (Rest Areas, Shopping Center",Unknown,999.99,NO DATA,GEOCODE,Property Damage Only,"(44.47778246, -73.21976057)"
10802,VT0130200,12BB02548,04/06/2012,60 Moonlight Lane,Brattleboro,NO DATA,NO DATA,NO DATA,NO DATA,,NO DATA,NO DATA,99,NO DATA,NO DATA,,,NO DATA,NO DATA,NO DATA,Street or Town Highways in FA Urban Area,Unknown,999.99,NO DATA,GEOCODE,Property Damage Only,"(42.82707237, -72.59175632)"
10803,VT0010200,12-38-AC,02/21/2012,60 N PLEASANT ST,Middlebury,NO DATA,NO DATA,NO DATA,NO DATA,MAPLEFIELDS Parking Lot,15,Feet,99,NO DATA,North,,,NO DATA,NO DATA,NO DATA,"Other Public Roadway (Rest Areas, Shopping Center",Unknown,999.99,NO DATA,GEOCODE,Property Damage Only,"(44.01854023, -73.16686754)"
10811,VT0040100,12BU19167,08/02/2012,62 King St,Burlington,NO DATA,NO DATA,NO DATA,NO DATA,62,1,Feet,25,7 - Other - Explain in Narrative,South,,,NO DATA,NO DATA,NO DATA,Street or Town Highways in FA Urban Area,Unknown,999.99,NO DATA,GEOCODE,Property Damage Only,"(44.47481001, -73.21617214)"
10812,VT0041100,12UV001138,03/08/2012,63 Carrigan Dr.,Burlington,NO DATA,NO DATA,NO DATA,NO DATA,Beaumont Ave.,50,Feet,15,1 - Rear End,East,,,NO DATA,NO DATA,NO DATA,Street or Town Highways in FA Urban Area,Unknown,999.99,NO DATA,GEOCODE,Property Damage Only,"(44.47544695, -73.19343926)"
10813,VT0041100,2012-4384,10/14/2012,63 Carrigan Dr.,Burlington,NO DATA,NO DATA,NO DATA,NO DATA,Jeffords Building,10,Feet,25,7 - Other - Explain in Narrative,South,,,NO DATA,NO DATA,NO DATA,"Other Public Roadway (Rest Areas, Shopping Center",Unknown,999.99,NO DATA,GEOCODE,Property Damage Only,"(44.47544695, -73.19343926)"
10814,VT0140100,12-LL-00109,02/02/2012,63 Pleasant St.,Ludlow,NO DATA,NO DATA,NO DATA,NO DATA,Pleasant St.,NO DATA,NO DATA,25,7 - Other - Explain in Narrative,NO DATA,,,NO DATA,NO DATA,NO DATA,"City, Village or Urban Compact Street not in FA Ur",Unknown,999.99,NO DATA,GEOCODE,Property Damage Only,"(43.39459505, -72.69539074)"
10815,VT0130200,12BB03127,04/30/2012,632 Putney Rd,Brattleboro,NO DATA,NO DATA,NO DATA,NO DATA,Parking Lot,NO DATA,NO DATA,99,NO DATA,NO DATA,,,NO DATA,NO DATA,NO DATA,"Other Public Roadway (Rest Areas, Shopping Center",Unknown,999.99,NO DATA,GEOCODE,Property Damage Only,"(42.87175189, -72.55828140)"
10816,VT0040100,2012BU008198,04/06/2012,64 Conger Ave,Burlington,NO DATA,NO DATA,NO DATA,NO DATA,Conger Ave,NO DATA,NO DATA,99,3 - Same Direction Sideswipe,NO DATA,,,NO DATA,NO DATA,NO DATA,Street or Town Highways in FA Urban Area,Unknown,999.99,NO DATA,GEOCODE,Property Damage Only,"(44.45935294, -73.21946879)"
10824,VT0040100,2012BU026323,10/12/2012,660 Pine Street,Burlington,NO DATA,NO DATA,NO DATA,NO DATA,N/A,NO DATA,NO DATA,99,"8 - No Turns, Thru moves only, Broadside ^<",NO DATA,,,NO DATA,NO DATA,NO DATA,"Other Public Roadway (Rest Areas, Shopping Center",Unknown,999.99,NO DATA,GEOCODE,Property Damage Only,"(44.46106876, -73.21409305)"
10825,VT0040100,2012BU009654,04/24/2012,661 Pine St,Burlington,NO DATA,NO DATA,NO DATA,NO DATA,661 Pine St,50,Feet,99,5 - Rear-to-rear,South,,,NO DATA,NO DATA,NO DATA,"Other Public Roadway (Rest Areas, Shopping Center",Unknown,999.99,NO DATA,GEOCODE,Property Damage Only,"(44.46078130, -73.21505375)"
10826,VT0040100,2012BU029679,11/20/2012,661 Pine St,Burlington,NO DATA,NO DATA,NO DATA,NO DATA,Parking Lot,75,Feet,99,5 - Rear-to-rear,South,,,NO DATA,NO DATA,NO DATA,"Other Public Roadway (Rest Areas, Shopping Center",Unknown,999.99,NO DATA,GEOCODE,Property Damage Only,"(44.46078130, -73.21505375)"
10827,VT0040100,2012BU012222,05/23/2012,666 Riverside Ave,Burlington,NO DATA,NO DATA,NO DATA,NO DATA,Bright St,80,Feet,99,3 - Same Direction Sideswipe,East,,,NO DATA,NO DATA,NO DATA,"Other Public Roadway (Rest Areas, Shopping Center",Unknown,999.99,NO DATA,GEOCODE,Property Damage Only,"(44.48916003, -73.20784852)"
10828,VT0040100,2012BU016750,07/08/2012,669 Riverside Ave,Burlington,NO DATA,NO DATA,NO DATA,NO DATA,East Entrance,NO DATA,NO DATA,99,3 - Same Direction Sideswipe,NO DATA,,,NO DATA,NO DATA,NO DATA,Street or Town Highways in FA Urban Area,Unknown,999.99,NO DATA,GEOCODE,Property Damage Only,"(44.48949786, -73.20973794)"
10829,VT0040100,2012BU07247,03/26/2012,669 Riverside Ave,Burlington,NO DATA,NO DATA,NO DATA,NO DATA,Parking Lot,50,Feet,99,"10 - Left Turn and Thru, Angle Broadside -->v--",East,,,NO DATA,NO DATA,NO DATA,"Other Public Roadway (Rest Areas, Shopping Center",Unknown,999.99,NO DATA,GEOCODE,Property Damage Only,"(44.48949786, -73.20973794)"
10837,VT0040100,2012BU030297,11/28/2012,69 Grant Street,Burlington,NO DATA,NO DATA,NO DATA,NO DATA,North Winooski Avenue,NO DATA,NO DATA,25,3 - Same Direction Sideswipe,East,,,NO DATA,NO DATA,NO DATA,Street or Town Highways in FA Urban Area,Unknown,999.99,NO DATA,GEOCODE,Property Damage Only,"(44.48214241, -73.21075805)"
10838,VT0040100,2012BU001236,01/15/2012,7 Arthur Ct,Burlington,NO DATA,NO DATA,NO DATA,NO DATA,7 Arthur Ct,NO DATA,NO DATA,25,6 - Single Vehicle Crash,NO DATA,,,NO DATA,NO DATA,NO DATA,Street or Town Highways in FA Urban Area,Unknown,999.99,NO DATA,GEOCODE,Property Damage Only,"(44.44688979, -73.21718805)"
96,VTVSP0100,12A104072,10/16/2012,I 89 NB Exit 15,Winooski City,NO DATA,NO DATA,NO DATA,89,Route 15,0,Miles,55,1 - Rear End,South,446473,221472,NO DATA,NO DATA,NO DATA,Ramp or Spur,I-89,0,I089-0000NR015B,LRS,Property Damage Only,"(44.49071062, -73.17301283)"
10839,VT0090100,12RD00007,01/03/2012,7 Central Street,Randolph,NO DATA,NO DATA,NO DATA,NO DATA,Cumberland Farms Parking Lot,1,Feet,25,3 - Same Direction Sideswipe,NO DATA,,,NO DATA,NO DATA,NO DATA,"Other Public Roadway (Rest Areas, Shopping Center",Unknown,999.99,NO DATA,GEOCODE,Property Damage Only,"(43.92725499, -72.66540648)"
10840,VT0040100,2012BU029862,11/23/2012,7 South Union Street,Burlington,NO DATA,NO DATA,NO DATA,NO DATA,Pearl Street,25,Feet,25,3 - Same Direction Sideswipe,South,,,NO DATA,NO DATA,NO DATA,Street or Town Highways in FA Urban Area,Unknown,999.99,NO DATA,GEOCODE,Property Damage Only,"(44.48042134, -73.20937720)"
10841,VT0040100,2012BU013046,05/30/2012,71 South Union Street,Burlington,NO DATA,NO DATA,NO DATA,NO DATA,Parking Lot,NO DATA,NO DATA,99,1 - Rear End,NO DATA,,,NO DATA,NO DATA,NO DATA,"Other Public Roadway (Rest Areas, Shopping Center",Unknown,999.99,NO DATA,GEOCODE,Property Damage Only,"(44.47820515, -73.20961318)"
10842,VT0040100,2012BU022977,09/08/2012,72 Grey Meadow,Burlington,NO DATA,NO DATA,NO DATA,NO DATA,Cottage Grove,50,Feet,25,3 - Same Direction Sideswipe,North,,,NO DATA,NO DATA,NO DATA,Street or Town Highways in FA Urban Area,Unknown,999.99,NO DATA,GEOCODE,Property Damage Only,"(44.51144045, -73.26238209)"
10850,VT0080200,13ST00032,12/23/2012,7412 Mountain Road,Stowe,NO DATA,NO DATA,NO DATA,NO DATA,Parking Lot,NO DATA,NO DATA,99,NO DATA,NO DATA,,,NO DATA,NO DATA,NO DATA,"Other Public Roadway (Rest Areas, Shopping Center",Unknown,999.99,NO DATA,GEOCODE,Property Damage Only,"(44.52986807, -72.78101091)"
10851,VT0040100,2012BU029369,11/16/2012,75 Archibald Street,Burlington,NO DATA,NO DATA,NO DATA,NO DATA,N/A,NO DATA,NO DATA,25,1 - Rear End,NO DATA,,,NO DATA,NO DATA,NO DATA,Street or Town Highways in FA Urban Area,Unknown,999.99,NO DATA,GEOCODE,Property Damage Only,"(44.48773435, -73.21072380)"
10852,VT0040100,2012BU008859,04/14/2012,75 Cherry St,Burlington,NO DATA,NO DATA,NO DATA,NO DATA,75 Cherry St,NO DATA,NO DATA,99,3 - Same Direction Sideswipe,South,,,NO DATA,NO DATA,NO DATA,"Other Public Roadway (Rest Areas, Shopping Center",Unknown,999.99,NO DATA,GEOCODE,Property Damage Only,"(44.47901150, -73.21521915)"
10853,VT0040100,2012BU012426,05/25/2012,75 Cherry St,Burlington,NO DATA,NO DATA,NO DATA,NO DATA,Parking Garage,NO DATA,NO DATA,99,1 - Rear End,East,,,NO DATA,NO DATA,NO DATA,"Other Public Roadway (Rest Areas, Shopping Center",Unknown,999.99,NO DATA,GEOCODE,Property Damage Only,"(44.47901150, -73.21521915)"
10854,VT0040100,2012BU025181,09/29/2012,75 Cherry Street,Burlington,NO DATA,NO DATA,NO DATA,NO DATA,N/A,NO DATA,NO DATA,99,7 - Other - Explain in Narrative,NO DATA,,,NO DATA,NO DATA,NO DATA,"Other Public Roadway (Rest Areas, Shopping Center",Unknown,999.99,NO DATA,GEOCODE,Property Damage Only,"(44.47901150, -73.21521915)"
10855,VT0040100,2012BU08062,04/05/2012,75 Hayward St,Burlington,NO DATA,NO DATA,NO DATA,NO DATA,Residence,NO DATA,NO DATA,25,7 - Other - Explain in Narrative,NO DATA,,,NO DATA,NO DATA,NO DATA,Street or Town Highways in FA Urban Area,Unknown,999.99,NO DATA,GEOCODE,Property Damage Only,"(44.46680030, -73.21322126)"
10863,VT0040100,2012BU007380,03/28/2012,77 N Winooski Ave,Burlington,NO DATA,NO DATA,NO DATA,NO DATA,Parking Lot,NO DATA,NO DATA,99,1 - Rear End,NO DATA,,,NO DATA,NO DATA,NO DATA,"Other Public Roadway (Rest Areas, Shopping Center",Unknown,999.99,NO DATA,GEOCODE,Property Damage Only,"(44.48284522, -73.21160254)"
10864,VT0040100,2012BU010413,05/04/2012,79 Hungerford Terr,Burlington,NO DATA,NO DATA,NO DATA,NO DATA,Bradley St,50,Feet,25,4 - Opp Direction Sideswipe,South,,,NO DATA,NO DATA,NO DATA,Street or Town Highways in FA Urban Area,Unknown,999.99,NO DATA,GEOCODE,Property Damage Only,"(44.47816224, -73.20731748)"
10865,VT0040500,12CC05219,07/31/2012,790 College Parkway,Colchester,NO DATA,NO DATA,NO DATA,NO DATA,790 College Parkway,NO DATA,NO DATA,99,7 - Other - Explain in Narrative,NO DATA,,,NO DATA,NO DATA,NO DATA,"Other Public Roadway (Rest Areas, Shopping Center",Unknown,999.99,NO DATA,GEOCODE,Property Damage Only,"(44.49647753, -73.15810232)"
10866,VT0120500,12BT02551,09/15/2012,8 Mchugh St,Barre Town,NO DATA,NO DATA,NO DATA,NO DATA,Cogswell St,100,Feet,25,6 - Single Vehicle Crash,South,,,NO DATA,NO DATA,NO DATA,Street or Town Highways in FA Urban Area,Unknown,999.99,NO DATA,GEOCODE,Injury,"(44.14119471, -72.47633479)"
10867,VT0010200,12-179-AC,10/29/2012,8┬á WASHINGTON ST,Middlebury,NO DATA,NO DATA,NO DATA,NO DATA,SHAWS PARKING LOT,NO DATA,NO DATA,25,NO DATA,NO DATA,,,NO DATA,NO DATA,NO DATA,"Other Public Roadway (Rest Areas, Shopping Center",Unknown,999.99,NO DATA,GEOCODE,Property Damage Only,"(44.01444753, -73.16372053)"
10868,VT0010200,12-24-AC,02/01/2012,8┬á WASHINGTON ST,Middlebury,NO DATA,NO DATA,NO DATA,NO DATA,SHAWS PARKING LOT,NO DATA,NO DATA,25,NO DATA,NO DATA,,,NO DATA,NO DATA,NO DATA,"Other Public Roadway (Rest Areas, Shopping Center",Unknown,999.99,NO DATA,GEOCODE,Property Damage Only,"(44.01444753, -73.16372053)"
10875,VT0040100,2012BU012247,05/23/2012,82 S Winooski Ave,Burlington,NO DATA,NO DATA,NO DATA,NO DATA,82 S Winooski Ave,NO DATA,NO DATA,99,1 - Rear End,NO DATA,,,NO DATA,NO DATA,NO DATA,"Other Public Roadway (Rest Areas, Shopping Center",Unknown,999.99,NO DATA,GEOCODE,Property Damage Only,"(44.47815597, -73.21078058)"
10876,VT0040100,2012BU022986,09/08/2012,82 S Winooski Ave,Burlington,NO DATA,NO DATA,NO DATA,NO DATA,Parking Lot,NO DATA,NO DATA,99,1 - Rear End,NO DATA,,,NO DATA,NO DATA,NO DATA,"Other Public Roadway (Rest Areas, Shopping Center",Unknown,999.99,NO DATA,GEOCODE,Property Damage Only,"(44.47815597, -73.21078058)"
10877,VT0040100,2012BU0249477,09/27/2012,82 S Winooski Ave,Burlington,NO DATA,NO DATA,NO DATA,NO DATA,Ymca Lot,NO DATA,NO DATA,99,7 - Other - Explain in Narrative,NO DATA,,,NO DATA,NO DATA,NO DATA,"Other Public Roadway (Rest Areas, Shopping Center",Unknown,999.99,NO DATA,GEOCODE,Property Damage Only,"(44.47815597, -73.21078058)"
10878,VT0040100,2012BU025488,10/03/2012,82 South Winooski Avenue,Burlington,NO DATA,NO DATA,NO DATA,NO DATA,N/A,NO DATA,NO DATA,99,1 - Rear End,NO DATA,,,NO DATA,NO DATA,NO DATA,"Other Public Roadway (Rest Areas, Shopping Center",Unknown,999.99,NO DATA,GEOCODE,Property Damage Only,"(44.47815597, -73.21078058)"
10879,VT0040100,2012BU026356,10/12/2012,82 South Winooski Avenue,Burlington,NO DATA,NO DATA,NO DATA,NO DATA,City Market,NO DATA,Feet,99,"8 - No Turns, Thru moves only, Broadside ^<",NO DATA,,,NO DATA,NO DATA,NO DATA,"Other Public Roadway (Rest Areas, Shopping Center",Unknown,999.99,NO DATA,GEOCODE,Property Damage Only,"(44.47815597, -73.21078058)"
10880,VT0040100,2012BU04327,02/21/2012,85 S Prospect St,Burlington,NO DATA,NO DATA,NO DATA,NO DATA,College St,20,Feet,25,1 - Rear End,North,,,NO DATA,NO DATA,NO DATA,Street or Town Highways in FA Urban Area,Unknown,999.99,NO DATA,GEOCODE,Property Damage Only,"(44.47829078, -73.20108056)"
10888,VT0130200,12BB08730,11/18/2012,889 Putney Rd,Brattleboro,NO DATA,NO DATA,NO DATA,NO DATA,Family Dollar Lot,NO DATA,NO DATA,99,NO DATA,South,,,NO DATA,NO DATA,NO DATA,"Other Public Roadway (Rest Areas, Shopping Center",Unknown,999.99,NO DATA,GEOCODE,Property Damage Only,"(42.87879756, -72.55800187)"
10889,VT0040100,2012BU031583,12/14/2012,89 Archibald Street,Burlington,NO DATA,NO DATA,NO DATA,NO DATA,Green Mountain Electric,NO DATA,NO DATA,25,3 - Same Direction Sideswipe,NO DATA,,,NO DATA,NO DATA,NO DATA,Street or Town Highways in FA Urban Area,Unknown,999.99,NO DATA,GEOCODE,Property Damage Only,"(44.48775670, -73.20956075)"
10890,VT0130200,12BB02623,04/11/2012,896 Putney Rd,Brattleboro,NO DATA,NO DATA,NO DATA,NO DATA,Hannafords Parking Lot,NO DATA,NO DATA,99,NO DATA,NO DATA,,,NO DATA,NO DATA,NO DATA,"Other Public Roadway (Rest Areas, Shopping Center",Unknown,999.99,NO DATA,GEOCODE,Property Damage Only,"(42.87945198, -72.56115579)"
10891,VT0130200,12BB05043,07/05/2012,896 Putney Rd,Brattleboro,NO DATA,NO DATA,NO DATA,NO DATA,Hannafords Parking Lot,NO DATA,NO DATA,99,2 - Head On,NO DATA,,,NO DATA,NO DATA,NO DATA,"Other Public Roadway (Rest Areas, Shopping Center",Unknown,999.99,NO DATA,GEOCODE,Property Damage Only,"(42.87945198, -72.56115579)"