ID,Reporting Agency,Report Number,Date,Street Address,Town,Number,Number1,Number2,Number3,Intersection,Distance From Intersection,Distance Unit,Posted Speed,Direction of Collision,Direction from Intersection,Easting,Northing,Mile Marker,Mile Marker 1,Mile Marker 2,AOT Roadway,AOT Route,AOT Actual Mile,LRS Number,How Mapped,Crash Type,Location 1
10892,VT0130200,12BB06141,08/10/2012,896 Putney Rd,Brattleboro,NO DATA,NO DATA,NO DATA,NO DATA,Rite Aid Parking Lot,NO DATA,NO DATA,99,NO DATA,NO DATA,,,NO DATA,NO DATA,NO DATA,"Other Public Roadway (Rest Areas, Shopping Center",Unknown,999.99,NO DATA,GEOCODE,Property Damage Only,"(42.87945198, -72.56115579)"
10893,VT0130200,12BB06932,09/08/2012,896 Putney Rd,Brattleboro,NO DATA,NO DATA,NO DATA,NO DATA,Hannafords Parking Lot,NO DATA,NO DATA,99,7 - Other - Explain in Narrative,NO DATA,,,NO DATA,NO DATA,NO DATA,"Other Public Roadway (Rest Areas, Shopping Center",Unknown,999.99,NO DATA,GEOCODE,Property Damage Only,"(42.87945198, -72.56115579)"
10901,VT0040100,12BU22833,09/07/2012,90 Pearl Street,Burlington,NO DATA,NO DATA,NO DATA,NO DATA,Rear Parking Lot,NO DATA,NO DATA,99,7 - Other - Explain in Narrative,North,,,NO DATA,NO DATA,NO DATA,"Other Public Roadway (Rest Areas, Shopping Center",Unknown,999.99,NO DATA,GEOCODE,Property Damage Only,"(44.48052457, -73.21591009)"
10902,VT0130200,12BB09074,12/01/2012,93 Clark St,Brattleboro,NO DATA,NO DATA,NO DATA,NO DATA,,NO DATA,NO DATA,25,6 - Single Vehicle Crash,NO DATA,,,NO DATA,NO DATA,NO DATA,Street or Town Highways in FA Urban Area,Unknown,999.99,NO DATA,GEOCODE,Property Damage Only,"(42.84895874, -72.55823112)"
10903,VT0040100,2012BU008934,04/15/2012,93 S Winooski Ave,Burlington,NO DATA,NO DATA,NO DATA,NO DATA,S Winooski Ave,NO DATA,NO DATA,99,"8 - No Turns, Thru moves only, Broadside ^<",NO DATA,,,NO DATA,NO DATA,NO DATA,"Other Public Roadway (Rest Areas, Shopping Center",Unknown,999.99,NO DATA,GEOCODE,Property Damage Only,"(44.47783033, -73.21138057)"
10904,VT0010300,12VG00776,05/24/2012,96 South Water Street,Vergennes,NO DATA,NO DATA,NO DATA,NO DATA,South Maple Street,250,Feet,25,1 - Rear End,West,,,NO DATA,NO DATA,NO DATA,"City, Village or Urban Compact Street not in FA Ur",Unknown,999.99,NO DATA,GEOCODE,Injury,"(44.16258749, -73.25074908)"
10905,VT0040100,2012BU025459,10/02/2012,97 Archibald St,Burlington,NO DATA,NO DATA,NO DATA,NO DATA,#97 Arichibald,150,Feet,25,3 - Same Direction Sideswipe,West,,,NO DATA,NO DATA,NO DATA,Street or Town Highways in FA Urban Area,Unknown,999.99,NO DATA,GEOCODE,Property Damage Only,"(44.48776139, -73.20939510)"
10906,VT0140500,12WK01872,10/20/2012,97 Hall Circle,Woodstock,22,NO DATA,NO DATA,NO DATA,,300,Feet,35,6 - Single Vehicle Crash,West,,,NO DATA,NO DATA,NO DATA,"City, Village or Urban Compact Street not in FA Ur",Unknown,999.99,NO DATA,GEOCODE,Property Damage Only,"(43.65071960, -72.54648010)"
10914,VT0130600,12VN00121,02/02/2012,1393 Pond Road,Vernon,NO DATA,NO DATA,NO DATA,NO DATA,Dunklee Drive,50,Feet,35,6 - Single Vehicle Crash,North,,,NO DATA,NO DATA,NO DATA,Minor Collector - Non Fed Aid Rural TH,MinCollector,999.99,NO DATA,GEOCODE,Property Damage Only,"(42.73460048, -72.49254116)"
10915,VT0120500,12BT01584,06/16/2012,364 E Cobble Hill Rd,Barre Town,NO DATA,NO DATA,NO DATA,NO DATA,Taplin Hill Rd,10,Feet,35,4 - Opp Direction Sideswipe,South,,,NO DATA,NO DATA,NO DATA,Minor Collector - Non Fed Aid Rural TH,MinCollector,999.99,NO DATA,GEOCODE,Property Damage Only,"(44.16476571, -72.44812130)"
10916,VT0070000,12GIC1847,11/29/2012,2837 Main St,Isle Lamotte,NO DATA,129,NO DATA,NO DATA,1/2 Mile From Church Street,1,Miles,35,6 - Single Vehicle Crash,South,,,NO DATA,NO DATA,NO DATA,Minor Collector - Non Fed Aid Rural TH,MinCollector,999.99,NO DATA,GEOCODE,Property Damage Only,"(44.86970888, -73.33947255)"
10917,VT0070000,12GIC1538,10/06/2012,135 Station Rd,South Hero,NO DATA,NO DATA,NO DATA,NO DATA,West Shore Rd,500,Feet,40,6 - Single Vehicle Crash,East,,,NO DATA,NO DATA,NO DATA,"City, Village or Urban Compact Street not in FA Ur",TOWN ROAD 0001,999.99,NO DATA,GEOCODE,Property Damage Only,"(44.63789887, -73.33915858)"
10918,VT0070000,12GIC1390,09/13/2012,213 West Shore Rd,South Hero,NO DATA,NO DATA,NO DATA,NO DATA,Jackson Point Rd,NO DATA,NO DATA,35,"10 - Left Turn and Thru, Angle Broadside -->v--",East,,,NO DATA,NO DATA,NO DATA,"City, Village or Urban Compact Street not in FA Ur",TOWN ROAD 0013,999.99,NO DATA,GEOCODE,Injury,"(44.62899917, -73.33680871)"
10919,VT0120500,12BT00139,01/17/2012,155 Websterville Rd,Barre Town,NO DATA,NO DATA,NO DATA,NO DATA,Bolster Rd,364,Feet,35,6 - Single Vehicle Crash,East,,,NO DATA,NO DATA,NO DATA,"City, Village or Urban Compact Street not in FA Ur",TOWN ROAD 0002,999.99,NO DATA,GEOCODE,Property Damage Only,"(44.16839731, -72.47657133)"
10927,VT0080200,12ST01757,07/11/2012,153 Cape Cod Road,Stowe,31,NO DATA,NO DATA,NO DATA,NO DATA,NO DATA,NO DATA,35,NO DATA,NO DATA,,,NO DATA,NO DATA,NO DATA,"City, Village or Urban Compact Street not in FA Ur",TOWN ROAD 0032,999.99,NO DATA,GEOCODE,Property Damage Only,"(44.47821945, -72.69435245)"
10928,VT0060300,12SW01005,08/16/2012,303 Comstock Rd,Swanton,NO DATA,NO DATA,NO DATA,NO DATA,County Rd,300,Feet,40,7 - Other - Explain in Narrative,East,,,NO DATA,NO DATA,NO DATA,"City, Village or Urban Compact Street not in FA Ur",TOWN ROAD 0033,999.99,NO DATA,GEOCODE,Property Damage Only,"(44.85930310, -73.10198356)"
10929,VT0110100,12BD01140,05/20/2012,332 Birch Hill Road,Brandon,36,NO DATA,NO DATA,NO DATA,North Birch Hill Road,100,Feet,35,6 - Single Vehicle Crash,West,,,NO DATA,NO DATA,NO DATA,"City, Village or Urban Compact Street not in FA Ur",TOWN ROAD 0036,999.99,NO DATA,GEOCODE,Injury,"(43.79313404, -73.04770791)"
10930,VT0140800,12WF00120,04/14/2012,167 Tenney Hill Rd,Weathersfield,NO DATA,NO DATA,NO DATA,NO DATA,VT Route 131,1,Miles,35,2 - Head On,South,,,NO DATA,NO DATA,NO DATA,"City, Village or Urban Compact Street not in FA Ur",TOWN ROAD 0040,999.99,NO DATA,GEOCODE,Unknown,"(43.40180327, -72.41191213)"
10931,VT0120600,12BL02279,11/02/2012,793 Crosstown,Berlin,NO DATA,NO DATA,NO DATA,NO DATA,Hill Street,200,Feet,35,NO DATA,North,,,NO DATA,NO DATA,NO DATA,"City, Village or Urban Compact Street not in FA Ur",TOWN ROAD 0040,999.99,NO DATA,GEOCODE,Property Damage Only,"(44.21168508, -72.59096909)"
10932,VT0080100,12MR00843,04/10/2012,1749 Earl gray Rd,Morristown,41,NO DATA,NO DATA,NO DATA,NO DATA,100,Feet,99,7 - Other - Explain in Narrative,NO DATA,,,NO DATA,NO DATA,NO DATA,"City, Village or Urban Compact Street not in FA Ur",TOWN ROAD 0041,999.99,NO DATA,GEOCODE,Property Damage Only,"(44.51637023, -72.56942109)"
10940,VT0040600,12MT00194,01/15/2012,101-202 W Milton Rd.,Milton,NO DATA,NO DATA,NO DATA,NO DATA,101-201 W. Milton Rd,NO DATA,NO DATA,50,6 - Single Vehicle Crash,North,,,NO DATA,NO DATA,NO DATA,"City, Village or Urban Compact Street not in FA Ur",TOWN ROAD 0006,999.99,NO DATA,GEOCODE,Property Damage Only,"(44.62833509, -73.14335629)"
10941,VT0080200,12ST00874,04/05/2012,51 Weeks Hill Road,Stowe,23,NO DATA,NO DATA,NO DATA,Rte 108,300,Feet,35,6 - Single Vehicle Crash,North,,,NO DATA,NO DATA,NO DATA,"City, Village or Urban Compact Street not in FA Ur",TOWN ROAD 0006,999.99,NO DATA,GEOCODE,Property Damage Only,"(44.47383144, -72.68988953)"
10942,VT0040600,12MT05207,12/29/2012,30 Sawmill Road,Milton,NO DATA,NO DATA,NO DATA,NO DATA,Driveway At 30 Sawmill Road,NO DATA,NO DATA,25,"8 - No Turns, Thru moves only, Broadside ^<",NO DATA,,,NO DATA,NO DATA,NO DATA,"City, Village or Urban Compact Street not in FA Ur",TOWN ROAD 0070,999.99,NO DATA,GEOCODE,Property Damage Only,"(44.63668380, -73.10604817)"
10943,VT0010200,12-72-AC,04/25/2012,1330┬á EXCHANGE ST,Middlebury,73,NO DATA,NO DATA,NO DATA,ROUTE 7 NORTH,650,Feet,50,NO DATA,West,,,NO DATA,NO DATA,NO DATA,Street or Town Highways in FA Urban Area,Unknown,999.99,NO DATA,GEOCODE,Property Damage Only,"(44.03523464, -73.16579274)"
10944,VT0080100,12MR013018,05/25/2012,7128 Elmore Mountain Rd,Morristown,74,NO DATA,NO DATA,NO DATA,Kidder Lane,0,Miles,35,6 - Single Vehicle Crash,NO DATA,,,NO DATA,NO DATA,NO DATA,"City, Village or Urban Compact Street not in FA Ur",TOWN ROAD 0074,999.99,NO DATA,GEOCODE,Property Damage Only,"(44.48300690, -72.60134246)"
10945,VT0040300,12SB0133,01/05/2012,4050 Williston Road,South Burlington,NO DATA,NO DATA,2,NO DATA,The Bed Store,NO DATA,NO DATA,99,NO DATA,NO DATA,,,NO DATA,NO DATA,NO DATA,"Other Public Roadway (Rest Areas, Shopping Center",Unknown,999.99,NO DATA,GEOCODE,Property Damage Only,"(44.45859972, -73.13841648)"
10946,VT0120500,12BT00289,02/03/2012,456 S Barre Rd,Barre Town,NO DATA,14,NO DATA,NO DATA,S Barre Rd,NO DATA,NO DATA,99,7 - Other - Explain in Narrative,NO DATA,,,NO DATA,NO DATA,NO DATA,"Other Public Roadway (Rest Areas, Shopping Center",Unknown,999.99,NO DATA,GEOCODE,Property Damage Only,"(44.17435968, -72.50600552)"
10947,VT0120200,1211-12-427316,07/02/2012,1 Bailey Ave.,Montpelier,NO DATA,NO DATA,NO DATA,NO DATA,VSEU,NO DATA,NO DATA,99,7 - Other - Explain in Narrative,NO DATA,,,NO DATA,NO DATA,NO DATA,"Other Public Roadway (Rest Areas, Shopping Center",Unknown,999.99,NO DATA,GEOCODE,Property Damage Only,"(44.26053723, -72.58457104)"
10948,VT0041100,12UV0004501,10/22/2012,1 S. Prospect,Burlington,NO DATA,NO DATA,NO DATA,NO DATA,S. Prospect St.,200,Feet,99,7 - Other - Explain in Narrative,West,,,NO DATA,NO DATA,NO DATA,"Other Public Roadway (Rest Areas, Shopping Center",Unknown,999.99,NO DATA,GEOCODE,Property Damage Only,"(44.48025428, -73.20127860)"
10949,VT0041100,12UV00815,02/13/2012,1 S. Prospect,Burlington,NO DATA,NO DATA,NO DATA,NO DATA,South Prospect St.,150,Feet,99,7 - Other - Explain in Narrative,West,,,NO DATA,NO DATA,NO DATA,"Other Public Roadway (Rest Areas, Shopping Center",Unknown,999.99,NO DATA,GEOCODE,Property Damage Only,"(44.48025428, -73.20127860)"
10950,VT0041100,12UV002765,06/26/2012,1 S. Prospect St.,Burlington,NO DATA,NO DATA,NO DATA,NO DATA,UHC Parking Lot,NO DATA,NO DATA,99,4 - Opp Direction Sideswipe,NO DATA,,,NO DATA,NO DATA,NO DATA,"Other Public Roadway (Rest Areas, Shopping Center",Unknown,999.99,NO DATA,GEOCODE,Property Damage Only,"(44.48025428, -73.20127860)"
10951,VT0041100,12UV004087,09/27/2012,1 S. Prospect St. Pk. Lt.,Burlington,NO DATA,NO DATA,NO DATA,NO DATA,NO DATA,200,Feet,99,3 - Same Direction Sideswipe,East,,,NO DATA,NO DATA,NO DATA,"Other Public Roadway (Rest Areas, Shopping Center",Unknown,999.99,NO DATA,GEOCODE,Property Damage Only,"(44.48025428, -73.20127860)"
10952,VT0041100,12UV00001132,03/07/2012,1 S.┬á Prospect St.,Burlington,NO DATA,NO DATA,NO DATA,NO DATA,South Prospect St.,100,Feet,99,7 - Other - Explain in Narrative,West,,,NO DATA,NO DATA,NO DATA,"Other Public Roadway (Rest Areas, Shopping Center",Unknown,999.99,NO DATA,GEOCODE,Property Damage Only,"(44.48025428, -73.20127860)"
10953,VT0041100,12UV002952,07/09/2012,1 South Prospect St.,Burlington,NO DATA,NO DATA,NO DATA,NO DATA,South Prospect St.,200,Feet,99,7 - Other - Explain in Narrative,NO DATA,,,NO DATA,NO DATA,NO DATA,"Other Public Roadway (Rest Areas, Shopping Center",Unknown,999.99,NO DATA,GEOCODE,Property Damage Only,"(44.48025428, -73.20127860)"
10954,VT0120200,427618,07/07/2012,10 Wheelock,Montpelier,NO DATA,NO DATA,NO DATA,NO DATA,Pk. Lt. 10 Wheelock St.,NO DATA,NO DATA,99,6 - Single Vehicle Crash,NO DATA,,,NO DATA,NO DATA,NO DATA,"Other Public Roadway (Rest Areas, Shopping Center",Unknown,999.99,NO DATA,GEOCODE,Injury,"(44.24820050, -72.56247602)"
10955,VT0120200,1211-12-434842,11/02/2012,100 State St.,Montpelier,NO DATA,NO DATA,NO DATA,NO DATA,NO DATA,NO DATA,NO DATA,99,NO DATA,NO DATA,,,NO DATA,NO DATA,NO DATA,"Other Public Roadway (Rest Areas, Shopping Center",Unknown,999.99,NO DATA,GEOCODE,Property Damage Only,"(44.26062539, -72.57863427)"
10956,VT0041100,12UV04757,11/09/2012,111 Colchester Ave.,Burlington,NO DATA,NO DATA,NO DATA,NO DATA,Fletcher Allen In Parking Area,NO DATA,NO DATA,99,1 - Rear End,NO DATA,,,NO DATA,NO DATA,NO DATA,"Other Public Roadway (Rest Areas, Shopping Center",Unknown,999.99,NO DATA,GEOCODE,Property Damage Only,"(44.47969000, -73.19453928)"
10957,VT0041100,12UV001634,04/11/2012,133 S. Prospect,Burlington,NO DATA,NO DATA,NO DATA,NO DATA,Main/S. Prospect,NO DATA,NO DATA,99,2 - Head On,East,,,NO DATA,NO DATA,NO DATA,"Other Public Roadway (Rest Areas, Shopping Center",Unknown,999.99,NO DATA,GEOCODE,Property Damage Only,"(44.47678495, -73.20152242)"
10965,VT0041100,12UV0004847,11/15/2012,33 Colchester Ave.,Burlington,NO DATA,NO DATA,NO DATA,NO DATA,Colchester Ave.,200,Feet,99,7 - Other - Explain in Narrative,South,,,NO DATA,NO DATA,NO DATA,"Other Public Roadway (Rest Areas, Shopping Center",Unknown,999.99,NO DATA,GEOCODE,Property Damage Only,"(44.47978127, -73.19776486)"
10966,VT0010200,12-139-AC,08/23/2012,40 Court St.,Middlebury,NO DATA,NO DATA,NO DATA,NO DATA,NO DATA,NO DATA,NO DATA,99,NO DATA,NO DATA,,,NO DATA,NO DATA,NO DATA,"Other Public Roadway (Rest Areas, Shopping Center",Unknown,999.99,NO DATA,GEOCODE,Property Damage Only,"(44.01074456, -73.16450565)"
10967,VT0041100,12UV003651,09/03/2012,438 S. Prospect,Burlington,NO DATA,NO DATA,NO DATA,NO DATA,Simpson Pk. Lt.,NO DATA,NO DATA,99,5 - Rear-to-rear,NO DATA,,,NO DATA,NO DATA,NO DATA,"Other Public Roadway (Rest Areas, Shopping Center",Unknown,999.99,NO DATA,GEOCODE,Property Damage Only,"(44.46811723, -73.19801072)"
10968,VT0041100,12UV04551,10/26/2012,438 S. Prospect,Burlington,NO DATA,NO DATA,NO DATA,NO DATA,NO DATA,NO DATA,NO DATA,99,3 - Same Direction Sideswipe,NO DATA,,,NO DATA,NO DATA,NO DATA,"Other Public Roadway (Rest Areas, Shopping Center",Unknown,999.99,NO DATA,GEOCODE,Property Damage Only,"(44.46811723, -73.19801072)"
10969,VT0041100,12UV0003869,08/31/2012,48 University Pl.,Burlington,NO DATA,NO DATA,NO DATA,NO DATA,University Pl.,150,Feet,99,7 - Other - Explain in Narrative,NO DATA,,,NO DATA,NO DATA,NO DATA,Private Property (Driveways),Unknown,999.99,NO DATA,GEOCODE,Property Damage Only,"(44.47922332, -73.19907184)"
10970,VT0041100,12UV000321,01/20/2012,486 So. Prospect,Burlington,NO DATA,NO DATA,NO DATA,NO DATA,Davis Rd.,100,Feet,99,7 - Other - Explain in Narrative,East,,,NO DATA,NO DATA,NO DATA,Street or Town Highways in FA Urban Area,Unknown,999.99,NO DATA,GEOCODE,Property Damage Only,"(44.46720732, -73.19876802)"
10978,VT0041100,12UV0003502,08/28/2012,71 Colchester Ave,Burlington,NO DATA,NO DATA,NO DATA,NO DATA,Colchester Ave.,300,Feet,99,7 - Other - Explain in Narrative,South,,,NO DATA,NO DATA,NO DATA,"Other Public Roadway (Rest Areas, Shopping Center",Unknown,999.99,NO DATA,GEOCODE,Property Damage Only,"(44.47999551, -73.19709870)"
10979,VT0041100,12UV564,02/02/2012,75 Colchester Ave.,Burlington,NO DATA,NO DATA,NO DATA,NO DATA,Converse P. Lot,500,Feet,99,5 - Rear-to-rear,North,,,NO DATA,NO DATA,NO DATA,"Other Public Roadway (Rest Areas, Shopping Center",Unknown,999.99,NO DATA,GEOCODE,Property Damage Only,"(44.47899883, -73.19599599)"
10980,VT0041100,12UV0004369,10/13/2012,871 Williston Rd.,South Burlington,NO DATA,NO DATA,NO DATA,NO DATA,Williston Rd.,NO DATA,NO DATA,99,"13 - Left Turns, Same Direction, Rear End v--v--",South,,,NO DATA,NO DATA,NO DATA,"Other Public Roadway (Rest Areas, Shopping Center",Unknown,999.99,NO DATA,GEOCODE,Property Damage Only,"(44.46756222, -73.17402585)"
10981,VT0041100,12UV0001194,03/12/2012,95 Spear St.,Burlington,NO DATA,NO DATA,NO DATA,NO DATA,NO DATA,NO DATA,NO DATA,99,7 - Other - Explain in Narrative,NO DATA,,,NO DATA,NO DATA,NO DATA,"Other Public Roadway (Rest Areas, Shopping Center",Unknown,999.99,NO DATA,GEOCODE,Property Damage Only,"(44.47187228, -73.19233376)"
10982,VT0041100,12UV0002419,05/31/2012,97 Spear St.,Burlington,NO DATA,NO DATA,NO DATA,NO DATA,Davis Rd.,100,Feet,99,4 - Opp Direction Sideswipe,West,,,NO DATA,NO DATA,NO DATA,"Other Public Roadway (Rest Areas, Shopping Center",Unknown,999.99,NO DATA,GEOCODE,Property Damage Only,"(44.47056845, -73.19268257)"
10983,VT0041200,12UV0002631,06/15/2012,97 Spear St.,Burlington,NO DATA,NO DATA,NO DATA,NO DATA,Davis Rd.,200,Feet,99,7 - Other - Explain in Narrative,West,,,NO DATA,NO DATA,NO DATA,"Other Public Roadway (Rest Areas, Shopping Center",Unknown,999.99,NO DATA,GEOCODE,Property Damage Only,"(44.47056845, -73.19268257)"
10984,VT0041100,12UV000924,02/19/2012,97 Spear St.,Burlington,NO DATA,NO DATA,NO DATA,NO DATA,Gutterson,100,Feet,99,4 - Opp Direction Sideswipe,East,,,NO DATA,NO DATA,NO DATA,"Other Public Roadway (Rest Areas, Shopping Center",Unknown,999.99,NO DATA,GEOCODE,Property Damage Only,"(44.47056845, -73.19268257)"
10985,VT0041100,12UV005280,12/12/2012,97 Spear St.,Burlington,NO DATA,NO DATA,NO DATA,NO DATA,Top Floor Gutterson Garage,NO DATA,NO DATA,99,4 - Opp Direction Sideswipe,NO DATA,,,NO DATA,NO DATA,NO DATA,"Other Public Roadway (Rest Areas, Shopping Center",Unknown,999.99,NO DATA,GEOCODE,Property Damage Only,"(44.47056845, -73.19268257)"
10986,VT0041100,12UV001019,02/25/2012,98 University Rd.,Burlington,NO DATA,NO DATA,NO DATA,NO DATA,Colchester Ave.,120,Feet,99,6 - Single Vehicle Crash,South,,,NO DATA,NO DATA,NO DATA,Street or Town Highways in FA Urban Area,Unknown,999.99,NO DATA,GEOCODE,Property Damage Only,"(44.48082582, -73.18838061)"
10987,VT0010200,12-211-AC,12/20/2012,185 Exchange St.,Middlebury,NO DATA,NO DATA,NO DATA,NO DATA,NO DATA,NO DATA,NO DATA,99,NO DATA,NO DATA,,,NO DATA,NO DATA,NO DATA,"City, Village or Urban Compact Street not in FA Ur",TOWN ROAD 0073,999.99,NO DATA,GEOCODE,Property Damage Only,"(44.02071966, -73.16998003)"
10988,VT0010200,12-224-AC,12/31/2012,453 Exchange St.,Middlebury,NO DATA,NO DATA,NO DATA,NO DATA,NO DATA,1,Miles,99,NO DATA,East,,,NO DATA,NO DATA,NO DATA,"City, Village or Urban Compact Street not in FA Ur",TOWN ROAD 0073,999.99,NO DATA,GEOCODE,Property Damage Only,"(44.02465946, -73.17137285)"
225,VT0110200,12RL00527,01/20/2012,BRUS-4 West Street,Rutland City,NO DATA,NO DATA,NO DATA,NO DATA,Park Mobile,20,Feet,30,"8 - No Turns, Thru moves only, Broadside ^<",West,462133,121265,NO DATA,NO DATA,NO DATA,State System (State Highways and Class I TH links),WEST RUTLAND-RUTLAND (BR US-4),1.92,B004-1119,LRS,Property Damage Only,"(43.60862923, -72.97269295)"
226,VT0110200,12RL01880,03/07/2012,#7 BRUS-4 (West Street),Rutland City,NO DATA,NO DATA,BR4,NO DATA,Rite Aid Pharmacy,NO DATA,NO DATA,30,"10 - Left Turn and Thru, Angle Broadside -->v--",West,461774,123247,NO DATA,NO DATA,NO DATA,State System (State Highways and Class I TH links),WEST RUTLAND-RUTLAND (BR US-4),1.89,B004-1119,LRS,Property Damage Only,"(43.60856149, -72.97327976)"
227,VT0110200,12RL00303,01/12/2012,BRUS-4 West Street,Rutland City,NO DATA,NO DATA,NO DATA,NO DATA,Court Square,NO DATA,NO DATA,30,"14 - Left Turn and Thru, Broadside v<--",NO DATA,461774,123247,NO DATA,NO DATA,NO DATA,State System (State Highways and Class I TH links),WEST RUTLAND-RUTLAND (BR US-4),1.89,B004-1119,LRS,Property Damage Only,"(43.60856149, -72.97327976)"
228,VT0110200,12RL11434,11/07/2012,BRUS-4 West Street,Rutland City,NO DATA,NO DATA,NO DATA,NO DATA,Lincoln Avenue,NO DATA,NO DATA,30,1 - Rear End,NO DATA,461617,123255,NO DATA,NO DATA,NO DATA,State System (State Highways and Class I TH links),WEST RUTLAND-RUTLAND (BR US-4),1.78,B004-1119,LRS,Property Damage Only,"(43.60834787, -72.97544008)"
229,VT0110200,12RL09667,09/20/2012,BRUS-4 West Street,Rutland City,NO DATA,NO DATA,NO DATA,NO DATA,Community College Of VT (CCV),NO DATA,NO DATA,30,6 - Single Vehicle Crash,West,461565,123147,NO DATA,NO DATA,NO DATA,State System (State Highways and Class I TH links),WEST RUTLAND-RUTLAND (BR US-4),1.68,B004-1119,LRS,Injury,"(43.60814449, -72.97740216)"
230,VT0110200,12RL08291,08/17/2012,BRUS-4 West Street,Rutland City,NO DATA,NO DATA,NO DATA,NO DATA,Church Street,NO DATA,NO DATA,30,7 - Other - Explain in Narrative,NO DATA,461597,122939,NO DATA,NO DATA,NO DATA,State System (State Highways and Class I TH links),WEST RUTLAND-RUTLAND (BR US-4),1.66,B004-1119,LRS,Property Damage Only,"(43.60810711, -72.97779522)"
236,VT0110200,12RL05815,06/22/2012,BRUS-4 (West Street),Rutland City,NO DATA,NO DATA,BR4,NO DATA,Cottage Street,NO DATA,NO DATA,30,3 - Same Direction Sideswipe,NO DATA,461175,123161,NO DATA,NO DATA,NO DATA,State System (State Highways and Class I TH links),WEST RUTLAND-RUTLAND (BR US-4),1.58,B004-1119,LRS,Property Damage Only,"(43.60793819, -72.97936370)"
237,VT0110200,12RL07701,08/03/2012,West Street,Rutland City,NO DATA,NO DATA,NO DATA,NO DATA,Marble Vally Regional Transit Center,NO DATA,NO DATA,30,1 - Rear End,West,461597,122939,NO DATA,NO DATA,NO DATA,State System (State Highways and Class I TH links),WEST RUTLAND-RUTLAND (BR US-4),1.58,B004-1119,LRS,Property Damage Only,"(43.60793819, -72.97936370)"
238,VT0110200,12RL12858,12/21/2012,BRUS-4 (106 West Street),Rutland City,NO DATA,NO DATA,NO DATA,NO DATA,Tokyo House Restaurant,15,Feet,30,1 - Rear End,South,461597,122939,NO DATA,NO DATA,NO DATA,State System (State Highways and Class I TH links),WEST RUTLAND-RUTLAND (BR US-4),1.56,B004-1119,LRS,Property Damage Only,"(43.60790099, -72.97975677)"
239,VT0110200,12RL11041,10/27/2012,BRUS-4 Merchants Row,Rutland City,NO DATA,NO DATA,NO DATA,NO DATA,West Street,220,Feet,30,7 - Other - Explain in Narrative,North,461195,123161,NO DATA,NO DATA,NO DATA,State System (State Highways and Class I TH links),WEST RUTLAND-RUTLAND (BR US-4),1.56,B004-1119,LRS,Property Damage Only,"(43.60790099, -72.97975677)"
240,VT0110200,12RL10166,10/04/2012,BRUS-4 Merchants Row,Rutland City,NO DATA,NO DATA,NO DATA,NO DATA,West Street,150,Feet,30,1 - Rear End,North,461193,123227,NO DATA,NO DATA,NO DATA,State System (State Highways and Class I TH links),WEST RUTLAND-RUTLAND (BR US-4),1.55,B004-1119,LRS,Property Damage Only,"(43.60788146, -72.97995314)"
241,VT0110200,12RL12652,12/15/2012,BRUS-4 Merchants Row,Rutland City,NO DATA,NO DATA,NO DATA,NO DATA,Merchants Row,NO DATA,NO DATA,30,3 - Same Direction Sideswipe,NO DATA,461248,123039,NO DATA,NO DATA,NO DATA,State System (State Highways and Class I TH links),WEST RUTLAND-RUTLAND (BR US-4),1.52,B004-1119,LRS,Property Damage Only,"(43.60782288, -72.98054225)"
7,VTVSP0100,12A101950,05/31/2012,I 89 S,South Burlington,NO DATA,NO DATA,NO DATA,89,Exit 15;Mile Marker 90,0,Miles,55,1 - Rear End,South,446393,220836,NO DATA,NO DATA,NO DATA,State System (State Highways and Class I TH links),I-89,87.97,I089-0000S,LRS,Injury,"(44.45929403, -73.18501458)"
8,VTVSP0100,12A102851,07/27/2012,I 89 SB,Colchester,NO DATA,NO DATA,NO DATA,89,Mm 96,NO DATA,NO DATA,65,6 - Single Vehicle Crash,NO DATA,445923,229297,NO DATA,NO DATA,NO DATA,State System (State Highways and Class I TH links),I-89,96,I089-0000S,LRS,Property Damage Only,"(44.56371011, -73.17960147)"
9,VTVSP0100,12A105159,12/29/2012,I 89 S,Colchester,NO DATA,NO DATA,NO DATA,89,Milemarker 97,NO DATA,NO DATA,65,6 - Single Vehicle Crash,NO DATA,NO DATA,NO DATA,NO DATA,NO DATA,NO DATA,State System (State Highways and Class I TH links),I-89,97,I089-0000S,LRS,Property Damage Only,"(44.57822111, -73.17676954)"
10,VTVSP0100,12A100538,02/13/2012,I-89 SB MM 98/90,Milton,NO DATA,NO DATA,NO DATA,89,MM 98/90,NO DATA,NO DATA,65,1 - Rear End,NO DATA,446731,234081,890,410,9890,State System (State Highways and Class I TH links),I-89,98.9,I089-0000S,LRS,Property Damage Only,"(44.60455179, -73.17129971)"
11,VTVSP0100,12A101795,05/21/2012,I 89 S,Milton,NO DATA,NO DATA,NO DATA,89,MM 99/75,NO DATA,NO DATA,65,1 - Rear End,NO DATA,447359,235278,NO DATA,NO DATA,NO DATA,State System (State Highways and Class I TH links),I-89,99.75,I089-0000S,LRS,Property Damage Only,"(44.61551696, -73.16317969)"
12,VTVSP0100,12A104125,10/19/2012,I 89 SB Mm 99,Milton,NO DATA,NO DATA,NO DATA,89,Mm 99.8,NO DATA,NO DATA,65,7 - Other - Explain in Narrative,West,448759,236954,NO DATA,NO DATA,NO DATA,State System (State Highways and Class I TH links),I-89,99.8,I089-0000S,LRS,Property Damage Only,"(44.61620774, -73.16284114)"
13,VT0040000,12CHC0082,12/17/2012,I-89 SB MM 100.35,Milton,NO DATA,NO DATA,NO DATA,89,Exit 17,NO DATA,NO DATA,65,6 - Single Vehicle Crash,NO DATA,NO DATA,NO DATA,NO DATA,NO DATA,NO DATA,State System (State Highways and Class I TH links),I-89,100.35,I089-0000S,LRS,Property Damage Only,"(44.62343358, -73.15803446)"