ID,Reporting Agency,Report Number,Date,Street Address,Town,Number,Number1,Number2,Number3,Intersection,Distance From Intersection,Distance Unit,Posted Speed,Direction of Collision,Direction from Intersection,Easting,Northing,Mile Marker,Mile Marker 1,Mile Marker 2,AOT Roadway,AOT Route,AOT Actual Mile,LRS Number,How Mapped,Crash Type,Location 1
20,VTVSP0700,12A203152,07/18/2012,I89 South,Fairfax,NO DATA,NO DATA,NO DATA,89,MM 112.0,NO DATA,NO DATA,65,6 - Single Vehicle Crash,South,454420,252449,NO DATA,NO DATA,NO DATA,State System (State Highways and Class I TH links),I-89,112,I089-0000S,LRS,Property Damage Only,"(44.77070663, -73.07575638)"
21,VTVSP0700,12A205780,12/05/2012,I-89 SB MM 114/10,St. Albans Town,NO DATA,NO DATA,NO DATA,89,Exit 19,0,Miles,65,1 - Rear End,NO DATA,454564,253526,NO DATA,NO DATA,NO DATA,State System (State Highways and Class I TH links),I-89,114.1,I089-0000S,LRS,Injury,"(44.79962586, -73.06676612)"
22,VTVSP0700,12A204573,09/29/2012,I-89 SB,St. Albans Town,NO DATA,NO DATA,NO DATA,89,Exit 20,1,Miles,65,6 - Single Vehicle Crash,South,455502,259671,NO DATA,NO DATA,NO DATA,State System (State Highways and Class I TH links),I-89,116.97,I089-0000S,LRS,Property Damage Only,"(44.83872958, -73.06800177)"
23,VTVSP0700,12A204285,09/15/2012,I-89 SB,Swanton,NO DATA,NO DATA,NO DATA,89,MM 121.6 Sobo,NO DATA,NO DATA,65,6 - Single Vehicle Crash,NO DATA,452163,268772,NO DATA,NO DATA,NO DATA,State System (State Highways and Class I TH links),I-89,121.6,I089-0000S,LRS,Property Damage Only,"(44.89877194, -73.09333893)"
24,VT0041000,12WT01162,04/14/2012,I-89 Exit 12 S Ramp,Williston,NO DATA,NO DATA,NO DATA,NO DATA,St. George Road,NO DATA,NO DATA,40,1 - Rear End,NO DATA,450984,215576,NO DATA,NO DATA,NO DATA,Ramp or Spur,I-89,0.17,I089-0000SR012C,LRS,Property Damage Only,"(44.43883044, -73.11584373)"
25,VTVSP0100,12A104067,10/16/2012,I 89 SB X 12 Off Ramp C,Williston,NO DATA,NO DATA,NO DATA,89,VT-2A/I 89 SB X 12 Off Ramp,50,Feet,35,1 - Rear End,North,450974,215588,NO DATA,NO DATA,NO DATA,Ramp or Spur,I-89,0.17,I089-0000SR012C,LRS,Property Damage Only,"(44.43883044, -73.11584373)"
26,VTVSP0100,12A100267,01/20/2012,I-89 Southbound┬á Ramp 13B,South Burlington,NO DATA,NO DATA,NO DATA,89,NO DATA,NO DATA,NO DATA,55,6 - Single Vehicle Crash,NO DATA,445519,219061,NO DATA,NO DATA,NO DATA,Ramp or Spur,I-89,0.016,I089-0000SR013B,LRS,Property Damage Only,"(44.45471062, -73.18410630)"
33,VTVSP0700,12A201547,04/16/2012,I-89 Off Ramp D(19),St. Albans Town,NO DATA,NO DATA,NO DATA,89,RTE. 104,200,Feet,65,1 - Rear End,NO DATA,454710,255253,NO DATA,NO DATA,NO DATA,Ramp or Spur,I-89,0.32,I089-0000SR019D,LRS,Property Damage Only,"(44.79594884, -73.07222265)"
34,VTVSP0700,12A200900,03/02/2012,I-89 SB On-ramp A,Swanton,NO DATA,NO DATA,NO DATA,89,VT Route 78,NO DATA,NO DATA,35,6 - Single Vehicle Crash,NO DATA,451954,269271,NO DATA,NO DATA,NO DATA,Ramp or Spur,I-89,0,I089-0000SR021A,LRS,Injury,"(44.92205171, -73.10858132)"
35,VTVSP1000,12D200954,04/04/2012,I91 N MM 13.7,Guilford,NO DATA,NO DATA,NO DATA,91,Mass Line,0,Miles,65,6 - Single Vehicle Crash,South,494495,26828,NO DATA,NO DATA,NO DATA,State System (State Highways and Class I TH links),I-91,0.45,I091-0000,LRS,Property Damage Only,"(42.73647808, -72.56846630)"
36,VTVSP0100,12A103790,09/26/2012,I 89 S,Richmond,NO DATA,NO DATA,NO DATA,89,MM 75.4,NO DATA,NO DATA,65,4 - Opp Direction Sideswipe,North,462079,210947,NO DATA,NO DATA,NO DATA,State System (State Highways and Class I TH links),I-89,75.4,I089-0000S,LRS,Property Damage Only,"(44.39569471, -72.96931564)"
37,VTVSP0100,12A104228,10/27/2012,I-89 SB,Richmond,NO DATA,NO DATA,NO DATA,89,Exit 11,5,Miles,55,1 - Rear End,South,460864,212497,NO DATA,NO DATA,NO DATA,State System (State Highways and Class I TH links),I-89,74,I089-0000S,LRS,Property Damage Only,"(44.38784736, -72.94212748)"
38,VTVSP0100,12A100744,02/26/2012,I-89 SB MM 71.2,Bolton,NO DATA,NO DATA,NO DATA,89,MM 71.2,NO DATA,NO DATA,65,6 - Single Vehicle Crash,NO DATA,497419,191463,NO DATA,NO DATA,NO DATA,State System (State Highways and Class I TH links),I-89,71.2,I089-0000S,LRS,Property Damage Only,"(44.37638150, -72.89041357)"
39,VTVSP0100,12A101610,05/07/2012,I-89 South Bound,Bolton,NO DATA,NO DATA,NO DATA,89,70/40,NO DATA,NO DATA,65,2 - Head On,NO DATA,470079,208002,890,401,7040,State System (State Highways and Class I TH links),I-89,70.4,I089-0000S,LRS,Fatal,"(44.37158839, -72.87522752)"
40,VTVSP0100,12A105040,12/22/2012,I-89 SB MM 76/05,Richmond,NO DATA,NO DATA,NO DATA,89,MM┬á 76/05 Southbound,NO DATA,NO DATA,65,6 - Single Vehicle Crash,NO DATA,460997,211841,NO DATA,NO DATA,NO DATA,State System (State Highways and Class I TH links),I-89,76.05,I089-0000S,LRS,Property Damage Only,"(44.39951847, -72.98140449)"
47,VTVSP1200,12A300916,02/25/2012,I89 SB,Middlesex,NO DATA,NO DATA,NO DATA,89,Mm55.4,NO DATA,NO DATA,65,6 - Single Vehicle Crash,NO DATA,489149,196829,890,1210,5540,State System (State Highways and Class I TH links),I-89,55.4,I089-0000S,LRS,Property Damage Only,"(44.27075497, -72.63342717)"
48,VTVSP1200,12A300340,01/20/2012,I89,Middlesex,NO DATA,NO DATA,NO DATA,89,Exit 9,5,Miles,65,1 - Rear End,South,486704,198862,890,1210,5485,State System (State Highways and Class I TH links),I-89,54.85,I089-0000S,LRS,Property Damage Only,"(44.26673263, -72.62373712)"
49,VTVSP1200,12A305044,11/24/2012,I-89 SB Mm54/65,Middlesex,NO DATA,NO DATA,NO DATA,89,Mm54/65,30,Feet,65,6 - Single Vehicle Crash,North,490319,196163,89,1211,5465,State System (State Highways and Class I TH links),I-89,54.65,I089-0000S,LRS,Property Damage Only,"(44.26518529, -72.62024848)"
50,VTVSP1200,12A302634,06/09/2012,I-89Mm52/80 SB,Berlin,NO DATA,NO DATA,NO DATA,89,Exit 8 SB On Ramp,300,Feet,65,3 - Same Direction Sideswipe,South,492585,194255,890,1218,5280,State System (State Highways and Class I TH links),I-89,52.8,I089-0000S,LRS,Property Damage Only,"(44.24912817, -72.59425067)"
51,VTVSP1200,12A303933,09/07/2012,I-89 Mm51 SB,Berlin,NO DATA,NO DATA,NO DATA,89,Mm51/55SB,NO DATA,NO DATA,65,3 - Same Direction Sideswipe,NO DATA,493136,192619,890,1203,5155,State System (State Highways and Class I TH links),I-89,51.55,I089-0000S,LRS,Injury,"(44.23376049, -72.58581689)"
52,VTVSP1200,12A303300,07/29/2012,I89 SB,Berlin,NO DATA,NO DATA,NO DATA,89,Exit 8,NO DATA,NO DATA,65,1 - Rear End,South,493098,192377,890,1203,5140,State System (State Highways and Class I TH links),I-89,51.4,I089-0000S,LRS,Injury,"(44.23161085, -72.58629582)"
53,VTVSP1200,12A302732,06/24/2012,I 89 SB,Berlin,NO DATA,NO DATA,NO DATA,89,Mm50 Exit 7,0,Miles,65,6 - Single Vehicle Crash,South,493236,191033,890,1203,5000,State System (State Highways and Class I TH links),I-89,50.55,I089-0000S,LRS,Property Damage Only,"(44.21940294, -72.58468199)"
54,VTVSP1200,12A303987,09/08/2012,I89 SB,Berlin,NO DATA,NO DATA,NO DATA,89,Exit 7,0,Miles,65,6 - Single Vehicle Crash,South,493362,190246,890,1203,5000,State System (State Highways and Class I TH links),I-89,50.35,I089-0000S,LRS,Injury,"(44.21651212, -72.58406878)"
61,VTVSP1200,12A301085,03/09/2012,I89 SB,Berlin,NO DATA,NO DATA,NO DATA,89,Exit 6,0,Miles,65,1 - Rear End,South,493334,184470,890,1203,4640,State System (State Highways and Class I TH links),I-89,46.59,I089-0000S,LRS,Injury,"(44.16296146, -72.58126483)"
62,VTVSP1200,12A301018,03/03/2012,Interstate 89 SB,Williamstown,NO DATA,NO DATA,NO DATA,89,Mile Marker 46,NO DATA,NO DATA,65,6 - Single Vehicle Crash,NO DATA,493054,183933,890,917,4600,State System (State Highways and Class I TH links),I-89,46,I089-0000S,LRS,Injury,"(44.15626131, -72.58633585)"
63,VTVSP1200,12A301681,04/23/2012,I-89SB,Williamstown,NO DATA,NO DATA,NO DATA,89,Mm45,30,Feet,65,6 - Single Vehicle Crash,North,492250,182509,890,917,4500,State System (State Highways and Class I TH links),I-89,45,I089-0000S,LRS,Property Damage Only,"(44.14336357, -72.59621523)"
64,VTVSP1200,12A301030,03/04/2012,Interstate 89,Williamstown,NO DATA,NO DATA,NO DATA,89,Exit 5 South,400,Feet,65,6 - Single Vehicle Crash,South,491449,179724,890,4325,917,State System (State Highways and Class I TH links),I-89,42.98,I089-0000S,LRS,Property Damage Only,"(44.11559857, -72.60797471)"
65,VTVSP1200,12A300344,01/20/2012,I89 SB Mm42,Williamstown,NO DATA,NO DATA,NO DATA,89,Exit 5,25,Feet,65,6 - Single Vehicle Crash,South,491209,179152,890,917,4275,State System (State Highways and Class I TH links),I-89,42.72,I089-0000S,LRS,Injury,"(44.11205072, -72.61014371)"
66,VTVSP1100,12D304488,10/07/2012,I-89SB,Randolph,NO DATA,NO DATA,NO DATA,89,MM 33 - Exit 4,2,Miles,65,7 - Other - Explain in Narrative,North,489777,164556,890,909,3300,State System (State Highways and Class I TH links),I-89,33.46,I089-0000S,LRS,Injury,"(43.98137418, -72.62734875)"
67,VTVSP1100,12D300820,02/24/2012,I 89S 32/95S,Randolph,NO DATA,NO DATA,NO DATA,89,NO DATA,NO DATA,NO DATA,65,6 - Single Vehicle Crash,NO DATA,489864,163784,890,909,3295,State System (State Highways and Class I TH links),I-89,32.95,I089-0000S,LRS,Injury,"(43.97401922, -72.62635840)"
68,VTVSP1100,12D300180,01/13/2012,I 89 S,Randolph,NO DATA,NO DATA,NO DATA,89,NO DATA,NO DATA,NO DATA,65,6 - Single Vehicle Crash,NO DATA,490271,159350,NO DATA,NO DATA,NO DATA,State System (State Highways and Class I TH links),I-89,30,I089-0000S,LRS,Injury,"(43.93173425, -72.61999065)"
75,VTVSP1100,12D302341,06/10/2012,Interstate 89,Sharon,NO DATA,NO DATA,NO DATA,89,Mm11.4 SB,NO DATA,NO DATA,65,6 - Single Vehicle Crash,NO DATA,504650,138490,890,1417,114,State System (State Highways and Class I TH links),I-89,11.4,I089-0000S,LRS,Injury,"(43.75970011, -72.44844203)"
76,VTVSP1100,12D305480,12/18/2012,I-89 SB,Sharon,NO DATA,NO DATA,NO DATA,89,MM 10.95,NO DATA,NO DATA,65,6 - Single Vehicle Crash,NO DATA,504302,139276,NO DATA,NO DATA,NO DATA,State System (State Highways and Class I TH links),I-89,10.95,I089-0000S,LRS,Injury,"(43.75347471, -72.44626554)"
77,VTVSP1100,12D300999,03/08/2012,MM 10 I89 SB,Sharon,NO DATA,NO DATA,NO DATA,89,EXIT 2,3,Miles,65,6 - Single Vehicle Crash,South,505325,137469,1417,890,1000,State System (State Highways and Class I TH links),I-89,9.66,I089-0000S,LRS,Property Damage Only,"(43.73742645, -72.43379168)"
78,VTVSP1100,12D302820,07/03/2012,I89 SB MM 4/65,Hartford,NO DATA,NO DATA,NO DATA,89,Exit 1,1,Miles,65,6 - Single Vehicle Crash,North,508269,130688,890,1408,465,State System (State Highways and Class I TH links),I-89,4.65,I089-0000S,LRS,Property Damage Only,"(43.67484059, -72.39557243)"
79,VTVSP1100,12D302154,05/30/2012,Mm4.6 I-89 Southbound,Hartford,NO DATA,NO DATA,NO DATA,89,Exit 1,0,Miles,65,6 - Single Vehicle Crash,North,509173,129683,890,1408,46,State System (State Highways and Class I TH links),I-89,4.6,I089-0000S,LRS,Property Damage Only,"(43.67431430, -72.39494341)"
80,VTVSP1100,12D303936,09/04/2012,I-89 SB MM 4,Hartford,NO DATA,NO DATA,89,NO DATA,Exit 1,1,Miles,65,6 - Single Vehicle Crash,South,508115,130959,890,1408,400,State System (State Highways and Class I TH links),I-89,4,I089-0000S,LRS,Property Damage Only,"(43.66759232, -72.38674870)"
81,VTVSP1100,12D305634,12/29/2012,I-89 MM 3 Exit 1 SB,Hartford,NO DATA,NO DATA,NO DATA,89,Exit 1,1000,Feet,65,1 - Rear End,North,509022,129837,890,1408,300,State System (State Highways and Class I TH links),I-89,3,I089-0000S,LRS,Injury,"(43.66176752, -72.36901277)"
82,VTVSP1100,12D304756,10/24/2012,I-89,Hartford,NO DATA,NO DATA,NO DATA,89,MM3,0,Miles,65,"10 - Left Turn and Thru, Angle Broadside -->v--",South,510084,129159,NO DATA,NO DATA,NO DATA,State System (State Highways and Class I TH links),I-89,2.9,I089-0000S,LRS,Property Damage Only,"(43.66146245, -72.36710780)"
89,VT0040500,12CC05143,07/30/2012,I-89NB Exit 17 Ramp D/US Route 2,Colchester,NO DATA,NO DATA,2,NO DATA,Exit 17 NB Off Ramp,100,Feet,50,1 - Rear End,West,446868,232396,NO DATA,NO DATA,NO DATA,Ramp or Spur,I-89,0.31,I089-0000NR017D,LRS,Property Damage Only,"(44.58984463, -73.16942186)"
90,VTVSP0100,12A103866,10/02/2012,I 89 N/Exit 17 Offramp,Colchester,NO DATA,NO DATA,NO DATA,89,Route 2 West,25,Feet,55,1 - Rear End,East,446842,232399,NO DATA,NO DATA,NO DATA,Ramp or Spur,I-89,0.31,I089-0000NR017D,LRS,Property Damage Only,"(44.58984463, -73.16942186)"
91,VT0040500,12CC06612,09/25/2012,"I89, Exit 17 Ramp D",Colchester,NO DATA,NO DATA,NO DATA,89,Route 2,10,Feet,25,1 - Rear End,West,004-46-879,002-32-389,NO DATA,NO DATA,NO DATA,Ramp or Spur,I-89,0.29,I089-0000NR017D,LRS,Injury,"(44.58986079, -73.16899404)"
92,VT0040500,12CC03950,06/15/2012,I-89N Exit 16 Off Ramp D,Colchester,NO DATA,NO DATA,NO DATA,89,Roosevelt Highway,NO DATA,NO DATA,55,1 - Rear End,NO DATA,004-45-922,002-23-044,NO DATA,NO DATA,NO DATA,Ramp or Spur,I-89,0.24,I089-0000NR017D,LRS,Property Damage Only,"(44.59036749, -73.16823151)"
93,VTVSP0100,12A102138,06/12/2012,I-89 Exit 16 NB Off Ramp D,Colchester,NO DATA,NO DATA,NO DATA,89,US Route 2,25,Feet,55,1 - Rear End,South,451268,215924,NO DATA,NO DATA,NO DATA,Ramp or Spur,I-89,0.22,I089-0000NR017D,LRS,Injury,"(44.59065736, -73.16810522)"
94,VTVSP0100,12A104512,11/18/2012,Exit 15 Off Ramp B,Winooski City,NO DATA,NO DATA,NO DATA,89,Vt Route 15,NO DATA,NO DATA,35,1 - Rear End,West,446502,221671,NO DATA,NO DATA,NO DATA,Ramp or Spur,I-89,0.16,I089-0000NR015B,LRS,Property Damage Only,"(44.49323802, -73.17265159)"
95,VTVSP0100,12A104805,12/07/2012,I 89 N,Winooski City,NO DATA,NO DATA,NO DATA,89,Exit 15,0,Miles,55,1 - Rear End,South,446397,220695,NO DATA,NO DATA,NO DATA,Ramp or Spur,I-89,0,I089-0000NR015B,LRS,Injury,"(44.49071062, -73.17301283)"
103,VTVSP0100,12100080,01/08/2012,I-89 Exit 13 Ramp F,South Burlington,NO DATA,NO DATA,NO DATA,89,Kennedy Dr,NO DATA,NO DATA,35,6 - Single Vehicle Crash,NO DATA,445927,217159,NO DATA,NO DATA,NO DATA,Ramp or Spur,I-89,0.16,I089-0000NR013F,LRS,Property Damage Only,"(44.45279590, -73.17877408)"
104,VT0041000,12WT03028,09/01/2012,I-89 Exit 12 Ramp A,Williston,NO DATA,NO DATA,NO DATA,89,ST. George Road,10,Feet,30,1 - Rear End,South,451060,215703,NO DATA,NO DATA,NO DATA,Ramp or Spur,I-89,0.25,I089-0000NR012A,LRS,Property Damage Only,"(44.43991294, -73.11461895)"
105,VT0041000,12WT02492,07/27/2012,I-89Exit Ramp A,Williston,NO DATA,NO DATA,NO DATA,NO DATA,St. George Road,NO DATA,NO DATA,35,1 - Rear End,NO DATA,450960,215567,NO DATA,NO DATA,NO DATA,Ramp or Spur,I-89,0.25,I089-0000NR012A,LRS,Property Damage Only,"(44.43991294, -73.11461895)"
106,VTVSP0100,12A104334,11/03/2012,I 89 N,Williston,NO DATA,NO DATA,NO DATA,89,Exit 12 Offramp A,5,Feet,35,1 - Rear End,South,451091,215691,NO DATA,NO DATA,NO DATA,Ramp or Spur,I-89,0.24,I089-0000NR012A,LRS,Property Damage Only,"(44.43987533, -73.11440279)"
107,VTVSP0100,12A103038,08/08/2012,I-89 NB Exit 11 NB Ramp A,Richmond,NO DATA,NO DATA,NO DATA,NO DATA,Rt 2,500,Feet,25,4 - Opp Direction Sideswipe,East,460864,212462,NO DATA,NO DATA,NO DATA,Ramp or Spur,I-89,0.31,I089-0000NR011A,LRS,Property Damage Only,"(44.42505232, -73.01102668)"
108,VT0120400,12WB00594,07/13/2012,Interstate 89NB,Waterbury,NO DATA,NO DATA,NO DATA,NO DATA,Exit 10 Ramp H,NO DATA,NO DATA,35,1 - Rear End,North,NO DATA,NO DATA,NO DATA,NO DATA,NO DATA,Ramp or Spur,I-89,0.19,I089-0000NR010H,LRS,Property Damage Only,"(44.34437483, -72.75438031)"
109,VTVSP1200,12A302865,07/03/2012,I-89 NB Exit 8,Montpelier,NO DATA,NO DATA,NO DATA,89,E89 Exit 8 NB On Ramp B,100,Feet,40,6 - Single Vehicle Crash,South,492329,194553,890,1211,5305,Ramp or Spur,I-89,0.06,I089-0000NR008B,LRS,Injury,"(44.25161488, -72.59596020)"
110,VTVSP1200,12A303262,07/27/2012,I89 Exit 7 Off Ramp A,Berlin,NO DATA,NO DATA,NO DATA,89,Route 62,100,Feet,65,6 - Single Vehicle Crash,South,493479,190529,890,1203,5135,Ramp or Spur,I-89,0.22,I089-0000NR007A,LRS,Injury,"(44.21502825, -72.58115345)"
117,VTVSP0700,12A200195,01/15/2012,I-89 N,Swanton,NO DATA,NO DATA,NO DATA,89,Exit 20,NO DATA,NO DATA,65,6 - Single Vehicle Crash,North,454725,260217,NO DATA,NO DATA,NO DATA,State System (State Highways and Class I TH links),I-89,118,I089-0000,LRS,Property Damage Only,"(44.84847886, -73.08283413)"
118,VTVSP0700,12A206188,12/30/2012,I-89 NB Exit 20 Overpass,St. Albans Town,NO DATA,NO DATA,NO DATA,89,NO DATA,NO DATA,NO DATA,65,6 - Single Vehicle Crash,NO DATA,454172,260571,NO DATA,NO DATA,NO DATA,State System (State Highways and Class I TH links),I-89,117.64,I089-0000,LRS,Property Damage Only,"(44.84384773, -73.07969698)"
119,VTVSP0700,12A205628,11/26/2012,I-89NB,St. Albans Town,NO DATA,NO DATA,NO DATA,89,NO DATA,NO DATA,Feet,65,6 - Single Vehicle Crash,South,454723,254134,NO DATA,NO DATA,NO DATA,State System (State Highways and Class I TH links),I-89,112.8,I089-0000,LRS,Injury,"(44.78248673, -73.07280832)"
120,VTVSP0700,12A206141,12/28/2012,I-89 NB,Fairfax,NO DATA,NO DATA,NO DATA,89,Sobo Rest Area,1,Miles,65,6 - Single Vehicle Crash,North,454532,253153,NO DATA,NO DATA,NO DATA,State System (State Highways and Class I TH links),I-89,111.5,I089-0000,LRS,Property Damage Only,"(44.76291010, -73.07608524)"
121,VTVSP0700,12A203929,08/27/2012,I-89 NB MM 111,Fairfax,NO DATA,NO DATA,NO DATA,89,Exit 19,2,Miles,65,1 - Rear End,South,454704,253921,NO DATA,NO DATA,NO DATA,State System (State Highways and Class I TH links),I-89,111,I089-0000,LRS,Injury,"(44.75528386, -73.07718609)"
122,VTVSP0700,12A201725,04/28/2012,I-89 NB,Georgia,NO DATA,NO DATA,NO DATA,89,Mile Marker 110,10,Feet,65,6 - Single Vehicle Crash,South,454129,248327,NO DATA,NO DATA,NO DATA,State System (State Highways and Class I TH links),I-89,110,I089-0000,LRS,Injury,"(44.74077431, -73.07927358)"
123,VTVSP0700,12A201269,03/26/2012,I-89 NB MM 108,Georgia,NO DATA,NO DATA,NO DATA,89,MM 108,2,Miles,65,6 - Single Vehicle Crash,North,454788,254574,NO DATA,NO DATA,NO DATA,State System (State Highways and Class I TH links),I-89,108,I089-0000,LRS,Property Damage Only,"(44.71258469, -73.08616129)"
130,VTDMV0004,12DMV0280,11/06/2012,I-89 NORTHBOUND,Colchester,NO DATA,NO DATA,NO DATA,89,MALLET'S BAY CREEK BRIDGE,NO DATA,NO DATA,65,2 - Head On,NO DATA,446225,230309,NO DATA,NO DATA,NO DATA,State System (State Highways and Class I TH links),I-89,96.56,I089-0000,LRS,Property Damage Only,"(44.57167986, -73.17775089)"
131,VTVSP0100,12A100521,02/11/2012,I89N,Colchester,NO DATA,NO DATA,NO DATA,89,NO DATA,NO DATA,NO DATA,65,6 - Single Vehicle Crash,NO DATA,445042,227533,NO DATA,NO DATA,NO DATA,State System (State Highways and Class I TH links),I-89,94,I089-0000,LRS,Injury,"(44.53817437, -73.19746149)"
132,VTVSP0100,12A101917,05/29/2012,I-89 NB,Colchester,NO DATA,NO DATA,NO DATA,89,NO DATA,NO DATA,NO DATA,65,6 - Single Vehicle Crash,NO DATA,445019,224125,890,405,9235,State System (State Highways and Class I TH links),I-89,92.35,I089-0000,LRS,Fatal,"(44.51449937, -73.19148231)"
133,VTVSP0100,12A105188,12/31/2012,I 89 N MM 90/40,Winooski City,NO DATA,NO DATA,NO DATA,89,Exit 15 Northbound,20,Feet,55,6 - Single Vehicle Crash,North,446546,221488,890,418,9040,State System (State Highways and Class I TH links),I-89,90.4,I089-0000,LRS,Property Damage Only,"(44.49213894, -73.17305737)"
134,VTVSP0100,12A103769,09/25/2012,I 89 N,Winooski City,NO DATA,NO DATA,NO DATA,89,Exit 15,15,Feet,55,1 - Rear End,North,446452,221201,NO DATA,NO DATA,NO DATA,State System (State Highways and Class I TH links),I-89,90.31,I089-0000,LRS,Injury,"(44.49079508, -73.17301025)"
135,VTVSP0100,12A104654,11/27/2012,I 89 N,Winooski City,NO DATA,NO DATA,NO DATA,89,Exit 15/Route 15,0,Miles,55,1 - Rear End,South,446440,221081,NO DATA,NO DATA,NO DATA,State System (State Highways and Class I TH links),I-89,90.05,I089-0000,LRS,Property Damage Only,"(44.48717342, -73.17347075)"
136,VTVSP0100,12A104620,11/26/2012,I-89NB,South Burlington,NO DATA,NO DATA,NO DATA,89,MM 89.4,NO DATA,NO DATA,65,6 - Single Vehicle Crash,NO DATA,446228,220170,NO DATA,NO DATA,NO DATA,State System (State Highways and Class I TH links),I-89,89.4,I089-0000,LRS,Property Damage Only,"(44.47864850, -73.17674407)"
143,VTVSP0100,12A102782,07/23/2012,I-89 NB,South Burlington,NO DATA,NO DATA,NO DATA,89,Exit 12,NO DATA,Miles,65,6 - Single Vehicle Crash,North,448122,216477,NO DATA,NO DATA,NO DATA,State System (State Highways and Class I TH links),I-89,85.86,I089-0000,LRS,Property Damage Only,"(44.44662817, -73.15169711)"
144,VTVSP0100,12A104591,11/24/2012,I-89 NB,Williston,NO DATA,NO DATA,NO DATA,89,Exit 12 Onramp To I-89 N,0,Miles,65,3 - Same Direction Sideswipe,North,450088,215785,NO DATA,NO DATA,NO DATA,State System (State Highways and Class I TH links),I-89,84.42,I089-0000,LRS,Property Damage Only,"(44.44039636, -73.12419519)"
145,VTVSP0100,12A102574,07/11/2012,I 89 NB,Williston,NO DATA,NO DATA,NO DATA,89,NO DATA,NO DATA,NO DATA,65,3 - Same Direction Sideswipe,NO DATA,450166,215781,890,417,8445,State System (State Highways and Class I TH links),I-89,84.19,I089-0000,LRS,Injury,"(44.43996204, -73.11959562)"
146,VTVSP0100,12A105046,12/22/2012,I 89 N,Williston,NO DATA,NO DATA,NO DATA,89,Williston Rest Area,NO DATA,NO DATA,10,6 - Single Vehicle Crash,NO DATA,453814,215172,NO DATA,NO DATA,NO DATA,State System (State Highways and Class I TH links),I-89,82.19,I089-0000,LRS,Injury,"(44.43593060, -73.07992641)"
147,VTVSP0100,12A101922,05/29/2012,I 89 N; Mile Marker 81,Williston,NO DATA,NO DATA,NO DATA,89,I 89 N;Mile Marker 81,NO DATA,NO DATA,65,6 - Single Vehicle Crash,NO DATA,455377,214917,NO DATA,NO DATA,NO DATA,State System (State Highways and Class I TH links),I-89,81,I089-0000,LRS,Property Damage Only,"(44.43353489, -73.05661510)"
148,VTVSP1200,12A104630,11/26/2012,I89 N,Williston,NO DATA,NO DATA,NO DATA,89,Mm 80.4,10,Feet,65,3 - Same Direction Sideswipe,North,456748,214899,890,411,8040,State System (State Highways and Class I TH links),I-89,80.4,I089-0000,LRS,Property Damage Only,"(44.43324500, -73.04496014)"
149,VTVSP0100,12A104683,11/29/2012,I-89 NB,Williston,NO DATA,NO DATA,NO DATA,89,MM 80.4 N,NO DATA,NO DATA,65,6 - Single Vehicle Crash,NO DATA,456765,214873,NO DATA,NO DATA,NO DATA,State System (State Highways and Class I TH links),I-89,80.4,I089-0000,LRS,Injury,"(44.43324500, -73.04496014)"
156,VTVSP0100,12A101119,03/27/2012,I-89 NB,Richmond,NO DATA,NO DATA,NO DATA,89,Exit 11,4,Miles,65,1 - Rear End,South,463826,210193,89,411,7450,State System (State Highways and Class I TH links),I-89,74,I089-0000,LRS,Injury,"(44.38876692, -72.94278658)"
157,VTVSP0100,12A104624,11/26/2012,I 89 N,Richmond,NO DATA,NO DATA,NO DATA,89,Mm 73.8,0,Miles,65,6 - Single Vehicle Crash,South,465190,209719,NO DATA,NO DATA,NO DATA,State System (State Highways and Class I TH links),I-89,73.7,I089-0000,LRS,Property Damage Only,"(44.38716826, -72.93725831)"
158,VTVSP0100,12A102858,07/28/2012,I-89 SB Mm73 150,Richmond,NO DATA,NO DATA,NO DATA,89,Mm 73/50 S,NO DATA,NO DATA,65,6 - Single Vehicle Crash,NO DATA,465217,209672,NO DATA,NO DATA,NO DATA,State System (State Highways and Class I TH links),I-89,73.5,I089-0000,LRS,Injury,"(44.38496695, -72.93450222)"
159,VTVSP0100,12A104123,10/19/2012,Interstate 89 NB,Bolton,NO DATA,NO DATA,NO DATA,89,Exit 11,8,Miles,65,"8 - No Turns, Thru moves only, Broadside ^<",South,469760,208174,NO DATA,NO DATA,NO DATA,State System (State Highways and Class I TH links),I-89,70.61,I089-0000,LRS,Injury,"(44.37315899, -72.87886720)"
160,VTVSP0100,12A104127,10/19/2012,I 89 NB,Bolton,NO DATA,NO DATA,NO DATA,89,Exit 11,8,Miles,65,1 - Rear End,South,469760,208174,NO DATA,NO DATA,NO DATA,State System (State Highways and Class I TH links),I-89,70.61,I089-0000,LRS,Property Damage Only,"(44.37315899, -72.87886720)"
161,VTVSP1200,12A300373,01/21/2012,I-89NB,Waterbury,NO DATA,NO DATA,NO DATA,89,Mm 67.65,50,Feet,65,6 - Single Vehicle Crash,South,474318,206632,890,1218,6765,State System (State Highways and Class I TH links),I-89,67.64,I089-0000,LRS,Property Damage Only,"(44.35940772, -72.82290517)"
162,VTVSP1200,12A302308,06/04/2012,I89 NB,Waterbury,NO DATA,NO DATA,NO DATA,89,Mm66/90,300,Feet,65,3 - Same Direction Sideswipe,North,475500,206846,890,1218,6685,State System (State Highways and Class I TH links),I-89,66.84,I089-0000,LRS,Property Damage Only,"(44.36146152, -72.80757417)"
163,VTVSP1200,12A302371,06/08/2012,I-89 NB Mm66.6 I89,Waterbury,NO DATA,NO DATA,NO DATA,89,NO DATA,NO DATA,Miles,65,1 - Rear End,North,475735,206866,890,1218,6660,State System (State Highways and Class I TH links),I-89,66.6,I089-0000,LRS,Injury,"(44.36118513, -72.80270145)"