ID,Reporting Agency,Report Number,Date,Street Address,Town,Number,Number1,Number2,Number3,Intersection,Distance From Intersection,Distance Unit,Posted Speed,Direction of Collision,Direction from Intersection,Easting,Northing,Mile Marker,Mile Marker 1,Mile Marker 2,AOT Roadway,AOT Route,AOT Actual Mile,LRS Number,How Mapped,Crash Type,Location 1
170,VTVSP1200,12A300873,02/24/2012,I89 NB,Waterbury,NO DATA,NO DATA,NO DATA,89,Exit 9 On Ramp,2,Miles,65,6 - Single Vehicle Crash,North,482086,201971,890,1218,6100,State System (State Highways and Class I TH links),I-89,61,I089-0000,LRS,Property Damage Only,"(44.31492055, -72.71762983)"
171,VTVSP1200,12A300847,02/24/2012,I89 Northbound,Waterbury,NO DATA,NO DATA,NO DATA,89,Exit 9 On Ramp,2,Miles,65,6 - Single Vehicle Crash,North,482863,201551,890,1218,610,State System (State Highways and Class I TH links),I-89,60.9,I089-0000,LRS,Property Damage Only,"(44.31460521, -72.71585098)"
172,VTVSP1200,12A303803,08/29/2012,I89 N,Middlesex,NO DATA,NO DATA,NO DATA,89,Mm59/80,NO DATA,NO DATA,65,6 - Single Vehicle Crash,NO DATA,484459,201305,890,1210,5980,State System (State Highways and Class I TH links),I-89,59.8,I089-0000,LRS,Injury,"(44.31220775, -72.69521875)"
173,VTVSP1200,12A305478,12/22/2012,I89NB,Middlesex,NO DATA,NO DATA,NO DATA,89,I89 Mm59.6,NO DATA,NO DATA,65,6 - Single Vehicle Crash,NO DATA,484609,201124,890,1210,5960,State System (State Highways and Class I TH links),I-89,59.6,I089-0000,LRS,Property Damage Only,"(44.30977766, -72.69299234)"
174,VTVSP0100,12A300287,01/17/2012,I-89 NB,Middlesex,NO DATA,NO DATA,NO DATA,89,Exit 9,20,Feet,65,6 - Single Vehicle Crash,North,485121,199916,890,1210,5880,State System (State Highways and Class I TH links),I-89,58.82,I089-0000,LRS,Property Damage Only,"(44.29929830, -72.68659481)"
175,VTVSP1200,12A303325,07/30/2012,I-89 NB,Middlesex,NO DATA,NO DATA,NO DATA,89,Exit 9,NO DATA,NO DATA,65,6 - Single Vehicle Crash,NO DATA,485064,199943,890,1210,5880,State System (State Highways and Class I TH links),I-89,58.8,I089-0000,LRS,Injury,"(44.29907809, -72.68634217)"
176,VTVSP1200,12A304084,09/14/2012,I89 NB,Middlesex,NO DATA,NO DATA,NO DATA,89,Exit 9,2,Miles,65,6 - Single Vehicle Crash,South,487308,197799,890,1210,5685,State System (State Highways and Class I TH links),I-89,56.85,I089-0000,LRS,Injury,"(44.28043803, -72.65890787)"
177,VTVSP1200,12A300678,02/13/2012,I89 NB,Middlesex,NO DATA,NO DATA,NO DATA,89,Mm56.6,NO DATA,Feet,65,1 - Rear End,NO DATA,487604,197564,890,1210,5660,State System (State Highways and Class I TH links),I-89,56.6,I089-0000,LRS,Property Damage Only,"(44.27815094, -72.65520206)"
184,VTVSP1200,12A303484,08/09/2012,Interstate 89 NB,Berlin,NO DATA,NO DATA,NO DATA,89,Exit 8 On Ramp I 89 N,0,Miles,65,6 - Single Vehicle Crash,South,492032,195068,890,1211,5295,State System (State Highways and Class I TH links),I-89,52.89,I089-0000,LRS,Property Damage Only,"(44.24997911, -72.59509532)"
185,VTVSP1200,12A301346,03/30/2012,I-89 NB Mm52/60,Berlin,NO DATA,NO DATA,NO DATA,89,Exit 8 Off Ramp,0,Miles,65,6 - Single Vehicle Crash,South,492814,194148,890,1211,5260,State System (State Highways and Class I TH links),I-89,52.6,I089-0000,LRS,Property Damage Only,"(44.24776466, -72.59008929)"
186,VT0120000,12WAC0046,02/28/2012,I-89 NB,Montpelier,NO DATA,NO DATA,NO DATA,89,NO DATA,NO DATA,NO DATA,65,6 - Single Vehicle Crash,NO DATA,493105,193772,NO DATA,NO DATA,NO DATA,State System (State Highways and Class I TH links),I-89,52.25,I089-0000,LRS,Property Damage Only,"(44.24374982, -72.58606594)"
187,VTVSP1200,12A304757,11/05/2012,Mm50.85,Berlin,NO DATA,NO DATA,NO DATA,89,Exit 7,1,Miles,65,6 - Single Vehicle Crash,North,493164,191509,89,1203,5085,State System (State Highways and Class I TH links),I-89,50.85,I089-0000,LRS,Property Damage Only,"(44.22377086, -72.58529644)"
188,VTVSP1200,12A304759,11/05/2012,Mm50 I 89 NB,Berlin,NO DATA,NO DATA,NO DATA,89,Exit 7,600,Feet,65,6 - Single Vehicle Crash,North,493273,190798,890,1203,5035,State System (State Highways and Class I TH links),I-89,50,I089-0000,LRS,Property Damage Only,"(44.21150118, -72.58251141)"
189,VTVSP1200,12A303903,09/04/2012,I89 Nb Mm49,Berlin,NO DATA,NO DATA,NO DATA,89,Exit 7,1,Miles,65,6 - Single Vehicle Crash,South,493828,188757,890,1203,4900,State System (State Highways and Class I TH links),I-89,49,I089-0000,LRS,Property Damage Only,"(44.19579074, -72.57671834)"
190,VTVSP1200,12A303423,08/05/2012,Mm47.65 I89 NB,Berlin,NO DATA,NO DATA,NO DATA,89,Mm47/65,NO DATA,NO DATA,65,6 - Single Vehicle Crash,NO DATA,493947,186017,89,1203,4765,State System (State Highways and Class I TH links),I-89,47.65,I089-0000,LRS,Property Damage Only,"(44.17395097, -72.57552642)"
191,VTVSP1200,12A304530,10/19/2012,I-89 NB Mm47.6,Berlin,NO DATA,NO DATA,NO DATA,89,Mm47.6NB,NO DATA,NO DATA,65,1 - Rear End,NO DATA,493965,186384,890,1203,4755,State System (State Highways and Class I TH links),I-89,47.6,I089-0000,LRS,Property Damage Only,"(44.17339417, -72.57558855)"
198,VTVSP1200,12A301039,03/04/2012,I89 Mm36/05,Brookfield,NO DATA,NO DATA,NO DATA,89,Exit 5,7,Miles,65,6 - Single Vehicle Crash,South,490632,168703,890,903,3605,State System (State Highways and Class I TH links),I-89,36.05,I089-0000,LRS,Injury,"(44.01825676, -72.61701093)"
199,VTVSP1200,12A305626,12/31/2012,I-89 NB,Brookfield,NO DATA,NO DATA,NO DATA,89,NO DATA,NO DATA,NO DATA,65,1 - Rear End,NO DATA,490722,169451,890,903,3650,State System (State Highways and Class I TH links),I-89,36,I089-0000,LRS,Injury,"(44.01753810, -72.61712994)"
200,VTVSP1100,12D303359,08/02/2012,I-89 NB,Randolph,NO DATA,NO DATA,NO DATA,89,Exit 4,4,Miles,65,6 - Single Vehicle Crash,North,490474,168732,890,909,3400,State System (State Highways and Class I TH links),I-89,34,I089-0000,LRS,Injury,"(43.98887512, -72.62514789)"
201,VTVSP1100,12D300171,01/13/2012,I 89 N,Randolph,NO DATA,NO DATA,NO DATA,89,NO DATA,NO DATA,NO DATA,65,6 - Single Vehicle Crash,NO DATA,490186,166584,NO DATA,NO DATA,NO DATA,State System (State Highways and Class I TH links),I-89,34,I089-0000,LRS,Property Damage Only,"(43.98887512, -72.62514789)"
202,VTVSP1100,12D303342,08/01/2012,I-89 NB Mm 33/85,Randolph,NO DATA,NO DATA,NO DATA,89,NO DATA,NO DATA,NO DATA,65,6 - Single Vehicle Crash,NO DATA,489987,165133,890,909,3385,State System (State Highways and Class I TH links),I-89,33.85,I089-0000,LRS,Property Damage Only,"(43.98675662, -72.62535065)"
203,VTVSP1100,12D303146,07/22/2012,I-89 NB MM 29/70,Randolph,NO DATA,NO DATA,NO DATA,89,Exit 4,1,Miles,65,6 - Single Vehicle Crash,South,490622,158585,890,909,2970,State System (State Highways and Class I TH links),I-89,29.7,I089-0000,LRS,Injury,"(43.92778951, -72.61706081)"
204,VTVSP1100,12D305442,12/16/2012,I-89 NB U-Turn At MM 27.8,Randolph,NO DATA,NO DATA,NO DATA,89,MM 27.8,NO DATA,NO DATA,65,6 - Single Vehicle Crash,NO DATA,490771,155561,NO DATA,NO DATA,NO DATA,State System (State Highways and Class I TH links),I-89,27.8,I089-0000,LRS,Injury,"(43.90085683, -72.61456735)"
205,VTVSP1100,12D303624,08/15/2012,I-89NB,Bethel,NO DATA,NO DATA,NO DATA,89,Exit 3,2,Miles,65,6 - Single Vehicle Crash,North,491670,150088,890,1404,2425,State System (State Highways and Class I TH links),I-89,24,I089-0000,LRS,Property Damage Only,"(43.84844024, -72.60030512)"
212,VTDMV0004,12DMV0156,06/25/2012,I-89 NB,Sharon,NO DATA,NO DATA,NO DATA,89,NO DATA,NO DATA,NO DATA,65,2 - Head On,NO DATA,NO DATA,NO DATA,NO DATA,NO DATA,NO DATA,State System (State Highways and Class I TH links),I-89,14.85,I089-0000,LRS,Property Damage Only,"(43.78214536, -72.47993514)"
213,VTVSP1100,12D302131,05/29/2012,I-89 Northbound,Sharon,NO DATA,NO DATA,NO DATA,89,NO DATA,NO DATA,NO DATA,65,6 - Single Vehicle Crash,NO DATA,502202,142466,890,1416,146,State System (State Highways and Class I TH links),I-89,14.6,I089-0000,LRS,Property Damage Only,"(43.78211078, -72.47483384)"
214,VTVSP1100,12D301427,04/13/2012,I89 N,Sharon,NO DATA,NO DATA,NO DATA,89,NO DATA,NO DATA,NO DATA,65,3 - Same Direction Sideswipe,NO DATA,502298,142479,NO DATA,NO DATA,NO DATA,State System (State Highways and Class I TH links),I-89,14,I089-0000,LRS,Injury,"(43.78437426, -72.46329381)"
215,VTVSP1100,12D304095,09/14/2012,I 89 NB,Sharon,NO DATA,NO DATA,NO DATA,89,I-89 N Exit 2,0,Miles,65,1 - Rear End,North,503592,142914,NO DATA,NO DATA,NO DATA,State System (State Highways and Class I TH links),I-89,13.63,I089-0000,LRS,Injury,"(43.78624355, -72.45608227)"
216,VTVSP1100,12D303746,08/22/2012,Mm10 NB,Sharon,NO DATA,NO DATA,NO DATA,89,NO DATA,NO DATA,NO DATA,65,3 - Same Direction Sideswipe,North,505241,137822,NO DATA,NO DATA,NO DATA,State System (State Highways and Class I TH links),I-89,10,I089-0000,LRS,Property Damage Only,"(43.74196685, -72.43643661)"
217,VTVSP1100,12D303159,07/22/2012,I-89 NB MM 07/80,Hartford,NO DATA,NO DATA,NO DATA,89,Exit 1,3,Miles,65,6 - Single Vehicle Crash,North,506766,135776,890,1408,780,State System (State Highways and Class I TH links),I-89,7.8,I089-0000,LRS,Injury,"(43.71755867, -72.41232955)"
218,VTVSP1100,12D301537,04/20/2012,I-89 NB,Hartford,NO DATA,NO DATA,NO DATA,89,I 89N,0,Feet,65,6 - Single Vehicle Crash,NO DATA,508896,129991,890,1408,67,State System (State Highways and Class I TH links),I-89,6.7,I089-0000,LRS,Injury,"(43.70206400, -72.41081417)"
219,VTVSP1100,12D302615,06/21/2012,I-89Mm5/5 NB,Hartford,NO DATA,NO DATA,NO DATA,89,NO DATA,NO DATA,NO DATA,65,3 - Same Direction Sideswipe,NO DATA,507903,131613,890,1408,550,State System (State Highways and Class I TH links),I-89,5.5,I089-0000,LRS,Injury,"(43.68654384, -72.40285286)"
247,VT0110200,12RL10659,10/17/2012,BRUS-4 Merchants Row,Rutland City,NO DATA,NO DATA,NO DATA,NO DATA,Aarons - 30 Merchants Row,NO DATA,NO DATA,35,3 - Same Direction Sideswipe,NO DATA,461192,123326,NO DATA,NO DATA,NO DATA,State System (State Highways and Class I TH links),WEST RUTLAND-RUTLAND (BR US-4),1.46,B004-1119,LRS,Property Damage Only,"(43.60865860, -72.98071091)"
248,VT0110200,12RL12544,12/12/2012,BRUS-4 State Street,Rutland City,NO DATA,NO DATA,NO DATA,NO DATA,Merchants Row,NO DATA,NO DATA,30,7 - Other - Explain in Narrative,NO DATA,461185,123181,NO DATA,NO DATA,NO DATA,State System (State Highways and Class I TH links),WEST RUTLAND-RUTLAND (BR US-4),1.41,B004-1119,LRS,Injury,"(43.60934098, -72.98086841)"
249,VT0110200,12RL10449,10/11/2012,BRUS-4 State Street,Rutland City,NO DATA,NO DATA,NO DATA,NO DATA,Grove Street,NO DATA,NO DATA,30,"10 - Left Turn and Thru, Angle Broadside -->v--",South,461185,123181,NO DATA,NO DATA,NO DATA,State System (State Highways and Class I TH links),WEST RUTLAND-RUTLAND (BR US-4),1.41,B004-1119,LRS,Property Damage Only,"(43.60934098, -72.98086841)"
250,VT0110200,12RL13020,12/27/2012,BRUS-4 State Street,Rutland City,NO DATA,NO DATA,NO DATA,NO DATA,Grove Street,NO DATA,NO DATA,30,7 - Other - Explain in Narrative,NO DATA,461185,123181,NO DATA,NO DATA,NO DATA,State System (State Highways and Class I TH links),WEST RUTLAND-RUTLAND (BR US-4),1.41,B004-1119,LRS,Property Damage Only,"(43.60934098, -72.98086841)"
251,VT0110200,12RL03776,05/01/2012,BRUS-4 (85 State Street),Rutland City,NO DATA,NO DATA,NO DATA,NO DATA,Cal Josselyn's Barber Shop,20,Feet,30,"8 - No Turns, Thru moves only, Broadside ^<",South,461185,123181,NO DATA,NO DATA,NO DATA,State System (State Highways and Class I TH links),WEST RUTLAND-RUTLAND (BR US-4),1.38,B004-1119,LRS,Property Damage Only,"(43.60928506, -72.98148569)"
252,VTVSP0300,12C103952,07/30/2012,BRUS-4 State St.,Rutland City,2,NO DATA,NO DATA,NO DATA,NO DATA,NO DATA,NO DATA,30,"10 - Left Turn and Thru, Angle Broadside -->v--",North,461067,123329,NO DATA,NO DATA,NO DATA,State System (State Highways and Class I TH links),WEST RUTLAND-RUTLAND (BR US-4),1.36,B004-1119,LRS,Property Damage Only,"(43.60924778, -72.98189720)"
269,VT0120200,433829,10/16/2012,BRUS-2 (2 Main St.),Montpelier,NO DATA,NO DATA,NO DATA,NO DATA,Stone Cutters Way,NO DATA,NO DATA,25,"14 - Left Turn and Thru, Broadside v<--",NO DATA,NO DATA,NO DATA,NO DATA,NO DATA,NO DATA,State System (State Highways and Class I TH links),MONTPELIER (BR US-2),0.64,B002-1211,LRS,Property Damage Only,"(44.25816130, -72.57721422)"
270,VT0120200,1211-12-436856,12/10/2012,BRUS-2 (4 Main St.),Montpelier,NO DATA,NO DATA,NO DATA,NO DATA,Shaw's Supermarket,75,Feet,25,1 - Rear End,North,NO DATA,NO DATA,NO DATA,NO DATA,NO DATA,State System (State Highways and Class I TH links),MONTPELIER (BR US-2),0.62,B002-1211,LRS,Property Damage Only,"(44.25840420, -72.57694736)"
271,VT0120200,424606,05/19/2012,BRUS-2 (29 MIan Street),Montpelier,NO DATA,NO DATA,BR2,NO DATA,NO DATA,NO DATA,NO DATA,25,3 - Same Direction Sideswipe,NO DATA,NO DATA,NO DATA,NO DATA,NO DATA,NO DATA,State System (State Highways and Class I TH links),MONTPELIER (BR US-2),0.55,B002-1211,LRS,Property Damage Only,"(44.25926006, -72.57609768)"
272,VT0120200,1211-12-418211,02/25/2012,BRUS-2 (Main Street),Montpelier,NO DATA,NO DATA,NO DATA,NO DATA,Blanchard Court,10,Feet,25,1 - Rear End,West,NO DATA,NO DATA,NO DATA,NO DATA,NO DATA,State System (State Highways and Class I TH links),MONTPELIER (BR US-2),0.55,B002-1211,LRS,Property Damage Only,"(44.25926006, -72.57609768)"
273,VT0120200,1211-12-434671,10/30/2012,BRUS-2 (40 Main St.),Montpelier,NO DATA,NO DATA,NO DATA,NO DATA,NO DATA,NO DATA,NO DATA,25,1 - Rear End,NO DATA,NO DATA,NO DATA,NO DATA,NO DATA,NO DATA,State System (State Highways and Class I TH links),MONTPELIER (BR US-2),0.54,B002-1211,LRS,Property Damage Only,"(44.25938855, -72.57599397)"
274,VT0120200,1211-12-433520,10/10/2012,BRUS-2 (39 Main St.),Montpelier,NO DATA,NO DATA,NO DATA,NO DATA,Pitkin Ct.,NO DATA,NO DATA,25,1 - Rear End,North,NO DATA,NO DATA,NO DATA,NO DATA,NO DATA,State System (State Highways and Class I TH links),MONTPELIER (BR US-2),0.54,B002-1211,LRS,Property Damage Only,"(44.25938855, -72.57599397)"
275,VT0120200,435588,11/16/2012,BRUS-2,Montpelier,NO DATA,NO DATA,NO DATA,NO DATA,Main St.,100,Feet,25,"16 - Right Turn and Thru, Same Direction Sideswipe/Angle Crash ^^--",South,NO DATA,NO DATA,NO DATA,NO DATA,NO DATA,State System (State Highways and Class I TH links),MONTPELIER (BR US-2),0.46,B002-1211,LRS,Property Damage Only,"(44.26019905, -72.57578525)"
282,VT0040100,2012BU028799,11/09/2012,Alt. US-7 Riverside Avenue,Burlington,NO DATA,NO DATA,NO DATA,NO DATA,617 Riverside Avenue,50,Feet,25,1 - Rear End,West,NO DATA,NO DATA,NO DATA,NO DATA,NO DATA,State System (State Highways and Class I TH links),BURLINGTON (ALTERNATE US-7),2.09,A007-0403,LRS,Property Damage Only,"(44.48965387, -73.20580803)"
283,VTVSP1200,12A304249,09/26/2012,I-89 SB,Waterbury,NO DATA,NO DATA,NO DATA,89,Exit 10,3,Miles,65,6 - Single Vehicle Crash,North,475422,206796,890,1218,6700,State System (State Highways and Class I TH links),I-89,66.88,I089-0000S,LRS,Property Damage Only,"(44.36126750, -72.80837606)"
284,VT0040100,2012BU030116,11/26/2012,Alt US-7 Riverside Avenue,Burlington,NO DATA,NO DATA,NO DATA,NO DATA,600┬á (CHC),NO DATA,NO DATA,25,6 - Single Vehicle Crash,NO DATA,NO DATA,NO DATA,NO DATA,NO DATA,NO DATA,State System (State Highways and Class I TH links),BURLINGTON (ALTERNATE US-7),2.09,A007-0403,LRS,Property Damage Only,"(44.48965387, -73.20580803)"
285,VT0040100,2012BU007212,03/26/2012,ALTUS-7 (Riverside Ave),Burlington,NO DATA,NO DATA,A7,NO DATA,N Winooski Ave,NO DATA,NO DATA,25,3 - Same Direction Sideswipe,NO DATA,NO DATA,NO DATA,NO DATA,NO DATA,NO DATA,State System (State Highways and Class I TH links),BURLINGTON (ALTERNATE US-7),2.09,A007-0403,LRS,Property Damage Only,"(44.48965387, -73.20580803)"
286,VT0040100,2012BU002345,01/27/2012,ALTUS-7 (Riverside Ave),Burlington,NO DATA,NO DATA,A7,NO DATA,N Winooski Ave,NO DATA,NO DATA,99,7 - Other - Explain in Narrative,NO DATA,NO DATA,NO DATA,NO DATA,NO DATA,NO DATA,State System (State Highways and Class I TH links),BURLINGTON (ALTERNATE US-7),2.09,A007-0403,LRS,Property Damage Only,"(44.48965387, -73.20580803)"
287,VT0040100,2012BU028053,10/30/2012,Alt. US-7 (348 N Winooski Ave),Burlington,NO DATA,NO DATA,NO DATA,NO DATA,345 N Winooski Ave,500,Feet,25,1 - Rear End,South,NO DATA,NO DATA,NO DATA,NO DATA,NO DATA,State System (State Highways and Class I TH links),BURLINGTON (ALTERNATE US-7),2.03,A007-0403,LRS,Property Damage Only,"(44.48902839, -73.20657127)"
293,VT0040100,2012BU14288,06/13/2012,Alt. US-7 North Winooski Avenue,Burlington,NO DATA,NO DATA,NO DATA,NO DATA,North Union Street,NO DATA,NO DATA,30,3 - Same Direction Sideswipe,NO DATA,NO DATA,NO DATA,NO DATA,NO DATA,NO DATA,State System (State Highways and Class I TH links),BURLINGTON (ALTERNATE US-7),1.78,A007-0403,LRS,Property Damage Only,"(44.48639846, -73.20971710)"
294,VT0040100,2012BU029748,11/21/2012,Alt. US-7 No Winooski Ave,Burlington,NO DATA,NO DATA,NO DATA,NO DATA,Crombie St,NO DATA,NO DATA,25,3 - Same Direction Sideswipe,NO DATA,NO DATA,NO DATA,NO DATA,NO DATA,NO DATA,State System (State Highways and Class I TH links),BURLINGTON (ALTERNATE US-7),1.71,A007-0403,LRS,Property Damage Only,"(44.48565901, -73.21059285)"
295,VT0040100,2012BU08719,04/12/2012,Alt. US-7 (142 N Winooski Ave),Burlington,NO DATA,NO DATA,NO DATA,NO DATA,North St,NO DATA,NO DATA,99,3 - Same Direction Sideswipe,South,NO DATA,NO DATA,NO DATA,NO DATA,NO DATA,State System (State Highways and Class I TH links),BURLINGTON (ALTERNATE US-7),1.63,A007-0403,LRS,Property Damage Only,"(44.48478034, -73.21146668)"
296,VT0040100,2012BU014175,06/11/2012,Alt. US-7 (117 N Winooski Ave),Burlington,NO DATA,NO DATA,NO DATA,NO DATA,North St,NO DATA,NO DATA,25,1 - Rear End,NO DATA,NO DATA,NO DATA,NO DATA,NO DATA,NO DATA,State System (State Highways and Class I TH links),BURLINGTON (ALTERNATE US-7),1.63,A007-0403,LRS,Property Damage Only,"(44.48478034, -73.21146668)"
297,VT0040100,2012BU018902,07/30/2012,Alt. US-7 N Winooski Ave,Burlington,NO DATA,NO DATA,NO DATA,NO DATA,North St,NO DATA,NO DATA,25,1 - Rear End,NO DATA,NO DATA,NO DATA,NO DATA,NO DATA,NO DATA,State System (State Highways and Class I TH links),BURLINGTON (ALTERNATE US-7),1.63,A007-0403,LRS,Property Damage Only,"(44.48478034, -73.21146668)"
298,VT0040100,2012BU028662,11/07/2012,Alt. US-7 (85 N Winooski Ave),Burlington,NO DATA,NO DATA,NO DATA,NO DATA,Grant St,NO DATA,NO DATA,25,"8 - No Turns, Thru moves only, Broadside ^<",NO DATA,NO DATA,NO DATA,NO DATA,NO DATA,NO DATA,State System (State Highways and Class I TH links),BURLINGTON (ALTERNATE US-7),1.5,A007-0403,LRS,Property Damage Only,"(44.48298180, -73.21135364)"
315,VT0040100,2012BU031041,12/07/2012,Alt. US-7 South Winooski Avenue,Burlington,NO DATA,NO DATA,NO DATA,NO DATA,Bank Street,NO DATA,NO DATA,25,1 - Rear End,NO DATA,NO DATA,NO DATA,NO DATA,NO DATA,NO DATA,State System (State Highways and Class I TH links),BURLINGTON (ALTERNATE US-7),1.16,A007-0403,LRS,Property Damage Only,"(44.47826896, -73.21110874)"
316,VT0040100,2012BU21879,08/29/2012,Alt. US-7 S Winooski Ave,Burlington,NO DATA,NO DATA,NO DATA,NO DATA,Bank St,1,Feet,25,"18 - Right Turn and Thru, Broadside ^<--",North,NO DATA,NO DATA,NO DATA,NO DATA,NO DATA,State System (State Highways and Class I TH links),BURLINGTON (ALTERNATE US-7),1.16,A007-0403,LRS,Property Damage Only,"(44.47826896, -73.21110874)"
317,VT0040100,2012BU010572,05/05/2012,Alt. US-7 S Winooski Ave,Burlington,NO DATA,NO DATA,NO DATA,NO DATA,Bank St,NO DATA,NO DATA,25,"10 - Left Turn and Thru, Angle Broadside -->v--",South,NO DATA,NO DATA,NO DATA,NO DATA,NO DATA,State System (State Highways and Class I TH links),BURLINGTON (ALTERNATE US-7),1.16,A007-0403,LRS,Injury,"(44.47826896, -73.21110874)"
318,VT0040100,2012BU007993,04/04/2012,Alt. US-7 S Winooski Ave/Bank St,Burlington,NO DATA,NO DATA,NO DATA,NO DATA,S Winooski Ave,NO DATA,Feet,25,3 - Same Direction Sideswipe,East,NO DATA,NO DATA,NO DATA,NO DATA,NO DATA,State System (State Highways and Class I TH links),BURLINGTON (ALTERNATE US-7),1.16,A007-0403,LRS,Property Damage Only,"(44.47826896, -73.21110874)"
319,VT0040100,2012BU012264,05/23/2012,Alt. US-7 S Winooski Ave,Burlington,NO DATA,NO DATA,NO DATA,NO DATA,Bank St,NO DATA,NO DATA,25,3 - Same Direction Sideswipe,NO DATA,NO DATA,NO DATA,NO DATA,NO DATA,NO DATA,State System (State Highways and Class I TH links),BURLINGTON (ALTERNATE US-7),1.16,A007-0403,LRS,Property Damage Only,"(44.47826896, -73.21110874)"
320,VT0040100,2012BU013351,06/03/2012,Alt. US-7 (82 S Winooski Ave),Burlington,NO DATA,NO DATA,NO DATA,NO DATA,City Market Lot,NO DATA,NO DATA,99,"8 - No Turns, Thru moves only, Broadside ^<",NO DATA,NO DATA,NO DATA,NO DATA,NO DATA,NO DATA,State System (State Highways and Class I TH links),BURLINGTON (ALTERNATE US-7),1.15,A007-0403,LRS,Property Damage Only,"(44.47813008, -73.21110236)"
326,VT0040100,12BU015808,06/29/2012,Alt. US-7 S Winooski Ave,Burlington,NO DATA,NO DATA,NO DATA,NO DATA,College St,NO DATA,NO DATA,25,1 - Rear End,NO DATA,NO DATA,NO DATA,NO DATA,NO DATA,NO DATA,State System (State Highways and Class I TH links),BURLINGTON (ALTERNATE US-7),1.08,A007-0403,LRS,Injury,"(44.47715789, -73.21105706)"
327,VT0040100,2012BU032329,12/24/2012,Alt. US-7 South Winooski Avenue,Burlington,NO DATA,NO DATA,NO DATA,NO DATA,College Street,NO DATA,NO DATA,25,"8 - No Turns, Thru moves only, Broadside ^<",NO DATA,NO DATA,NO DATA,NO DATA,NO DATA,NO DATA,State System (State Highways and Class I TH links),BURLINGTON (ALTERNATE US-7),1.08,A007-0403,LRS,Injury,"(44.47715789, -73.21105706)"
328,VT0040100,2012BU023818,09/15/2012,Alt. US-7 So Winooski Ave,Burlington,NO DATA,NO DATA,NO DATA,NO DATA,College St,1,Feet,25,"8 - No Turns, Thru moves only, Broadside ^<",North,NO DATA,NO DATA,NO DATA,NO DATA,NO DATA,State System (State Highways and Class I TH links),BURLINGTON (ALTERNATE US-7),1.08,A007-0403,LRS,Property Damage Only,"(44.47715789, -73.21105706)"
329,VT0040100,2012BU022736,09/06/2012,Alt. US-7 S Winooski Ave,Burlington,NO DATA,NO DATA,NO DATA,NO DATA,College St,10,Feet,25,"10 - Left Turn and Thru, Angle Broadside -->v--",East,NO DATA,NO DATA,NO DATA,NO DATA,NO DATA,State System (State Highways and Class I TH links),BURLINGTON (ALTERNATE US-7),1.08,A007-0403,LRS,Injury,"(44.47715789, -73.21105706)"
330,VT0040100,2012BU029802,11/21/2012,Alt. US-7 South Winooski Avenue,Burlington,NO DATA,NO DATA,NO DATA,NO DATA,College Street,NO DATA,NO DATA,25,"8 - No Turns, Thru moves only, Broadside ^<",South,NO DATA,NO DATA,NO DATA,NO DATA,NO DATA,State System (State Highways and Class I TH links),BURLINGTON (ALTERNATE US-7),1.08,A007-0403,LRS,Property Damage Only,"(44.47715789, -73.21105706)"
331,VT0040100,2012BU020490,08/15/2012,Alt. US-7 S Winooski Ave,Burlington,NO DATA,NO DATA,NO DATA,NO DATA,College St,25,Feet,25,3 - Same Direction Sideswipe,North,NO DATA,NO DATA,NO DATA,NO DATA,NO DATA,State System (State Highways and Class I TH links),BURLINGTON (ALTERNATE US-7),1.08,A007-0403,LRS,Property Damage Only,"(44.47715789, -73.21105706)"
337,VT0040100,12BU018835,07/29/2012,Alt. US-7 S Winooski Ave/Main St,Burlington,NO DATA,NO DATA,NO DATA,NO DATA,S Winooski Ave,NO DATA,Feet,25,1 - Rear End,NO DATA,NO DATA,NO DATA,NO DATA,NO DATA,NO DATA,State System (State Highways and Class I TH links),BURLINGTON (ALTERNATE US-7),1,A007-0403,LRS,Property Damage Only,"(44.47604696, -73.21100019)"
338,VT0040100,2012BU18134,07/22/2012,Alt. US-7 S Winooski Ave,Burlington,NO DATA,NO DATA,NO DATA,NO DATA,King St,NO DATA,NO DATA,25,3 - Same Direction Sideswipe,NO DATA,NO DATA,NO DATA,NO DATA,NO DATA,NO DATA,State System (State Highways and Class I TH links),BURLINGTON (ALTERNATE US-7),0.91,A007-0403,LRS,Property Damage Only,"(44.47485961, -73.21080026)"
339,VT0040100,2012BU020670,08/17/2012,Alt. US-7 S Winooski Ave,Burlington,NO DATA,NO DATA,NO DATA,NO DATA,King St,NO DATA,NO DATA,99,"10 - Left Turn and Thru, Angle Broadside -->v--",North,NO DATA,NO DATA,NO DATA,NO DATA,NO DATA,State System (State Highways and Class I TH links),BURLINGTON (ALTERNATE US-7),0.91,A007-0403,LRS,Property Damage Only,"(44.47485961, -73.21080026)"
340,VT0040100,2012BU027742,10/27/2012,Alt. US-7 S Winooski Ave,Burlington,NO DATA,NO DATA,NO DATA,NO DATA,King St,NO DATA,NO DATA,25,1 - Rear End,North,NO DATA,NO DATA,NO DATA,NO DATA,NO DATA,State System (State Highways and Class I TH links),BURLINGTON (ALTERNATE US-7),0.91,A007-0403,LRS,Property Damage Only,"(44.47485961, -73.21080026)"
341,VT0040100,2012BU024234,09/19/2012,Alt. US-7 S Winooski Av,Burlington,NO DATA,NO DATA,NO DATA,NO DATA,King St,NO DATA,NO DATA,25,7 - Other - Explain in Narrative,NO DATA,NO DATA,NO DATA,NO DATA,NO DATA,NO DATA,State System (State Highways and Class I TH links),BURLINGTON (ALTERNATE US-7),0.91,A007-0403,LRS,Property Damage Only,"(44.47485961, -73.21080026)"