ID,Reporting Agency,Report Number,Date,Street Address,Town,Number,Number1,Number2,Number3,Intersection,Distance From Intersection,Distance Unit,Posted Speed,Direction of Collision,Direction from Intersection,Easting,Northing,Mile Marker,Mile Marker 1,Mile Marker 2,AOT Roadway,AOT Route,AOT Actual Mile,LRS Number,How Mapped,Crash Type,Location 1
342,VT0040100,2012BU003862,02/15/2012,ALTUS-7 (So Winooski Ave),Burlington,NO DATA,NO DATA,A7,NO DATA,Main St,NO DATA,NO DATA,25,3 - Same Direction Sideswipe,NO DATA,NO DATA,NO DATA,NO DATA,NO DATA,NO DATA,State System (State Highways and Class I TH links),BURLINGTON (ALTERNATE US-7),0.99,A007-0403,LRS,Property Damage Only,"(44.47591244, -73.21099254)"
348,VT0100100,12NP00294,02/17/2012,Alt. US-5 Coventry Street,Newport City,NO DATA,NO DATA,NO DATA,NO DATA,Second Street,NO DATA,NO DATA,25,2 - Head On,South,005-22-990,002-70-320,NO DATA,NO DATA,NO DATA,State System (State Highways and Class I TH links),NEWPORT (ALTERNATE US-5),0.98,A00521015,LRS,Injury,"(44.93263648, -72.20873359)"
349,VT0100100,12NP00348,02/25/2012,Alt. US-5 (294 Coventry Street),Newport City,NO DATA,NO DATA,NO DATA,NO DATA,Second And Coventry Street,25,Feet,25,6 - Single Vehicle Crash,South,005-22-995,002-70-321,NO DATA,NO DATA,NO DATA,State System (State Highways and Class I TH links),NEWPORT (ALTERNATE US-5),0.99,A00521015,LRS,Property Damage Only,"(44.93273925, -72.20859111)"
350,VT0100100,12NP01891,09/14/2012,Alt. US-5 (54 Coventry Street),Newport City,NO DATA,NO DATA,NO DATA,NO DATA,Main Street,60,Feet,25,7 - Other - Explain in Narrative,North,005-23-148,002-70-499,NO DATA,NO DATA,NO DATA,State System (State Highways and Class I TH links),NEWPORT (ALTERNATE US-5),1.23,A00521015,LRS,Property Damage Only,"(44.93549321, -72.20764077)"
351,VTVSP0800,12B200489,02/22/2012,Alt. US-5 Caswell Avenue,Derby,NO DATA,NO DATA,NO DATA,NO DATA,Main Street,100,Feet,35,6 - Single Vehicle Crash,East,532161,167326,NO DATA,NO DATA,NO DATA,State System (State Highways and Class I TH links),DERBY (ALTERNATE US-5 = 8318),0.02,A00531007,LRS,Property Damage Only,"(45.00535449, -72.09949482)"
352,VTVSP0800,12B202745,08/18/2012,Alt. US-5 Caswell Avenue,Derby,NO DATA,NO DATA,NO DATA,NO DATA,Ducharme Drive,NO DATA,NO DATA,30,"14 - Left Turn and Thru, Broadside v<--",West,531015,276351,NO DATA,NO DATA,NO DATA,State System (State Highways and Class I TH links),DERBY (ALTERNATE US-5 = 8318),0.04,A00531007,LRS,Property Damage Only,"(45.00544629, -72.09910688)"
353,VTVSP0100,12A103070,08/10/2012,I-89 SB MM 89,South Burlington,NO DATA,NO DATA,NO DATA,89,MM 89,NO DATA,NO DATA,55,6 - Single Vehicle Crash,NO DATA,446387,220973,NO DATA,NO DATA,NO DATA,State System (State Highways and Class I TH links),I-89,89,I089-0000S,LRS,Property Damage Only,"(44.47352082, -73.18185018)"
354,VTVSP0100,12A103567,09/13/2012,I 89 S,South Burlington,NO DATA,NO DATA,NO DATA,89,MM 89/25,NO DATA,NO DATA,55,1 - Rear End,South,445714,219445,890,414,8925,State System (State Highways and Class I TH links),I-89,89.25,I089-0000S,LRS,Injury,"(44.47651221, -73.17906562)"
361,VT0040100,2012BU023636,09/14/2012,Alt. US-7 S Winooski Ave,Burlington,NO DATA,NO DATA,NO DATA,NO DATA,Main St,25,Feet,25,7 - Other - Explain in Narrative,South,NO DATA,NO DATA,NO DATA,NO DATA,NO DATA,State System (State Highways and Class I TH links),BURLINGTON (ALTERNATE US-7),0.49,A007-0403,LRS,Injury,"(44.46930970, -73.21023199)"
362,VT0040100,2012BU022238,09/01/2012,Alt. US-7 (350 South Winooski Avenue),Burlington,NO DATA,NO DATA,NO DATA,NO DATA,Spruce Street,200,Feet,25,6 - Single Vehicle Crash,South,NO DATA,NO DATA,NO DATA,NO DATA,NO DATA,State System (State Highways and Class I TH links),BURLINGTON (ALTERNATE US-7),0.54,A007-0403,LRS,Property Damage Only,"(44.46996176, -73.21040638)"
363,VTVSP1200,12A304974,11/20/2012,I-89 SB,Waterbury,NO DATA,NO DATA,NO DATA,89,Mm63/50 I89,NO DATA,NO DATA,65,3 - Same Direction Sideswipe,NO DATA,480147,204565,89,1218,6350,State System (State Highways and Class I TH links),I-89,63.5,I089-0000S,LRS,Property Damage Only,"(44.34074922, -72.74854316)"
364,VT0040100,2012BU009546,04/22/2012,Alt. US-7 So Winooski Ave,Burlington,NO DATA,NO DATA,NO DATA,NO DATA,Maple St,25,Feet,25,1 - Rear End,South,NO DATA,NO DATA,NO DATA,NO DATA,NO DATA,State System (State Highways and Class I TH links),BURLINGTON (ALTERNATE US-7),0.84,A007-0403,LRS,Injury,"(44.47393185, -73.21073616)"
365,VT0040100,2012BU014060,06/10/2012,Alt. US-7 S Winooski Ave,Burlington,NO DATA,NO DATA,NO DATA,NO DATA,King St,50,Feet,25,3 - Same Direction Sideswipe,South,NO DATA,NO DATA,NO DATA,NO DATA,NO DATA,State System (State Highways and Class I TH links),BURLINGTON (ALTERNATE US-7),0.9,A007-0403,LRS,Property Damage Only,"(44.47472787, -73.21078233)"
366,VTVSP1200,12A300854,02/24/2012,I89 SB,Waterbury,NO DATA,NO DATA,NO DATA,89,North Of Exit 10,0,Miles,65,6 - Single Vehicle Crash,North,479729,204906,890,1218,6435,State System (State Highways and Class I TH links),I-89,63.89,I089-0000S,LRS,Property Damage Only,"(44.34403975, -72.75418829)"
373,VTVSP1200,12A303267,07/27/2012,I89 SB,Waterbury,NO DATA,NO DATA,NO DATA,89,Mm67,1,Miles,65,6 - Single Vehicle Crash,North,500050,189490,890,1218,6700,State System (State Highways and Class I TH links),I-89,67.5,I089-0000S,LRS,Injury,"(44.35938729, -72.82022571)"
374,VTVSP0200,12B101712,06/03/2012,I 91 Exit 24,Lyndon,NO DATA,NO DATA,NO DATA,91,Exit 24 SB Ramp,NO DATA,NO DATA,50,1 - Rear End,South,537437,228531,910,318,1411,Ramp or Spur,I-91,0.17,I091-0000SR024B,LRS,Injury,"(44.55608542, -72.02892512)"
375,VTVSP0200,12B103953,12/01/2012,I91S Off RampB Exit 23,Lyndon,NO DATA,NO DATA,NO DATA,91,US Route 5,5,Feet,65,1 - Rear End,East,539075,224178,910,307,1378,Ramp or Spur,I-91,0.26,I091-0000SR023B,LRS,Property Damage Only,"(44.51621841, -72.00827011)"
376,VTVSP0200,12B101848,06/13/2012,"I91S, Exit 20",St. Johnsbury,NO DATA,NO DATA,NO DATA,91,Off Ramp F Exit 20/US Route 5,NO DATA,NO DATA,99,6 - Single Vehicle Crash,NO DATA,537947,211591,910,311,0,Ramp or Spur,I-91,0.01,I091-0000SR020F,LRS,Property Damage Only,"(44.40353522, -72.02364185)"
377,VTVSP0200,12B102032,06/27/2012,I 91 S Exit 20 Ramp C,St. Johnsbury,NO DATA,NO DATA,NO DATA,91,"Exit 20, Ramp Southbound",100,Feet,65,3 - Same Direction Sideswipe,South,537780,211049,910,311,1288,Ramp or Spur,I-91,0.28,I091-0000SR020C,LRS,Property Damage Only,"(44.40483163, -72.02302283)"
378,VT0141000,12NW00711,05/30/2012,I-91 SB On Ramp Exit 13,Norwich,NO DATA,NO DATA,NO DATA,91,NO DATA,NO DATA,NO DATA,35,NO DATA,NO DATA,515694,134150,NO DATA,NO DATA,NO DATA,Ramp or Spur,I-91,0.14,I091-0000SR013B,LRS,Property Damage Only,"(43.70697749, -72.30545612)"
379,VT0140300,12HF00596,02/25/2012,I-91 Off RampB Exit 11,Hartford,NO DATA,NO DATA,NO DATA,91,North Hartland Road (US#5),10,Feet,35,1 - Rear End,West,512924,127275,NO DATA,NO DATA,NO DATA,Ramp or Spur,I-91,0.39,I091-0000SR011B,LRS,Property Damage Only,"(43.64562084, -72.33974999)"
380,VTDMV0000,12DMV0138,06/01/2012,I-91 Southbound Ramp A,Hartford,NO DATA,NO DATA,NO DATA,NO DATA,US Route 5,125,Feet,30,1 - Rear End,North,NO DATA,NO DATA,NO DATA,NO DATA,NO DATA,Ramp or Spur,I-91,0.07,I091-0000SR011A,LRS,Property Damage Only,"(43.64679877, -72.33957153)"
388,VTVSP0800,12B200846,03/27/2012,I-91┬á Southbound,Derby,NO DATA,NO DATA,NO DATA,91,Exit 27,0,Miles,65,3 - Same Direction Sideswipe,North,525789,269270,NO DATA,NO DATA,NO DATA,State System (State Highways and Class I TH links),I-91,169.99,I091-0000S,LRS,Property Damage Only,"(44.92213794, -72.17377248)"
389,VTVSP0800,12B202599,08/08/2012,I-91 SB Mm 168,Derby,NO DATA,NO DATA,NO DATA,91,Mm 168 Coventry Pull Off,1,Miles,65,6 - Single Vehicle Crash,North,525427,267696,NO DATA,NO DATA,NO DATA,State System (State Highways and Class I TH links),I-91,168,I091-0000S,LRS,Property Damage Only,"(44.89499978, -72.17491322)"
390,VTVSP0800,12B204048,11/29/2012,I 91SB,Coventry,NO DATA,NO DATA,NO DATA,91,Mm 165,NO DATA,NO DATA,65,6 - Single Vehicle Crash,South,524861,262753,NO DATA,NO DATA,NO DATA,State System (State Highways and Class I TH links),I-91,165,I091-0000S,LRS,Property Damage Only,"(44.85421738, -72.19417162)"
391,VTVSP0800,12B203877,11/14/2012,I-91 SB,Irasburg,NO DATA,NO DATA,NO DATA,91,MM 162,0,Miles,65,6 - Single Vehicle Crash,North,523623,258826,NO DATA,NO DATA,NO DATA,State System (State Highways and Class I TH links),I-91,162.2,I091-0000S,LRS,Property Damage Only,"(44.81764508, -72.21093803)"
392,VTVSP0800,12B202256,07/19/2012,I 91SB,Irasburg,NO DATA,NO DATA,91,NO DATA,MM 162.50,1,Miles,65,6 - Single Vehicle Crash,South,523216,258277,NO DATA,NO DATA,NO DATA,State System (State Highways and Class I TH links),I-91,162,I091-0000S,LRS,Property Damage Only,"(44.81481074, -72.21105346)"
393,VTVSP0800,12B200205,01/23/2012,I-91,Barton,NO DATA,NO DATA,NO DATA,91,MM 161.6 S,10,Feet,65,"16 - Right Turn and Thru, Same Direction Sideswipe/Angle Crash ^^--",South,522767,256420,NO DATA,NO DATA,NO DATA,State System (State Highways and Class I TH links),I-91,161.6,I091-0000S,LRS,Property Damage Only,"(44.80865339, -72.21175996)"
394,VTVSP0800,12B200872,03/30/2012,I 91 South,Barton,NO DATA,NO DATA,NO DATA,91,MM 161.4S,NO DATA,NO DATA,65,6 - Single Vehicle Crash,North,522755,222904,NO DATA,NO DATA,NO DATA,State System (State Highways and Class I TH links),I-91,161.4,I091-0000S,LRS,Injury,"(44.80605312, -72.21287250)"
401,VTVSP0200,12B104196,12/19/2012,I91 SB,Sheffield,NO DATA,NO DATA,NO DATA,91,MM 150.65,50,Feet,65,6 - Single Vehicle Crash,North,529079,240919,910,312,1506,State System (State Highways and Class I TH links),I-91,150.66,I091-0000S,LRS,Property Damage Only,"(44.67420787, -72.13284218)"
402,VTVSP0200,12B100851,03/22/2012,I91 SB,Sheffield,NO DATA,NO DATA,NO DATA,91,MM 146.8,9,Miles,65,6 - Single Vehicle Crash,North,529988,235504,910,312,1468,State System (State Highways and Class I TH links),I-91,146.8,I091-0000S,LRS,Injury,"(44.61969232, -72.12261996)"
403,VTVSP0200,12B101651,05/29/2012,I91SB,Sheffield,NO DATA,NO DATA,NO DATA,91,MM 145.8,5,Miles,65,1 - Rear End,North,530723,234082,910,312,1458,State System (State Highways and Class I TH links),I-91,145.8,I091-0000S,LRS,Property Damage Only,"(44.60673022, -72.11333587)"
404,VTVSP0200,12B103851,11/22/2012,I91S,Sheffield,NO DATA,NO DATA,NO DATA,91,MM 144/4,NO DATA,NO DATA,65,6 - Single Vehicle Crash,North,533472,232021,910,317,1444,State System (State Highways and Class I TH links),I-91,144.4,I091-0000S,LRS,Property Damage Only,"(44.59376989, -72.09271575)"
405,VTVSP0200,12B102389,07/23/2012,Interstate 91SB,Lyndon,NO DATA,NO DATA,NO DATA,91,140/7,0,Miles,65,6 - Single Vehicle Crash,South,537291,229271,91,307,1407,State System (State Highways and Class I TH links),I-91,140.6,I091-0000S,LRS,Property Damage Only,"(44.56290481, -72.03052942)"
406,VTVSP0200,12B102404,07/25/2012,I 91 S,Lyndon,NO DATA,NO DATA,NO DATA,91,Exit 24 Sb,1,Miles,65,6 - Single Vehicle Crash,South,537657,227399,91,307,1395,State System (State Highways and Class I TH links),I-91,139.5,I091-0000S,LRS,Injury,"(44.54729926, -72.02754553)"
407,VTVSP0200,12B100319,01/31/2012,I 91 SB,Lyndon,NO DATA,NO DATA,NO DATA,91,Exit 24,1,Miles,65,6 - Single Vehicle Crash,South,537920,227051,NO DATA,NO DATA,NO DATA,State System (State Highways and Class I TH links),I-91,139.41,I091-0000S,LRS,Injury,"(44.54621467, -72.02652007)"
408,VTVSP0200,12B103046,09/17/2012,I91 SB,Lyndon,NO DATA,NO DATA,NO DATA,91,Exit 23,100,Feet,65,6 - Single Vehicle Crash,South,539186,224212,910,307,137,State System (State Highways and Class I TH links),I-91,137.12,I091-0000S,LRS,Property Damage Only,"(44.51653134, -72.00700388)"
415,VTVSP0200,12B101832,06/12/2012,I91 SB,St. Johnsbury,NO DATA,NO DATA,NO DATA,91,NO DATA,NO DATA,NO DATA,65,6 - Single Vehicle Crash,NO DATA,537745,219354,910,311,1339,State System (State Highways and Class I TH links),I-91,133.88,I091-0000S,LRS,Property Damage Only,"(44.47341972, -72.02532738)"
416,VTVSP0200,12B102935,09/08/2012,I 91 S,St. Johnsbury,NO DATA,NO DATA,NO DATA,91,MM 133/35,NO DATA,NO DATA,65,6 - Single Vehicle Crash,South,537807,217905,910,311,1335,State System (State Highways and Class I TH links),I-91,133.35,I091-0000S,LRS,Injury,"(44.46554292, -72.02456348)"
417,VTVSP0200,12B101697,06/02/2012,I 91 SB,St. Johnsbury,NO DATA,NO DATA,NO DATA,91,MM 133/30,NO DATA,NO DATA,65,6 - Single Vehicle Crash,North,537805,217358,910,311,1333,State System (State Highways and Class I TH links),I-91,133.3,I091-0000S,LRS,Property Damage Only,"(44.46479552, -72.02450681)"
418,VTVSP0200,12B102937,09/08/2012,I 91 S,St. Johnsbury,NO DATA,NO DATA,NO DATA,91,MM 133/0,100,Feet,65,6 - Single Vehicle Crash,South,537803,217775,910,311,1330,State System (State Highways and Class I TH links),I-91,132.98,I091-0000S,LRS,Property Damage Only,"(44.46007974, -72.02450312)"
419,VTVSP0200,12B103190,09/29/2012,I91 SB,St. Johnsbury,NO DATA,NO DATA,NO DATA,91,Exit 22,300,Feet,65,3 - Same Direction Sideswipe,North,537836,218026,910,311,13310,State System (State Highways and Class I TH links),I-91,132.87,I091-0000S,LRS,Property Damage Only,"(44.45849060, -72.02462605)"
420,VTVSP0200,12B102594,08/10/2012,I-91 South,St. Johnsbury,NO DATA,NO DATA,NO DATA,91,Exit 22,200,Feet,65,6 - Single Vehicle Crash,South,537795,217037,910,311,13240,State System (State Highways and Class I TH links),I-91,132.47,I091-0000S,LRS,Property Damage Only,"(44.45267429, -72.02517971)"
421,VTVSP0200,12B103053,09/18/2012,I91S MM 132.3,St. Johnsbury,NO DATA,NO DATA,NO DATA,91,Exit 22,NO DATA,NO DATA,65,6 - Single Vehicle Crash,NO DATA,537816,217624,910,311,1323,State System (State Highways and Class I TH links),I-91,132.3,I091-0000S,LRS,Property Damage Only,"(44.45011996, -72.02513462)"
422,VTVSP0200,12B103824,11/21/2012,I91S,St. Johnsbury,NO DATA,NO DATA,NO DATA,91,Exit 21,0,Miles,65,3 - Same Direction Sideswipe,South,537221,213687,910,311,13040,State System (State Highways and Class I TH links),I-91,130.21,I091-0000S,LRS,Property Damage Only,"(44.42244761, -72.03285362)"
429,VTVSP0200,12B103855,11/21/2012,I 91 SB,Barnet,NO DATA,NO DATA,NO DATA,91,Exit 18,50,Feet,65,6 - Single Vehicle Crash,South,535350,199922,910,301,1202,State System (State Highways and Class I TH links),I-91,120.42,I091-0000S,LRS,Property Damage Only,"(44.29879283, -72.05710668)"
430,VTVSP0200,12B100366,02/04/2012,I-91 SB Symms Pond Rd,Barnet,NO DATA,NO DATA,NO DATA,91,MM 118 South,200,Feet,65,6 - Single Vehicle Crash,South,538278,196442,910,301,1184,State System (State Highways and Class I TH links),I-91,118.4,I091-0000S,LRS,Property Damage Only,"(44.27144180, -72.07254525)"
431,VTVSP0200,12B101938,06/20/2012,I 91 SB,Barnet,NO DATA,NO DATA,NO DATA,91,MM 117/50,30,Feet,65,6 - Single Vehicle Crash,North,534609,195620,191,301,1175,State System (State Highways and Class I TH links),I-91,117.5,I091-0000S,LRS,Property Damage Only,"(44.25992928, -72.06657761)"
432,VTVSP1300,12B300427,03/04/2012,I-91 SB MM 115.6,Ryegate,NO DATA,NO DATA,NO DATA,91,U-turn,30,Feet,65,6 - Single Vehicle Crash,South,534432,192782,910,310,11560,State System (State Highways and Class I TH links),I-91,115.69,I091-0000S,LRS,Injury,"(44.23466095, -72.06909243)"
433,VTVSP1300,12B302725,12/16/2012,Interstate 91 Sb,Ryegate,NO DATA,NO DATA,NO DATA,91,MM 112.6,NO DATA,NO DATA,65,2 - Head On,NO DATA,NO DATA,NO DATA,910,310,1126,State System (State Highways and Class I TH links),I-91,112.6,I091-0000S,LRS,Property Damage Only,"(44.18994153, -72.07465089)"
434,VTVSP1300,12B302723,12/16/2012,I91SB,Ryegate,NO DATA,NO DATA,NO DATA,91,NO DATA,NO DATA,NO DATA,65,6 - Single Vehicle Crash,NO DATA,533737,187055,910,310,112,State System (State Highways and Class I TH links),I-91,112.03,I091-0000S,LRS,Injury,"(44.18292516, -72.07791307)"
435,VTVSP1300,12B302280,10/12/2012,Interstate 91 S,Ryegate,NO DATA,NO DATA,NO DATA,91,Near Exit 17,1,Miles,65,6 - Single Vehicle Crash,North,533254,185605,NO DATA,NO DATA,NO DATA,State System (State Highways and Class I TH links),I-91,111.05,I091-0000S,LRS,Property Damage Only,"(44.16919489, -72.08319114)"
436,VTVSP1300,12B302755,12/22/2012,Interstate 91SB,Newbury,NO DATA,NO DATA,NO DATA,91,NO DATA,NO DATA,NO DATA,65,6 - Single Vehicle Crash,NO DATA,531836,182529,910,907,10895,State System (State Highways and Class I TH links),I-91,108.98,I091-0000S,LRS,Injury,"(44.14236572, -72.10181020)"
443,VTVSP1300,12B302697,12/13/2012,Interstate 91SB,Bradford,NO DATA,NO DATA,NO DATA,91,NO DATA,NO DATA,NO DATA,65,6 - Single Vehicle Crash,NO DATA,529416,165072,910,901,9770,State System (State Highways and Class I TH links),I-91,97.8,I091-0000S,LRS,Property Damage Only,"(43.98568007, -72.13376418)"
444,VTVSP1300,12B300398,03/02/2012,Interstate 91 South Bound,Fairlee,NO DATA,NO DATA,NO DATA,91,Mile Marker,125,Feet,65,1 - Rear End,North,529978,164146,910,901,9580,State System (State Highways and Class I TH links),I-91,95.82,I091-0000S,LRS,Property Damage Only,"(43.95931177, -72.12974291)"
445,VTVSP1300,12B301260,06/18/2012,I91SB,Fairlee,NO DATA,NO DATA,NO DATA,91,NO DATA,NO DATA,NO DATA,65,6 - Single Vehicle Crash,NO DATA,529645,161742,910,906,9560,State System (State Highways and Class I TH links),I-91,95.6,I091-0000S,LRS,Property Damage Only,"(43.95629480, -72.13028888)"
446,VTVSP1300,12B302003,09/06/2012,I 91 Sb,Fairlee,NO DATA,NO DATA,NO DATA,91,Exit 16,3,Miles,65,6 - Single Vehicle Crash,South,529475,161298,910,906,9510,State System (State Highways and Class I TH links),I-91,95.1,I091-0000S,LRS,Property Damage Only,"(43.94918496, -72.13311717)"
447,VTVSP1300,12B301158,06/03/2012,I 91 S,Fairlee,NO DATA,NO DATA,NO DATA,91,Exit 15,0,NO DATA,65,6 - Single Vehicle Crash,North,529326,157031,910,906,9260,State System (State Highways and Class I TH links),I-91,92.59,I091-0000S,LRS,Property Damage Only,"(43.91294560, -72.13465445)"
448,VTVSP1300,12B300175,01/27/2012,Interstate 91SB,Fairlee,NO DATA,NO DATA,NO DATA,91,NO DATA,NO DATA,NO DATA,65,6 - Single Vehicle Crash,NO DATA,527321,155637,910,906,9100,State System (State Highways and Class I TH links),I-91,91.05,I091-0000S,LRS,Property Damage Only,"(43.90045188, -72.15947898)"
449,VTVSP1300,12B301283,06/20/2012,I-91SB,Fairlee,NO DATA,NO DATA,NO DATA,91,NO DATA,NO DATA,NO DATA,65,6 - Single Vehicle Crash,NO DATA,527471,155712,910,906,9060,State System (State Highways and Class I TH links),I-91,90,I091-0000S,LRS,Property Damage Only,"(43.88998869, -72.17361670)"
450,VTVSP1300,12B302474,11/11/2012,I-91 SB MM 86/95,Thetford,NO DATA,NO DATA,NO DATA,91,MM 86/95,10,Feet,65,6 - Single Vehicle Crash,North,524395,149964,910,911,8695,State System (State Highways and Class I TH links),I-91,86.95,I091-0000S,LRS,Property Damage Only,"(43.84966188, -72.19679077)"
457,VTVSP1100,12D303530,08/10/2012,I91 SB Mm 81,Norwich,NO DATA,NO DATA,NO DATA,91,NO DATA,10,Feet,65,3 - Same Direction Sideswipe,North,522215,140725,910,901,810,State System (State Highways and Class I TH links),I-91,81,I091-0000S,LRS,Injury,"(43.76819143, -72.22369526)"
458,VT0141000,12NW00832,06/23/2012,I91SB,Norwich,NO DATA,NO DATA,NO DATA,91,Exit 13,0,Miles,65,6 - Single Vehicle Crash,North,515863,134350,NO DATA,NO DATA,NO DATA,State System (State Highways and Class I TH links),I-91,75.32,I091-0000S,LRS,Property Damage Only,"(43.71143161, -72.30037338)"
459,VTVSP1100,12D302251,06/05/2012,I91 South,Norwich,NO DATA,NO DATA,NO DATA,91,NO DATA,NO DATA,NO DATA,50,3 - Same Direction Sideswipe,South,515416,133691,NO DATA,NO DATA,NO DATA,State System (State Highways and Class I TH links),I-91,74.93,I091-0000S,LRS,Property Damage Only,"(43.70707386, -72.30531654)"
460,VT0140000,12WNC0070,06/20/2012,I-91 South,Norwich,NO DATA,NO DATA,NO DATA,91,Exit 13 - Onramp,75,Feet,50,NO DATA,North,NO DATA,NO DATA,NO DATA,NO DATA,NO DATA,State System (State Highways and Class I TH links),I-91,74.91,I091-0000S,LRS,Injury,"(43.70683341, -72.30554556)"
461,VTVSP1100,12D302284,06/07/2012,I91 SB,Norwich,NO DATA,NO DATA,NO DATA,91,Exit 13 SB On Ramp,500,Feet,55,"16 - Right Turn and Thru, Same Direction Sideswipe/Angle Crash ^^--",South,515638,134032,910,1411,7480,State System (State Highways and Class I TH links),I-91,74.8,I091-0000S,LRS,Property Damage Only,"(43.70548986, -72.30676203)"
462,VTVSP1100,12D304472,10/06/2012,I-91SB,Hartford,NO DATA,NO DATA,NO DATA,91,NO DATA,NO DATA,NO DATA,65,7 - Other - Explain in Narrative,NO DATA,525467,100642,910,1408,7315,State System (State Highways and Class I TH links),I-91,73,I091-0000S,LRS,Fatal,"(43.68050851, -72.31626088)"
463,VTVSP1100,12D305240,12/01/2012,I-91 MM 73,Hartford,NO DATA,NO DATA,NO DATA,91,MM 73,NO DATA,NO DATA,65,3 - Same Direction Sideswipe,NO DATA,524498,135003,NO DATA,NO DATA,NO DATA,State System (State Highways and Class I TH links),I-91,73,I091-0000S,LRS,Property Damage Only,"(43.68050851, -72.31626088)"
470,VTVSP0400,12D103750,11/20/2012,I-91 S,Windsor,NO DATA,NO DATA,NO DATA,91,Exit 9,1,Miles,65,3 - Same Direction Sideswipe,South,507339,113029,910,1423,5930,State System (State Highways and Class I TH links),I-91,59,I091-0000S,LRS,Property Damage Only,"(43.50845258, -72.40641530)"
471,VTVSP0400,12D101965,06/27/2012,I-91 S,Windsor,NO DATA,NO DATA,NO DATA,91,Exit 9,0,Miles,65,3 - Same Direction Sideswipe,South,507347,113162,910,1423,5940,State System (State Highways and Class I TH links),I-91,59,I091-0000S,LRS,Injury,"(43.50845258, -72.40641530)"
472,VTVSP0400,12D104200,12/29/2012,I-91 SB,Windsor,NO DATA,NO DATA,NO DATA,91,NO DATA,NO DATA,NO DATA,65,6 - Single Vehicle Crash,NO DATA,507237,111160,910,1423,5800,State System (State Highways and Class I TH links),I-91,58,I091-0000S,LRS,Property Damage Only,"(43.49481739, -72.40959924)"
473,VTVSP0400,12D103830,11/27/2012,I-91 S,Windsor,NO DATA,NO DATA,NO DATA,91,Exit 9,3,Miles,65,6 - Single Vehicle Crash,South,507460,110044,910,1423,5745,State System (State Highways and Class I TH links),I-91,57.69,I091-0000S,LRS,Property Damage Only,"(43.49057311, -72.40763251)"
474,VTVSP0400,12D100701,03/01/2012,I-91 S,Windsor,NO DATA,NO DATA,NO DATA,91,Exit 9,3,Miles,65,3 - Same Direction Sideswipe,South,507506,109473,910,1423,5710,State System (State Highways and Class I TH links),I-91,57.34,I091-0000S,LRS,Property Damage Only,"(43.48548902, -72.40714240)"
475,VTVSP0400,12D100712,03/02/2012,I-91SB,Windsor,NO DATA,NO DATA,NO DATA,91,MM 57/20 SB,NO DATA,NO DATA,65,6 - Single Vehicle Crash,NO DATA,507572,107650,910,1423,5720,State System (State Highways and Class I TH links),I-91,57.2,I091-0000S,LRS,Injury,"(43.48346058, -72.40698147)"
476,VTVSP0400,12D100374,01/30/2012,I-91 S,Windsor,NO DATA,NO DATA,NO DATA,91,Exit 9,4,Miles,65,6 - Single Vehicle Crash,South,507577,108127,910,1423,5650,State System (State Highways and Class I TH links),I-91,56.5,I091-0000S,LRS,Injury,"(43.47331302, -72.40638332)"
477,VTVSP0400,12D103640,11/09/2012,I-91 S,Windsor,NO DATA,NO DATA,NO DATA,91,Exit 8,2,Miles,65,6 - Single Vehicle Crash,North,507851,103863,910,1423,5380,State System (State Highways and Class I TH links),I-91,53.8,I091-0000S,LRS,Property Damage Only,"(43.43502429, -72.40290601)"
484,VTVSP0400,12D102364,08/01/2012,I-91 SB,Weathersfield,NO DATA,NO DATA,NO DATA,91,NO DATA,NO DATA,NO DATA,65,6 - Single Vehicle Crash,NO DATA,506548,93420,910,1420,4700,State System (State Highways and Class I TH links),I-91,47,I091-0000S,LRS,Property Damage Only,"(43.34143532, -72.41980132)"
485,VTVSP0400,12D102750,08/27/2012,I-91 SB,Springfield,NO DATA,NO DATA,NO DATA,91,MM 46/50,NO DATA,NO DATA,65,6 - Single Vehicle Crash,NO DATA,506486,93457,NO DATA,NO DATA,NO DATA,State System (State Highways and Class I TH links),I-91,46.5,I091-0000S,LRS,Injury,"(43.33443557, -72.42159776)"
486,VTVSP0400,12D102814,08/31/2012,I-91 S,Springfield,NO DATA,NO DATA,NO DATA,91,Skitchewaug Trail (Route 143),1,Miles,65,6 - Single Vehicle Crash,North,506513,91892,910,1418,4600,State System (State Highways and Class I TH links),I-91,46,I091-0000S,LRS,Fatal,"(43.32730784, -72.41959550)"
487,VTVSP0400,12D103963,12/09/2012,I-91 SB,Springfield,NO DATA,NO DATA,NO DATA,91,NO DATA,NO DATA,NO DATA,65,6 - Single Vehicle Crash,NO DATA,505389,85036,910,1418,4180,State System (State Highways and Class I TH links),I-91,41.55,I091-0000S,LRS,Property Damage Only,"(43.26486926, -72.43348245)"