ID,Reporting Agency,Report Number,Date,Street Address,Town,Number,Number1,Number2,Number3,Intersection,Distance From Intersection,Distance Unit,Posted Speed,Direction of Collision,Direction from Intersection,Easting,Northing,Mile Marker,Mile Marker 1,Mile Marker 2,AOT Roadway,AOT Route,AOT Actual Mile,LRS Number,How Mapped,Crash Type,Location 1
488,VTVSP0400,12D102132,07/10/2012,I-91SB,Springfield,NO DATA,NO DATA,NO DATA,91,NO DATA,NO DATA,NO DATA,65,6 - Single Vehicle Crash,NO DATA,505351,84931,910,1418,4135,State System (State Highways and Class I TH links),I-91,41.35,I091-0000S,LRS,Property Damage Only,"(43.26231179, -72.43521260)"
489,VTVSP0400,12D103858,11/30/2012,I-91 S,Springfield,NO DATA,NO DATA,NO DATA,91,NO DATA,NO DATA,NO DATA,65,6 - Single Vehicle Crash,NO DATA,505958,87881,910,1418,4100,State System (State Highways and Class I TH links),I-91,41,I091-0000S,LRS,Property Damage Only,"(43.25780004, -72.43847872)"
490,VTVSP0400,12D100296,01/23/2012,I-91 SB,Rockingham,NO DATA,NO DATA,NO DATA,91,Exit 5,4,Miles,65,6 - Single Vehicle Crash,North,501940,71164,910,1314,3235,State System (State Highways and Class I TH links),I-91,32.35,I091-0000S,LRS,Property Damage Only,"(43.14041764, -72.47630429)"
491,VTVSP0400,12D100297,01/23/2012,I-91 South Bound,Rockingham,NO DATA,NO DATA,NO DATA,91,Mm 31/75 SB,30,Feet,65,1 - Rear End,East,501936,70171,910,1314,3175,State System (State Highways and Class I TH links),I-91,31.75,I091-0000S,LRS,Property Damage Only,"(43.13184043, -72.47617867)"
498,VTVSP1000,12D200052,01/05/2012,I-91 SB MM 22/20,Putney,NO DATA,NO DATA,NO DATA,91,MM 22/20 SB,NO DATA,NO DATA,65,6 - Single Vehicle Crash,NO DATA,502594,55749,910,1313,2220,State System (State Highways and Class I TH links),I-91,22.2,I091-0000S,LRS,Property Damage Only,"(43.00136650, -72.46846948)"
499,VTVSP1000,12D201573,06/07/2012,Interstate 91SB,Putney,NO DATA,NO DATA,NO DATA,91,Exit 4 Off Ramp,5,Miles,65,6 - Single Vehicle Crash,North,501823,54620,910,1313,2145,State System (State Highways and Class I TH links),I-91,21.4,I091-0000S,LRS,Property Damage Only,"(42.99196628, -72.47729544)"
500,VTVSP0400,12D101694,06/04/2012,I-91 SB,Putney,NO DATA,NO DATA,NO DATA,91,Exit 5,8,Miles,65,6 - Single Vehicle Crash,South,501790,54513,910,1313,2130,State System (State Highways and Class I TH links),I-91,21.3,I091-0000S,LRS,Injury,"(42.99068438, -72.47817962)"
501,VTVSP1000,12D203595,12/27/2012,MM 20/40 I-91 SB,Putney,NO DATA,NO DATA,NO DATA,91,NO DATA,NO DATA,NO DATA,65,6 - Single Vehicle Crash,NO DATA,501411,53177,910,1313,2040,State System (State Highways and Class I TH links),I-91,20.4,I091-0000S,LRS,Injury,"(42.97798808, -72.48311347)"
502,VTVSP1000,12D201180,04/26/2012,Interstate 91SB,Putney,NO DATA,NO DATA,NO DATA,91,Exit 4,3,Miles,65,6 - Single Vehicle Crash,North,501665,54467,NO DATA,NO DATA,NO DATA,State System (State Highways and Class I TH links),I-91,19.2,I091-0000S,LRS,Injury,"(42.96791811, -72.50106054)"
503,VTVSP1000,12D203472,12/16/2012,I-91 MM 18/05 SB,Dummerston,NO DATA,NO DATA,NO DATA,91,MM 18/05 SB,NO DATA,NO DATA,65,6 - Single Vehicle Crash,NO DATA,498044,51590,NO DATA,NO DATA,NO DATA,State System (State Highways and Class I TH links),I-91,18.05,I091-0000S,LRS,Injury,"(42.96490056, -72.52311377)"
504,VTVSP1000,12D203011,10/30/2012,I-91 MM 16/65 SB,Dummerston,NO DATA,NO DATA,NO DATA,91,NO DATA,NO DATA,NO DATA,65,6 - Single Vehicle Crash,NO DATA,497079,50213,910,1305,1665,State System (State Highways and Class I TH links),I-91,16.65,I091-0000S,LRS,Property Damage Only,"(42.94797556, -72.53506095)"
505,VTVSP1000,12D200333,01/29/2012,I - 91 SB,Dummerston,NO DATA,NO DATA,NO DATA,91,MM 16/6,NO DATA,NO DATA,65,6 - Single Vehicle Crash,NO DATA,498473,51705,91,1305,1660,State System (State Highways and Class I TH links),I-91,16.6,I091-0000S,LRS,Property Damage Only,"(42.94741789, -72.53441218)"
512,VTVSP1000,12D203589,12/27/2012,I-91 SB MM 9.8,Brattleboro,NO DATA,NO DATA,NO DATA,91,NO DATA,NO DATA,NO DATA,65,6 - Single Vehicle Crash,NO DATA,493434,40591,910,1302,980,State System (State Highways and Class I TH links),I-91,9.8,I091-0000S,LRS,Property Damage Only,"(42.86601315, -72.58004322)"
513,VTVSP1000,12D202799,10/08/2012,I 91 SB Exit 2,Brattleboro,NO DATA,NO DATA,NO DATA,91,Exit 2,NO DATA,NO DATA,50,3 - Same Direction Sideswipe,NO DATA,493358,39544,910,1302,950,State System (State Highways and Class I TH links),I-91,9.11,I091-0000S,LRS,Property Damage Only,"(42.85594983, -72.58098693)"
514,VTVSP1000,12D202595,09/17/2012,1-91 S,Brattleboro,NO DATA,NO DATA,NO DATA,91,Exit 2,30,Feet,65,NO DATA,South,493451,39305,910,1302,910,State System (State Highways and Class I TH links),I-91,8.96,I091-0000S,LRS,Property Damage Only,"(42.85377000, -72.58039334)"
515,VT0130000,12WHC0279,02/09/2012,I91 SB,Brattleboro,NO DATA,NO DATA,NO DATA,91,South Of Exit 2,NO DATA,NO DATA,50,6 - Single Vehicle Crash,North,493573,38731,NO DATA,NO DATA,NO DATA,State System (State Highways and Class I TH links),I-91,8.58,I091-0000S,LRS,Property Damage Only,"(42.84863205, -72.57852698)"
516,VTVSP1000,12D203468,12/16/2012,I-91 S,Brattleboro,NO DATA,NO DATA,NO DATA,91,Exit 1 SB On Ramp,NO DATA,NO DATA,65,3 - Same Direction Sideswipe,NO DATA,494658,36924,910,1302,725,State System (State Highways and Class I TH links),I-91,7.22,I091-0000S,LRS,Injury,"(42.83187880, -72.56500346)"
517,VT0130200,12BB08974,11/27/2012,91 S Near Exit 1,Brattleboro,NO DATA,NO DATA,NO DATA,NO DATA,Exit 1 Ramp,NO DATA,NO DATA,65,"8 - No Turns, Thru moves only, Broadside ^<",NO DATA,004-94-627,000-37-610,NO DATA,NO DATA,NO DATA,State System (State Highways and Class I TH links),I-91,7.1,I091-0000S,LRS,Property Damage Only,"(42.83014992, -72.56484291)"
518,VTVSP1000,12D200268,01/23/2012,I-91 SB,Brattleboro,NO DATA,NO DATA,NO DATA,91,Exit 1,1,Miles,65,6 - Single Vehicle Crash,North,494642,36317,910,1302,685,State System (State Highways and Class I TH links),I-91,6.85,I091-0000S,LRS,Property Damage Only,"(42.82665418, -72.56596797)"
525,VTVSP1000,12D200171,01/15/2012,Interstate 91 SB,Guilford,NO DATA,NO DATA,NO DATA,91,MM 1/30,NO DATA,NO DATA,65,1 - Rear End,NO DATA,494558,27609,910,1307,130,State System (State Highways and Class I TH links),I-91,1.3,I091-0000S,LRS,Property Damage Only,"(42.74868716, -72.56646761)"
526,VTVSP1000,12D201643,06/14/2012,I91 MM1 SB,Guilford,NO DATA,NO DATA,NO DATA,91,Massachusetts Line,1,Miles,65,6 - Single Vehicle Crash,South,494318,25827,910,1307,100,State System (State Highways and Class I TH links),I-91,1,I091-0000S,LRS,Property Damage Only,"(42.74435163, -72.56676801)"
527,VTVSP0800,12B202035,07/03/2012,I 91 N,Derby,NO DATA,NO DATA,NO DATA,91,Exit 28 Off Ramp D,NO DATA,NO DATA,65,1 - Rear End,North,527658,272530,NO DATA,NO DATA,NO DATA,Ramp or Spur,I-91,0.23,I091-0000NR028D,LRS,Property Damage Only,"(44.95257700, -72.14893387)"
528,VTVSP0800,12B203257,09/21/2012,I-91 Exit 27 Off Ramp A,Derby,NO DATA,NO DATA,NO DATA,NO DATA,Schuler Road,5,Feet,35,1 - Rear End,North,483096,269106,NO DATA,NO DATA,NO DATA,Ramp or Spur,I-91,0.23,I091-0000NR027A,LRS,Injury,"(44.92205651, -72.17156984)"
529,VTVSP0800,12B202176,07/13/2012,I 91NB Exit 27 Ramp A,Derby,NO DATA,NO DATA,NO DATA,91,Exit 27,25,Feet,35,6 - Single Vehicle Crash,East,525940,269122,NO DATA,NO DATA,NO DATA,Ramp or Spur,I-91,0.04,I091-0000NR027A,LRS,Injury,"(44.92332230, -72.17197922)"
530,VTVSP0800,12B200526,02/25/2012,I 91 Ext 26 N Off Ramp C,Barton,NO DATA,NO DATA,NO DATA,91,RT 58,10,Feet,65,6 - Single Vehicle Crash,North,522996,256441,NO DATA,NO DATA,NO DATA,Ramp or Spur,I-91,0.16,I091-0000NR026C,LRS,Property Damage Only,"(44.80784698, -72.20933123)"
531,VTVSP0200,12B100081,01/08/2012,"I91NB, Exit 23",Lyndon,NO DATA,NO DATA,NO DATA,91,Stop Sign At End Of Ramp,200,Feet,65,6 - Single Vehicle Crash,East,539370,224227,910,307,0,Ramp or Spur,I-91,0.29,I091-0000NR023C,LRS,Injury,"(44.51721112, -72.00545532)"
532,VTVSP0200,12B102120,07/05/2012,I-91 NB Exit 19 Ramp C,St. Johnsbury,NO DATA,NO DATA,NO DATA,91,I91 N Exit 19 On Ramp,NO DATA,NO DATA,65,6 - Single Vehicle Crash,NO DATA,538384,211032,910,311,1280,Ramp or Spur,I-91,0.27,I091-0000NR019C,LRS,Injury,"(44.39901122, -72.01854297)"
540,VTVSP1100,12D302534,06/18/2012,I-89 NB To I-91NBExit 10 Ramp A,Hartford,NO DATA,NO DATA,NO DATA,89,On Ramp,NO DATA,Feet,55,1 - Rear End,NO DATA,513235,126655,890,1408,50,Ramp or Spur,I-91,0.21,I091-0000NR010A,LRS,Injury,"(43.64030326, -72.33611854)"
541,VTVSP1100,12D300729,02/18/2012,I91 N ON RAMPA I89,Hartford,NO DATA,NO DATA,NO DATA,89,I89 - I91 N ON RAMP,NO DATA,NO DATA,35,1 - Rear End,NO DATA,513228,126680,NO DATA,NO DATA,NO DATA,Ramp or Spur,I-91,0.21,I091-0000NR010A,LRS,Property Damage Only,"(43.64030326, -72.33611854)"
542,VTVSP1100,12D304752,10/23/2012,I-91 NB Ramp A,Hartford,NO DATA,NO DATA,NO DATA,89,I-89 N Off Ramp To I-91 N,NO DATA,NO DATA,55,1 - Rear End,NO DATA,513236,126672,NO DATA,NO DATA,NO DATA,Ramp or Spur,I-91,0.21,I091-0000NR010A,LRS,Injury,"(43.64030326, -72.33611854)"
543,VTVSP1100,12D302587,06/20/2012,I91 Nb Exit 10 On Ramp A,Hartford,NO DATA,NO DATA,NO DATA,91,NO DATA,500,Feet,25,1 - Rear End,North,513237,126659,NO DATA,NO DATA,NO DATA,Ramp or Spur,I-91,0.21,I091-0000NR010A,LRS,Property Damage Only,"(43.64030326, -72.33611854)"
544,VTVSP0400,12D104212,12/29/2012,I-91,Weathersfield,NO DATA,NO DATA,NO DATA,91,Exit 8 North Off Ramp C,NO DATA,NO DATA,99,6 - Single Vehicle Crash,NO DATA,507011,100333,910,1420,5120,Ramp or Spur,I-91,0.21,I091-0000NR008C,LRS,Property Damage Only,"(43.40322199, -72.41350816)"
545,VT0140200,12SF03427,08/22/2012,I-91 N/B EAST FORK,Springfield,NO DATA,NO DATA,NO DATA,91,VT ROUTE 11,100,Feet,99,6 - Single Vehicle Crash,North,505682,85163,NO DATA,NO DATA,NO DATA,Ramp or Spur,I-91,0.08,I091-0000NR007G,LRS,Property Damage Only,"(43.26661366, -72.43004386)"
546,VTVSP0400,12D103064,09/20/2012,I-91NB Exit 5 Ramp C,Westminster,NO DATA,NO DATA,NO DATA,91,I-91 Access Rd,NO DATA,NO DATA,65,1 - Rear End,South,503723,65652,NO DATA,NO DATA,NO DATA,Ramp or Spur,I-91,0.26,I091-0000NR005C,LRS,Property Damage Only,"(43.09107646, -72.45407452)"
547,VTVSP1000,12D202022,07/22/2012,Interstate 91,Brattleboro,NO DATA,NO DATA,NO DATA,91,Exit 3 NB Off Ramp C,NO DATA,NO DATA,25,1 - Rear End,NO DATA,495255,42820,910,1302,1100,Ramp or Spur,I-91,0.18,I091-0000NR003C,LRS,Property Damage Only,"(42.88541733, -72.55802473)"
555,VTVSP0800,12B200153,01/17/2012,I-91 Northbound,Derby,NO DATA,NO DATA,NO DATA,91,Exit 28 N,0,Miles,65,6 - Single Vehicle Crash,South,606357,273121,NO DATA,NO DATA,NO DATA,State System (State Highways and Class I TH links),I-91,172.15,I091-0000,LRS,Injury,"(44.94901807, -72.15317940)"
556,VTVSP0800,12B200781,03/21/2012,I-91 North Mm171/35,Derby,NO DATA,NO DATA,NO DATA,91,Exit 28,1,Miles,65,6 - Single Vehicle Crash,South,526975,271446,NO DATA,NO DATA,NO DATA,State System (State Highways and Class I TH links),I-91,171.35,I091-0000,LRS,Property Damage Only,"(44.93911461, -72.16110350)"
557,VTVSP0800,12B203910,11/17/2012,I-91 NB,Derby,NO DATA,NO DATA,NO DATA,91,MM 171 North,NO DATA,NO DATA,65,6 - Single Vehicle Crash,NO DATA,526211,270324,NO DATA,NO DATA,NO DATA,State System (State Highways and Class I TH links),I-91,171,I091-0000,LRS,Injury,"(44.93534330, -72.16569754)"
558,VTVSP0800,12B202284,07/21/2012,I-91 NB,Coventry,NO DATA,NO DATA,NO DATA,91,MM 168,0,Miles,65,6 - Single Vehicle Crash,South,525855,265825,NO DATA,NO DATA,NO DATA,State System (State Highways and Class I TH links),I-91,167.6,I091-0000,LRS,Fatal,"(44.88882173, -72.17145548)"
559,VTVSP0800,12B204302,12/23/2012,i-91NB,Coventry,NO DATA,NO DATA,NO DATA,91,166.4 N,NO DATA,NO DATA,65,6 - Single Vehicle Crash,North,524389,261990,NO DATA,NO DATA,NO DATA,State System (State Highways and Class I TH links),I-91,166.4,I091-0000,LRS,Property Damage Only,"(44.87161686, -72.17745706)"
560,VTVSP0800,12B203295,09/24/2012,I 91 NB,Coventry,NO DATA,NO DATA,NO DATA,91,Mm 165,NO DATA,NO DATA,65,6 - Single Vehicle Crash,North,524367,261915,NO DATA,NO DATA,NO DATA,State System (State Highways and Class I TH links),I-91,165,I091-0000,LRS,Property Damage Only,"(44.85467995, -72.19305599)"
561,VTVSP0200,12B202658,08/12/2012,I 91 N,Irasburg,NO DATA,NO DATA,NO DATA,91,MM 162.8,NO DATA,NO DATA,65,6 - Single Vehicle Crash,North,524268,261113,910,1002,1622,State System (State Highways and Class I TH links),I-91,162.8,I091-0000,LRS,Property Damage Only,"(44.82501522, -72.20524745)"
568,VTVSP0800,12B204046,11/29/2012,I 91NB,Barton,NO DATA,NO DATA,NO DATA,91,Exit 25,0,Miles,65,6 - Single Vehicle Crash,South,525355,247716,NO DATA,NO DATA,NO DATA,State System (State Highways and Class I TH links),I-91,155.49,I091-0000,LRS,Injury,"(44.72942178, -72.18000644)"
569,VTVSP0200,12B104310,12/28/2012,I 91 NB,Sheffield,NO DATA,NO DATA,NO DATA,91,Exit 24,10,Miles,65,6 - Single Vehicle Crash,North,529226,242058,NO DATA,NO DATA,NO DATA,State System (State Highways and Class I TH links),I-91,150.93,I091-0000,LRS,Property Damage Only,"(44.67806412, -72.13166774)"
570,VTVSP0200,12B102429,07/26/2012,I91 NB,Sheffield,NO DATA,NO DATA,NO DATA,91,Mile Marker 150/2,10,Feet,65,6 - Single Vehicle Crash,South,529190,240865,910,312,1502,State System (State Highways and Class I TH links),I-91,150.2,I091-0000,LRS,Injury,"(44.66758117, -72.13227121)"
571,VTVSP0200,12B103700,11/11/2012,I 91NB,Sheffield,NO DATA,NO DATA,NO DATA,91,MM 149.6,300,Feet,65,6 - Single Vehicle Crash,North,619234,172505,910,312,1496,State System (State Highways and Class I TH links),I-91,149.6,I091-0000,LRS,Injury,"(44.65898651, -72.13361514)"
572,VTVSP0200,12B101855,06/14/2012,I 91 NB,Sheffield,NO DATA,NO DATA,NO DATA,91,MM 148/2,100,Feet,65,6 - Single Vehicle Crash,South,529358,237434,191,312,1482,State System (State Highways and Class I TH links),I-91,148.18,I091-0000,LRS,Property Damage Only,"(44.63864004, -72.13026812)"
573,VTVSP0200,12B102695,08/20/2012,I91N; MM 146.8,Sheffield,NO DATA,NO DATA,NO DATA,91,NO DATA,NO DATA,NO DATA,65,6 - Single Vehicle Crash,NO DATA,530044,235495,910,312,1468,State System (State Highways and Class I TH links),I-91,146.8,I091-0000,LRS,Property Damage Only,"(44.61970635, -72.12186217)"
574,VTVSP0200,12B103466,10/24/2012,I 91 N,Sheffield,NO DATA,NO DATA,NO DATA,91,MM 145/50,NO DATA,NO DATA,65,6 - Single Vehicle Crash,North,531333,233459,910,312,1455,State System (State Highways and Class I TH links),I-91,145.5,I091-0000,LRS,Injury,"(44.60347291, -72.10930183)"
575,VTVSP0200,12B103038,09/16/2012,I91 N,Wheelock,NO DATA,NO DATA,NO DATA,91,MM 143.8,4,Miles,65,6 - Single Vehicle Crash,North,533367,232194,910,317,1438,State System (State Highways and Class I TH links),I-91,143.8,I091-0000,LRS,Property Damage Only,"(44.58958338, -72.08111359)"
583,VTVSP0200,12B103381,10/16/2012,I 91 N,St. Johnsbury,NO DATA,NO DATA,NO DATA,91,MM 134/6,NO DATA,NO DATA,65,6 - Single Vehicle Crash,North,538013,220247,NO DATA,NO DATA,NO DATA,State System (State Highways and Class I TH links),I-91,134.6,I091-0000,LRS,Property Damage Only,"(44.48315283, -72.02173297)"
584,VTVSP0200,12B100214,01/21/2012,I-91 NB,St. Johnsbury,NO DATA,NO DATA,NO DATA,91,Mile Marker 134.60,NO DATA,NO DATA,65,6 - Single Vehicle Crash,North,538038,220411,910,311,1346,State System (State Highways and Class I TH links),I-91,134.6,I091-0000,LRS,Property Damage Only,"(44.48315283, -72.02173297)"
585,VTVSP0200,12B103962,12/02/2012,I 91 N,St. Johnsbury,NO DATA,NO DATA,NO DATA,91,MM 135.5 NB,1,Miles,65,6 - Single Vehicle Crash,North,537911,218570,910,311,1335,State System (State Highways and Class I TH links),I-91,134,I091-0000,LRS,Property Damage Only,"(44.47472991, -72.02423272)"
586,VTVSP0200,12B103941,11/20/2012,I91N,St. Johnsbury,NO DATA,NO DATA,NO DATA,91,MM 133.8,50,Feet,65,6 - Single Vehicle Crash,North,537825,218975,910,311,1338,State System (State Highways and Class I TH links),I-91,133.81,I091-0000,LRS,Property Damage Only,"(44.47202325, -72.02487632)"
587,VTVSP0200,12B102734,08/23/2012,I 91 NB,St. Johnsbury,NO DATA,NO DATA,NO DATA,91,MM 133.4; Exit 22,1,Miles,65,6 - Single Vehicle Crash,North,537925,218419,910,311,1334,State System (State Highways and Class I TH links),I-91,133.4,I091-0000,LRS,Property Damage Only,"(44.46615596, -72.02354682)"
588,VTVSP0200,12B102438,07/28/2012,I91 NB,St. Johnsbury,NO DATA,NO DATA,NO DATA,91,MM 133/03,NO DATA,NO DATA,65,6 - Single Vehicle Crash,NO DATA,537903,218646,910,311,13303,State System (State Highways and Class I TH links),I-91,133.03,I091-0000,LRS,Property Damage Only,"(44.46079773, -72.02349931)"
589,VTVSP0200,12B100532,02/21/2012,I 91 NB,St. Johnsbury,NO DATA,NO DATA,NO DATA,91,Exit 21 MM 134,NO DATA,NO DATA,65,6 - Single Vehicle Crash,North,537180,214029,311,910,134,State System (State Highways and Class I TH links),I-91,132.83,I091-0000,LRS,Injury,"(44.45791697, -72.02388939)"
596,VTVSP0200,12B101122,04/12/2012,I91 X21 On Ramp N,St. Johnsbury,NO DATA,NO DATA,NO DATA,91,MM 131,150,Feet,65,6 - Single Vehicle Crash,North,537139,214906,910,311,1310,State System (State Highways and Class I TH links),I-91,131.03,I091-0000,LRS,Injury,"(44.43405339, -72.03310070)"
597,VTVSP0200,12B103975,12/02/2012,I 91 N,St. Johnsbury,NO DATA,NO DATA,NO DATA,91,Exit 20,NO DATA,NO DATA,65,6 - Single Vehicle Crash,North,537652,212456,910,311,20,State System (State Highways and Class I TH links),I-91,129.42,I091-0000,LRS,Injury,"(44.41144321, -72.02777125)"
598,VTVSP0200,12B103129,09/24/2012,I91 N,St. Johnsbury,NO DATA,NO DATA,NO DATA,91,Exit 21,0,Miles,65,6 - Single Vehicle Crash,North,538104,211577,910,311,13095,State System (State Highways and Class I TH links),I-91,128.77,I091-0000,LRS,Injury,"(44.40295100, -72.02132398)"
599,VTVSP0200,12B100559,02/24/2012,I 91 NB,Waterford,NO DATA,NO DATA,NO DATA,93,I 93 NB,300,Feet,65,6 - Single Vehicle Crash,South,538546,210944,930,316,910,State System (State Highways and Class I TH links),I-91,128.11,I091-0000,LRS,Property Damage Only,"(44.39471731, -72.01712312)"
600,VTVSP0200,12B104320,12/29/2012,I-91 NB,Barnet,NO DATA,NO DATA,NO DATA,91,Mile MArker 126/26,NO DATA,NO DATA,65,"10 - Left Turn and Thru, Angle Broadside -->v--",North,537720,207697,910,301,1262,State System (State Highways and Class I TH links),I-91,126.2,I091-0000,LRS,Property Damage Only,"(44.36822286, -72.02716425)"
601,VTVSP0200,12B103832,11/21/2012,I 91NB,Barnet,NO DATA,NO DATA,NO DATA,91,MM 125/0,NO DATA,NO DATA,65,6 - Single Vehicle Crash,South,536857,200509,910,301,1250,State System (State Highways and Class I TH links),I-91,125,I091-0000,LRS,Property Damage Only,"(44.35214199, -72.03446743)"
602,VTVSP0200,12B102319,07/19/2012,I91N,Barnet,NO DATA,NO DATA,NO DATA,91,MM 122.4 NB,NO DATA,NO DATA,65,7 - Other - Explain in Narrative,North,536988,201877,910,301,1224,State System (State Highways and Class I TH links),I-91,122.4,I091-0000,LRS,Injury,"(44.31643630, -72.03640043)"
603,VTVSP0200,12B102869,09/02/2012,I 91 N,Barnet,NO DATA,NO DATA,NO DATA,91,MM 120/4,200,Feet,65,6 - Single Vehicle Crash,North,536332,200095,910,301,1204,State System (State Highways and Class I TH links),I-91,120.44,I091-0000,LRS,Injury,"(44.29847977, -72.05691067)"
611,VTVSP1300,12B301395,07/04/2012,I-91 @ MM109 Nb,Newbury,NO DATA,NO DATA,NO DATA,91,NO DATA,NO DATA,NO DATA,65,6 - Single Vehicle Crash,NO DATA,531935,182476,910,907,1090,State System (State Highways and Class I TH links),I-91,109,I091-0000,LRS,Property Damage Only,"(44.14267867, -72.10069981)"
612,VTVSP1300,12B302113,09/02/2012,I-91 NB Mile Marker 108,Newbury,NO DATA,NO DATA,NO DATA,91,Exit 17┬á┬á US Route 302,2,Miles,65,6 - Single Vehicle Crash,South,531835,181797,910,907,10860,State System (State Highways and Class I TH links),I-91,108,I091-0000,LRS,Property Damage Only,"(44.12835403, -72.10344642)"
613,VTVSP1300,12B302622,12/01/2012,I 91 Nb,Newbury,NO DATA,NO DATA,NO DATA,91,MM 106/50,NO DATA,NO DATA,65,6 - Single Vehicle Crash,NO DATA,531396,178552,910,907,10650,State System (State Highways and Class I TH links),I-91,106.5,I091-0000,LRS,Property Damage Only,"(44.10685522, -72.10781364)"
614,VTVSP1300,12B3000295,02/15/2012,I91 Northbound,Bradford,NO DATA,NO DATA,NO DATA,91,NO DATA,NO DATA,NO DATA,65,6 - Single Vehicle Crash,NO DATA,529260,165736,910,901,1001,State System (State Highways and Class I TH links),I-91,100,I091-0000,LRS,Property Damage Only,"(44.01478663, -72.12145099)"
615,VTVSP1300,12B301985,09/03/2012,I91NB,Bradford,NO DATA,NO DATA,NO DATA,91,NO DATA,NO DATA,NO DATA,65,6 - Single Vehicle Crash,NO DATA,529936,164545,910,901,9740,State System (State Highways and Class I TH links),I-91,97.29,I091-0000,LRS,Property Damage Only,"(43.98017509, -72.12645586)"
616,VTVSP1300,12B300406,03/01/2012,I-91 Northbound,Fairlee,NO DATA,NO DATA,NO DATA,91,MM 94/40,3,Feet,65,6 - Single Vehicle Crash,North,529470,159737,910,906,9440,State System (State Highways and Class I TH links),I-91,94.4,I091-0000,LRS,Property Damage Only,"(43.93874899, -72.13265885)"
617,VTVSP1300,12B301104,05/28/2012,I 91 Nb,Fairlee,NO DATA,NO DATA,NO DATA,91,Exit 15,2,Miles,65,6 - Single Vehicle Crash,South,525865,153643,910,906,8940,State System (State Highways and Class I TH links),I-91,89.4,I091-0000,LRS,Property Damage Only,"(43.88227465, -72.17859766)"
624,VTVSP1300,12B302757,12/22/2012,I-91 NB,Thetford,NO DATA,NO DATA,NO DATA,91,Exit 14,1,Miles,65,6 - Single Vehicle Crash,South,522504,144439,910,911,8380,State System (State Highways and Class I TH links),I-91,83,I091-0000,LRS,Injury,"(43.79564057, -72.21606007)"
625,VTVSP1300,12B302756,12/22/2012,I 91NB,Thetford,NO DATA,NO DATA,NO DATA,91,Mm 83,NO DATA,NO DATA,65,6 - Single Vehicle Crash,NO DATA,522867,143954,910,911,830,State System (State Highways and Class I TH links),I-91,83,I091-0000,LRS,Property Damage Only,"(43.79564057, -72.21606007)"
626,VT0090400,12TF00054,02/01/2012,I-91 81.5 North Bound,Norwich,NO DATA,NO DATA,NO DATA,91,VT Route 113,2,Miles,65,6 - Single Vehicle Crash,South,005-22-256,001-40-850,NO DATA,NO DATA,NO DATA,State System (State Highways and Class I TH links),I-91,81.5,I091-0000,LRS,Property Damage Only,"(43.77565768, -72.22174120)"
627,VTVSP1100,12D301783,05/08/2012,I91 NB; MM 76/05,Norwich,NO DATA,NO DATA,NO DATA,91,EXIT 13 NB,2,Miles,65,6 - Single Vehicle Crash,North,516788,135496,910,1411,7605,State System (State Highways and Class I TH links),I-91,76.05,I091-0000,LRS,Injury,"(43.71963148, -72.29145334)"
628,VT0141000,12NW00793,06/15/2012,I-91 NB Exit 12,Hartford,NO DATA,NO DATA,NO DATA,91,Mile Marker 72,NO DATA,NO DATA,65,6 - Single Vehicle Crash,NO DATA,514676,129851,NO DATA,NO DATA,NO DATA,State System (State Highways and Class I TH links),I-91,72.2,I091-0000,LRS,Property Damage Only,"(43.66899774, -72.31818239)"
629,VTVSP1100,12D304617,10/15/2012,I-91 NB,Hartford,NO DATA,NO DATA,NO DATA,91,MM 70.6,NO DATA,NO DATA,55,6 - Single Vehicle Crash,North,513403,127884,910,1408,730,State System (State Highways and Class I TH links),I-91,70.6,I091-0000,LRS,Injury,"(43.64943742, -72.33486377)"
630,VTVSP1100,12D301257,03/30/2012,I91 N,Hartford,NO DATA,NO DATA,NO DATA,91,EXIT 11,150,Feet,55,3 - Same Direction Sideswipe,South,512951,126660,1408,910,70105,State System (State Highways and Class I TH links),I-91,70.05,I091-0000,LRS,Property Damage Only,"(43.64360433, -72.33812560)"
631,VTVSP1100,12D305137,11/22/2012,I-91 NB MM 69.4,Hartford,NO DATA,NO DATA,NO DATA,91,Exit 10,1,Miles,65,6 - Single Vehicle Crash,South,NO DATA,NO DATA,910,1408,6940,State System (State Highways and Class I TH links),I-91,69.4,I091-0000,LRS,Injury,"(43.63402662, -72.33887230)"
638,VTVSP0400,12D100986,03/28/2012,I-91 NB MM 59/55,Windsor,NO DATA,NO DATA,NO DATA,91,NO DATA,NO DATA,NO DATA,65,6 - Single Vehicle Crash,NO DATA,507447,112909,910,1423,5955,State System (State Highways and Class I TH links),I-91,59.55,I091-0000,LRS,Injury,"(43.51639827, -72.40780655)"
639,VTVSP1100,12D102943,09/10/2012,"I91 Nb, Mm 58.4",Windsor,NO DATA,NO DATA,NO DATA,91,Exit 9,2,Miles,65,6 - Single Vehicle Crash,South,507352,111204,910,1423,5840,State System (State Highways and Class I TH links),I-91,58.4,I091-0000,LRS,Property Damage Only,"(43.50023307, -72.41037330)"
640,VTVSP0400,12D100558,02/19/2012,I-91 NB,Windsor,NO DATA,NO DATA,NO DATA,91,Mile Marker 58.4,NO DATA,NO DATA,65,6 - Single Vehicle Crash,NO DATA,507236,111144,910,1423,5840,State System (State Highways and Class I TH links),I-91,58.4,I091-0000,LRS,Property Damage Only,"(43.50023307, -72.41037330)"