ID,Reporting Agency,Report Number,Date,Street Address,Town,Number,Number1,Number2,Number3,Intersection,Distance From Intersection,Distance Unit,Posted Speed,Direction of Collision,Direction from Intersection,Easting,Northing,Mile Marker,Mile Marker 1,Mile Marker 2,AOT Roadway,AOT Route,AOT Actual Mile,LRS Number,How Mapped,Crash Type,Location 1
641,VTVSP0400,12D100048,01/05/2012,I-91 N,Windsor,NO DATA,NO DATA,NO DATA,91,Exit 9,2,Miles,65,6 - Single Vehicle Crash,South,507236,110766,910,1423,5820,State System (State Highways and Class I TH links),I-91,58.2,I091-0000,LRS,Property Damage Only,"(43.49738706, -72.41071422)"
642,VTVSP0400,12D101630,05/30/2012,I-91 NB,Windsor,NO DATA,NO DATA,NO DATA,91,Exit 8,2,Miles,65,1 - Rear End,North,507907,103958,910,1423,5405,State System (State Highways and Class I TH links),I-91,53.85,I091-0000,LRS,Injury,"(43.43575756, -72.40262160)"
643,VTVSP0400,12D100690,02/29/2012,I-91 NB,Weathersfield,NO DATA,NO DATA,NO DATA,91,MM 48/55,NO DATA,NO DATA,65,6 - Single Vehicle Crash,NO DATA,506359,97417,910,1420,4855,State System (State Highways and Class I TH links),I-91,48.55,I091-0000,LRS,Property Damage Only,"(43.36287626, -72.42454783)"
644,VTVSP0400,12D102186,07/05/2012,I-91 NB,Weathersfield,NO DATA,NO DATA,NO DATA,91,Bowen Hill,100,Feet,65,1 - Rear End,North,506324,95034,910,1420,4800,State System (State Highways and Class I TH links),I-91,48.01,I091-0000,LRS,Property Damage Only,"(43.35569897, -72.42233633)"
645,VTVSP0400,12D103882,12/01/2012,I-91 NB,Weathersfield,NO DATA,NO DATA,NO DATA,91,NO DATA,NO DATA,NO DATA,65,6 - Single Vehicle Crash,NO DATA,506553,94267,910,1420,4760,State System (State Highways and Class I TH links),I-91,47,I091-0000,LRS,Property Damage Only,"(43.34132411, -72.41935292)"
652,VTVSP0400,12D100622,02/24/2012,I-91 NB,Springfield,NO DATA,NO DATA,NO DATA,91,Exit 7,1,Miles,65,6 - Single Vehicle Crash,North,505321,86155,910,1418,4300,State System (State Highways and Class I TH links),I-91,42.33,I091-0000,LRS,Property Damage Only,"(43.27582870, -72.43452043)"
653,VTVSP0400,12D102315,07/28/2012,I-91 N,Springfield,NO DATA,NO DATA,NO DATA,91,Exit 7,0,Miles,65,6 - Single Vehicle Crash,North,505432,85575,910,1418,4195,State System (State Highways and Class I TH links),I-91,41.95,I091-0000,LRS,Property Damage Only,"(43.27050669, -72.43325886)"
654,VTVSP0400,12D102701,08/23/2012,I-91 N,Springfield,NO DATA,NO DATA,NO DATA,91,Exit 7,NO DATA,NO DATA,65,3 - Same Direction Sideswipe,NO DATA,505483,85328,910,1418,4180,State System (State Highways and Class I TH links),I-91,41.7,I091-0000,LRS,Property Damage Only,"(43.26695636, -72.43253864)"
655,VTVSP0400,12D101006,03/29/2012,I-91 N Exit 7 Ramp,Springfield,NO DATA,NO DATA,NO DATA,91,I-91 N,NO DATA,NO DATA,40,6 - Single Vehicle Crash,East,505465,85102,NO DATA,NO DATA,NO DATA,State System (State Highways and Class I TH links),I-91,41.67,I091-0000,LRS,Injury,"(43.26652461, -72.43260005)"
656,VTVSP0400,12D100235,01/18/2012,I91 N,Springfield,NO DATA,NO DATA,NO DATA,91,Exit 7,1,Miles,65,3 - Same Direction Sideswipe,South,504464,83115,NO DATA,NO DATA,NO DATA,State System (State Highways and Class I TH links),I-91,41.17,I091-0000,LRS,Property Damage Only,"(43.25994644, -72.43660098)"
657,VTVSP0400,12D100375,01/30/2012,I-91 N,Springfield,NO DATA,NO DATA,NO DATA,91,Exit 7,1,Miles,65,6 - Single Vehicle Crash,South,504789,83716,910,1418,4030,State System (State Highways and Class I TH links),I-91,40.3,I091-0000,LRS,Property Damage Only,"(43.24895993, -72.44480723)"
658,VTVSP0400,12D103639,11/09/2012,I-91 N MM 39.6,Springfield,NO DATA,NO DATA,NO DATA,91,Exit 7,2,Miles,65,6 - Single Vehicle Crash,South,504275,81538,910,1418,3960,State System (State Highways and Class I TH links),I-91,39.6,I091-0000,LRS,Property Damage Only,"(43.23926507, -72.44767170)"
659,VTVSP0400,12D103734,11/19/2012,I-91 N,Rockingham,NO DATA,NO DATA,NO DATA,91,NO DATA,NO DATA,NO DATA,65,7 - Other - Explain in Narrative,NO DATA,503995,80918,910,1314,3780,State System (State Highways and Class I TH links),I-91,37.8,I091-0000,LRS,Injury,"(43.21437122, -72.45363267)"
666,VTVSP0400,12D100629,02/24/2012,I-91 North Bound,Rockingham,NO DATA,NO DATA,NO DATA,91,MM 33.2 NB,NO DATA,NO DATA,65,6 - Single Vehicle Crash,NO DATA,502100,72482,910,1314,3320,State System (State Highways and Class I TH links),I-91,33.2,I091-0000,LRS,Injury,"(43.15249041, -72.47421267)"
667,VTVSP0400,12D103844,11/29/2012,I 91 NB,Rockingham,NO DATA,NO DATA,NO DATA,91,Darby Hill Road,1,Miles,65,6 - Single Vehicle Crash,South,502077,71956,910,1314,3285,State System (State Highways and Class I TH links),I-91,32.85,I091-0000,LRS,Property Damage Only,"(43.14759455, -72.47455900)"
668,VTVSP0400,12D103845,11/29/2012,I 91 N,Rockingham,NO DATA,NO DATA,NO DATA,91,Darby Hill Rd,1,Miles,65,6 - Single Vehicle Crash,South,502092,71741,910,1314,3275,State System (State Highways and Class I TH links),I-91,32.72,I091-0000,LRS,Property Damage Only,"(43.14572609, -72.47435000)"
669,VTVSP0400,12D103089,09/21/2012,I-91 N,Rockingham,NO DATA,NO DATA,NO DATA,91,NO DATA,NO DATA,NO DATA,65,6 - Single Vehicle Crash,North,502139,71383,NO DATA,NO DATA,NO DATA,State System (State Highways and Class I TH links),I-91,32.5,I091-0000,LRS,Property Damage Only,"(43.14257852, -72.47474847)"
670,VTVSP0400,12D102206,07/17/2012,I-91 NB,Westminster,NO DATA,NO DATA,NO DATA,91,Vt Route 121,NO DATA,NO DATA,65,6 - Single Vehicle Crash,NO DATA,502538,69246,910,1320,3130,State System (State Highways and Class I TH links),I-91,31.04,I091-0000,LRS,Injury,"(43.12319181, -72.46755746)"
671,VTVSP0400,12D100217,01/17/2012,I-91 N,Westminster,NO DATA,NO DATA,NO DATA,91,MM 26/2,NO DATA,NO DATA,65,1 - Rear End,NO DATA,502439,61977,910,1320,2602,State System (State Highways and Class I TH links),I-91,26.2,I091-0000,LRS,Property Damage Only,"(43.05841099, -72.47015198)"
672,VTVSP1000,12D202359,08/22/2012,I-91 NB,Putney,NO DATA,NO DATA,NO DATA,91,Exit 4,5,Miles,65,6 - Single Vehicle Crash,North,502253,57297,910,1313,2320,State System (State Highways and Class I TH links),I-91,23.25,I091-0000,LRS,Property Damage Only,"(43.01584192, -72.47265759)"
673,VTVSP1000,12D200107,01/12/2012,I91 NB,Putney,NO DATA,NO DATA,NO DATA,91,I91 NB MM22/50,NO DATA,NO DATA,65,6 - Single Vehicle Crash,NO DATA,502559,56201,910,1313,2250,State System (State Highways and Class I TH links),I-91,22.5,I091-0000,LRS,Property Damage Only,"(43.00557592, -72.46850184)"
680,VTVSP1000,12D203483,12/17/2012,I-91 North,Dummerston,NO DATA,NO DATA,NO DATA,91,MM 16/8,300,Feet,65,6 - Single Vehicle Crash,South,497038,50047,910,1305,1680,State System (State Highways and Class I TH links),I-91,16.74,I091-0000,LRS,Property Damage Only,"(42.94934719, -72.53568770)"
681,VTVSP1000,12D201606,06/11/2012,I91 NB MM 13.2,Dummerston,NO DATA,NO DATA,NO DATA,91,Exit 3 Off Ramp,2,Miles,65,6 - Single Vehicle Crash,North,496934,44490,910,1305,1320,State System (State Highways and Class I TH links),I-91,13.2,I091-0000,LRS,Property Damage Only,"(42.90168353, -72.53705006)"
682,VTVSP1000,12D200113,01/12/2012,I91 NB,Brattleboro,NO DATA,NO DATA,NO DATA,91,MM 12/25,NO DATA,NO DATA,65,7 - Other - Explain in Narrative,NO DATA,495817,43713,91,1302,1225,State System (State Highways and Class I TH links),I-91,12.25,I091-0000,LRS,Property Damage Only,"(42.89371926, -72.55090555)"
683,VTVSP1000,12D200811,03/18/2012,Interstate 91 NB,Brattleboro,NO DATA,NO DATA,NO DATA,91,Exit 3,NO DATA,NO DATA,65,6 - Single Vehicle Crash,North,495296,43020,910,1302,1180,State System (State Highways and Class I TH links),I-91,11.65,I091-0000,LRS,Property Damage Only,"(42.88689897, -72.55805629)"
684,VTVSP1000,12D202444,08/31/2012,I-91 NB,Brattleboro,NO DATA,NO DATA,NO DATA,91,Exit 3,60,Feet,65,5 - Rear-to-rear,South,495049,42644,910,1302,1130,State System (State Highways and Class I TH links),I-91,11.38,I091-0000,LRS,Property Damage Only,"(42.88354884, -72.56086442)"
685,VTVSP1000,12D200508,02/17/2012,Interstate 91NB,Brattleboro,NO DATA,NO DATA,NO DATA,91,Exit 3 NB,528,Feet,65,7 - Other - Explain in Narrative,South,494449,41829,910,1302,1002,State System (State Highways and Class I TH links),I-91,11.29,I091-0000,LRS,Property Damage Only,"(42.88247379, -72.56188688)"
686,VTVSP1000,12D200263,01/23/2012,I 91 North Bound,Brattleboro,NO DATA,NO DATA,NO DATA,91,EXIT 3,1,Miles,65,6 - Single Vehicle Crash,South,494168,41531,910,1302,1050,State System (State Highways and Class I TH links),I-91,10.5,I091-0000,LRS,Property Damage Only,"(42.87385572, -72.57142131)"
693,VTVSP1000,12D203471,12/16/2012,I-91 NB,Brattleboro,NO DATA,NO DATA,NO DATA,91,Exit 2,NO DATA,NO DATA,65,6 - Single Vehicle Crash,NO DATA,493402,39670,910,1302,815,State System (State Highways and Class I TH links),I-91,8.15,I091-0000,LRS,Property Damage Only,"(42.84407954, -72.57265493)"
694,VTVSP1000,12D200792,03/16/2012,Interstate 91 N,Brattleboro,NO DATA,NO DATA,NO DATA,91,MM 8/35,1,Miles,50,1 - Rear End,South,493688,38632,910,1302,835,State System (State Highways and Class I TH links),I-91,7.85,I091-0000,LRS,Property Damage Only,"(42.84029764, -72.56998325)"
695,VTVSP1000,12D203148,11/14/2012,1-91 NB,Brattleboro,NO DATA,NO DATA,NO DATA,91,I-91 NB On Ramp Exit 1,NO DATA,NO DATA,65,6 - Single Vehicle Crash,NO DATA,494505,37473,910,1302,780,State System (State Highways and Class I TH links),I-91,7.76,I091-0000,LRS,Property Damage Only,"(42.83914194, -72.56916402)"
696,VTVSP1000,12D202153,08/03/2012,Interstate 91NB,Brattleboro,NO DATA,NO DATA,NO DATA,91,Exit 1 North,NO DATA,NO DATA,65,6 - Single Vehicle Crash,NO DATA,494679,36945,910,1302,600,State System (State Highways and Class I TH links),I-91,7.29,I091-0000,LRS,Property Damage Only,"(42.83290388, -72.56504268)"
697,VTVSP1000,12D200135,01/13/2012,Interstate 91 NB,Brattleboro,NO DATA,NO DATA,NO DATA,91,MM 7/15,NO DATA,NO DATA,65,1 - Rear End,NO DATA,494693,36923,910,1302,715,State System (State Highways and Class I TH links),I-91,7.15,I091-0000,LRS,Property Damage Only,"(42.83090127, -72.56458273)"
698,VTVSP1000,12D203525,12/21/2012,I-91 NB,Brattleboro,NO DATA,NO DATA,NO DATA,91,MM 7,100,Feet,65,6 - Single Vehicle Crash,South,494675,36457,910,1302,695,State System (State Highways and Class I TH links),I-91,6.98,I091-0000,LRS,Property Damage Only,"(42.82844859, -72.56483636)"
699,VTVSP1000,12D203469,12/16/2012,I-91 N MM 6/55,Guilford,NO DATA,NO DATA,NO DATA,91,MM 6/55,75,Feet,65,6 - Single Vehicle Crash,South,494367,35824,910,1307,655,State System (State Highways and Class I TH links),I-91,6.54,I091-0000,LRS,Injury,"(42.82374408, -72.56787625)"
706,VT0140600,12CH00232,02/25/2012,FAS-125 Grafton Road,Chester,NO DATA,35,NO DATA,NO DATA,Popple Dungeon Road,0,Miles,40,6 - Single Vehicle Crash,West,NO DATA,NO DATA,NO DATA,NO DATA,NO DATA,Federal Aid Secondary System (Class 2 TH),FAS 0125 (VT 35 & 121 TH),0.74,S01251407,LRS,Property Damage Only,"(43.24087457, -72.61022845)"
707,VTVSP0400,12D101507,05/19/2012,FAS-125,Grafton,NO DATA,35,NO DATA,NO DATA,Ellsworth Road,0,Miles,50,6 - Single Vehicle Crash,South,492156,80227,NO DATA,NO DATA,NO DATA,Federal Aid Secondary System (Class 2 TH),FAS 0125 (VT 35 & 121 TH),7.95,S01251306,LRS,Injury,"(43.22284779, -72.59832681)"
708,VTVSP0400,12D103052,09/18/2012,FAS-125,Grafton,NO DATA,35,NO DATA,NO DATA,NO DATA,NO DATA,NO DATA,50,6 - Single Vehicle Crash,NO DATA,492201,78056,125,1306,600,Federal Aid Secondary System (Class 2 TH),FAS 0125 (VT 35 & 121 TH),5.97,S01251306,LRS,Injury,"(43.19627717, -72.59640240)"
709,VTVSP0400,12D102171,07/14/2012,FAS-125 Chester Rd,Grafton,NO DATA,35,NO DATA,NO DATA,Wright Orchard Road,1,Miles,50,6 - Single Vehicle Crash,North,492045,76699,125,1306,500,Federal Aid Secondary System (Class 2 TH),FAS 0125 (VT 35 & 121 TH),5.48,S01251306,LRS,Injury,"(43.18920880, -72.59749882)"
710,VTVSP0400,12D102087,07/06/2012,FAS-125,Grafton,NO DATA,121,NO DATA,NO DATA,Dug Road,900,Feet,50,6 - Single Vehicle Crash,East,494315,72991,NO DATA,NO DATA,NO DATA,Federal Aid Secondary System (Class 2 TH),FAS 0125 (VT 35 & 121 TH),1,S01251306,LRS,Injury,"(43.15681594, -72.57208330)"
711,VTVSP0400,12D101754,06/09/2012,FAS-125 Athens Road,Athens,NO DATA,35,NO DATA,NO DATA,Reed Rd,NO DATA,NO DATA,35,6 - Single Vehicle Crash,NO DATA,492804,69394,NO DATA,NO DATA,NO DATA,Federal Aid Secondary System (Class 2 TH),FAS 0125 (VT 35 & 121 TH),2.34,S01251301,LRS,Injury,"(43.12480378, -72.58841024)"
712,VTVSP0400,12D100176,01/13/2012,FAS-123 (977 Route 121),Windham,NO DATA,121,NO DATA,NO DATA,Windham Springs,1,Miles,40,6 - Single Vehicle Crash,South,480983,78504,NO DATA,NO DATA,NO DATA,Federal Aid Secondary System (Class 2 TH),FAS 0123 (VT 121 TH),6.19,S01231323,LRS,Property Damage Only,"(43.20487566, -72.73299904)"
719,VT0020800,12WH01678,12/18/2012,FAS-118 Stratton Mountain Access Road,Winhall,NO DATA,NO DATA,NO DATA,NO DATA,Vermont Route 30,15,Feet,45,1 - Rear End,West,NO DATA,NO DATA,NO DATA,NO DATA,NO DATA,Federal Aid Secondary System (Class 2 TH),FAS 0118,3.55,S01180216,LRS,Property Damage Only,"(43.14445483, -72.87371112)"
720,VT0020800,12WH01618,12/02/2012,FAS-118 Stratton Mountain Access Road,Winhall,NO DATA,NO DATA,NO DATA,NO DATA,Vermont Route 30,200,Feet,45,2 - Head On,West,NO DATA,NO DATA,NO DATA,NO DATA,NO DATA,Federal Aid Secondary System (Class 2 TH),FAS 0118,3.52,S01180216,LRS,Property Damage Only,"(43.14401295, -72.87386184)"
721,VT0020800,12WH00335,02/18/2012,FAS-118 Stratton Mountain Access Road,Winhall,NO DATA,NO DATA,NO DATA,NO DATA,Stratton West Road,0,Miles,45,4 - Opp Direction Sideswipe,South,NO DATA,NO DATA,NO DATA,NO DATA,NO DATA,Federal Aid Secondary System (Class 2 TH),FAS 0118,2.01,S01180216,LRS,Property Damage Only,"(43.13558970, -72.89452698)"
722,VT0020800,12WH01503,11/04/2012,FAS-118 Stratton Mountain Access Road,Winhall,NO DATA,NO DATA,NO DATA,NO DATA,Vermont Route 30,170,Feet,45,6 - Single Vehicle Crash,West,NO DATA,NO DATA,NO DATA,NO DATA,NO DATA,Federal Aid Secondary System (Class 2 TH),FAS 0118,1.53,S01180216,LRS,Property Damage Only,"(43.13062340, -72.90096784)"
723,VT0020800,12WH00409,02/29/2012,Stratton Mountain Access Road,Winhall,NO DATA,NO DATA,NO DATA,NO DATA,Birch Hill Road,1500,Feet,45,6 - Single Vehicle Crash,South,NO DATA,NO DATA,NO DATA,NO DATA,NO DATA,Federal Aid Secondary System (Class 2 TH),FAS 0118,1.3,S01180216,LRS,Property Damage Only,"(43.12737595, -72.90154444)"
724,VT0130100,12BF02701,09/02/2012,FAS-117 Rockingham St,Rockingham,NO DATA,NO DATA,NO DATA,NO DATA,Cumberland Farms,NO DATA,NO DATA,25,4 - Opp Direction Sideswipe,NO DATA,NO DATA,NO DATA,NO DATA,NO DATA,NO DATA,Federal Aid Secondary System (Class 2 TH),FAS 0117 (WEST ST.),0.87,S01171314,LRS,Property Damage Only,"(43.13807500, -72.45216266)"
730,VT0130100,12BF03689,11/30/2012,FAS-117 Square,Rockingham,NO DATA,NO DATA,NO DATA,NO DATA,Canal Street,15,Feet,25,NO DATA,North,NO DATA,NO DATA,NO DATA,NO DATA,NO DATA,Federal Aid Secondary System (Class 2 TH),FAS 0117 (WEST ST.),0.4,S01171314,LRS,Property Damage Only,"(43.13418580, -72.44447080)"
731,VT0130100,12BF03089,10/05/2012,FAS-117 Square,Rockingham,444,NO DATA,NO DATA,NO DATA,J&H Hardware,NO DATA,NO DATA,25,NO DATA,NO DATA,NO DATA,NO DATA,NO DATA,NO DATA,NO DATA,Federal Aid Secondary System (Class 2 TH),FAS 0117 (WEST ST.),0.4,S01171314,LRS,Property Damage Only,"(43.13418580, -72.44447080)"
732,VT0130100,12BF02645,08/29/2012,FAS-117 Square,Rockingham,455,NO DATA,NO DATA,NO DATA,Windham Motel,NO DATA,NO DATA,25,NO DATA,NO DATA,NO DATA,NO DATA,NO DATA,NO DATA,NO DATA,Federal Aid Secondary System (Class 2 TH),FAS 0117 (WEST ST.),0.37,S01171314,LRS,Property Damage Only,"(43.13383986, -72.44409919)"
733,VT0130100,12BF01219,05/07/2012,FAS-0117 (38 Square),Rockingham,NO DATA,NO DATA,NO DATA,NO DATA,Bridge St,NO DATA,NO DATA,25,"9 - Left and Right Turns, Simultaneous Turn Crash --vv--",NO DATA,NO DATA,NO DATA,NO DATA,NO DATA,NO DATA,Federal Aid Secondary System (Class 2 TH),FAS 0117 (WEST ST.),0.37,S01171314,LRS,Property Damage Only,"(43.13383986, -72.44409919)"
734,VT0130100,12BF00023,01/04/2012,FAS-117 Square,Rockingham,450,NO DATA,NO DATA,NO DATA,Richards Group Ins,NO DATA,NO DATA,25,"8 - No Turns, Thru moves only, Broadside ^<",NO DATA,NO DATA,NO DATA,NO DATA,NO DATA,NO DATA,Federal Aid Secondary System (Class 2 TH),FAS 0117 (WEST ST.),0.37,S01171314,LRS,Property Damage Only,"(43.13383986, -72.44409919)"
735,VT0130100,12BF00298,02/09/2012,FAS-117 Westminster St,Rockingham,NO DATA,NO DATA,NO DATA,NO DATA,Earle Street,NO DATA,NO DATA,25,1 - Rear End,North,NO DATA,NO DATA,NO DATA,NO DATA,NO DATA,Federal Aid Secondary System (Class 2 TH),FAS 0117 (WEST ST.),0.03,S01171314,LRS,Property Damage Only,"(43.12886507, -72.44431354)"
736,VT0130100,12BF01727,06/18/2012,FAS-117 Westminster St,Rockingham,NO DATA,NO DATA,NO DATA,NO DATA,Red Light Hill,NO DATA,NO DATA,25,NO DATA,East,NO DATA,NO DATA,NO DATA,NO DATA,NO DATA,Federal Aid Secondary System (Class 2 TH),FAS 0117 (WEST ST.),0.01,S01171314,LRS,Property Damage Only,"(43.12858893, -72.44444410)"
743,VTVSP0900,12C303118,10/29/2012,FAS-112 (1851 White Creek Road),Shaftsbury,3,NO DATA,NO DATA,NO DATA,New York State Line,1,Miles,35,6 - Single Vehicle Crash,West,437168,51302,NO DATA,NO DATA,NO DATA,Federal Aid Secondary System (Class 2 TH),FAS 0112,1.92,S01120213,LRS,Injury,"(42.95938847, -73.27030942)"
744,VTVSP0900,12C303024,10/01/2012,FAS-112 (1851 White Creek Road),Shaftsbury,7,NO DATA,NO DATA,NO DATA,1851 White Creek Road,75,Feet,35,6 - Single Vehicle Crash,West,437154,51305,NO DATA,NO DATA,NO DATA,Federal Aid Secondary System (Class 2 TH),FAS 0112,1.92,S01120213,LRS,Property Damage Only,"(42.95938847, -73.27030942)"
745,VTVSP0900,12C302990,09/28/2012,FAS-112 (339 White Creek Road),Shaftsbury,3,NO DATA,NO DATA,NO DATA,Rollin Road,0,Miles,35,6 - Single Vehicle Crash,South,438199,49492,NO DATA,NO DATA,NO DATA,Federal Aid Secondary System (Class 2 TH),FAS 0112,0.58,S01120213,LRS,Injury,"(42.94411633, -73.25688564)"
746,VT0130300,12WM00930,08/02/2012,FAS-106 (134 East Dover Road),Wilmington,2,NO DATA,NO DATA,NO DATA,Jaspers Way,25,Feet,40,4 - Opp Direction Sideswipe,South,004-71-468,000-45-238,NO DATA,NO DATA,NO DATA,Federal Aid Secondary System (Class 2 TH),FAS 0106,0.65,S01061322,LRS,Injury,"(42.92127345, -72.83648905)"
747,VTVSP1000,12D200529,02/20/2012,FAS-106 Depot Rd,Newfane,2,NO DATA,NO DATA,NO DATA,Vt Rt 30,1,Miles,35,6 - Single Vehicle Crash,West,488154,49511,NO DATA,NO DATA,NO DATA,Federal Aid Secondary System (Class 2 TH),FAS 0106,7.02,S01061312,LRS,Property Damage Only,"(42.94443362, -72.64971191)"
748,VTVSP1000,12D201411,05/23/2012,FAS-106 Dover Road,Newfane,2,NO DATA,NO DATA,NO DATA,Sunset Lake Road & Depot Road,NO DATA,Feet,25,"18 - Right Turn and Thru, Broadside ^<--",South,485651,49779,NO DATA,NO DATA,NO DATA,Federal Aid Secondary System (Class 2 TH),FAS 0106,5.59,S01061312,LRS,Injury,"(42.94764683, -72.67522874)"
749,VTVSP1000,12D200410,02/07/2012,FAS-106 Dover Rd,Newfane,2,NO DATA,NO DATA,NO DATA,Baker Brook Rd TH# 19,50,Feet,25,4 - Opp Direction Sideswipe,West,485127,49422,NO DATA,NO DATA,NO DATA,Federal Aid Secondary System (Class 2 TH),FAS 0106,5.19,S01061312,LRS,Property Damage Only,"(42.94520900, -72.68168281)"
755,VT0130500,12DV01033,12/29/2012,FAS-106 Dover Hill Road,Dover,NO DATA,NO DATA,NO DATA,NO DATA,East Dover Road,10,Feet,35,7 - Other - Explain in Narrative,West,004-72-872E,000-47-355N,NO DATA,NO DATA,NO DATA,Federal Aid Secondary System (Class 2 TH),FAS 0106,0.12,S01061304,LRS,Property Damage Only,"(42.92584851, -72.83244452)"
756,VT0130500,12DV00985,12/20/2012,FAS-106 Dover Hill Road,Dover,NO DATA,NO DATA,NO DATA,NO DATA,East Dover Road,2,Feet,50,1 - Rear End,East,004-72-886E,000-47-356N,NO DATA,NO DATA,NO DATA,Federal Aid Secondary System (Class 2 TH),FAS 0106,0.12,S01061304,LRS,Property Damage Only,"(42.92584851, -72.83244452)"
757,VT0130500,12DV00125,01/20/2012,FAS 106┬á (Dover Hill Road),Dover,NO DATA,NO DATA,NO DATA,NO DATA,Dorr Fitch Road,NO DATA,NO DATA,50,"14 - Left Turn and Thru, Broadside v<--",NO DATA,004-72-850E,000-47-353N,NO DATA,NO DATA,NO DATA,Federal Aid Secondary System (Class 2 TH),FAS 0106,0.12,S01061304,LRS,Property Damage Only,"(42.92584851, -72.83244452)"
758,VTVSP0900,12C300813,03/24/2012,FAS-105 (323 Tunnel Street),Readsboro,2,NO DATA,NO DATA,NO DATA,Wheeler Drive,200,Feet,25,6 - Single Vehicle Crash,East,463444,29873,NO DATA,NO DATA,NO DATA,Federal Aid Secondary System (Class 2 TH),FAS 0105,1.28,S01050209,LRS,Property Damage Only,"(42.76794108, -72.94616531)"
759,VT0130500,12DV00102,01/18/2012,FAS-104 Dorr Fitch Road,Dover,NO DATA,NO DATA,NO DATA,NO DATA,East Dover Road,0,Miles,35,6 - Single Vehicle Crash,West,004-72-513E,000-47-290N,NO DATA,NO DATA,NO DATA,Federal Aid Secondary System (Class 2 TH),FAS 0104,1.37,S01041304,LRS,Property Damage Only,"(42.92584139, -72.83263486)"
760,VT0130500,12DV01014,12/26/2012,FAS-104 Dorr Fitch Rd,Dover,NO DATA,NO DATA,NO DATA,NO DATA,55 Dorr Fitch Rd,NO DATA,NO DATA,35,6 - Single Vehicle Crash,NO DATA,471711,48177,NO DATA,NO DATA,NO DATA,Federal Aid Secondary System (Class 2 TH),FAS 0104,0.58,S01041304,LRS,Property Damage Only,"(42.92943816, -72.84504213)"
761,VT0130500,12DV00534,07/02/2012,FAS-104 Dorr Fitch Road,Dover,NO DATA,NO DATA,NO DATA,NO DATA,VT RT 100,0,Miles,35,6 - Single Vehicle Crash,East,004-72-326E,000-47-581N,NO DATA,NO DATA,NO DATA,Federal Aid Secondary System (Class 2 TH),FAS 0104,0.3,S01041304,LRS,Property Damage Only,"(42.93302194, -72.84694079)"
768,VT0020100,12BN01096,02/21/2012,FAS 103 (1265 South Stream Road),Bennington,NO DATA,NO DATA,NO DATA,NO DATA,Fish Hatchery Road,200,Feet,35,6 - Single Vehicle Crash,North,444953,39383,NO DATA,NO DATA,NO DATA,Federal Aid Secondary System (Class 2 TH),FAS 0103,1.22,S01030202,LRS,Injury,"(42.85412348, -73.17402620)"
769,VT0040100,2012BU025168,09/29/2012,I-I89 Off Ramp C,Burlington,NO DATA,NO DATA,NO DATA,NO DATA,Shelburne Rd,NO DATA,NO DATA,30,1 - Rear End,North,NO DATA,NO DATA,NO DATA,NO DATA,NO DATA,Ramp or Spur,I-189,0.26,I189-0000WR001C,LRS,Property Damage Only,"(44.44878320, -73.20918562)"
770,VT0040100,2012BU027464,10/24/2012,Interstate 189 Off Ramp CShelburne Road,Burlington,NO DATA,NO DATA,NO DATA,NO DATA,Interstate 189 Off Ramp C,NO DATA,NO DATA,35,1 - Rear End,North,NO DATA,NO DATA,NO DATA,NO DATA,NO DATA,Ramp or Spur,I-189,0.26,I189-0000WR001C,LRS,Property Damage Only,"(44.44878320, -73.20918562)"
771,VT0040100,2012BU011221,05/12/2012,I-189 Exit 1 Ramp C/Shelburne St,South Burlington,NO DATA,NO DATA,NO DATA,NO DATA,Shelburne St,NO DATA,NO DATA,55,"8 - No Turns, Thru moves only, Broadside ^<",NO DATA,NO DATA,NO DATA,NO DATA,NO DATA,NO DATA,Ramp or Spur,I-189,0.21,I189-0000WR001C,LRS,Injury,"(44.44830935, -73.20850622)"
772,VTVSP0100,12A104765,12/04/2012,I-189 Ramp C,South Burlington,NO DATA,NO DATA,NO DATA,189,Route 7,0,Miles,35,5 - Rear-to-rear,West,443681,216700,NO DATA,NO DATA,NO DATA,Ramp or Spur,I-189,0.16,I189-0000WR001C,LRS,Injury,"(44.44826999, -73.20763337)"
773,VTVSP0100,12A102610,07/13/2012,I-189 Exit 1 Ramp C,South Burlington,NO DATA,NO DATA,NO DATA,189,Shelburne Rd,500,Feet,55,1 - Rear End,East,443662,216692,NO DATA,NO DATA,NO DATA,State System (State Highways and Class I TH links),I-189,0.06,I189-0000WR001C,LRS,Property Damage Only,"(44.44820887, -73.20588677)"
774,VT0040300,12SB02843,04/15/2012,I-189 Exit 1 Ramp C,South Burlington,NO DATA,NO DATA,NO DATA,NO DATA,Shelburne Road,1,Feet,55,1 - Rear End,East,NO DATA,NO DATA,NO DATA,NO DATA,NO DATA,Ramp or Spur,I-189,0.017,I189-0000WR001C,LRS,Property Damage Only,"(44.44825776, -73.20513855)"
781,VTVSP0100,12A104447,11/13/2012,I 189 E,South Burlington,NO DATA,NO DATA,NO DATA,189,Spear St Overpass,400,Feet,55,6 - Single Vehicle Crash,West,444917,216848,NO DATA,NO DATA,NO DATA,State System (State Highways and Class I TH links),I-189,1.03,I189-0000,LRS,Property Damage Only,"(44.44990249, -73.18998517)"
782,VT0040300,12SB013245,10/04/2012,I-189E,South Burlington,NO DATA,NO DATA,NO DATA,NO DATA,0.90 Mile Marker,1,Feet,55,6 - Single Vehicle Crash,East,445329,216872,NO DATA,NO DATA,NO DATA,State System (State Highways and Class I TH links),I-189,0.9,I189-0000,LRS,Property Damage Only,"(44.44969343, -73.19260655)"