ID,Reporting Agency,Report Number,Date,Street Address,Town,Number,Number1,Number2,Number3,Intersection,Distance From Intersection,Distance Unit,Posted Speed,Direction of Collision,Direction from Intersection,Easting,Northing,Mile Marker,Mile Marker 1,Mile Marker 2,AOT Roadway,AOT Route,AOT Actual Mile,LRS Number,How Mapped,Crash Type,Location 1
783,VTVSP0100,12A102067,06/07/2012,I 189,South Burlington,NO DATA,NO DATA,NO DATA,189,Rte 7/I 189 W,100,Feet,55,6 - Single Vehicle Crash,NO DATA,444302,216847,NO DATA,NO DATA,NO DATA,State System (State Highways and Class I TH links),I-189,0.24,I189-0000,LRS,Property Damage Only,"(44.44786290, -73.20570073)"
784,VTVSP0200,12B100571,02/26/2012,I 93 S Exit 1 Ramp C,Waterford,NO DATA,NO DATA,NO DATA,93,Exit 1 At VT Rt 18,NO DATA,NO DATA,50,6 - Single Vehicle Crash,NO DATA,543505,214038,NO DATA,NO DATA,NO DATA,Ramp or Spur,I-93,0.21,I093-0000SR001C,LRS,Property Damage Only,"(44.42528493, -71.95360931)"
785,VTVSP0200,12B103844,11/22/2012,I93 SB,Waterford,NO DATA,NO DATA,NO DATA,93,I91,500,Feet,65,6 - Single Vehicle Crash,East,538897,211021,930,316,100,State System (State Highways and Class I TH links),I-93,10,I093-0000S,LRS,Property Damage Only,"(44.40564944, -71.99604621)"
786,VTVSP0200,12B101691,06/01/2012,I 93 SB,Waterford,NO DATA,NO DATA,NO DATA,93,MM 6/15,NO DATA,NO DATA,65,6 - Single Vehicle Crash,NO DATA,545500,213127,930,316,1615,State System (State Highways and Class I TH links),I-93,6.15,I093-0000S,LRS,Property Damage Only,"(44.41982295, -71.93381958)"
787,VTVSP0200,12B104106,12/14/2012,I93SB,Waterford,NO DATA,NO DATA,NO DATA,93,Exit 1,2,Miles,65,6 - Single Vehicle Crash,South,546043,212490,930,316,52,State System (State Highways and Class I TH links),I-93,5.28,I093-0000S,LRS,Property Damage Only,"(44.41117419, -71.92205531)"
795,VTVSP0800,12B200272,02/02/2012,I 91 Southbound,Derby,NO DATA,NO DATA,NO DATA,91,Exit 28 On Ramp SB,0,Miles,25,6 - Single Vehicle Crash,South,527546,272583,NO DATA,NO DATA,NO DATA,Ramp or Spur,I-91,0.2,I091-0000SR028C,LRS,Property Damage Only,"(44.95292826, -72.15092114)"
796,VTVSP0800,12B202240,07/18/2012,I-91 Ext 28 N,Derby,NO DATA,NO DATA,NO DATA,1,RT 5,NO DATA,NO DATA,25,1 - Rear End,North,527574,272536,NO DATA,NO DATA,NO DATA,Ramp or Spur,I-91,0.22,I091-0000SR027D,LRS,Property Damage Only,"(44.92041872, -72.17465578)"
797,VTVSP1100,12D300648,02/12/2012,FAS-177 (300 VT RT 132),Sharon,NO DATA,NO DATA,NO DATA,NO DATA,VT RT 14,1000,Feet,35,6 - Single Vehicle Crash,East,503939,143013,NO DATA,NO DATA,NO DATA,Federal Aid Secondary System (Class 2 TH),FAS 0177,3.36,S01771417,LRS,Property Damage Only,"(43.78761422, -72.45074557)"
798,VTVSP1100,12D304257,09/22/2012,2864 Camp Brook Road,Bethel,2,NO DATA,NO DATA,NO DATA,NO DATA,50,Feet,40,6 - Single Vehicle Crash,South,484569,149911,NO DATA,NO DATA,NO DATA,Federal Aid Secondary System (Class 2 TH),FAS 0176,3.2,S01761404,LRS,Property Damage Only,"(43.84961727, -72.69260235)"
799,VTVSP1100,12D305509,12/20/2012,FAS-176 Camp Brook Road,Bethel,NO DATA,NO DATA,NO DATA,NO DATA,NO DATA,NO DATA,NO DATA,40,6 - Single Vehicle Crash,NO DATA,483871,150054,NO DATA,NO DATA,NO DATA,Federal Aid Secondary System (Class 2 TH),FAS 0176,2.79,S01761404,LRS,Injury,"(43.85030806, -72.70054755)"
800,VT0110100,12BD00879,04/21/2012,FAS 175 (North Street),Brandon,NO DATA,53,NO DATA,NO DATA,Newton Road,100,Feet,25,2 - Head On,South,NO DATA,NO DATA,NO DATA,NO DATA,NO DATA,Federal Aid Secondary System (Class 2 TH),FAS 0175 (VT 53 TH),0.19,S01751102,LRS,Property Damage Only,"(43.82960081, -73.05471791)"
801,VTVSP0600,12C200479,02/26/2012,FAS 175 (Lake Dunmore Road),Salisbury,3,NO DATA,NO DATA,NO DATA,Pine Lane - Private,0,Miles,35,7 - Other - Explain in Narrative,East,453257,158415,NO DATA,NO DATA,NO DATA,Federal Aid Secondary System (Class 2 TH),FAS 0175 (VT 53 TH),2.71,S01750117,LRS,Injury,"(43.92070070, -73.08477699)"
808,VT0140300,12HF04232,12/10/2012,FAS-168 Dewey Mills Road,Hartford,NO DATA,NO DATA,NO DATA,NO DATA,US Route 4 (Woodstock Road),300,Feet,25,6 - Single Vehicle Crash,North,507496,126412,NO DATA,NO DATA,NO DATA,Federal Aid Secondary System (Class 2 TH),FAS 0168,2.04,S01681408,LRS,Injury,"(43.63781673, -72.40708428)"
809,VT0140300,12HF00101,01/08/2012,FAS-168 Deweys Mill Road,Hartford,NO DATA,NO DATA,NO DATA,NO DATA,Quechee Main Street,0,Miles,35,NO DATA,East,502685,126847,NO DATA,NO DATA,NO DATA,Federal Aid Secondary System (Class 2 TH),FAS 0168,1.48,S01681408,LRS,Property Damage Only,"(43.64215677, -72.40047906)"
810,VT0140300,12HF04244,12/11/2012,FAS-168 Deweys Mills Road,Hartford,NO DATA,NO DATA,NO DATA,NO DATA,Quechee Main Street,300,Feet,25,3 - Same Direction Sideswipe,West,508039,126904,NO DATA,NO DATA,NO DATA,Federal Aid Secondary System (Class 2 TH),FAS 0168,1.21,S01681408,LRS,Property Damage Only,"(43.64588192, -72.40022228)"
811,VT0140300,12HF01529,05/10/2012,FAS-168 (1119 Quechee Main Street),Hartford,NO DATA,NO DATA,NO DATA,NO DATA,NO DATA,NO DATA,NO DATA,35,6 - Single Vehicle Crash,NO DATA,507867,127398,NO DATA,NO DATA,NO DATA,Federal Aid Secondary System (Class 2 TH),FAS 0168,0.81,S01681408,LRS,Property Damage Only,"(43.64822435, -72.40708633)"
812,VT0140300,12HF02593,07/28/2012,FAS-168 Quechee Main Street,Hartford,NO DATA,NO DATA,NO DATA,NO DATA,Mill Run 1 Condominiums,200,Feet,35,6 - Single Vehicle Crash,West,507121,127514,NO DATA,NO DATA,NO DATA,Federal Aid Secondary System (Class 2 TH),FAS 0168,0.58,S01681408,LRS,Injury,"(43.64783625, -72.41156796)"
813,VT0140300,12HF01683,05/22/2012,FAS-168 Deweys Mills Road,Hartford,NO DATA,NO DATA,NO DATA,NO DATA,Quechee Main Street,0,Miles,25,6 - Single Vehicle Crash,South,507959,126846,NO DATA,NO DATA,NO DATA,Federal Aid Secondary System (Class 2 TH),FAS 0168,0.19,S01681408,LRS,Property Damage Only,"(43.64590115, -72.41853275)"
814,VT0140500,12WK01431,08/10/2012,FAS-166 Pomfret RD,Woodstock,1,NO DATA,NO DATA,NO DATA,Barnard RD/Route 12,NO DATA,NO DATA,35,1 - Rear End,NO DATA,NO DATA,NO DATA,120,1424,115,Federal Aid Secondary System (Class 2 TH),FAS 0166,0,S01661424,LRS,Property Damage Only,"(43.63827196, -72.52518736)"
821,VTVSP0300,12C105492,10/11/2012,FAS-159,Killington,2,NO DATA,NO DATA,NO DATA,Merrill Dr,NO DATA,NO DATA,35,6 - Single Vehicle Crash,NO DATA,476159,128852,NO DATA,NO DATA,NO DATA,Federal Aid Secondary System (Class 2 TH),FAS 0159,2.25,S01591121,LRS,Property Damage Only,"(43.65965095, -72.79549391)"
822,VTVSP0300,12C100930,02/21/2012,FAS-159(2384),Killington,2,NO DATA,NO DATA,NO DATA,TH 37,600,Feet,35,"14 - Left Turn and Thru, Broadside v<--",North,476781,126539,NO DATA,NO DATA,NO DATA,Federal Aid Secondary System (Class 2 TH),FAS 0159,0.62,S01591121,LRS,Property Damage Only,"(43.63915223, -72.78741312)"
823,VTVSP0300,12C100535,01/29/2012,FAS-159,Killington,2,NO DATA,NO DATA,NO DATA,Glazebrook,NO DATA,NO DATA,35,"17 - Right Turn, Same Direction, Rear End ^--^--",NO DATA,476143,126309,NO DATA,NO DATA,NO DATA,Federal Aid Secondary System (Class 2 TH),FAS 0159,0.09,S01591121,LRS,Property Damage Only,"(43.63650719, -72.79576401)"
824,VTVSP1100,12D304710,10/21/2012,FAS-152 Brownsville Rd,Hartland,NO DATA,NO DATA,NO DATA,NO DATA,Town Farm Hill Rd,NO DATA,NO DATA,35,6 - Single Vehicle Crash,East,505978,116070,NO DATA,NO DATA,NO DATA,Federal Aid Secondary System (Class 2 TH),FAS 0152,1.83,S01521409,LRS,Property Damage Only,"(43.54518341, -72.42601749)"
825,VT0140400,12WN00412,04/09/2012,FAS-148 (3 Bridge Street),Windsor,NO DATA,NO DATA,NO DATA,NO DATA,Main Street,NO DATA,NO DATA,25,NO DATA,West,NO DATA,NO DATA,NO DATA,NO DATA,NO DATA,Federal Aid Secondary System (Class 2 TH),FAS 0148,0.04,S01481423,LRS,Property Damage Only,"(43.47525404, -72.38776052)"
826,VTVSP0300,12C103685,07/17/2012,FAS-143,Mt. Holly,1,NO DATA,NO DATA,NO DATA,Th 59,200,Feet,35,2 - Head On,North,474125,102756,NO DATA,NO DATA,NO DATA,Federal Aid Secondary System (Class 2 TH),FAS 0143,1.63,S01431112,LRS,Injury,"(43.42253279, -72.81999399)"
827,VTVSP0300,12C105069,09/21/2012,FAS 0143,Mt. Holly,1,NO DATA,NO DATA,NO DATA,489 Tarvellville Road,5,Feet,35,6 - Single Vehicle Crash,West,473271,101422,NO DATA,NO DATA,NO DATA,Federal Aid Secondary System (Class 2 TH),FAS 0143,0.61,S01431112,LRS,Property Damage Only,"(43.41280725, -72.83002534)"
834,VTVSP0300,12C101752,04/03/2012,FAS-138,Poultney,NO DATA,140,NO DATA,NO DATA,TH 9,NO DATA,NO DATA,40,4 - Opp Direction Sideswipe,NO DATA,443989,114468,1400,1117,221,Federal Aid Secondary System (Class 2 TH),FAS 0138 (VT 140 TH),2.18,S01381117,LRS,Property Damage Only,"(43.52837686, -73.19313007)"
835,VTVSP0300,12C100410,01/23/2012,FAS-138 (1982),Poultney,NO DATA,140,NO DATA,NO DATA,TH 50,0,Miles,35,6 - Single Vehicle Crash,West,443446,114277,1400,1117,221,Federal Aid Secondary System (Class 2 TH),FAS 0138 (VT 140 TH),1.95,S01381117,LRS,Injury,"(43.52773147, -73.19736842)"
836,VTVSP0300,12C106561,12/01/2012,FAS-138,Poultney,NO DATA,140,NO DATA,NO DATA,Hillside Lane,30,Feet,35,"8 - No Turns, Thru moves only, Broadside ^<",East,442994,114296,NO DATA,NO DATA,NO DATA,Federal Aid Secondary System (Class 2 TH),FAS 0138 (VT 140 TH),1.54,S01381117,LRS,Property Damage Only,"(43.52652294, -73.20491957)"
837,VTVSP0300,12C102052,04/20/2012,FAS-138 E Main┬á St,Poultney,NO DATA,140,NO DATA,NO DATA,Grove St,NO DATA,NO DATA,30,1 - Rear End,NO DATA,440759,113233,NO DATA,NO DATA,NO DATA,Federal Aid Secondary System (Class 2 TH),FAS 0138 (VT 140 TH),0,S01381117,LRS,Property Damage Only,"(43.51696418, -73.23278204)"
838,VTVSP0300,12C105215,09/28/2012,FAS 0138 Beaman St,Poultney,NO DATA,140,NO DATA,NO DATA,VT 30,10,Feet,25,NO DATA,East,440764,113234,NO DATA,NO DATA,NO DATA,Federal Aid Secondary System (Class 2 TH),FAS 0138 (VT 140 TH),0,S01381117,LRS,Property Damage Only,"(43.51696418, -73.23278204)"
839,VTVSP0300,12C105378,10/05/2012,FAS-138,Middletown Springs,NO DATA,140,NO DATA,NO DATA,Vt Rte 133,0,Miles,40,NO DATA,West,448096,109488,NO DATA,NO DATA,NO DATA,Federal Aid Secondary System (Class 2 TH),FAS 0138 (VT 140 TH),3,S01381111,LRS,Injury,"(43.48535414, -73.12246121)"
840,VTVSP0300,12C104056,08/04/2012,FAS-138,Middletown Springs,NO DATA,140,NO DATA,NO DATA,Orchard Rd,100,Feet,40,2 - Head On,West,450611,108856,NO DATA,NO DATA,NO DATA,Federal Aid Secondary System (Class 2 TH),FAS 0138 (VT 140 TH),1.18,S01381111,LRS,Injury,"(43.48997702, -73.15374857)"
846,VTVSP0400,12D100015,01/02/2012,FAS 135 (Weathersfield Center Rd),Weathersfield,1,NO DATA,NO DATA,NO DATA,Jarvis Rd,0,Miles,40,6 - Single Vehicle Crash,North,503733,100965,135,1420,380,Federal Aid Secondary System (Class 2 TH),FAS 0135,5.14,S01351420,LRS,Property Damage Only,"(43.41019802, -72.45066385)"
847,VTVSP0400,12D101746,06/08/2012,FAS-135 Weathersfield Center Rd,Weathersfield,1,NO DATA,NO DATA,NO DATA,Gravelin Road,0,Miles,40,6 - Single Vehicle Crash,South,503054,99867,NO DATA,NO DATA,NO DATA,Federal Aid Secondary System (Class 2 TH),FAS 0135,4.1,S01351420,LRS,Injury,"(43.39891682, -72.46209111)"
848,VTVSP0400,12D101983,06/28/2012,FAS-135 (4028 Weathersfield Center Road),Weathersfield,1,NO DATA,NO DATA,NO DATA,NO DATA,NO DATA,NO DATA,40,6 - Single Vehicle Crash,East,503082,99728,NO DATA,NO DATA,NO DATA,Federal Aid Secondary System (Class 2 TH),FAS 0135,4.06,S01351420,LRS,Injury,"(43.39833630, -72.46199676)"
849,VT0140200,12SF00309,01/27/2012,FAS-135 BROOK ROAD,Springfield,NO DATA,NO DATA,NO DATA,NO DATA,TOWN FARM ROAD,0,Miles,35,6 - Single Vehicle Crash,North,502278,91992,NO DATA,NO DATA,NO DATA,Federal Aid Secondary System (Class 2 TH),FAS 0135,2.75,S01351418,LRS,Property Damage Only,"(43.33557175, -72.47004213)"
850,VT0140200,12SF02465,07/01/2012,FAS-135 Brook Road,Springfield,NO DATA,NO DATA,NO DATA,NO DATA,Town Farm Road,NO DATA,NO DATA,35,4 - Opp Direction Sideswipe,NO DATA,502333,92419,NO DATA,NO DATA,NO DATA,Federal Aid Secondary System (Class 2 TH),FAS 0135,2.47,S01351418,LRS,Property Damage Only,"(43.33193458, -72.47115996)"
851,VT0140200,12SF03825,09/11/2012,FAS-135 (340 VALLEY ST),Springfield,NO DATA,NO DATA,NO DATA,NO DATA,NO DATA,NO DATA,NO DATA,25,6 - Single Vehicle Crash,NO DATA,501762,90140,NO DATA,NO DATA,NO DATA,Federal Aid Secondary System (Class 2 TH),FAS 0135,0.97,S01351418,LRS,Property Damage Only,"(43.31218801, -72.47710063)"
852,VT0140200,12SF02466,07/01/2012,FAS-135 (78 Valley Street),Springfield,NO DATA,NO DATA,NO DATA,NO DATA,NO DATA,NO DATA,NO DATA,99,7 - Other - Explain in Narrative,NO DATA,501694,89101,NO DATA,NO DATA,NO DATA,Federal Aid Secondary System (Class 2 TH),FAS 0135,0.25,S01351418,LRS,Property Damage Only,"(43.30205356, -72.47913560)"
859,VTVSP0400,12D104213,12/29/2012,FAS-129 Westminster West Rd,Westminster,2,NO DATA,NO DATA,NO DATA,Kimball Hill Rd South,200,Feet,40,6 - Single Vehicle Crash,North,497138,66299,NO DATA,NO DATA,NO DATA,Federal Aid Secondary System (Class 2 TH),FAS 0129,5.65,S01291320,LRS,Property Damage Only,"(43.09661962, -72.53496313)"
860,VTVSP0400,12D102221,07/19/2012,FAS-129 Westminster West Rd,Westminster,2,NO DATA,NO DATA,NO DATA,Kimball Hill Rd,NO DATA,NO DATA,99,6 - Single Vehicle Crash,NO DATA,497175,66234,NO DATA,NO DATA,NO DATA,Federal Aid Secondary System (Class 2 TH),FAS 0129,5.61,S01291320,LRS,Injury,"(43.09606187, -72.53481365)"
861,VTVSP0300,12C102111,04/24/2012,FAS-128 River Rd.,Pawlet,13,NO DATA,NO DATA,NO DATA,Betts Bridge Rd,50,Feet,40,6 - Single Vehicle Crash,East,441984,97010,NO DATA,NO DATA,NO DATA,Federal Aid Secondary System (Class 2 TH),FAS 0128,0.74,S01281114,LRS,Property Damage Only,"(43.37105154, -73.21599384)"
862,VTVSP0400,12D103780,11/23/2012,FAS-126,Westminster,NO DATA,121,NO DATA,NO DATA,Davidson Hill Road,400,Feet,45,6 - Single Vehicle Crash,East,501975,69441,NO DATA,NO DATA,NO DATA,Federal Aid Secondary System (Class 2 TH),FAS 0126 (VT 121 TH),0.08,S01261320,LRS,Property Damage Only,"(43.12517287, -72.47572858)"
863,VT0130100,12BF01332,05/17/2012,FAS-126 (3 Old Terrace),Rockingham,NO DATA,NO DATA,NO DATA,NO DATA,Westminster Street,NO DATA,NO DATA,25,3 - Same Direction Sideswipe,NO DATA,NO DATA,NO DATA,NO DATA,NO DATA,NO DATA,Federal Aid Secondary System (Class 2 TH),FAS 0126 (VT 121 TH),5.58,S01261314,LRS,Property Damage Only,"(43.12834140, -72.44457632)"
864,VTVSP0400,12D100767,03/08/2012,FAS 126 (25 Main Street),Rockingham,NO DATA,NO DATA,NO DATA,NO DATA,Academy Ave,20,Feet,25,7 - Other - Explain in Narrative,East,499437,70953,NO DATA,NO DATA,NO DATA,Federal Aid Secondary System (Class 2 TH),FAS 0126 (VT 121 TH),3.11,S01261314,LRS,Property Damage Only,"(43.13867897, -72.50736928)"
865,VTVSP0400,12D102016,07/01/2012,FAS-126 Saxtons River Road,Rockingham,NO DATA,121,NO DATA,NO DATA,Brook Road,500,Feet,40,6 - Single Vehicle Crash,West,496445,71678,NO DATA,NO DATA,NO DATA,Federal Aid Secondary System (Class 2 TH),FAS 0126 (VT 121 TH),0.88,S01261314,LRS,Injury,"(43.14511412, -72.54330533)"
872,VT0041200,12HB00064,01/13/2012,FAS-208 Charlotte Rd,Hinesburg,NO DATA,NO DATA,NO DATA,NO DATA,Baldwin Rd,45,Feet,45,6 - Single Vehicle Crash,NO DATA,453989,188169,NO DATA,NO DATA,NO DATA,Federal Aid Secondary System (Class 2 TH),FAS 0208,1.21,S02080407,LRS,Property Damage Only,"(44.32335868, -73.13215106)"
873,VT0120500,12BT01032,04/28/2012,FAS-206 (449 Websterville Rd),Barre Town,NO DATA,NO DATA,NO DATA,NO DATA,High St,217,Feet,25,6 - Single Vehicle Crash,West,005-03-661,001-84-462,NO DATA,NO DATA,NO DATA,Federal Aid Secondary System (Class 2 TH),FAS 0206,2.2,S02061202,LRS,Injury,"(44.16025612, -72.45434800)"
874,VT0120500,12BT01511,06/09/2012,FAS-206 (435 Websterville Rd),Barre Town,NO DATA,NO DATA,NO DATA,NO DATA,Church St,150,Feet,25,6 - Single Vehicle Crash,North,005-03-511E,001-84-324N,NO DATA,NO DATA,NO DATA,Federal Aid Secondary System (Class 2 TH),FAS 0206,2.11,S02061202,LRS,Property Damage Only,"(44.15947301, -72.45560561)"
875,VT0120500,12BT00875,04/10/2012,FAS-206 Websterville Rd,Barre Town,NO DATA,NO DATA,NO DATA,NO DATA,Gregoire St,50,Feet,35,6 - Single Vehicle Crash,West,005-02-504E,001-84-647N,NO DATA,NO DATA,NO DATA,Federal Aid Secondary System (Class 2 TH),FAS 0206,1.4,S02061202,LRS,Injury,"(44.16194286, -72.46794208)"
876,VT0120500,12BT01262,05/22/2012,FAS-206 (223 Church Hill Rd),Barre Town,NO DATA,NO DATA,NO DATA,NO DATA,Graniteville Rd,500,Feet,25,1 - Rear End,West,NO DATA,NO DATA,NO DATA,NO DATA,NO DATA,Federal Aid Secondary System (Class 2 TH),FAS 0206,0.17,S02061202,LRS,Property Damage Only,"(44.14935805, -72.47973549)"
877,VT0120500,12BT02753,10/08/2012,FAS-205 Graniteville Rd,Barre Town,NO DATA,NO DATA,NO DATA,NO DATA,Holden Rd,0,Miles,25,1 - Rear End,South,005-00-604E,001-83-680N,NO DATA,NO DATA,NO DATA,Federal Aid Secondary System (Class 2 TH),FAS 0205,1.49,S02051202,LRS,Property Damage Only,"(44.15333309, -72.49249206)"
878,VT0120500,12BT00027,01/04/2012,FAS-205 Graniteville Rd,Barre Town,NO DATA,NO DATA,NO DATA,NO DATA,Orchard Terrace,100,Feet,25,7 - Other - Explain in Narrative,South,NO DATA,NO DATA,NO DATA,NO DATA,NO DATA,Federal Aid Secondary System (Class 2 TH),FAS 0205,1.39,S02051202,LRS,Injury,"(44.15200352, -72.49222511)"
884,VT0120600,12BL01780,07/18/2012,FAS-201 (233 Paine Turnpike N.),Berlin,NO DATA,NO DATA,NO DATA,NO DATA,Applebees,NO DATA,NO DATA,30,1 - Rear End,NO DATA,494007,190266,NO DATA,NO DATA,NO DATA,Federal Aid Secondary System (Class 2 TH),FAS 0201,1.89,S02011203,LRS,Property Damage Only,"(44.21326091, -72.57467266)"
885,VT0120600,12BL01099,05/09/2012,FAS-201 (365 Paine Turnpike North),Berlin,NO DATA,NO DATA,NO DATA,NO DATA,Vermont Route 62,0,Miles,99,7 - Other - Explain in Narrative,North,494062,190525,NO DATA,NO DATA,NO DATA,Federal Aid Secondary System (Class 2 TH),FAS 0201,1.77,S02011203,LRS,Property Damage Only,"(44.21483860, -72.57382831)"
886,VT0120600,12BL01024,04/30/2012,FAS-201 Paine Turnpike North,Berlin,NO DATA,NO DATA,NO DATA,NO DATA,Stewart Road,1,Feet,40,"8 - No Turns, Thru moves only, Broadside ^<",West,004-94-640E,001-91-376N,NO DATA,NO DATA,NO DATA,Federal Aid Secondary System (Class 2 TH),FAS 0201,1.11,S02011203,LRS,Injury,"(44.22270825, -72.56717914)"
887,VT0120600,12BL00397,02/16/2012,FAS 201 (Paine Tpk. North),Berlin,NO DATA,NO DATA,NO DATA,NO DATA,Valley View Road,20,Feet,35,NO DATA,NO DATA,494801,192951,NO DATA,NO DATA,NO DATA,Federal Aid Secondary System (Class 2 TH),FAS 0201,0.03,S02011203,LRS,Property Damage Only,"(44.23725859, -72.56487374)"
888,VT0041200,12HB00206,02/24/2012,FAS-199 Silver St,Hinesburg,NO DATA,NO DATA,NO DATA,NO DATA,Coyote Ridge Rd,40,Feet,40,6 - Single Vehicle Crash,East,451328,201886,NO DATA,NO DATA,NO DATA,Federal Aid Secondary System (Class 2 TH),FAS 0199,2.55,S01990407,LRS,Property Damage Only,"(44.31476509, -73.11044356)"
889,VT0041200,12HB01360,12/17/2012,FAS-199 (2000 Silver St),Hinesburg,NO DATA,NO DATA,NO DATA,NO DATA,NO DATA,30,Feet,40,6 - Single Vehicle Crash,South,451417,199826,NO DATA,NO DATA,NO DATA,Federal Aid Secondary System (Class 2 TH),FAS 0199,1.3,S01990407,LRS,Property Damage Only,"(44.29695642, -73.10871573)"
890,VT0041200,12HB00069,01/14/2012,FAS-199 (2605 Silver St),Hinesburg,NO DATA,NO DATA,NO DATA,NO DATA,Lewis Creek,575,Feet,40,6 - Single Vehicle Crash,North,451551,198957,NO DATA,NO DATA,NO DATA,Federal Aid Secondary System (Class 2 TH),FAS 0199,0.79,S01990407,LRS,Injury,"(44.28962717, -73.10718082)"
897,VTVSP0600,12C201381,05/20/2012,FAS-199 (1096 Monkton Road),Bristol,4,NO DATA,NO DATA,NO DATA,Hardscrabble Road TH#1,NO DATA,NO DATA,40,1 - Rear End,North,452079,184407,NO DATA,NO DATA,NO DATA,Federal Aid Secondary System (Class 2 TH),FAS 0199,2.09,S01990103,LRS,Injury,"(44.15828766, -73.09904925)"
898,VTVSP0600,12C202071,07/12/2012,FAS-199 (1096 Monkton Rd),Bristol,4,NO DATA,NO DATA,NO DATA,Hardscrabble Rd,10,NO DATA,40,1 - Rear End,North,452073,184418,NO DATA,NO DATA,NO DATA,Federal Aid Secondary System (Class 2 TH),FAS 0199,2.09,S01990103,LRS,Property Damage Only,"(44.15828766, -73.09904925)"
899,VTVSP0600,12C201985,07/05/2012,FAS-199 (883 Monkton Road),Bristol,4,NO DATA,NO DATA,NO DATA,Burpee Road TH#6,100,Feet,40,6 - Single Vehicle Crash,South,452194,184161,NO DATA,NO DATA,NO DATA,Federal Aid Secondary System (Class 2 TH),FAS 0199,2.01,S01990103,LRS,Injury,"(44.15679941, -73.09867384)"
900,VT0010100,12BR01126,11/24/2012,FAS-199 North St.,Bristol,NO DATA,NO DATA,NO DATA,NO DATA,Park Pl.,NO DATA,NO DATA,30,6 - Single Vehicle Crash,NO DATA,453685,181691,NO DATA,NO DATA,NO DATA,Federal Aid Secondary System (Class 2 TH),FAS 0199,0.05,S01990103,LRS,Fatal,"(44.13394428, -73.07868853)"
901,VTVSP0600,12C203671,11/26/2012,FAS-198 (492 Bristol Road),Monkton,3,NO DATA,NO DATA,NO DATA,Monkton Road,1,Miles,45,4 - Opp Direction Sideswipe,South,450372,194194,NO DATA,NO DATA,NO DATA,Federal Aid Secondary System (Class 2 TH),FAS 0198,4.08,S01980112,LRS,Property Damage Only,"(44.24745347, -73.13047530)"
902,VTVSP0600,12C202683,09/01/2012,FAS-198 (981 Monkton Road),Monkton,4,NO DATA,NO DATA,NO DATA,Pond Road,1,Miles,35,6 - Single Vehicle Crash,East,448994,193914,NO DATA,NO DATA,NO DATA,Federal Aid Secondary System (Class 2 TH),FAS 0198,3.59,S01980112,LRS,Property Damage Only,"(44.24373624, -73.13863325)"
903,VTVSP0600,12C200017,01/02/2012,FAS-197 (2201 Monkton Road),Monkton,1,NO DATA,NO DATA,NO DATA,Hollow Road #2,1,Miles,40,2 - Head On,West,447954,192508,NO DATA,NO DATA,NO DATA,Federal Aid Secondary System (Class 2 TH),FAS 0197,3.64,S01970112,LRS,Injury,"(44.22929679, -73.15166648)"
910,VTVSP1300,12B300524,03/17/2012,FAS 193 (Village Road),Corinth,1,NO DATA,NO DATA,NO DATA,Chicken Farm Road,0,Miles,25,1 - Rear End,East,522272,174033,NO DATA,NO DATA,NO DATA,Federal Aid Secondary System (Class 2 TH),FAS 0193,0.77,S01930905,LRS,Property Damage Only,"(44.06531141, -72.22201300)"
911,VTVSP1300,12B300135,01/19/2012,FAS 192┬á (788 Goose Green Road),Corinth,2,NO DATA,NO DATA,NO DATA,South Road,200,Feet,50,6 - Single Vehicle Crash,West,538543,192129,NO DATA,NO DATA,NO DATA,Federal Aid Secondary System (Class 2 TH),FAS 0192,7.72,S01920905,LRS,Property Damage Only,"(44.01722281, -72.22928776)"
912,VTVSP1300,12B300639,04/02/2012,FAS-192 (1343 Chelsea Road),Corinth,3,NO DATA,NO DATA,NO DATA,Jackson Place,0,Miles,99,6 - Single Vehicle Crash,North,517625,166720,NO DATA,NO DATA,NO DATA,Federal Aid Secondary System (Class 2 TH),FAS 0192,4.36,S01920905,LRS,Property Damage Only,"(44.00146327, -72.27902574)"
913,VTVSP1300,12B302141,09/24/2012,1688 Chelsea Road,Bradford,1,NO DATA,NO DATA,NO DATA,Durant Road Pvt,300,Feet,40,6 - Single Vehicle Crash,North,523177,168987,NO DATA,NO DATA,NO DATA,Federal Aid Secondary System (Class 2 TH),FAS 0192,0.12,S01920901,LRS,Injury,"(44.02071109, -72.21367036)"
914,VT0140100,12LL00203,02/24/2012,Okemo Moutain Road,Ludlow,NO DATA,NO DATA,NO DATA,NO DATA,Red Parking Lot,25,Feet,30,6 - Single Vehicle Crash,West,482691,99931,NO DATA,NO DATA,NO DATA,Federal Aid Secondary System (Class 2 TH),FAS 0189,0.17,S01891410,LRS,Property Damage Only,"(43.39922816, -72.71357980)"
915,VTVSP1200,12A303473,08/08/2012,FAS-188 (284 Main ST),Warren,4,NO DATA,NO DATA,NO DATA,Warren Store,50,Feet,35,5 - Rear-to-rear,North,471492,179446,NO DATA,NO DATA,NO DATA,Federal Aid Secondary System (Class 2 TH),FAS 0188,4.23,S01881217,LRS,Property Damage Only,"(44.11457148, -72.85575442)"
916,VTVSP1200,12A305052,11/24/2012,FAS-188 (517 Lincoln Gap RD),Warren,3,NO DATA,NO DATA,NO DATA,NO DATA,NO DATA,NO DATA,35,6 - Single Vehicle Crash,NO DATA,470497,178450,188,1217,340,Federal Aid Secondary System (Class 2 TH),FAS 0188,3.22,S01881217,LRS,Property Damage Only,"(44.10446886, -72.86856621)"
923,VTVSP1200,12A300002,01/01/2012,FAS-185 Sugarbush Access RD,Warren,5,NO DATA,NO DATA,NO DATA,Timberline Drive,10,Feet,50,6 - Single Vehicle Crash,East,471808,182198,NO DATA,NO DATA,NO DATA,Federal Aid Secondary System (Class 2 TH),FAS 0185,0.46,S01851217,LRS,Injury,"(44.13957471, -72.85248188)"
924,VTVSP1200,12A304920,11/16/2012,FAS-185 (1569 German Flats RD),Fayston,2,NO DATA,NO DATA,NO DATA,Residence 1569,0,Miles,40,6 - Single Vehicle Crash,South,468919,185645,NO DATA,NO DATA,NO DATA,Federal Aid Secondary System (Class 2 TH),FAS 0185,1,S01851208,LRS,Injury,"(44.17025872, -72.88853325)"
925,VTVSP0600,12C202904,09/20/2012,FAS-184 (3066 Panton Road),Panton,1,NO DATA,NO DATA,NO DATA,Slang Road,1,Miles,45,6 - Single Vehicle Crash,West,434649,183660,NO DATA,NO DATA,NO DATA,Federal Aid Secondary System (Class 2 TH),FAS 0184,1.34,S01840115,LRS,Injury,"(44.15051301, -73.31425643)"