ID,Reporting Agency,Report Number,Date,Street Address,Town,Number,Number1,Number2,Number3,Intersection,Distance From Intersection,Distance Unit,Posted Speed,Direction of Collision,Direction from Intersection,Easting,Northing,Mile Marker,Mile Marker 1,Mile Marker 2,AOT Roadway,AOT Route,AOT Actual Mile,LRS Number,How Mapped,Crash Type,Location 1
926,VTVSP0600,12C200291,02/04/2012,FAS-183 (3757 River Rd),New Haven,2,NO DATA,NO DATA,NO DATA,Sumner Rd (TH #29),1,Miles,40,6 - Single Vehicle Crash,West,451151,176224,NO DATA,NO DATA,NO DATA,Federal Aid Secondary System (Class 2 TH),FAS 0183,3.76,S01830113,LRS,Property Damage Only,"(44.08436033, -73.11047642)"
927,VTVSP0600,12C201229,05/07/2012,FAS-183 River Road,Bristol,2,NO DATA,NO DATA,NO DATA,VT RT 116,0,Miles,35,6 - Single Vehicle Crash,West,451156,177548,NO DATA,NO DATA,NO DATA,Federal Aid Secondary System (Class 2 TH),FAS 0183,0.23,S01830103,LRS,Injury,"(44.09781569, -73.09939244)"
928,VT0010300,12VG01444,09/18/2012,FAS-182 (50 Monkton Rd),Vergennes,NO DATA,NO DATA,NO DATA,NO DATA,Vergennes Union High School,NO DATA,NO DATA,25,"8 - No Turns, Thru moves only, Broadside ^<",East,NO DATA,NO DATA,NO DATA,NO DATA,NO DATA,Federal Aid Secondary System (Class 2 TH),FAS 0182,0.27,S01820120,LRS,Property Damage Only,"(44.17139852, -73.24351781)"
929,VT0010300,12VG00640,04/27/2012,FAS-182 (25 Monkton Road),Vergennes,NO DATA,NO DATA,NO DATA,NO DATA,Merchants Bank,500,Feet,25,1 - Rear End,East,NO DATA,NO DATA,NO DATA,NO DATA,NO DATA,Federal Aid Secondary System (Class 2 TH),FAS 0182,0.09,S01820120,LRS,Property Damage Only,"(44.17104420, -73.24694983)"
936,VTVSP1100,12D301990,05/21/2012,FAS-177 (4125 VT RT 132),Sharon,NO DATA,132,NO DATA,NO DATA,Cross Rd,400,Feet,50,6 - Single Vehicle Crash,North,507713,146890,NO DATA,NO DATA,NO DATA,Federal Aid Secondary System (Class 2 TH),FAS 0177,6.98,S01771417,LRS,Property Damage Only,"(43.82049173, -72.40542662)"
937,VTVSP1100,12D300177,01/13/2012,FAS-177 VT RT 132,Sharon,NO DATA,132,NO DATA,NO DATA,NO DATA,NO DATA,NO DATA,35,2 - Head On,NO DATA,505801,144498,NO DATA,NO DATA,NO DATA,Federal Aid Secondary System (Class 2 TH),FAS 0177,4.94,S01771417,LRS,Property Damage Only,"(43.80057292, -72.42785619)"
938,VTVSP1100,12D301252,03/30/2012,FAS 177 (VT 132),Sharon,NO DATA,NO DATA,NO DATA,NO DATA,I-89,50,Feet,35,4 - Opp Direction Sideswipe,East,505773,144455,NO DATA,NO DATA,NO DATA,Federal Aid Secondary System (Class 2 TH),FAS 0177,4.91,S01771417,LRS,Property Damage Only,"(43.80025656, -72.42831993)"
939,VT0141100,12RY01105,10/19/2012,FAS-177 VT-132,Sharon,NO DATA,132,NO DATA,NO DATA,Steele Road,75,Feet,35,6 - Single Vehicle Crash,East,504267,143722,NO DATA,NO DATA,NO DATA,Federal Aid Secondary System (Class 2 TH),FAS 0177,3.84,S01771417,LRS,Property Damage Only,"(43.79373793, -72.44700637)"
940,VT0141100,12RY00515,05/18/2012,FAS-177,Sharon,NO DATA,132,NO DATA,NO DATA,I-89 NB,5000,Feet,40,6 - Single Vehicle Crash,East,504058,143216,NO DATA,NO DATA,NO DATA,Federal Aid Secondary System (Class 2 TH),FAS 0177,3.48,S01771417,LRS,Injury,"(43.78920896, -72.44951733)"
941,VT0030100,12HW00706,05/28/2012,FAS-257 Breezy Avenue,Greensboro,NO DATA,NO DATA,NO DATA,NO DATA,Country Club Rd,0,Miles,35,6 - Single Vehicle Crash,South,525463,204661,NO DATA,NO DATA,NO DATA,Federal Aid Secondary System (Class 2 TH),FAS 0257,0.64,S02571009,LRS,Fatal,"(44.56767599, -72.30412768)"
942,VT0080000,12LC02466,09/03/2012,FAS-257 (63 Slapp Hill),Hardwick,NO DATA,NO DATA,NO DATA,NO DATA,NO DATA,NO DATA,NO DATA,50,6 - Single Vehicle Crash,NO DATA,511795,222933,NO DATA,NO DATA,NO DATA,Federal Aid Secondary System (Class 2 TH),FAS 0257,0.83,S02570305,LRS,Property Damage Only,"(44.50656975, -72.35173060)"
948,VTVSP1200,12A305051,11/24/2012,FAS-249 (VT RT 215),Cabot,NO DATA,215,NO DATA,NO DATA,Dingman Road,700,Feet,30,6 - Single Vehicle Crash,North,514048,210948,NO DATA,NO DATA,NO DATA,Federal Aid Secondary System (Class 2 TH),FAS 0249 (VT 215 TH),2.23,S02491204,LRS,Property Damage Only,"(44.39658343, -72.32648908)"
949,VT0080000,12LC03408,12/01/2012,FAS-247 (3179 N. Wolcott Road),Wolcott,NO DATA,NO DATA,NO DATA,NO DATA,NO DATA,NO DATA,NO DATA,40,7 - Other - Explain in Narrative,South,502623,233235,NO DATA,NO DATA,NO DATA,Federal Aid Secondary System (Class 2 TH),FAS 0247,3.19,S02470810,LRS,Property Damage Only,"(44.59935391, -72.46681087)"
2527,VTVSP0100,12A101430,04/22/2012,US-2,Bolton,NO DATA,NO DATA,2,NO DATA,Fernwood Dr (Private),NO DATA,NO DATA,50,2 - Head On,NO DATA,470728,207810,NO DATA,NO DATA,NO DATA,State System (State Highways and Class I TH links),US-2,3.47,U002-0401,LRS,Property Damage Only,"(44.36981913, -72.86685998)"
950,VT0080000,12LC00444,02/23/2012,FAS-247 (2082 North Wolcott Rd),Wolcott,NO DATA,NO DATA,NO DATA,NO DATA,Greenwood Road,0,Miles,40,6 - Single Vehicle Crash,South,501996,231693,NO DATA,NO DATA,NO DATA,Federal Aid Secondary System (Class 2 TH),FAS 0247,2.09,S02470810,LRS,Property Damage Only,"(44.58565555, -72.47455692)"
951,VT0080100,12MR00570,03/13/2012,FAS-247 NORTH WOLCOTT ROAD,Wolcott,NO DATA,NO DATA,NO DATA,NO DATA,VERMONT ROUTE 15,0,Miles,40,6 - Single Vehicle Crash,North,005-01-025E,002-29-328N,NO DATA,NO DATA,NO DATA,Federal Aid Secondary System (Class 2 TH),FAS 0247,0.1,S02470810,LRS,Property Damage Only,"(44.56370598, -72.49305630)"
952,VT0080000,12LC02578,09/12/2012,FAS-247 North Wolcott Road,Wolcott,NO DATA,NO DATA,NO DATA,NO DATA,NO DATA,NO DATA,NO DATA,35,NO DATA,North,0,0,NO DATA,NO DATA,NO DATA,Federal Aid Secondary System (Class 2 TH),FAS 0247,0,S02470810,LRS,Property Damage Only,"(44.56352305, -72.49511288)"
953,VTVSP1200,12A305350,12/16/2012,FAS-243 (4145 County Road),East Montpelier,1,NO DATA,NO DATA,NO DATA,4145 County Road,0,Miles,40,6 - Single Vehicle Crash,South,497821,202855,NO DATA,NO DATA,NO DATA,Federal Aid Secondary System (Class 2 TH),FAS 0243,0.71,S02431207,LRS,Injury,"(44.32741396, -72.52649814)"
954,VTVSP1200,12A304502,10/18/2012,FAS-243 (3583 County Road),East Montpelier,1,NO DATA,NO DATA,NO DATA,Templeton Road,100,Feet,40,"14 - Left Turn and Thru, Broadside v<--",North,497754,202037,6303,1207,327,Federal Aid Secondary System (Class 2 TH),FAS 0243,0.07,S02431207,LRS,Property Damage Only,"(44.31874253, -72.52807344)"
961,VT0080100,12MR00613,03/18/2012,FAS-238 (213 Bridge St.),Morristown,NO DATA,NO DATA,NO DATA,NO DATA,213 Bridge St.,NO DATA,NO DATA,25,2 - Head On,NO DATA,NO DATA,NO DATA,NO DATA,NO DATA,NO DATA,Federal Aid Secondary System (Class 2 TH),FAS 0238,0.7,S02380807,LRS,Property Damage Only,"(44.56370958, -72.60219608)"
962,VT0080200,12ST00812,03/28/2012,FAS-237 Stagecoach Rd,Stowe,NO DATA,NO DATA,NO DATA,NO DATA,Pucker Street,NO DATA,NO DATA,40,1 - Rear End,NO DATA,486912,220250,NO DATA,NO DATA,NO DATA,Federal Aid Secondary System (Class 2 TH),FAS 0237,0,S02370808,LRS,Property Damage Only,"(44.48188882, -72.66442373)"
963,VT0080100,12MR02480,09/12/2012,FAS-237 (50 Stagecoach Rd.),Morristown,NO DATA,NO DATA,NO DATA,NO DATA,Cadys Falls Rd.,50,Feet,40,6 - Single Vehicle Crash,South,NO DATA,NO DATA,NO DATA,NO DATA,NO DATA,Federal Aid Secondary System (Class 2 TH),FAS 0237,5.59,S02370807,LRS,Property Damage Only,"(44.57415550, -72.61392444)"
964,VT0080100,12MR00166,01/21/2012,FAS-237 Stagecoach Rd.,Morristown,NO DATA,NO DATA,NO DATA,NO DATA,Morristown Corners,NO DATA,NO DATA,40,6 - Single Vehicle Crash,North,492505,230279,NO DATA,NO DATA,NO DATA,Federal Aid Secondary System (Class 2 TH),FAS 0237,4.26,S02370807,LRS,Property Damage Only,"(44.55746030, -72.62432932)"
965,VT0080100,12MR01010,04/25/2012,FAS 237 (2103 Stagecoach Rd),Morristown,NO DATA,NO DATA,NO DATA,NO DATA,Magoon Rd,300,Feet,99,6 - Single Vehicle Crash,NO DATA,489990,228125,NO DATA,NO DATA,NO DATA,Federal Aid Secondary System (Class 2 TH),FAS 0237,3.36,S02370807,LRS,Property Damage Only,"(44.54553457, -72.62968466)"
966,VT0080100,12MR00541,03/10/2012,FAS 237 (Stagecoach Rd),Morristown,NO DATA,NO DATA,NO DATA,NO DATA,McKee Rd,1000,Feet,50,6 - Single Vehicle Crash,North,489595,222363,NO DATA,NO DATA,NO DATA,Federal Aid Secondary System (Class 2 TH),FAS 0237,2.96,S02370807,LRS,Property Damage Only,"(44.54001470, -72.63189484)"
967,VT0080100,12MR00129,01/17/2012,FAS-237 (4387 Stagecoach Rd.),Morristown,NO DATA,NO DATA,NO DATA,NO DATA,Jopson Ln.,NO DATA,NO DATA,50,2 - Head On,South,491614,228657,NO DATA,NO DATA,NO DATA,Federal Aid Secondary System (Class 2 TH),FAS 0237,1.05,S02370807,LRS,Property Damage Only,"(44.51519958, -72.64365055)"
974,VT0080200,12ST02151,08/18/2012,FAS-236 Moscow Road,Stowe,NO DATA,NO DATA,NO DATA,NO DATA,@ Route 100,NO DATA,NO DATA,35,"18 - Right Turn and Thru, Broadside ^<--",NO DATA,483143,215095,NO DATA,NO DATA,NO DATA,Federal Aid Secondary System (Class 2 TH),FAS 0236,0,S02360808,LRS,Property Damage Only,"(44.43582682, -72.71151654)"
975,VT0080200,12ST00170,01/16/2012,FAS-236 Moscow Road,Stowe,1,NO DATA,NO DATA,NO DATA,Vt Rte 100,NO DATA,NO DATA,35,1 - Rear End,NO DATA,483137,215113,NO DATA,NO DATA,NO DATA,Federal Aid Secondary System (Class 2 TH),FAS 0236,0,S02360808,LRS,Property Damage Only,"(44.43582682, -72.71151654)"
976,VTVSP0100,12A105004,12/20/2012,FAS-233 Pleasant Valley Rd,Underhill,1,NO DATA,NO DATA,NO DATA,Box 295/Moose Run Rd,50,Feet,45,6 - Single Vehicle Crash,North,470433,226563,NO DATA,NO DATA,NO DATA,Federal Aid Secondary System (Class 2 TH),FAS 0233,5.04,S02330415,LRS,Property Damage Only,"(44.53830469, -72.87226653)"
977,VTVSP0100,12A104986,12/19/2012,FAS-233 River Rd,Underhill,NO DATA,NO DATA,NO DATA,NO DATA,Sand Hill Rd,100,Feet,30,2 - Head On,East,467718,223499,NO DATA,NO DATA,NO DATA,Federal Aid Secondary System (Class 2 TH),FAS 0233,1.91,S02330415,LRS,Injury,"(44.51136731, -72.90627234)"
978,VTVSP0100,12A100252,01/19/2012,FAS-233 (225 River Road),Underhill,1,NO DATA,NO DATA,NO DATA,Sand Hill Road,0,Miles,45,6 - Single Vehicle Crash,West,467537,223668,233,415,40,Federal Aid Secondary System (Class 2 TH),FAS 0233,1.72,S02330415,LRS,Fatal,"(44.51302608, -72.90931206)"
979,VTVSP0100,12A103593,09/14/2012,FAS-233 (91 River Rd),Underhill,1,NO DATA,NO DATA,NO DATA,Maple Ridge Rd,0,Miles,35,6 - Single Vehicle Crash,West,465106,224646,NO DATA,NO DATA,NO DATA,Federal Aid Secondary System (Class 2 TH),FAS 0233,0.42,S02330415,LRS,Injury,"(44.52109406, -72.93293495)"
980,VT0140300,12HF03527,10/10/2012,FAS-230 North Main Street,Hartford,NO DATA,NO DATA,NO DATA,NO DATA,Bridge Street,20,Feet,25,7 - Other - Explain in Narrative,West,514537,127662,NO DATA,NO DATA,NO DATA,Federal Aid Secondary System (Class 2 TH),FAS 0230,0.24,S02301408,LRS,Injury,"(43.64891446, -72.31943642)"
987,VT0050000,12EXC0290,11/30/2012,FAS-218 (2256 River Road),Lunenburg,218,NO DATA,NO DATA,NO DATA,Baptist Hill Road,0,Miles,45,6 - Single Vehicle Crash,North,NO DATA,NO DATA,218,514,280,Federal Aid Secondary System (Class 2 TH),FAS 0218,2.92,S02180514,LRS,Property Damage Only,"(44.41892339, -71.69794699)"
988,VTVSP0200,12B100027,01/03/2012,FAS 216 (West Barnet Rd),Barnet,NO DATA,NO DATA,NO DATA,NO DATA,Park & Ride,1,Miles,50,6 - Single Vehicle Crash,West,534644,200111,NO DATA,NO DATA,NO DATA,Federal Aid Secondary System (Class 2 TH),FAS 0216,4.76,S02160301,LRS,Injury,"(44.30037726, -72.06597042)"
989,VTVSP0200,12B103564,10/31/2012,FAS-216 West Barnet Rd,Barnet,68,NO DATA,NO DATA,NO DATA,Kidd Row,10,Feet,50,3 - Same Direction Sideswipe,East,533411,200518,9020,301,20,Federal Aid Secondary System (Class 2 TH),FAS 0216,3.92,S02160301,LRS,Property Damage Only,"(44.30398314, -72.08089798)"
990,VTVSP0200,12B100963,04/02/2012,FAS 216 (West Barnet Rd),Barnet,NO DATA,NO DATA,NO DATA,NO DATA,Ferguson Rd,200,Feet,50,6 - Single Vehicle Crash,East,531325,201465,NO DATA,NO DATA,NO DATA,Federal Aid Secondary System (Class 2 TH),FAS 0216,2.44,S02160301,LRS,Property Damage Only,"(44.31266072, -72.10745960)"
991,VTVSP1300,12B301482,07/10/2012,FAS-215 Peacham Road,Ryegate,4,NO DATA,NO DATA,NO DATA,#825,NO DATA,NO DATA,35,6 - Single Vehicle Crash,South,526238,194903,NO DATA,NO DATA,NO DATA,Federal Aid Secondary System (Class 2 TH),FAS 0215,0.84,S02150310,LRS,Property Damage Only,"(44.25382916, -72.17150250)"
992,VTVSP1300,12B302620,12/01/2012,FAS-215 Peacham Road,Ryegate,2,NO DATA,NO DATA,NO DATA,Page Drive,150,Feet,50,6 - Single Vehicle Crash,South,525919,194151,215,310,20,Federal Aid Secondary System (Class 2 TH),FAS 0215,0.29,S02150310,LRS,Property Damage Only,"(44.24689705, -72.17597766)"
993,VTVSP1300,12B301812,08/15/2012,FAS-215 (2252 Minard Hill Road),Groton,2,NO DATA,NO DATA,NO DATA,Brook Road,0,Miles,50,6 - Single Vehicle Crash,South,525298,193199,NO DATA,NO DATA,NO DATA,Federal Aid Secondary System (Class 2 TH),FAS 0215,2.19,S02150304,LRS,Property Damage Only,"(44.23925047, -72.18301648)"
1000,VT0120500,12BT02521,09/13/2012,FAS-214 Bridge St,Barre Town,NO DATA,NO DATA,NO DATA,NO DATA,S Barre Rd,50,Feet,25,"8 - No Turns, Thru moves only, Broadside ^<",West,004-99-597E,001-86-326N,NO DATA,NO DATA,NO DATA,Federal Aid Secondary System (Class 2 TH),FAS 0214,0.01,S02141202,LRS,Property Damage Only,"(44.17724337, -72.50500339)"
1001,VT0040800,12RM00718,08/06/2012,FAS-213 Governor Peck Highway,Richmond,NO DATA,NO DATA,NO DATA,NO DATA,River Road,10,Feet,35,1 - Rear End,South,459178,213985,NO DATA,NO DATA,NO DATA,Federal Aid Secondary System (Class 2 TH),FAS 0213,0,S02130411,LRS,Property Damage Only,"(44.42481906, -73.01273529)"
1002,VT0040800,12RM00282,03/30/2012,FAS-211 Huntington Road,Richmond,NO DATA,NO DATA,NO DATA,NO DATA,Hillview Road,0,Miles,40,6 - Single Vehicle Crash,North,459163,210521,NO DATA,NO DATA,NO DATA,Federal Aid Secondary System (Class 2 TH),FAS 0211,1.19,S02110411,LRS,Injury,"(44.36885915, -72.99958196)"
1003,VT0040800,12RM00196,03/02/2012,FAS-211 (3260 Huntington Road),Richmond,NO DATA,NO DATA,NO DATA,NO DATA,Dugway Road,30,Feet,45,6 - Single Vehicle Crash,North,460565,207094,NO DATA,NO DATA,NO DATA,Federal Aid Secondary System (Class 2 TH),FAS 0211,0.86,S02110411,LRS,Property Damage Only,"(44.36516443, -72.99630279)"
1004,VT0040800,12RM00358,04/21/2012,FAS 211 (3260 Huntington Road),Richmond,NO DATA,NO DATA,NO DATA,NO DATA,Dugway Road,1,Feet,45,6 - Single Vehicle Crash,North,460395,207367,NO DATA,NO DATA,NO DATA,Federal Aid Secondary System (Class 2 TH),FAS 0211,0.86,S02110411,LRS,Injury,"(44.36516443, -72.99630279)"
1005,VT0040800,12RM00071,01/27/2012,FAS 211 (Huntington Road),Richmond,NO DATA,NO DATA,NO DATA,NO DATA,Dugway Road,0,Miles,45,6 - Single Vehicle Crash,North,NO DATA,NO DATA,NO DATA,NO DATA,NO DATA,Federal Aid Secondary System (Class 2 TH),FAS 0211,0.73,S02110411,LRS,Property Damage Only,"(44.36351279, -72.99514864)"
1006,VT0040800,12RM00345,04/17/2012,FAS-211 (3912 Huntington Road),Richmond,NO DATA,NO DATA,NO DATA,NO DATA,Mayo Road,0,Miles,45,6 - Single Vehicle Crash,North,460759,206342,NO DATA,NO DATA,NO DATA,Federal Aid Secondary System (Class 2 TH),FAS 0211,0.18,S02110411,LRS,Injury,"(44.35634400, -72.99240781)"
1013,VT0041200,12HB00117,01/27/2012,FAS 210 (Shelburne Falls Rd),Hinesburg,NO DATA,NO DATA,NO DATA,NO DATA,Boutin Rd,100,Feet,45,6 - Single Vehicle Crash,East,452818,190163,NO DATA,NO DATA,NO DATA,Federal Aid Secondary System (Class 2 TH),FAS 0210,0.97,S02100407,LRS,Fatal,"(44.35085621, -73.15149185)"
1014,VT0040800,12RM00271,03/25/2012,FAS-209 Jericho Road,Richmond,NO DATA,NO DATA,NO DATA,NO DATA,Peet Farm,10,Feet,45,6 - Single Vehicle Crash,West,461740,213282,NO DATA,NO DATA,NO DATA,Federal Aid Secondary System (Class 2 TH),FAS 0209,6.99,S02090411,LRS,Property Damage Only,"(44.42491774, -72.98068797)"
1015,VT0040800,12RM00176,02/24/2012,FAS-209 Jericho Road,Richmond,NO DATA,NO DATA,NO DATA,NO DATA,Valley View Road,150,Feet,35,6 - Single Vehicle Crash,North,461134,213006,NO DATA,NO DATA,NO DATA,Federal Aid Secondary System (Class 2 TH),FAS 0209,6.05,S02090411,LRS,Property Damage Only,"(44.41660379, -72.98835498)"
1016,VT0040800,12RM00922,10/02/2012,FAS-209 (32 Jericho Road),Richmond,NO DATA,NO DATA,NO DATA,NO DATA,Main St,50,Feet,25,6 - Single Vehicle Crash,North,460785,211871,NO DATA,NO DATA,NO DATA,Federal Aid Secondary System (Class 2 TH),FAS 0209,5.18,S02090411,LRS,Property Damage Only,"(44.40558180, -72.99249261)"
1017,VT0040800,12RM00565,07/01/2012,FAS-209 Bridge St,Richmond,NO DATA,NO DATA,NO DATA,NO DATA,W Main St,25,Feet,25,5 - Rear-to-rear,South,460702,211734,NO DATA,NO DATA,NO DATA,Federal Aid Secondary System (Class 2 TH),FAS 0209,5.15,S02090411,LRS,Property Damage Only,"(44.40525714, -72.99288764)"
1018,VT0040800,12RM01032,11/06/2012,FAS-209 Bridge St,Richmond,1,NO DATA,NO DATA,NO DATA,US RTE 2,0,Feet,25,1 - Rear End,South,460730,211775,NO DATA,NO DATA,NO DATA,Federal Aid Secondary System (Class 2 TH),FAS 0209,5.15,S02090411,LRS,Property Damage Only,"(44.40525714, -72.99288764)"
1019,VT0040800,12RM00586,07/02/2012,Bridge St,Richmond,NO DATA,NO DATA,NO DATA,NO DATA,East Main,10,Feet,25,1 - Rear End,West,460750,211796,NO DATA,NO DATA,NO DATA,Federal Aid Secondary System (Class 2 TH),FAS 0209,5.15,S02090411,LRS,Property Damage Only,"(44.40525714, -72.99288764)"
1026,VT0040800,12RM01063,11/16/2012,FAS-209 Huntington Road,Richmond,NO DATA,NO DATA,NO DATA,NO DATA,Farr Road,400,Feet,35,6 - Single Vehicle Crash,South,459529,211054,NO DATA,NO DATA,NO DATA,Federal Aid Secondary System (Class 2 TH),FAS 0209,4.39,S02090411,LRS,Property Damage Only,"(44.39931284, -73.00362843)"
1027,VT0040800,12RM00973,10/21/2012,FAS-209 (400 Huntington Road),Richmond,NO DATA,NO DATA,NO DATA,NO DATA,Hinesburg Road,0,Miles,35,6 - Single Vehicle Crash,North,459242,211192,NO DATA,NO DATA,NO DATA,Federal Aid Secondary System (Class 2 TH),FAS 0209,4.18,S02090411,LRS,Property Damage Only,"(44.39847987, -73.00763833)"
1028,VT0040800,12RM00497,06/11/2012,FAS-209 Huntington Road,Richmond,NO DATA,NO DATA,NO DATA,NO DATA,Cochran And Thompson Road,1,Feet,25,"8 - No Turns, Thru moves only, Broadside ^<",South,460158,211070,NO DATA,NO DATA,NO DATA,Federal Aid Secondary System (Class 2 TH),FAS 0209,4.08,S02090411,LRS,Property Damage Only,"(44.39904201, -73.00937270)"
1029,VT0040800,12RM00178,02/24/2012,FAS 0209 Huntington Road,Richmond,NO DATA,NO DATA,NO DATA,NO DATA,Bridge St,1,Miles,35,6 - Single Vehicle Crash,West,459345,211150,NO DATA,NO DATA,NO DATA,Federal Aid Secondary System (Class 2 TH),FAS 0209,3.83,S02090411,LRS,Property Damage Only,"(44.39798283, -73.01375601)"
1030,VT0040800,12RM00223,03/10/2012,FAS-209 Hinesburg Road,Richmond,NO DATA,NO DATA,NO DATA,NO DATA,Fays Corners,1,Miles,45,6 - Single Vehicle Crash,South,456898,211412,NO DATA,NO DATA,NO DATA,Federal Aid Secondary System (Class 2 TH),FAS 0209,1.66,S02090411,LRS,Property Damage Only,"(44.39309931, -73.04853305)"
1031,VTVSP0100,12A100574,02/16/2012,FAS-209 (82 Lee River Road),Jericho,2,NO DATA,NO DATA,NO DATA,NO DATA,NO DATA,NO DATA,35,6 - Single Vehicle Crash,NO DATA,461233,221757,NO DATA,NO DATA,NO DATA,Federal Aid Secondary System (Class 2 TH),FAS 0209,5.21,S02090409,LRS,Property Damage Only,"(44.49572081, -72.98793209)"
1032,VTVSP0100,12A102319,06/24/2012,FAS-209 Browns Trace,Jericho,3,NO DATA,NO DATA,NO DATA,Governor Peck,NO DATA,NO DATA,35,6 - Single Vehicle Crash,NO DATA,508124,215810,NO DATA,NO DATA,NO DATA,Federal Aid Secondary System (Class 2 TH),FAS 0209,0.8,S02090409,LRS,Injury,"(44.44247679, -72.97786540)"
1038,VT0140300,12HF00686,03/05/2012,FAS-325 Sykes Mountain Avenue,Hartford,NO DATA,NO DATA,NO DATA,NO DATA,Beswick Drive,50,Feet,30,"10 - Left Turn and Thru, Angle Broadside -->v--",East,513348,127416,NO DATA,NO DATA,NO DATA,Federal Aid Secondary System (Class 2 TH),FAS 0325,0.06,S03251408,LRS,Property Damage Only,"(43.64650359, -72.33451171)"
1039,VT0140300,12HF04383,12/21/2012,FAS-0325 Sykes Mountain Avenue,Hartford,NO DATA,NO DATA,NO DATA,NO DATA,Beswick Drive,NO DATA,NO DATA,30,"10 - Left Turn and Thru, Angle Broadside -->v--",NO DATA,513328,127392,NO DATA,NO DATA,NO DATA,Federal Aid Secondary System (Class 2 TH),FAS 0325,0.05,S03251408,LRS,Property Damage Only,"(43.64658847, -72.33467429)"
1040,VT0140300,12HF01785,05/30/2012,FAS-325 (42 Sykes Mountain Avenue),Hartford,NO DATA,NO DATA,NO DATA,NO DATA,NO DATA,NO DATA,NO DATA,30,1 - Rear End,NO DATA,513303,127413,NO DATA,NO DATA,NO DATA,Federal Aid Secondary System (Class 2 TH),FAS 0325,0.05,S03251408,LRS,Property Damage Only,"(43.64658847, -72.33467429)"
1041,VT0140300,12HF03905,11/09/2012,FAS-325 (28 Sykes Mountain Avenue),Hartford,NO DATA,NO DATA,NO DATA,NO DATA,NO DATA,NO DATA,NO DATA,35,"10 - Left Turn and Thru, Angle Broadside -->v--",NO DATA,513317,127407,NO DATA,NO DATA,NO DATA,Federal Aid Secondary System (Class 2 TH),FAS 0325,0.03,S03251408,LRS,Property Damage Only,"(43.64676675, -72.33499044)"
1042,VT0140300,12HF01257,04/20/2012,FAS-325 Sykes Mountain Avenue,Hartford,NO DATA,NO DATA,NO DATA,NO DATA,North Main Street,5,Feet,30,"16 - Right Turn and Thru, Same Direction Sideswipe/Angle Crash ^^--",East,513286,127426,NO DATA,NO DATA,NO DATA,Federal Aid Secondary System (Class 2 TH),FAS 0325,0,S03251408,LRS,Property Damage Only,"(43.64699525, -72.33550174)"
1043,VT0030100,12HW01659,11/30/2012,FAS-324 Elmore Pond Rd,Wolcott,NO DATA,NO DATA,NO DATA,NO DATA,Vt Rt 15,1700,Feet,35,6 - Single Vehicle Crash,South,501458,227877,NO DATA,NO DATA,NO DATA,Federal Aid Secondary System (Class 2 TH),FAS 0324,3.16,S03240810,LRS,Property Damage Only,"(44.55117469, -72.48147749)"
1044,VT0080000,12LC00385,02/16/2012,FAS-324 (1364 Elmore Pond Road),Wolcott,NO DATA,NO DATA,NO DATA,NO DATA,NO DATA,300,Feet,35,6 - Single Vehicle Crash,East,501029,226383,NO DATA,NO DATA,NO DATA,Federal Aid Secondary System (Class 2 TH),FAS 0324,2.09,S03240810,LRS,Property Damage Only,"(44.53766713, -72.48696277)"
1051,VTVSP0800,12B202370,07/27/2012,FAS-315 Coventry Station Road,Coventry,NO DATA,NO DATA,NO DATA,NO DATA,US RT 5,1,Miles,35,6 - Single Vehicle Crash,South,519585,262974,NO DATA,NO DATA,NO DATA,Federal Aid Secondary System (Class 2 TH),FAS 0315,0.5,S03151005,LRS,Property Damage Only,"(44.86683018, -72.25089111)"
1052,VT0060000,12FRC0744,04/30/2012,FAS-309 (4 River Street),Richford,NO DATA,NO DATA,NO DATA,NO DATA,Eastern Ave,NO DATA,NO DATA,25,6 - Single Vehicle Crash,South,486491,277424,NO DATA,NO DATA,NO DATA,Federal Aid Secondary System (Class 2 TH),FAS 0309 (VT 139 TH),0.34,S03090611,LRS,Property Damage Only,"(44.99696466, -72.67082037)"
1053,VTVSP0800,12B201941,06/24/2012,FAS-308 (2092),Lowell,NO DATA,58,NO DATA,NO DATA,Buck Hill Rd,0,Miles,99,6 - Single Vehicle Crash,West,502037,257523,NO DATA,NO DATA,NO DATA,Federal Aid Secondary System (Class 2 TH),FAS 0308 (VT 58 TH),2.07,S03081013,LRS,Injury,"(44.81835244, -72.47544615)"
1054,VTVSP0700,12A201444,04/08/2012,FAS-302 (162 River Street),Richford,1,NO DATA,NO DATA,NO DATA,Mullen Avenue,200,Feet,35,"8 - No Turns, Thru moves only, Broadside ^<",East,486087,277633,NO DATA,NO DATA,NO DATA,Federal Aid Secondary System (Class 2 TH),FAS 0302,1.36,S03020611,LRS,Property Damage Only,"(44.99888323, -72.67653807)"
1055,VTVSP0700,12A202373,06/05/2012,FAS-302 (555 Richford Road),Berkshire,10,NO DATA,NO DATA,NO DATA,Berkshire Center Road,200,Feet,50,6 - Single Vehicle Crash,East,479703,275288,NO DATA,NO DATA,NO DATA,Federal Aid Secondary System (Class 2 TH),FAS 0302,3.18,S03020602,LRS,Injury,"(44.97758434, -72.75683966)"
1056,VTVSP0700,12A205151,10/31/2012,FAS-299 Morse Line Road,Franklin,NO DATA,235,NO DATA,NO DATA,Pidgeon Hill Road,1731,Feet,50,6 - Single Vehicle Crash,East,495802,232725,NO DATA,NO DATA,NO DATA,Federal Aid Secondary System (Class 2 TH),FAS 0299 (VT 235 TH),1.87,S02990607,LRS,Property Damage Only,"(44.99918338, -72.93774266)"
1057,VTVSP0700,12A206050,12/22/2012,FAS-297 Gore Road,Highgate,NO DATA,NO DATA,NO DATA,NO DATA,Cassidy Road,NO DATA,NO DATA,50,6 - Single Vehicle Crash,North,459654,274534,NO DATA,NO DATA,NO DATA,Federal Aid Secondary System (Class 2 TH),FAS 0297 (VT 207 TH),2.74,S02970609,LRS,Injury,"(44.97015331, -73.01077636)"
1076,VTVSP0200,12B104124,12/16/2012,River Road,Victory,1,NO DATA,NO DATA,NO DATA,Victory Hill Road,0,Miles,99,6 - Single Vehicle Crash,North,552564,223650,277,517,120,Federal Aid Secondary System (Class 2 TH),FAS 0277,1.13,S02770517,LRS,Injury,"(44.51083833, -71.83989916)"
1077,VTVSP0700,12A200048,01/04/2012,FAS-276 (22 Westford-milton Road),Westford,NO DATA,NO DATA,NO DATA,NO DATA,VT Route 128,250,Feet,40,6 - Single Vehicle Crash,West,458703,237463,NO DATA,NO DATA,NO DATA,Federal Aid Secondary System (Class 2 TH),FAS 0276,1.7,S02760416,LRS,Property Damage Only,"(44.63609324, -73.02025750)"