ID,Reporting Agency,Report Number,Date,Street Address,Town,Number,Number1,Number2,Number3,Intersection,Distance From Intersection,Distance Unit,Posted Speed,Direction of Collision,Direction from Intersection,Easting,Northing,Mile Marker,Mile Marker 1,Mile Marker 2,AOT Roadway,AOT Route,AOT Actual Mile,LRS Number,How Mapped,Crash Type,Location 1
1078,VTVSP0100,12A101269,04/09/2012,FAS-276 Milton-Westford Rd,Westford,NO DATA,NO DATA,NO DATA,NO DATA,Old Stage Rd,100,Feet,40,3 - Same Direction Sideswipe,North,457842,237058,NO DATA,NO DATA,NO DATA,Federal Aid Secondary System (Class 2 TH),FAS 0276,0.5,S02760416,LRS,Property Damage Only,"(44.63081122, -73.04246362)"
1079,VTVSP0100,12A102790,07/24/2012,FAS-276 (375 Westford Milton Rd),Westford,2,NO DATA,NO DATA,NO DATA,Martel Ln,500,Feet,40,6 - Single Vehicle Crash,East,458808,237372,NO DATA,NO DATA,NO DATA,Federal Aid Secondary System (Class 2 TH),FAS 0276,0.03,S02760416,LRS,Property Damage Only,"(44.63532002, -73.04904402)"
1080,VT0070000,12GIC0518,04/19/2012,FAS-275 Griswold Rd,Grand Isle,NO DATA,NO DATA,NO DATA,NO DATA,US Route 2,NO DATA,NO DATA,40,NO DATA,West,NO DATA,NO DATA,NO DATA,NO DATA,NO DATA,Federal Aid Secondary System (Class 2 TH),FAS 0275,4.71,S02750702,LRS,Property Damage Only,"(44.74161129, -73.28937065)"
1081,VT0070000,12GIC0184,02/08/2012,FAS-275 Griswold Rd,Grand Isle,NO DATA,NO DATA,NO DATA,NO DATA,US Route 2,0,Miles,35,6 - Single Vehicle Crash,West,NO DATA,NO DATA,NO DATA,NO DATA,NO DATA,Federal Aid Secondary System (Class 2 TH),FAS 0275,4.71,S02750702,LRS,Injury,"(44.74161129, -73.28937065)"
1082,VTVSP0200,12B100139,01/13/2012,FAS 268┬á (Mountain Rd),Burke,7,NO DATA,NO DATA,NO DATA,Kirby Rd,NO DATA,NO DATA,30,1 - Rear End,NO DATA,544564,232223,NO DATA,NO DATA,NO DATA,Federal Aid Secondary System (Class 2 TH),FAS 0268,0.07,S02680302,LRS,Property Damage Only,"(44.58893492, -71.93907466)"
1089,VT0030200,12LV00512,09/04/2012,FAS-260 Center St,Lyndon,NO DATA,NO DATA,NO DATA,NO DATA,College Rd.,0,Miles,35,"10 - Left Turn and Thru, Angle Broadside -->v--",North,NO DATA,NO DATA,NO DATA,NO DATA,NO DATA,Federal Aid Secondary System (Class 2 TH),FAS 0260 (ALT 122),0.73,S02600307,LRS,Property Damage Only,"(44.53880023, -72.01201986)"
1090,VT0030200,12LV00369,07/09/2012,FAS-260 Center St.,Lyndon,NO DATA,NO DATA,NO DATA,NO DATA,College Rd.,0,Miles,35,"10 - Left Turn and Thru, Angle Broadside -->v--",North,NO DATA,NO DATA,NO DATA,NO DATA,NO DATA,Federal Aid Secondary System (Class 2 TH),FAS 0260 (ALT 122),0.73,S02600307,LRS,Injury,"(44.53880023, -72.01201986)"
1091,VT0020100,12BN06383,09/08/2012,FAU-1406 Monument Avenue,Bennington,NO DATA,NO DATA,NO DATA,NO DATA,Main Street,NO DATA,NO DATA,25,7 - Other - Explain in Narrative,NO DATA,441967,44495,NO DATA,NO DATA,NO DATA,Federal Aid Urban System (Class 2 TH's and 3 TH's,"MONUMENT AVE., OLD BENNINGTON VILLAGE",0.49,S14060202,LRS,Property Damage Only,"(42.88419955, -73.21328417)"
1092,VT0020100,12BN01828,03/23/2012,FAU 1404 (362 Elm Street),Bennington,NO DATA,NO DATA,NO DATA,NO DATA,NO DATA,200,Feet,30,2 - Head On,West,441965,42329,NO DATA,NO DATA,NO DATA,Federal Aid Urban System (Class 2 TH's and 3 TH's,"ELM ST., OLD BENNINGTON VILLAGE",0.07,S14040202,LRS,Property Damage Only,"(42.87899237, -73.21115998)"
1093,VT0020100,12BN08432,12/01/2012,FAU-1208 Prospect Street,Bennington,NO DATA,NO DATA,NO DATA,NO DATA,Pleasant Street - North Bennington,NO DATA,NO DATA,25,6 - Single Vehicle Crash,NO DATA,439514,47867,NO DATA,NO DATA,NO DATA,Federal Aid Urban System (Class 2 TH's and 3 TH's,"PROSPECT ST., NORTH BENNINGTON VILLAGE",0.07,S12080202,LRS,Property Damage Only,"(42.92848651, -73.24131911)"
1094,VT0020100,12BN01227,02/27/2012,FAU-1202 Matteson Road,Bennington,NO DATA,NO DATA,NO DATA,NO DATA,Harlan Road,200,Feet,35,2 - Head On,NO DATA,440590,46794,NO DATA,NO DATA,NO DATA,Federal Aid Urban System (Class 2 TH's and 3 TH's,"MATTESON ROAD, NORTH BENNINGTON VILLAGE",0.04,S12020202,LRS,Injury,"(42.91901494, -73.22766944)"
1100,VT0020100,12BN07768,11/03/2012,FAU-1052 Union Street,Bennington,NO DATA,NO DATA,NO DATA,NO DATA,Main Street,150,Feet,30,6 - Single Vehicle Crash,South,443736,42187,NO DATA,NO DATA,NO DATA,Federal Aid Urban System (Class 2 TH's and 3 TH's,"UNION ST., BENNINGTON",0.52,S10520202,LRS,Injury,"(42.87799348, -73.18863109)"
1101,VT0020100,12BN06777,09/24/2012,FAU-1052 (207 Union Street),Bennington,NO DATA,NO DATA,NO DATA,NO DATA,Valentine Street,200,Feet,30,4 - Opp Direction Sideswipe,West,443348,42105,NO DATA,NO DATA,NO DATA,Federal Aid Urban System (Class 2 TH's and 3 TH's,"UNION ST., BENNINGTON",0.2,S10520202,LRS,Property Damage Only,"(42.87714185, -73.19339757)"
1102,VT0020100,12BN07180,10/10/2012,FAU-1052 (119 Union Street),Bennington,NO DATA,NO DATA,NO DATA,NO DATA,NO DATA,NO DATA,NO DATA,25,"8 - No Turns, Thru moves only, Broadside ^<",NO DATA,443247,42132,NO DATA,NO DATA,NO DATA,Federal Aid Urban System (Class 2 TH's and 3 TH's,"UNION ST., BENNINGTON",0.12,S10520202,LRS,Property Damage Only,"(42.87725716, -73.19490568)"
1103,VT0020100,12BN04284,06/25/2012,FAU-1050 Kocher Drive,Bennington,NO DATA,NO DATA,NO DATA,NO DATA,Park Street Intersection,100,Feet,35,1 - Rear End,West,443306,43999,NO DATA,NO DATA,NO DATA,Federal Aid Urban System (Class 2 TH's and 3 TH's,"TOWN HWY. NO. 28 (KOCHER DR.), BENNINGTON",0.34,S10500202,LRS,Property Damage Only,"(42.89389237, -73.19362336)"
1104,VT0020100,12BN01586,03/14/2012,FAU-1050 Kocher Drive,Bennington,NO DATA,NO DATA,NO DATA,NO DATA,KMart Plaza,NO DATA,NO DATA,30,NO DATA,NO DATA,442905,44083,NO DATA,NO DATA,NO DATA,Federal Aid Urban System (Class 2 TH's and 3 TH's,"TOWN HWY. NO. 28 (KOCHER DR.), BENNINGTON",0.11,S10500202,LRS,Property Damage Only,"(42.89414553, -73.19798430)"
1105,VT0020100,12BN05198,07/29/2012,FAU-1050 (104 Kocher Drive),Bennington,NO DATA,NO DATA,NO DATA,NO DATA,Bennington Square Entrance,NO DATA,NO DATA,30,3 - Same Direction Sideswipe,NO DATA,442987,44033,NO DATA,NO DATA,NO DATA,Federal Aid Urban System (Class 2 TH's and 3 TH's,"TOWN HWY. NO. 28 (KOCHER DR.), BENNINGTON",0.11,S10500202,LRS,Property Damage Only,"(42.89414553, -73.19798430)"
1111,VT0020100,12BN00581,01/27/2012,FAU-1046 School Street,Bennington,NO DATA,NO DATA,NO DATA,NO DATA,Gage Street,50,Feet,25,3 - Same Direction Sideswipe,North,442565,42174,NO DATA,NO DATA,NO DATA,Federal Aid Urban System (Class 2 TH's and 3 TH's,"SCHOOL ST., BENNINGTON",0.26,S10460202,LRS,Property Damage Only,"(42.88182643, -73.19483126)"
1112,VT0020100,12BN06432,09/10/2012,FAU-1046 (212 School Street),Bennington,NO DATA,NO DATA,NO DATA,NO DATA,NO DATA,NO DATA,NO DATA,25,1 - Rear End,NO DATA,443223,42403,NO DATA,NO DATA,NO DATA,Federal Aid Urban System (Class 2 TH's and 3 TH's,"SCHOOL ST., BENNINGTON",0.12,S10460202,LRS,Property Damage Only,"(42.87985508, -73.19491318)"
1113,VT0020100,12BN01110,02/22/2012,FAU 1046 (School Street),Bennington,NO DATA,NO DATA,NO DATA,NO DATA,Pleasant Street,NO DATA,NO DATA,30,"8 - No Turns, Thru moves only, Broadside ^<",NO DATA,443224,42343,NO DATA,NO DATA,NO DATA,Federal Aid Urban System (Class 2 TH's and 3 TH's,"SCHOOL ST., BENNINGTON",0.07,S10460202,LRS,Property Damage Only,"(42.87915123, -73.19494825)"
1114,VT0020100,12BN04831,07/16/2012,FAU-1040 (318 Pleasant Street),Bennington,NO DATA,NO DATA,NO DATA,NO DATA,Valentine Street,400,Feet,25,"16 - Right Turn and Thru, Same Direction Sideswipe/Angle Crash ^^--",NO DATA,440800,46025,NO DATA,NO DATA,NO DATA,Federal Aid Urban System (Class 2 TH's and 3 TH's,"PLEASANT ST., BENNINGTON",0.34,S10400202,LRS,Property Damage Only,"(42.87911792, -73.19057646)"
1115,VT0020100,12BN07056,10/05/2012,FAU-1038 Park Street,Bennington,NO DATA,NO DATA,NO DATA,NO DATA,Kocher Drive,100,Feet,30,1 - Rear End,South,443394,43905,NO DATA,NO DATA,NO DATA,Federal Aid Urban System (Class 2 TH's and 3 TH's,"PARK ST., BENNINGTON",0.63,S10380202,LRS,Property Damage Only,"(42.89341467, -73.19322972)"
1116,VT0020100,12BN02807,05/03/2012,FAU-1038 Park Street,Bennington,NO DATA,NO DATA,NO DATA,NO DATA,Vt. Veterans Home,200,Feet,99,1 - Rear End,NO DATA,443387,42626,NO DATA,NO DATA,NO DATA,Federal Aid Urban System (Class 2 TH's and 3 TH's,"PARK ST., BENNINGTON",0.26,S10380202,LRS,Property Damage Only,"(42.88807888, -73.19272291)"
1122,VT0020100,12BN08882,12/19/2012,FAU-1034 Monument Avenue,Bennington,NO DATA,NO DATA,NO DATA,NO DATA,Meadowbrook,NO DATA,NO DATA,30,"8 - No Turns, Thru moves only, Broadside ^<",NO DATA,442183,40766,NO DATA,NO DATA,NO DATA,Federal Aid Urban System (Class 2 TH's and 3 TH's,"MONUMENT ROAD, BENNINGTON",0.91,S10340202,LRS,Property Damage Only,"(42.86480706, -73.20773278)"
1123,VT0020100,12BN01001,02/16/2012,FAU 1032 (792 Matteson Avenue),Bennington,NO DATA,NO DATA,NO DATA,NO DATA,NO DATA,NO DATA,NO DATA,30,3 - Same Direction Sideswipe,NO DATA,440569,46457,NO DATA,NO DATA,NO DATA,Federal Aid Urban System (Class 2 TH's and 3 TH's,"MATTISON ROAD, BENNINGTON",0.12,S10320202,LRS,Property Damage Only,"(42.91507949, -73.22708102)"
1124,VT0020100,12BN08617,12/07/2012,FAU-1030 Hunt St. West/Benmont Avenue,Bennington,NO DATA,NO DATA,NO DATA,NO DATA,Taco Bell/ Kentucky Fried Chicken,10,Feet,30,"10 - Left Turn and Thru, Angle Broadside -->v--",South,442492,44099,NO DATA,NO DATA,NO DATA,Federal Aid Urban System (Class 2 TH's and 3 TH's,"HUNT ST. WEST, BENNINGTON",0.2,S10300202,LRS,Property Damage Only,"(42.89417256, -73.20248928)"
1125,VT0020100,12BN01735,03/20/2012,FAU-1028 (15 Hunt Street),Bennington,NO DATA,NO DATA,NO DATA,NO DATA,Bank Street,NO DATA,NO DATA,30,4 - Opp Direction Sideswipe,NO DATA,442378,43905,NO DATA,NO DATA,NO DATA,Federal Aid Urban System (Class 2 TH's and 3 TH's,"HUNT ST. EXT., BENNINGTON",0.25,S10280202,LRS,Property Damage Only,"(42.89310645, -73.20510640)"
1126,VT0020100,12BN00991,02/15/2012,FAU 1024 (Gage Street),Bennington,NO DATA,NO DATA,NO DATA,NO DATA,NO DATA,300,Feet,30,2 - Head On,West,444608,42503,NO DATA,NO DATA,NO DATA,Federal Aid Urban System (Class 2 TH's and 3 TH's,"GAGE ST., BENNINGTON",0.98,S10240202,LRS,Property Damage Only,"(42.88064531, -73.17816899)"
1127,VT0020100,12BN03129,05/15/2012,FAU 1024 Gage Street,Bennington,NO DATA,NO DATA,NO DATA,NO DATA,North Branch Street,NO DATA,NO DATA,30,"16 - Right Turn and Thru, Same Direction Sideswipe/Angle Crash ^^--",NO DATA,444382,42502,NO DATA,NO DATA,NO DATA,Federal Aid Urban System (Class 2 TH's and 3 TH's,"GAGE ST., BENNINGTON",0.85,S10240202,LRS,Property Damage Only,"(42.88117736, -73.18052404)"
1145,VT0020100,12BN07297,10/15/2012,FAU-1018 (120Depot Street),Bennington,NO DATA,NO DATA,NO DATA,NO DATA,Anytime Fitness Parking Lot,NO DATA,NO DATA,99,"8 - No Turns, Thru moves only, Broadside ^<",NO DATA,442897,42461,NO DATA,NO DATA,NO DATA,Federal Aid Urban System (Class 2 TH's and 3 TH's,"DEPOT ST., BENNINGTON",0.08,S10180202,LRS,Property Damage Only,"(42.88048819, -73.19875193)"
1146,VT0020100,12BN09168,12/31/2012,FAU-1012 (914 County Street),Bennington,NO DATA,NO DATA,NO DATA,NO DATA,County Street,30,Feet,35,3 - Same Direction Sideswipe,West,428639,318463,NO DATA,NO DATA,NO DATA,Federal Aid Urban System (Class 2 TH's and 3 TH's,"COUNTY RD., BENNINGTON",0.93,S10120202,LRS,Property Damage Only,"(42.88387020, -73.18456986)"
1147,VT0020100,12BN04238,06/24/2012,FAU-1012 County Street,Bennington,NO DATA,NO DATA,NO DATA,NO DATA,Grove Street,200,Feet,30,1 - Rear End,East,444057,42881,NO DATA,NO DATA,NO DATA,Federal Aid Urban System (Class 2 TH's and 3 TH's,"COUNTY RD., BENNINGTON",0.9,S10120202,LRS,Injury,"(42.88390534, -73.18512821)"
1148,VT0020100,12BN03858,06/11/2012,FAU-1012 County Street,Bennington,NO DATA,NO DATA,NO DATA,NO DATA,Safford Street,NO DATA,NO DATA,30,6 - Single Vehicle Crash,NO DATA,443821,42890,NO DATA,NO DATA,NO DATA,Federal Aid Urban System (Class 2 TH's and 3 TH's,"COUNTY RD., BENNINGTON",0.77,S10120202,LRS,Injury,"(42.88403421, -73.18755040)"
1149,VT0020100,12BN02788,05/02/2012,FAU 1012 (800 County Street),Bennington,NO DATA,NO DATA,NO DATA,NO DATA,Safford Street,10,Feet,25,1 - Rear End,South,443811,42888,NO DATA,NO DATA,NO DATA,Federal Aid Urban System (Class 2 TH's and 3 TH's,"COUNTY RD., BENNINGTON",0.76,S10120202,LRS,Property Damage Only,"(42.88404330, -73.18773679)"
1150,VT0020100,12BN03644,06/02/2012,FAU-1012 County Street,Bennington,NO DATA,NO DATA,NO DATA,NO DATA,Park Street,NO DATA,NO DATA,30,"8 - No Turns, Thru moves only, Broadside ^<",NO DATA,443388,42920,NO DATA,NO DATA,NO DATA,Federal Aid Urban System (Class 2 TH's and 3 TH's,"COUNTY RD., BENNINGTON",0.47,S10120202,LRS,Property Damage Only,"(42.88430404, -73.19314181)"
1157,VT0020100,12BN06325,09/06/2012,FAU-1012 County Street,Bennington,NO DATA,NO DATA,NO DATA,NO DATA,Depot Street,NO DATA,NO DATA,30,7 - Other - Explain in Narrative,NO DATA,442929,42940,NO DATA,NO DATA,NO DATA,Federal Aid Urban System (Class 2 TH's and 3 TH's,"COUNTY RD., BENNINGTON",0.18,S10120202,LRS,Property Damage Only,"(42.88445997, -73.19855446)"
1158,VT0020100,12BN01732,03/20/2012,FAU-1012 County Street,Bennington,NO DATA,NO DATA,NO DATA,NO DATA,Depot Street,NO DATA,NO DATA,30,1 - Rear End,NO DATA,443082,42931,NO DATA,NO DATA,NO DATA,Federal Aid Urban System (Class 2 TH's and 3 TH's,"COUNTY RD., BENNINGTON",0.18,S10120202,LRS,Property Damage Only,"(42.88445997, -73.19855446)"
1159,VT0020100,12BN09010,12/24/2012,FAU-1012 County Street,Bennington,NO DATA,NO DATA,NO DATA,NO DATA,Depot Street,0,Miles,30,"14 - Left Turn and Thru, Broadside v<--",West,443074,42916,NO DATA,NO DATA,NO DATA,Federal Aid Urban System (Class 2 TH's and 3 TH's,"COUNTY RD., BENNINGTON",0.08,S10120202,LRS,Injury,"(42.88450206, -73.20042155)"
1160,VT0020100,12BN05488,08/07/2012,FAU-1010 (178 Burgess Road),Bennington,NO DATA,NO DATA,NO DATA,NO DATA,NO DATA,NO DATA,NO DATA,30,"8 - No Turns, Thru moves only, Broadside ^<",NO DATA,445075,42421,NO DATA,NO DATA,NO DATA,Federal Aid Urban System (Class 2 TH's and 3 TH's,"BURGESS RD., BENNINGTON",0.18,S10100202,LRS,Property Damage Only,"(42.87972282, -73.17210732)"
1161,VT0020100,12BN00623,01/29/2012,FAU 1009 (North Branch Street),Bennington,NO DATA,NO DATA,NO DATA,NO DATA,Park Street,NO DATA,NO DATA,35,1 - Rear End,NO DATA,443391,43977,NO DATA,NO DATA,NO DATA,Federal Aid Urban System (Class 2 TH's and 3 TH's,"BROOKLYN DR., BENNINGTON",1.19,S10090202,LRS,Property Damage Only,"(42.89380751, -73.19306342)"
1162,VT0020100,12BN05735,08/16/2012,FAU-1009 (983 North Branch Street),Bennington,NO DATA,NO DATA,NO DATA,NO DATA,NO DATA,NO DATA,NO DATA,30,1 - Rear End,NO DATA,443756,43953,NO DATA,NO DATA,NO DATA,Federal Aid Urban System (Class 2 TH's and 3 TH's,"BROOKLYN DR., BENNINGTON",1,S10090202,LRS,Property Damage Only,"(42.89354055, -73.18944960)"
1179,VT0020100,12BN07232,10/12/2012,FAU-1000 Beech Street,Bennington,NO DATA,NO DATA,NO DATA,NO DATA,Main Street,NO DATA,NO DATA,30,"9 - Left and Right Turns, Simultaneous Turn Crash --vv--",NO DATA,444007,42268,NO DATA,NO DATA,NO DATA,Federal Aid Urban System (Class 2 TH's and 3 TH's,"BEECH ST.&S. STREAM RD., BENNINGTON",0.86,S10000202,LRS,Property Damage Only,"(42.87882650, -73.18608569)"
1180,VT0020100,12BN09153,12/31/2012,FAU-1000 Beech Street,Bennington,NO DATA,NO DATA,NO DATA,NO DATA,Chimes Street,NO DATA,NO DATA,30,7 - Other - Explain in Narrative,NO DATA,444168,41989,NO DATA,NO DATA,NO DATA,Federal Aid Urban System (Class 2 TH's and 3 TH's,"BEECH ST.&S. STREAM RD., BENNINGTON",0.61,S10000202,LRS,Property Damage Only,"(42.87591229, -73.18326068)"
1181,VT0020100,12BN05459,08/07/2012,FAU-1000 South Stream Road,Bennington,NO DATA,NO DATA,NO DATA,NO DATA,Gore Road,200,Feet,35,3 - Same Direction Sideswipe,South,444725,41383,NO DATA,NO DATA,NO DATA,Federal Aid Urban System (Class 2 TH's and 3 TH's,"BEECH ST.&S. STREAM RD., BENNINGTON",0.14,S10000202,LRS,Property Damage Only,"(42.87104254, -73.17692667)"
1182,VT0041200,12HB01286,11/27/2012,FAS-327 (1934 Pond Rd),Hinesburg,NO DATA,NO DATA,NO DATA,NO DATA,Pond Brook Rd,1,Miles,35,6 - Single Vehicle Crash,North,452835,207637,NO DATA,NO DATA,NO DATA,Federal Aid Secondary System (Class 2 TH),FAS 0327,1.98,S03270407,LRS,Property Damage Only,"(44.36744684, -73.09175163)"
1183,VT0041200,12HB00539,05/28/2012,FAS-327 (1809 Pond Rd),Hinesburg,NO DATA,NO DATA,NO DATA,NO DATA,Driveway,75,Feet,35,6 - Single Vehicle Crash,NO DATA,452851,207425,NO DATA,NO DATA,NO DATA,Federal Aid Secondary System (Class 2 TH),FAS 0327,1.83,S03270407,LRS,Property Damage Only,"(44.36525223, -73.09158752)"
1184,VT0041200,12HB00546,05/30/2012,FAS-327 Pond Rd,Hinesburg,NO DATA,NO DATA,NO DATA,NO DATA,Pine Shore Dr,15,Feet,35,"10 - Left Turn and Thru, Angle Broadside -->v--",East,455805,190646,NO DATA,NO DATA,NO DATA,Federal Aid Secondary System (Class 2 TH),FAS 0327,1.68,S03270407,LRS,Property Damage Only,"(44.36305548, -73.09183636)"
1185,VT0041200,12HB00314,03/25/2012,FAS-327 (1396 Pond Rd),Hinesburg,NO DATA,NO DATA,NO DATA,NO DATA,Kozas Run,667,Feet,35,6 - Single Vehicle Crash,South,452767,206737,NO DATA,NO DATA,NO DATA,Federal Aid Secondary System (Class 2 TH),FAS 0327,1.43,S03270407,LRS,Property Damage Only,"(44.35942066, -73.09255187)"
1192,VT0020100,12BN07226,10/12/2012,FAU-1022 Elm Street,Bennington,NO DATA,NO DATA,7,NO DATA,NO DATA,NO DATA,NO DATA,30,7 - Other - Explain in Narrative,NO DATA,442542,42167,NO DATA,NO DATA,NO DATA,Federal Aid Urban System (Class 2 TH's and 3 TH's,"ELM ST., BENNINGTON",0.34,S10220202,LRS,Injury,"(42.87750231, -73.20329761)"
1193,VT0110200,12RL01849,03/07/2012,FAU 3038 (Madison Street),Rutland City,NO DATA,NO DATA,NO DATA,NO DATA,Strongs Avenue,NO DATA,NO DATA,30,7 - Other - Explain in Narrative,East,461670,122563,NO DATA,NO DATA,NO DATA,Federal Aid Urban System (Class 2 TH's and 3 TH's,"MADISON ST., RUTLAND CITY",0,S30381119,LRS,Property Damage Only,"(43.60324916, -72.97607387)"
1194,VT0110200,12RL02612,03/27/2012,FAU 3036 (Lincoln Avenue),Rutland City,NO DATA,NO DATA,NO DATA,NO DATA,Crescent Street,NO DATA,NO DATA,30,"8 - No Turns, Thru moves only, Broadside ^<",NO DATA,461297,124081,NO DATA,NO DATA,NO DATA,Federal Aid Urban System (Class 2 TH's and 3 TH's,"LINCOLN AVE., RUTLAND CITY",0.75,S30361119,LRS,Property Damage Only,"(43.61909785, -72.97759945)"
1195,VT0110200,12RL09808,09/23/2012,FAU-3036 Lincoln Avenue,Rutland City,NO DATA,NO DATA,NO DATA,NO DATA,Burnham Avenue,NO DATA,NO DATA,30,"8 - No Turns, Thru moves only, Broadside ^<",NO DATA,461560,123569,NO DATA,NO DATA,NO DATA,Federal Aid Urban System (Class 2 TH's and 3 TH's,"LINCOLN AVE., RUTLAND CITY",0.29,S30361119,LRS,Property Damage Only,"(43.61250245, -72.97629619)"
1196,VT0110200,12RL04110,05/10/2012,FAU-3036 (31 Lincoln Avenue),Rutland City,NO DATA,NO DATA,NO DATA,NO DATA,Williams Street,NO DATA,NO DATA,30,"8 - No Turns, Thru moves only, Broadside ^<",North,461560,123569,NO DATA,NO DATA,NO DATA,Federal Aid Urban System (Class 2 TH's and 3 TH's,"LINCOLN AVE., RUTLAND CITY",0.17,S30361119,LRS,Property Damage Only,"(43.61078159, -72.97595901)"
1197,VT0110200,12RL01435,02/21/2012,FAU-3036 (32 Lincoln Avenue),Rutland City,NO DATA,NO DATA,NO DATA,NO DATA,Grant Avenue,100,Feet,30,1 - Rear End,North,460561,123569,NO DATA,NO DATA,NO DATA,Federal Aid Urban System (Class 2 TH's and 3 TH's,"LINCOLN AVE., RUTLAND CITY",0.16,S30361119,LRS,Fatal,"(43.61063817, -72.97593103)"
1203,VT0110200,12RL02614,03/27/2012,FAU-3022 North Grove Street,Rutland City,NO DATA,NO DATA,NO DATA,NO DATA,Crescent Street,30,Feet,30,7 - Other - Explain in Narrative,North,450945,124003,NO DATA,NO DATA,NO DATA,Federal Aid Urban System (Class 2 TH's and 3 TH's,"GROVE ST., RUTLAND CITY",0.44,S30221119,LRS,Property Damage Only,"(43.61542758, -72.98344582)"
1204,VT0110200,12RL09723,09/01/2012,FAU-3022 (129 Grove Street),Rutland City,NO DATA,NO DATA,NO DATA,NO DATA,Grove Street,35,Feet,99,7 - Other - Explain in Narrative,North,461041,123918,NO DATA,NO DATA,NO DATA,Federal Aid Urban System (Class 2 TH's and 3 TH's,"GROVE ST., RUTLAND CITY",0.36,S30221119,LRS,Property Damage Only,"(43.61438069, -72.98271632)"
1205,VT0110200,12RL00956,02/04/2012,Grove Street,Rutland City,NO DATA,NO DATA,NO DATA,NO DATA,Park Avenue,NO DATA,NO DATA,30,4 - Opp Direction Sideswipe,NO DATA,461056,123883,NO DATA,NO DATA,NO DATA,Federal Aid Urban System (Class 2 TH's and 3 TH's,"GROVE ST., RUTLAND CITY",0.34,S30221119,LRS,Property Damage Only,"(43.61411140, -72.98255477)"
1206,VT0110200,12RL07424,07/28/2012,FAU-3022 Grove Street,Rutland City,NO DATA,NO DATA,NO DATA,NO DATA,Maple Street,NO DATA,NO DATA,30,"8 - No Turns, Thru moves only, Broadside ^<",NO DATA,461140,123695,NO DATA,NO DATA,NO DATA,Federal Aid Urban System (Class 2 TH's and 3 TH's,"GROVE ST., RUTLAND CITY",0.16,S30221119,LRS,Injury,"(43.61167394, -72.98125634)"
1207,VT0110200,12RL02695,03/30/2012,FAU 3022 (Grove Street),Rutland City,NO DATA,NO DATA,NO DATA,NO DATA,Williams Street,5,Feet,30,"8 - No Turns, Thru moves only, Broadside ^<",North,461181,123514,NO DATA,NO DATA,NO DATA,Federal Aid Urban System (Class 2 TH's and 3 TH's,"GROVE ST., RUTLAND CITY",0.09,S30221119,LRS,Property Damage Only,"(43.61065664, -72.98105081)"
1208,VT0110200,12RL01403,02/21/2012,FAU 3022 Grove Street,Rutland City,NO DATA,NO DATA,NO DATA,NO DATA,State Street,10,Feet,30,"8 - No Turns, Thru moves only, Broadside ^<",North,461185,123047,NO DATA,NO DATA,NO DATA,Federal Aid Urban System (Class 2 TH's and 3 TH's,"GROVE ST., RUTLAND CITY",0,S30221119,LRS,Property Damage Only,"(43.60934471, -72.98082726)"
1214,VTVSP0300,12C103890,07/27/2012,FAU 3012 (25 Evelyn St),Rutland City,NO DATA,NO DATA,NO DATA,NO DATA,NO DATA,NO DATA,NO DATA,30,6 - Single Vehicle Crash,NO DATA,461114,123008,NO DATA,NO DATA,NO DATA,Federal Aid Urban System (Class 2 TH's and 3 TH's,"EVELYN ST., RUTLAND CITY",0.08,S30121119,LRS,Property Damage Only,"(43.60697186, -72.98153489)"
1215,VT0110200,12RL02731,03/31/2012,FAU 3012 (Evelyn Street),Rutland City,NO DATA,NO DATA,NO DATA,NO DATA,West Street,20,Feet,30,6 - Single Vehicle Crash,South,461092,123154,NO DATA,NO DATA,NO DATA,Federal Aid Urban System (Class 2 TH's and 3 TH's,"EVELYN ST., RUTLAND CITY",0.04,S30121119,LRS,Property Damage Only,"(43.60661309, -72.98079446)"
1216,VT0110200,12RL12146,11/30/2012,FAU-3010 East Street,Rutland City,NO DATA,NO DATA,NO DATA,NO DATA,Spellman Terrace,NO DATA,NO DATA,30,"8 - No Turns, Thru moves only, Broadside ^<",NO DATA,462198,122956,NO DATA,NO DATA,NO DATA,Federal Aid Urban System (Class 2 TH's and 3 TH's,"EAST ST., RUTLAND CITY",0.22,S30101119,LRS,Property Damage Only,"(43.60595137, -72.96821964)"
1217,VT0110200,12RL04602,05/27/2012,FAU-3008 Dorr Drive,Rutland City,NO DATA,NO DATA,NO DATA,NO DATA,College Of St Joseph,NO DATA,NO DATA,30,"12 - Left Turn and Thru, Same Direction Sideswipe/Angle Crash vv--",NO DATA,455533,122515,NO DATA,NO DATA,NO DATA,Federal Aid Urban System (Class 2 TH's and 3 TH's,"DORR DRIVE, RUTLAND CITY",1.5,S30081119,LRS,Property Damage Only,"(43.60207437, -73.00124366)"
1218,VT0110200,12RL05333,06/11/2012,FAU 3008 (Dorr Drive),Rutland City,NO DATA,NO DATA,NO DATA,NO DATA,Stone Ridge,NO DATA,NO DATA,30,7 - Other - Explain in Narrative,NO DATA,466292,121329,NO DATA,NO DATA,NO DATA,Federal Aid Urban System (Class 2 TH's and 3 TH's,"DORR DRIVE, RUTLAND CITY",0.79,S30081119,LRS,Property Damage Only,"(43.59756920, -72.99390630)"
1219,VT0110200,12RL09952,09/27/2012,FAU-3006 Crescent Street,Rutland City,NO DATA,NO DATA,NO DATA,NO DATA,North Main Street,NO DATA,NO DATA,30,1 - Rear End,NO DATA,461753,124105,NO DATA,NO DATA,NO DATA,Federal Aid Urban System (Class 2 TH's and 3 TH's,"CRESCENT ST., RUTLAND CITY",0.91,S30061119,LRS,Property Damage Only,"(43.61633664, -72.97373517)"
1225,VT0110200,12RL06327,07/03/2012,FAU-3004 (65 Church Street),Rutland City,NO DATA,NO DATA,NO DATA,NO DATA,Library Avenue,100,Feet,30,7 - Other - Explain in Narrative,NO DATA,461339,123725,NO DATA,NO DATA,NO DATA,Federal Aid Urban System (Class 2 TH's and 3 TH's,"CHURCH ST., RUTLAND CITY",0.31,S30041119,LRS,Property Damage Only,"(43.61232305, -72.97891075)"
1226,VT0110200,12RL01115,02/09/2012,FAU-3004 Church Street,Rutland City,NO DATA,NO DATA,NO DATA,NO DATA,15 Church Street,NO DATA,NO DATA,30,7 - Other - Explain in Narrative,NO DATA,461380,123348,NO DATA,NO DATA,NO DATA,Federal Aid Urban System (Class 2 TH's and 3 TH's,"CHURCH ST., RUTLAND CITY",0.08,S30041119,LRS,Property Damage Only,"(43.60915873, -72.97829696)"