ID,Reporting Agency,Report Number,Date,Street Address,Town,Number,Number1,Number2,Number3,Intersection,Distance From Intersection,Distance Unit,Posted Speed,Direction of Collision,Direction from Intersection,Easting,Northing,Mile Marker,Mile Marker 1,Mile Marker 2,AOT Roadway,AOT Route,AOT Actual Mile,LRS Number,How Mapped,Crash Type,Location 1
1227,VT0110200,12RL08144,08/13/2012,FAU 3004 (Church Street),Rutland City,NO DATA,NO DATA,NO DATA,NO DATA,IFO 13,NO DATA,NO DATA,30,1 - Rear End,South,461597,122939,NO DATA,NO DATA,NO DATA,Federal Aid Urban System (Class 2 TH's and 3 TH's,"CHURCH ST., RUTLAND CITY",0.07,S30041119,LRS,Injury,"(43.60902692, -72.97823618)"
1228,VT0110200,12RL02043,03/12/2012,FAU 3002 (Allen Street),Rutland City,NO DATA,NO DATA,NO DATA,NO DATA,Stratton Road,NO DATA,NO DATA,30,1 - Rear End,NO DATA,463187,122219,NO DATA,NO DATA,NO DATA,Federal Aid Urban System (Class 2 TH's and 3 TH's,"ALLEN ST., RUTLAND CITY",0.76,S30021119,LRS,Property Damage Only,"(43.59926911, -72.95573363)"
1229,VT0110200,12RL02549,03/26/2012,FAU 3002 (Allen Street),Rutland City,NO DATA,NO DATA,NO DATA,NO DATA,Rutland Regional Medical Center Employee Entrance,NO DATA,NO DATA,30,1 - Rear End,NO DATA,463373,122227,NO DATA,NO DATA,NO DATA,Federal Aid Urban System (Class 2 TH's and 3 TH's,"ALLEN ST., RUTLAND CITY",0.62,S30021119,LRS,Property Damage Only,"(43.59864521, -72.95834308)"
1230,VT0110200,12RL07929,08/08/2012,FAU-3002 Allen Street,Rutland City,NO DATA,NO DATA,NO DATA,NO DATA,Rutland Pharmacy,NO DATA,NO DATA,30,1 - Rear End,South,462580,122030,NO DATA,NO DATA,NO DATA,Federal Aid Urban System (Class 2 TH's and 3 TH's,"ALLEN ST., RUTLAND CITY",0.38,S30021119,LRS,Property Damage Only,"(43.59757977, -72.96281876)"
1237,VT0110200,12RL12238,12/02/2012,FAU-3002 Allen Street,Rutland City,NO DATA,NO DATA,NO DATA,NO DATA,South Main Street,NO DATA,NO DATA,30,6 - Single Vehicle Crash,NO DATA,462044,121850,NO DATA,NO DATA,NO DATA,Federal Aid Urban System (Class 2 TH's and 3 TH's,"ALLEN ST., RUTLAND CITY",0,S30021119,LRS,Property Damage Only,"(43.59591897, -72.96991594)"
1238,VT0130200,12BB06479,08/22/2012,FAU-2044 Union Hill,Brattleboro,NO DATA,NO DATA,NO DATA,NO DATA,Western Ave,NO DATA,NO DATA,30,3 - Same Direction Sideswipe,NO DATA,004-94-389,000-39-134,NO DATA,NO DATA,NO DATA,Federal Aid Urban System (Class 2 TH's and 3 TH's,"UNION ST., BRATTLEBORO",0.18,S20441302,LRS,Property Damage Only,"(42.85231094, -72.56842775)"
1239,VT0130200,12BB08896,11/24/2012,FAU-2042 South Main St,Brattleboro,NO DATA,NO DATA,NO DATA,NO DATA,Canal St,NO DATA,NO DATA,25,NO DATA,NO DATA,NO DATA,NO DATA,NO DATA,NO DATA,NO DATA,Federal Aid Urban System (Class 2 TH's and 3 TH's,"SOUTH MAIN ST., BRATTLEBORO",0.91,S20421302,LRS,Property Damage Only,"(42.85029010, -72.55793439)"
1240,VT0130200,12BB03331,05/08/2012,FAU-2042 South Main St,Brattleboro,NO DATA,NO DATA,NO DATA,NO DATA,Main St,NO DATA,NO DATA,25,NO DATA,NO DATA,NO DATA,NO DATA,NO DATA,NO DATA,NO DATA,Federal Aid Urban System (Class 2 TH's and 3 TH's,"SOUTH MAIN ST., BRATTLEBORO",0.91,S20421302,LRS,Property Damage Only,"(42.85029010, -72.55793439)"
1241,VT0130200,12BB02395,04/02/2012,FAU 2042 (60 S. Main Street),Brattleboro,NO DATA,NO DATA,NO DATA,NO DATA,60 South Main St,NO DATA,NO DATA,25,NO DATA,NO DATA,NO DATA,NO DATA,NO DATA,NO DATA,NO DATA,Federal Aid Urban System (Class 2 TH's and 3 TH's,"SOUTH MAIN ST., BRATTLEBORO",0.8,S20421302,LRS,Property Damage Only,"(42.84893553, -72.55687664)"
1242,VT0130200,12BB00470,01/19/2012,FAU-2042 South Main St,Brattleboro,NO DATA,NO DATA,NO DATA,NO DATA,Left Bank Way,NO DATA,NO DATA,25,1 - Rear End,NO DATA,004-95-251,000-38-900,NO DATA,NO DATA,NO DATA,Federal Aid Urban System (Class 2 TH's and 3 TH's,"SOUTH MAIN ST., BRATTLEBORO",0.77,S20421302,LRS,Property Damage Only,"(42.84851205, -72.55667991)"
1281,VT0130200,12BB04882,06/30/2012,FAU-2004 Bridge St,Brattleboro,NO DATA,NO DATA,NO DATA,NO DATA,Rte 142,NO DATA,NO DATA,25,NO DATA,NO DATA,NO DATA,NO DATA,NO DATA,NO DATA,NO DATA,Federal Aid Urban System (Class 2 TH's and 3 TH's,"BRIDGE ST., VT 119, BRATTLEBORO",0,S20041302,LRS,Property Damage Only,"(42.85091531, -72.55718046)"
1282,VT0130200,12BB00855,02/02/2012,FAU 2004 (Bridge Street),Brattleboro,NO DATA,NO DATA,NO DATA,NO DATA,Main St,NO DATA,NO DATA,25,1 - Rear End,NO DATA,004-95-310,000-38-993,NO DATA,NO DATA,NO DATA,Federal Aid Urban System (Class 2 TH's and 3 TH's,"BRIDGE ST., VT 119, BRATTLEBORO",0,S20041302,LRS,Property Damage Only,"(42.85091531, -72.55718046)"
1283,VTVSP0900,12C303233,10/22/2012,FAU-1618 (207 Cleveland Ave),Shaftsbury,4,NO DATA,NO DATA,NO DATA,Holiday Drive,10,Feet,30,6 - Single Vehicle Crash,North,441826,49382,NO DATA,NO DATA,NO DATA,Federal Aid Urban System (Class 2 TH's and 3 TH's,"CLEVELAND AVE. (TOWN HWY NO.4), SHAFTSBURY",0.2,S16180213,LRS,Property Damage Only,"(42.94226246, -73.21269486)"
1284,VTVSP0900,12C301596,06/10/2012,FAU 1608 (14 Hawks Ave),Shaftsbury,3,NO DATA,NO DATA,NO DATA,Grandview St,NO DATA,NO DATA,25,"8 - No Turns, Thru moves only, Broadside ^<",NO DATA,439371,48474,NO DATA,NO DATA,NO DATA,Federal Aid Urban System (Class 2 TH's and 3 TH's,"HAWKS-WHITE CREEK, SHAFTSBURY",0.6,S16080213,LRS,Injury,"(42.93397460, -73.24309554)"
1285,VT0020100,12BN02505,04/20/2012,FAU 1406 (Monument Avenue),Bennington,NO DATA,NO DATA,NO DATA,NO DATA,Vermont Route 9,NO DATA,NO DATA,30,"12 - Left Turn and Thru, Same Direction Sideswipe/Angle Crash vv--",NO DATA,441744,42815,NO DATA,NO DATA,NO DATA,Federal Aid Urban System (Class 2 TH's and 3 TH's,"MONUMENT AVE., OLD BENNINGTON VILLAGE",0.49,S14060202,LRS,Property Damage Only,"(42.88419955, -73.21328417)"
1286,VT0040100,2012BU003427,02/09/2012,FAU 5032 (North Street),Burlington,NO DATA,NO DATA,NO DATA,NO DATA,Murray St,5,Feet,25,"14 - Left Turn and Thru, Broadside v<--",West,NO DATA,NO DATA,NO DATA,NO DATA,NO DATA,Federal Aid Urban System (Class 2 TH's and 3 TH's,"NORTH ST., BURLINGTON",0.31,S50320403,LRS,Property Damage Only,"(44.48467290, -73.21612684)"
1292,VT0040100,2012BU001992,01/23/2012,FAU 5032 (North Street),Burlington,NO DATA,NO DATA,NO DATA,NO DATA,N Union St,40,Feet,25,3 - Same Direction Sideswipe,South,NO DATA,NO DATA,NO DATA,NO DATA,NO DATA,Federal Aid Urban System (Class 2 TH's and 3 TH's,"NORTH ST., BURLINGTON",0.62,S50320403,LRS,Property Damage Only,"(44.48484997, -73.20993167)"
1293,VT0040100,12BU004314,02/21/2012,FAU-5036 Park St.,Burlington,NO DATA,NO DATA,NO DATA,NO DATA,Sherman St.,100,Feet,25,1 - Rear End,South,NO DATA,NO DATA,NO DATA,NO DATA,NO DATA,Federal Aid Urban System (Class 2 TH's and 3 TH's,"PARK ST., BURLINGTON",0.11,S50360403,LRS,Injury,"(44.48188973, -73.21913593)"
1294,VT0040100,2012BU016653,07/07/2012,FAU-5032 (28 North St),Burlington,NO DATA,NO DATA,NO DATA,NO DATA,Rose St,300,Feet,25,3 - Same Direction Sideswipe,West,NO DATA,NO DATA,NO DATA,NO DATA,NO DATA,Federal Aid Urban System (Class 2 TH's and 3 TH's,"NORTH ST., BURLINGTON",0.06,S50320403,LRS,Property Damage Only,"(44.48447945, -73.22111932)"
1295,VT0040100,12BU011545,05/16/2012,FAU-5032 North St,Burlington,NO DATA,NO DATA,NO DATA,NO DATA,North Ave,NO DATA,NO DATA,25,3 - Same Direction Sideswipe,NO DATA,NO DATA,NO DATA,NO DATA,NO DATA,NO DATA,Federal Aid Urban System (Class 2 TH's and 3 TH's,"NORTH ST., BURLINGTON",0,S50320403,LRS,Property Damage Only,"(44.48443812, -73.22231795)"
1296,VT0040100,2012BU14706,06/18/2012,FAU-5028 (245 N Champlain St),Burlington,NO DATA,NO DATA,NO DATA,NO DATA,Manhattan,30,Feet,25,1 - Rear End,East,NO DATA,NO DATA,NO DATA,NO DATA,NO DATA,Federal Aid Urban System (Class 2 TH's and 3 TH's,"N CHAMPLAIN ST., BURLINGTON",0.49,S50280403,LRS,Injury,"(44.48742371, -73.21794047)"
1297,VT0040100,2012BU006890,03/22/2012,FAU 5038 (Pearl Street),Burlington,NO DATA,NO DATA,NO DATA,NO DATA,Hungerford Terr,100,Feet,25,3 - Same Direction Sideswipe,West,NO DATA,NO DATA,NO DATA,NO DATA,NO DATA,Federal Aid Urban System (Class 2 TH's and 3 TH's,"PEARL ST., BURLINGTON",0.59,S50380403,LRS,Property Damage Only,"(44.48060805, -73.20742507)"
1298,VT0040100,2012BU003551,02/10/2012,FAU 5028 (N Champlain Street),Burlington,NO DATA,NO DATA,NO DATA,NO DATA,Poplar St,10,Feet,25,1 - Rear End,NO DATA,NO DATA,NO DATA,NO DATA,NO DATA,NO DATA,Federal Aid Urban System (Class 2 TH's and 3 TH's,"N CHAMPLAIN ST., BURLINGTON",0.42,S50280403,LRS,Injury,"(44.48640639, -73.21787225)"
1304,VT0040100,2012BU027545,10/25/2012,FAU-5028 N Champlain St,Burlington,NO DATA,NO DATA,NO DATA,NO DATA,Sherman St,NO DATA,NO DATA,25,7 - Other - Explain in Narrative,South,NO DATA,NO DATA,NO DATA,NO DATA,NO DATA,Federal Aid Urban System (Class 2 TH's and 3 TH's,"N CHAMPLAIN ST., BURLINGTON",0.12,S50280403,LRS,Property Damage Only,"(44.48204875, -73.21753310)"
1305,VT0040100,2012BU022574,09/04/2012,FAU-5038 Pearl St,Burlington,NO DATA,NO DATA,NO DATA,NO DATA,S Prospect St,10,Feet,25,"10 - Left Turn and Thru, Angle Broadside -->v--",North,NO DATA,NO DATA,NO DATA,NO DATA,NO DATA,Federal Aid Urban System (Class 2 TH's and 3 TH's,"PEARL ST., BURLINGTON",0.94,S50380403,LRS,Property Damage Only,"(44.48075268, -73.20054293)"
1306,VT0040100,2012BU02869,02/02/2012,FAU 5028 (46 N Champlain St),Burlington,NO DATA,NO DATA,NO DATA,NO DATA,Sherman St,100,Feet,25,7 - Other - Explain in Narrative,NO DATA,NO DATA,NO DATA,NO DATA,NO DATA,NO DATA,Federal Aid Urban System (Class 2 TH's and 3 TH's,"N CHAMPLAIN ST., BURLINGTON",0.1,S50280403,LRS,Property Damage Only,"(44.48175813, -73.21751228)"
1307,VT0040100,2012BU003056,02/04/2012,FAU 5026 (1548 North Ave),Burlington,NO DATA,NO DATA,NO DATA,NO DATA,Red Maple Lane,75,Feet,25,3 - Same Direction Sideswipe,South,NO DATA,NO DATA,NO DATA,NO DATA,NO DATA,Federal Aid Urban System (Class 2 TH's and 3 TH's,"NORTH AVE., BURLINGTON",3.06,S50260403,LRS,Property Damage Only,"(44.51527511, -73.25613749)"
1308,VT0040100,2012BU27552,10/25/2012,FAU-5026 North Ave,Burlington,NO DATA,NO DATA,NO DATA,NO DATA,Farimont St,NO DATA,NO DATA,25,1 - Rear End,NO DATA,NO DATA,NO DATA,NO DATA,NO DATA,NO DATA,Federal Aid Urban System (Class 2 TH's and 3 TH's,"NORTH AVE., BURLINGTON",3.02,S50260403,LRS,Property Damage Only,"(44.51486820, -73.25558605)"
1309,VT0040100,2012BU021893,08/29/2012,FAU-5026 North Ave,Burlington,NO DATA,NO DATA,NO DATA,NO DATA,Birch Ct,NO DATA,NO DATA,99,1 - Rear End,NO DATA,NO DATA,NO DATA,NO DATA,NO DATA,NO DATA,Federal Aid Urban System (Class 2 TH's and 3 TH's,"NORTH AVE., BURLINGTON",2.97,S50260403,LRS,Property Damage Only,"(44.51436504, -73.25488899)"
1315,VT0040100,2012BU014515,06/15/2012,FAU-5036 Park St,Burlington,NO DATA,NO DATA,NO DATA,NO DATA,Sherman St,NO DATA,NO DATA,99,3 - Same Direction Sideswipe,NO DATA,NO DATA,NO DATA,NO DATA,NO DATA,NO DATA,Federal Aid Urban System (Class 2 TH's and 3 TH's,"PARK ST., BURLINGTON",0.11,S50360403,LRS,Property Damage Only,"(44.48188973, -73.21913593)"
1316,VT0040100,2012BU021959,08/30/2012,FAU-5038 Pearl St,Burlington,NO DATA,NO DATA,NO DATA,NO DATA,No Union St,NO DATA,NO DATA,25,7 - Other - Explain in Narrative,NO DATA,NO DATA,NO DATA,NO DATA,NO DATA,NO DATA,Federal Aid Urban System (Class 2 TH's and 3 TH's,"PEARL ST., BURLINGTON",0.49,S50380403,LRS,Injury,"(44.48055553, -73.20939129)"
1317,VT0040100,2012BU015838,06/29/2012,FAU-5038 Pearl Street,Burlington,NO DATA,NO DATA,NO DATA,NO DATA,North Prospect Street,NO DATA,NO DATA,25,1 - Rear End,NO DATA,NO DATA,NO DATA,NO DATA,NO DATA,NO DATA,Federal Aid Urban System (Class 2 TH's and 3 TH's,"PEARL ST., BURLINGTON",0.93,S50380403,LRS,Property Damage Only,"(44.48076519, -73.20073883)"
1318,VT0040100,2012BU022807,09/07/2012,FAU-5036 Park St,Burlington,NO DATA,NO DATA,NO DATA,NO DATA,Sherman St,75,Feet,25,1 - Rear End,North,NO DATA,NO DATA,NO DATA,NO DATA,NO DATA,Federal Aid Urban System (Class 2 TH's and 3 TH's,"PARK ST., BURLINGTON",0.11,S50360403,LRS,Property Damage Only,"(44.48188973, -73.21913593)"
1319,VT0040100,2012BU001752,01/20/2012,FAU 5038 (Pearl Street),Burlington,NO DATA,NO DATA,NO DATA,NO DATA,No Prospect St,NO DATA,NO DATA,25,1 - Rear End,NO DATA,NO DATA,NO DATA,NO DATA,NO DATA,NO DATA,Federal Aid Urban System (Class 2 TH's and 3 TH's,"PEARL ST., BURLINGTON",0.93,S50380403,LRS,Property Damage Only,"(44.48076519, -73.20073883)"
1320,VT0040100,2012BU002136,01/24/2012,FAU 5038┬á (Pearl Street),Burlington,NO DATA,NO DATA,NO DATA,NO DATA,N Prospect St,100,Feet,25,1 - Rear End,West,NO DATA,NO DATA,NO DATA,NO DATA,NO DATA,Federal Aid Urban System (Class 2 TH's and 3 TH's,"PEARL ST., BURLINGTON",0.91,S50380403,LRS,Injury,"(44.48075144, -73.20113190)"
1321,VT0040100,2012BU020864,08/19/2012,FAU-5026 North Ave,Burlington,NO DATA,NO DATA,NO DATA,NO DATA,Staniford Ave,NO DATA,NO DATA,99,1 - Rear End,NO DATA,NO DATA,NO DATA,NO DATA,NO DATA,NO DATA,Federal Aid Urban System (Class 2 TH's and 3 TH's,"NORTH AVE., BURLINGTON",2.77,S50260403,LRS,Property Damage Only,"(44.51243289, -73.25227614)"
1327,VT0040100,2012BU026172,10/10/2012,FAU-5026 (1317 North Ave),Burlington,NO DATA,NO DATA,NO DATA,NO DATA,Gosse Ct,25,Feet,25,6 - Single Vehicle Crash,North,NO DATA,NO DATA,NO DATA,NO DATA,NO DATA,Federal Aid Urban System (Class 2 TH's and 3 TH's,"NORTH AVE., BURLINGTON",2.6,S50260403,LRS,Property Damage Only,"(44.51074043, -73.24999547)"
1328,VT0040100,2012BU025487,10/03/2012,FAU-5038 Pearl St,Burlington,NO DATA,NO DATA,NO DATA,NO DATA,S Union St,NO DATA,NO DATA,25,"8 - No Turns, Thru moves only, Broadside ^<",NO DATA,NO DATA,NO DATA,NO DATA,NO DATA,NO DATA,Federal Aid Urban System (Class 2 TH's and 3 TH's,"PEARL ST., BURLINGTON",0.49,S50380403,LRS,Property Damage Only,"(44.48055553, -73.20939129)"
1329,VT0040100,2012BU025589,10/04/2012,FAU-5026 North Ave.,Burlington,NO DATA,NO DATA,NO DATA,NO DATA,Gosse Ct,NO DATA,NO DATA,30,1 - Rear End,NO DATA,NO DATA,NO DATA,NO DATA,NO DATA,NO DATA,Federal Aid Urban System (Class 2 TH's and 3 TH's,"NORTH AVE., BURLINGTON",2.6,S50260403,LRS,Property Damage Only,"(44.51074043, -73.24999547)"
1330,VT0040100,2012BU022806,09/07/2012,FAU-5036 Park St,Burlington,NO DATA,NO DATA,NO DATA,NO DATA,Monroe St,20,Feet,25,3 - Same Direction Sideswipe,North,NO DATA,NO DATA,NO DATA,NO DATA,NO DATA,Federal Aid Urban System (Class 2 TH's and 3 TH's,"PARK ST., BURLINGTON",0.07,S50360403,LRS,Property Damage Only,"(44.48129950, -73.21909301)"
1331,VT0040100,2012BU030113,11/26/2012,FAU-5026 North Ave,Burlington,NO DATA,NO DATA,NO DATA,NO DATA,Gosse Ct,NO DATA,NO DATA,30,"18 - Right Turn and Thru, Broadside ^<--",NO DATA,NO DATA,NO DATA,NO DATA,NO DATA,NO DATA,Federal Aid Urban System (Class 2 TH's and 3 TH's,"NORTH AVE., BURLINGTON",2.6,S50260403,LRS,Property Damage Only,"(44.51074043, -73.24999547)"
1332,VT0040100,2012BU030300,11/28/2012,FAU-5026 North Avenue,Burlington,NO DATA,NO DATA,NO DATA,NO DATA,Heineberg Road,NO DATA,NO DATA,30,"8 - No Turns, Thru moves only, Broadside ^<",NO DATA,NO DATA,NO DATA,NO DATA,NO DATA,NO DATA,Federal Aid Urban System (Class 2 TH's and 3 TH's,"NORTH AVE., BURLINGTON",2.47,S50260403,LRS,Property Damage Only,"(44.50948647, -73.24830992)"
1349,VT0040100,2012BU008385,04/08/2012,FAU-5032 North St,Burlington,NO DATA,NO DATA,NO DATA,NO DATA,Lafountain St,NO DATA,NO DATA,25,7 - Other - Explain in Narrative,NO DATA,NO DATA,NO DATA,NO DATA,NO DATA,NO DATA,Federal Aid Urban System (Class 2 TH's and 3 TH's,"NORTH ST., BURLINGTON",0.35,S50320403,LRS,Property Damage Only,"(44.48470213, -73.21532788)"
1350,VT0040100,2012BU015513,06/26/2012,FAU-5032 (165 North St.),Burlington,NO DATA,NO DATA,NO DATA,NO DATA,N/A,NO DATA,NO DATA,25,1 - Rear End,NO DATA,NO DATA,NO DATA,NO DATA,NO DATA,NO DATA,Federal Aid Urban System (Class 2 TH's and 3 TH's,"NORTH ST., BURLINGTON",0.35,S50320403,LRS,Property Damage Only,"(44.48470213, -73.21532788)"
1351,VT0040100,2012BU027466,10/24/2012,FAU-5038 (240 Pearl St),Burlington,NO DATA,NO DATA,NO DATA,NO DATA,N Union St,150,Feet,25,4 - Opp Direction Sideswipe,East,NO DATA,NO DATA,NO DATA,NO DATA,NO DATA,Federal Aid Urban System (Class 2 TH's and 3 TH's,"PEARL ST., BURLINGTON",0.49,S50380403,LRS,Property Damage Only,"(44.48055553, -73.20939129)"
1352,VT0040100,2012BU026667,10/16/2012,FAU-5032 North St,Burlington,NO DATA,NO DATA,NO DATA,NO DATA,N Winooski Ave,NO DATA,NO DATA,25,"10 - Left Turn and Thru, Angle Broadside -->v--",East,NO DATA,NO DATA,NO DATA,NO DATA,NO DATA,Federal Aid Urban System (Class 2 TH's and 3 TH's,"NORTH ST., BURLINGTON",0.54,S50320403,LRS,Injury,"(44.48480864, -73.21153073)"
1353,VT0040100,2012BU024272,09/20/2012,FAU-5032 (236 North St),Burlington,NO DATA,NO DATA,NO DATA,NO DATA,236,1,Feet,25,1 - Rear End,West,NO DATA,NO DATA,NO DATA,NO DATA,NO DATA,Federal Aid Urban System (Class 2 TH's and 3 TH's,"NORTH ST., BURLINGTON",0.49,S50320403,LRS,Property Damage Only,"(44.48478557, -73.21253026)"
1354,VT0040100,2012BU028223,11/02/2012,FAU-5032 North Street,Burlington,NO DATA,NO DATA,NO DATA,NO DATA,Elmwood Avenue,30,Feet,25,1 - Rear End,East,NO DATA,NO DATA,NO DATA,NO DATA,NO DATA,Federal Aid Urban System (Class 2 TH's and 3 TH's,"NORTH ST., BURLINGTON",0.43,S50320403,LRS,Property Damage Only,"(44.48475779, -73.21372970)"
1355,VT0040100,2012BU014275,06/13/2012,FAU-5032 North St,Burlington,NO DATA,NO DATA,NO DATA,NO DATA,Elmwood Ave,NO DATA,NO DATA,25,7 - Other - Explain in Narrative,NO DATA,NO DATA,NO DATA,NO DATA,NO DATA,NO DATA,Federal Aid Urban System (Class 2 TH's and 3 TH's,"NORTH ST., BURLINGTON",0.42,S50320403,LRS,Injury,"(44.48475226, -73.21392955)"
1361,VT0040100,2012BU019833,08/09/2012,FAU-5026 (1188 North Ave),Burlington,NO DATA,NO DATA,NO DATA,NO DATA,Ethan Allen Shopping Center,75,Feet,30,4 - Opp Direction Sideswipe,South,NO DATA,NO DATA,NO DATA,NO DATA,NO DATA,Federal Aid Urban System (Class 2 TH's and 3 TH's,"NORTH AVE., BURLINGTON",2.32,S50260403,LRS,Property Damage Only,"(44.50800221, -73.24628880)"
1362,VT0040100,2012BU012051,05/21/2012,FAU-5026 (1127 North Ave #40),Burlington,NO DATA,NO DATA,NO DATA,NO DATA,North Ave,NO DATA,NO DATA,99,3 - Same Direction Sideswipe,NO DATA,NO DATA,NO DATA,NO DATA,NO DATA,NO DATA,Federal Aid Urban System (Class 2 TH's and 3 TH's,"NORTH AVE., BURLINGTON",2.21,S50260403,LRS,Property Damage Only,"(44.50689797, -73.24479617)"
1363,VT0040100,2012BU13254,06/02/2012,FAU-5026 (1127 North Avenue),Burlington,NO DATA,NO DATA,NO DATA,NO DATA,Hannaford Parking Lot,NO DATA,NO DATA,99,6 - Single Vehicle Crash,NO DATA,NO DATA,NO DATA,NO DATA,NO DATA,NO DATA,Federal Aid Urban System (Class 2 TH's and 3 TH's,"NORTH AVE., BURLINGTON",2.19,S50260403,LRS,Property Damage Only,"(44.50670040, -73.24452031)"
1364,VT0040100,2012BU026305,10/12/2012,FAU-5038 (394 Pearl St),Burlington,NO DATA,NO DATA,NO DATA,NO DATA,Williams St,20,Feet,25,1 - Rear End,West,NO DATA,NO DATA,NO DATA,NO DATA,NO DATA,Federal Aid Urban System (Class 2 TH's and 3 TH's,"PEARL ST., BURLINGTON",0.82,S50380403,LRS,Injury,"(44.48072420, -73.20290244)"
1365,VT0040100,2012BU031049,12/07/2012,FAU-5026 North Avenue,Burlington,NO DATA,NO DATA,NO DATA,NO DATA,1127 North Avenue,NO DATA,NO DATA,25,"8 - No Turns, Thru moves only, Broadside ^<",West,NO DATA,NO DATA,NO DATA,NO DATA,NO DATA,Federal Aid Urban System (Class 2 TH's and 3 TH's,"NORTH AVE., BURLINGTON",2.18,S50260403,LRS,Property Damage Only,"(44.50659702, -73.24438905)"
1366,VT0040100,2012BU021855,08/29/2012,FAU-5026 (1127 North Ave),Burlington,NO DATA,NO DATA,NO DATA,NO DATA,North Ave,20,NO DATA,30,3 - Same Direction Sideswipe,North,NO DATA,NO DATA,NO DATA,NO DATA,NO DATA,Federal Aid Urban System (Class 2 TH's and 3 TH's,"NORTH AVE., BURLINGTON",2.14,S50260403,LRS,Property Damage Only,"(44.50619399, -73.24384842)"
1383,VT0040100,2012BU025166,09/29/2012,FAU-5026 North Ave,Burlington,NO DATA,NO DATA,NO DATA,NO DATA,Ethan Allen Parkway,NO DATA,NO DATA,30,"8 - No Turns, Thru moves only, Broadside ^<",South,NO DATA,NO DATA,NO DATA,NO DATA,NO DATA,Federal Aid Urban System (Class 2 TH's and 3 TH's,"NORTH AVE., BURLINGTON",1.9,S50260403,LRS,Property Damage Only,"(44.50374775, -73.24055936)"
1384,VT0040100,2012BU020792,08/18/2012,FAU-5026 North Ave,Burlington,NO DATA,NO DATA,NO DATA,NO DATA,Village Green,NO DATA,NO DATA,30,"8 - No Turns, Thru moves only, Broadside ^<",NO DATA,NO DATA,NO DATA,NO DATA,NO DATA,NO DATA,Federal Aid Urban System (Class 2 TH's and 3 TH's,"NORTH AVE., BURLINGTON",1.86,S50260403,LRS,Property Damage Only,"(44.50334540, -73.24001330)"
1385,VT0040100,2012BU014116,06/11/2012,FAU-5026 North Ave,Burlington,NO DATA,NO DATA,NO DATA,NO DATA,Killarney Dr,NO DATA,NO DATA,25,"8 - No Turns, Thru moves only, Broadside ^<",NO DATA,NO DATA,NO DATA,NO DATA,NO DATA,NO DATA,Federal Aid Urban System (Class 2 TH's and 3 TH's,"NORTH AVE., BURLINGTON",1.86,S50260403,LRS,Injury,"(44.50334540, -73.24001330)"
1386,VT0040100,2012BU00343,01/05/2012,FAU 5026 (North Ave),Burlington,NO DATA,NO DATA,NO DATA,NO DATA,Kilarney Dr,NO DATA,NO DATA,99,"8 - No Turns, Thru moves only, Broadside ^<",NO DATA,NO DATA,NO DATA,NO DATA,NO DATA,NO DATA,Federal Aid Urban System (Class 2 TH's and 3 TH's,"NORTH AVE., BURLINGTON",1.85,S50260403,LRS,Injury,"(44.50324513, -73.23987634)"
1387,VT0040100,2012BU032611,12/29/2012,FAU-5026 North Avenue,Burlington,NO DATA,NO DATA,NO DATA,NO DATA,Saratoga Avenue,NO DATA,NO DATA,30,"14 - Left Turn and Thru, Broadside v<--",NO DATA,NO DATA,NO DATA,NO DATA,NO DATA,NO DATA,Federal Aid Urban System (Class 2 TH's and 3 TH's,"NORTH AVE., BURLINGTON",1.79,S50260403,LRS,Property Damage Only,"(44.50264364, -73.23905437)"
1388,VT0040100,2012BU032622,12/29/2012,FAU-5026 North Avenue,Burlington,NO DATA,NO DATA,NO DATA,NO DATA,Saratoga Avenue,NO DATA,NO DATA,30,3 - Same Direction Sideswipe,NO DATA,NO DATA,NO DATA,NO DATA,NO DATA,NO DATA,Federal Aid Urban System (Class 2 TH's and 3 TH's,"NORTH AVE., BURLINGTON",1.79,S50260403,LRS,Property Damage Only,"(44.50264364, -73.23905437)"
1394,VT0040100,2012BU028111,10/31/2012,FAU-5026 North Avenue,Burlington,NO DATA,NO DATA,NO DATA,NO DATA,Washington Street,50,Feet,25,1 - Rear End,North,NO DATA,NO DATA,NO DATA,NO DATA,NO DATA,Federal Aid Urban System (Class 2 TH's and 3 TH's,"NORTH AVE., BURLINGTON",0.49,S50260403,LRS,Injury,"(44.48805119, -73.22520005)"
1395,VT0040100,2012BU012816,05/29/2012,FAU-5026 North Ave,Burlington,NO DATA,NO DATA,NO DATA,NO DATA,Washington St,NO DATA,NO DATA,25,1 - Rear End,NO DATA,NO DATA,NO DATA,NO DATA,NO DATA,NO DATA,Federal Aid Urban System (Class 2 TH's and 3 TH's,"NORTH AVE., BURLINGTON",0.48,S50260403,LRS,Property Damage Only,"(44.48793328, -73.22510244)"
1396,VT0040100,2012BU021679,08/27/2012,FAU-5026 North Ave,Burlington,NO DATA,NO DATA,NO DATA,NO DATA,Washington,NO DATA,NO DATA,99,1 - Rear End,North,NO DATA,NO DATA,NO DATA,NO DATA,NO DATA,Federal Aid Urban System (Class 2 TH's and 3 TH's,"NORTH AVE., BURLINGTON",0.48,S50260403,LRS,Property Damage Only,"(44.48793328, -73.22510244)"
1397,VT0040100,2012BU013134,06/01/2012,FAU-5026 North Avenue,Burlington,NO DATA,NO DATA,NO DATA,NO DATA,Washington Street,NO DATA,NO DATA,25,1 - Rear End,South,NO DATA,NO DATA,NO DATA,NO DATA,NO DATA,Federal Aid Urban System (Class 2 TH's and 3 TH's,"NORTH AVE., BURLINGTON",0.48,S50260403,LRS,Property Damage Only,"(44.48793328, -73.22510244)"
1398,VT0040100,2012BU021629,08/27/2012,FAU-5026 (197 North Ave),Burlington,NO DATA,NO DATA,NO DATA,NO DATA,Crowley St,100,Feet,99,1 - Rear End,North,NO DATA,NO DATA,NO DATA,NO DATA,NO DATA,Federal Aid Urban System (Class 2 TH's and 3 TH's,"NORTH AVE., BURLINGTON",0.41,S50260403,LRS,Injury,"(44.48704147, -73.22439570)"
1399,VT0040100,2012BU009920,04/27/2012,FAU-5026 (153 North Ave),Burlington,NO DATA,NO DATA,NO DATA,NO DATA,Strong St,50,Feet,25,"8 - No Turns, Thru moves only, Broadside ^<",North,NO DATA,NO DATA,NO DATA,NO DATA,NO DATA,Federal Aid Urban System (Class 2 TH's and 3 TH's,"NORTH AVE., BURLINGTON",0.32,S50260403,LRS,Property Damage Only,"(44.48592477, -73.22351054)"
1400,VT0040100,2012BU030119,11/26/2012,FAU5026 North Avenue,Burlington,NO DATA,NO DATA,NO DATA,NO DATA,Strong Street,25,Feet,25,7 - Other - Explain in Narrative,North,NO DATA,NO DATA,NO DATA,NO DATA,NO DATA,Federal Aid Urban System (Class 2 TH's and 3 TH's,"NORTH AVE., BURLINGTON",0.29,S50260403,LRS,Property Damage Only,"(44.48557924, -73.22324116)"