ID,Reporting Agency,Report Number,Date,Street Address,Town,Number,Number1,Number2,Number3,Intersection,Distance From Intersection,Distance Unit,Posted Speed,Direction of Collision,Direction from Intersection,Easting,Northing,Mile Marker,Mile Marker 1,Mile Marker 2,AOT Roadway,AOT Route,AOT Actual Mile,LRS Number,How Mapped,Crash Type,Location 1
1429,VT0040100,2012BU015322,06/24/2012,FAU-5038 Pearl St,Burlington,NO DATA,NO DATA,NO DATA,NO DATA,South Union St,30,Feet,99,3 - Same Direction Sideswipe,East,NO DATA,NO DATA,NO DATA,NO DATA,NO DATA,Federal Aid Urban System (Class 2 TH's and 3 TH's,"PEARL ST., BURLINGTON",0.46,S50380403,LRS,Property Damage Only,"(44.48053434, -73.20998086)"
1430,VT0040100,2012BU026281,10/12/2012,Main Street,Burlington,NO DATA,NO DATA,NO DATA,NO DATA,South Winooski Avenue,50,Feet,25,"10 - Left Turn and Thru, Angle Broadside -->v--",East,NO DATA,NO DATA,NO DATA,NO DATA,NO DATA,Federal Aid Urban System (Class 2 TH's and 3 TH's,"MAIN ST., BURLINGTON",0.42,S50220403,LRS,Property Damage Only,"(44.47600593, -73.21097698)"
1431,VT0040100,2012BU030242,11/27/2012,FAU-5038 Pearl Street,Burlington,NO DATA,NO DATA,NO DATA,NO DATA,South Williams Street,30,Feet,25,1 - Rear End,West,NO DATA,NO DATA,NO DATA,NO DATA,NO DATA,Federal Aid Urban System (Class 2 TH's and 3 TH's,"PEARL ST., BURLINGTON",0.79,S50380403,LRS,Property Damage Only,"(44.48071362, -73.20349256)"
1432,VT0040100,2012BU016145,07/02/2012,FAU-5022 (219 Main St),Burlington,NO DATA,NO DATA,NO DATA,NO DATA,Main St,NO DATA,NO DATA,99,4 - Opp Direction Sideswipe,NO DATA,NO DATA,NO DATA,NO DATA,NO DATA,NO DATA,Federal Aid Urban System (Class 2 TH's and 3 TH's,"MAIN ST., BURLINGTON",0.42,S50220403,LRS,Property Damage Only,"(44.47600593, -73.21097698)"
1433,VT0040100,2012BU021655,08/27/2012,FAU-5022 Main St,Burlington,NO DATA,NO DATA,NO DATA,NO DATA,S Winooski Ave,20,Feet,25,1 - Rear End,East,NO DATA,NO DATA,NO DATA,NO DATA,NO DATA,Federal Aid Urban System (Class 2 TH's and 3 TH's,"MAIN ST., BURLINGTON",0.41,S50220403,LRS,Property Damage Only,"(44.47600038, -73.21116035)"
1434,VT0040100,2012BU020944,08/20/2012,FAU-5022 Main St,Burlington,NO DATA,NO DATA,NO DATA,NO DATA,Church St,NO DATA,NO DATA,25,"8 - No Turns, Thru moves only, Broadside ^<",NO DATA,NO DATA,NO DATA,NO DATA,NO DATA,NO DATA,Federal Aid Urban System (Class 2 TH's and 3 TH's,"MAIN ST., BURLINGTON",0.41,S50220403,LRS,Property Damage Only,"(44.47600038, -73.21116035)"
1440,VT0040100,2012BU002349,01/27/2012,FAU 5022 (Main Street),Burlington,NO DATA,NO DATA,NO DATA,NO DATA,S Winooski Ave,NO DATA,NO DATA,30,3 - Same Direction Sideswipe,NO DATA,NO DATA,NO DATA,NO DATA,NO DATA,NO DATA,Federal Aid Urban System (Class 2 TH's and 3 TH's,"MAIN ST., BURLINGTON",0.41,S50220403,LRS,Property Damage Only,"(44.47600038, -73.21116035)"
1441,VT0040100,2012BU014526,06/15/2012,FAU-5022 (194 Main Street),Burlington,NO DATA,NO DATA,NO DATA,NO DATA,N/A,NO DATA,NO DATA,25,1 - Rear End,NO DATA,NO DATA,NO DATA,NO DATA,NO DATA,NO DATA,Federal Aid Urban System (Class 2 TH's and 3 TH's,"MAIN ST., BURLINGTON",0.39,S50220403,LRS,Property Damage Only,"(44.47598910, -73.21152709)"
1442,VT0040100,2012BU021031,08/21/2012,FAU-5038 Pearl St,Burlington,NO DATA,NO DATA,NO DATA,NO DATA,N Winooski Ave,NO DATA,NO DATA,25,1 - Rear End,East,NO DATA,NO DATA,NO DATA,NO DATA,NO DATA,Federal Aid Urban System (Class 2 TH's and 3 TH's,"PEARL ST., BURLINGTON",0.4,S50380403,LRS,Property Damage Only,"(44.48049152, -73.21115952)"
1443,VT0040100,2012BU032725,12/30/2012,FAU-5022 (188 Main Street),Burlington,NO DATA,NO DATA,NO DATA,NO DATA,South Winooski Avenue,200,Feet,25,1 - Rear End,West,NO DATA,NO DATA,NO DATA,NO DATA,NO DATA,Federal Aid Urban System (Class 2 TH's and 3 TH's,"MAIN ST., BURLINGTON",0.38,S50220403,LRS,Property Damage Only,"(44.47598280, -73.21171042)"
1444,VT0040100,2012BU006781,03/21/2012,FAU 5022 (188 Main Street),Burlington,NO DATA,NO DATA,NO DATA,NO DATA,So Winooski Ave,150,Feet,25,1 - Rear End,East,NO DATA,NO DATA,NO DATA,NO DATA,NO DATA,Federal Aid Urban System (Class 2 TH's and 3 TH's,"MAIN ST., BURLINGTON",0.38,S50220403,LRS,Injury,"(44.47598280, -73.21171042)"
1445,VT0040100,2012BU007856,04/02/2012,FAU 5022 (Main Street),Burlington,NO DATA,NO DATA,NO DATA,NO DATA,199 Main St,100,Feet,25,"8 - No Turns, Thru moves only, Broadside ^<",West,NO DATA,NO DATA,NO DATA,NO DATA,NO DATA,Federal Aid Urban System (Class 2 TH's and 3 TH's,"MAIN ST., BURLINGTON",0.36,S50220403,LRS,Property Damage Only,"(44.47596817, -73.21207692)"
1446,VT0040100,2012BU005376,03/06/2012,FAU 5022 (Main Street),Burlington,NO DATA,NO DATA,NO DATA,NO DATA,Church St,30,Feet,25,1 - Rear End,East,NO DATA,NO DATA,NO DATA,NO DATA,NO DATA,Federal Aid Urban System (Class 2 TH's and 3 TH's,"MAIN ST., BURLINGTON",0.34,S50220403,LRS,Property Damage Only,"(44.47595707, -73.21244362)"
1452,VT0040100,2012BU013776,06/08/2012,FAU-5022 Main Street,Burlington,NO DATA,NO DATA,NO DATA,NO DATA,St. Paul Street,30,Feet,25,"9 - Left and Right Turns, Simultaneous Turn Crash --vv--",East,NO DATA,NO DATA,NO DATA,NO DATA,NO DATA,Federal Aid Urban System (Class 2 TH's and 3 TH's,"MAIN ST., BURLINGTON",0.26,S50220403,LRS,Property Damage Only,"(44.47588663, -73.21390829)"
1453,VT0040100,2012BU014293,06/13/2012,FAU-5022 Main St,Burlington,NO DATA,NO DATA,NO DATA,NO DATA,St Paul St,50,Feet,25,7 - Other - Explain in Narrative,West,NO DATA,NO DATA,NO DATA,NO DATA,NO DATA,Federal Aid Urban System (Class 2 TH's and 3 TH's,"MAIN ST., BURLINGTON",0.25,S50220403,LRS,Property Damage Only,"(44.47588154, -73.21409168)"
1454,VT0040100,2012BU002913,02/03/2012,FAU 5022 (Main Street),Burlington,NO DATA,NO DATA,NO DATA,NO DATA,Pine St,NO DATA,NO DATA,25,1 - Rear End,West,NO DATA,NO DATA,NO DATA,NO DATA,NO DATA,Federal Aid Urban System (Class 2 TH's and 3 TH's,"MAIN ST., BURLINGTON",0.17,S50220403,LRS,Injury,"(44.47582718, -73.21555801)"
1455,VT0040100,2012BU017362,07/14/2012,FAU-5022 Main St,Burlington,NO DATA,NO DATA,NO DATA,NO DATA,Pine St,NO DATA,NO DATA,25,"10 - Left Turn and Thru, Angle Broadside -->v--",South,NO DATA,NO DATA,NO DATA,NO DATA,NO DATA,Federal Aid Urban System (Class 2 TH's and 3 TH's,"MAIN ST., BURLINGTON",0.17,S50220403,LRS,Property Damage Only,"(44.47582718, -73.21555801)"
1456,VT0040100,12BU019890,08/09/2012,FAU-5022 Main St,Burlington,NO DATA,NO DATA,NO DATA,NO DATA,Pine St,1,Feet,25,3 - Same Direction Sideswipe,South,NO DATA,NO DATA,NO DATA,NO DATA,NO DATA,Federal Aid Urban System (Class 2 TH's and 3 TH's,"MAIN ST., BURLINGTON",0.17,S50220403,LRS,Injury,"(44.47582718, -73.21555801)"
1457,VT0040100,2012BU006620,03/19/2012,FAU 5022 (Main Street),Burlington,NO DATA,NO DATA,NO DATA,NO DATA,Pine St,NO DATA,NO DATA,25,1 - Rear End,South,NO DATA,NO DATA,NO DATA,NO DATA,NO DATA,Federal Aid Urban System (Class 2 TH's and 3 TH's,"MAIN ST., BURLINGTON",0.17,S50220403,LRS,Property Damage Only,"(44.47582718, -73.21555801)"
1458,VT0040100,12BU016923,07/10/2012,FAU-5022 Main St,Burlington,NO DATA,NO DATA,NO DATA,NO DATA,S Champlain St,NO DATA,NO DATA,25,"8 - No Turns, Thru moves only, Broadside ^<",NO DATA,NO DATA,NO DATA,NO DATA,NO DATA,NO DATA,Federal Aid Urban System (Class 2 TH's and 3 TH's,"MAIN ST., BURLINGTON",0.09,S50220403,LRS,Injury,"(44.47577459, -73.21702441)"
1475,VT0040100,2012BU003456,02/09/2012,FAU 5018 (Grove Street),Burlington,NO DATA,NO DATA,NO DATA,NO DATA,Barrett St,NO DATA,NO DATA,25,1 - Rear End,NO DATA,NO DATA,NO DATA,NO DATA,NO DATA,NO DATA,Federal Aid Urban System (Class 2 TH's and 3 TH's,"GROVE ST., BURLINGTON",0.58,S50180403,LRS,Property Damage Only,"(44.48763526, -73.18395102)"
1476,VT0040100,2012BU025509,10/03/2012,FAU-5018 Grove St,Burlington,NO DATA,NO DATA,NO DATA,NO DATA,Barrett St,50,Feet,25,5 - Rear-to-rear,West,NO DATA,NO DATA,NO DATA,NO DATA,NO DATA,Federal Aid Urban System (Class 2 TH's and 3 TH's,"GROVE ST., BURLINGTON",0.58,S50180403,LRS,Property Damage Only,"(44.48763526, -73.18395102)"
1477,VT0040100,2012BU006494,03/18/2012,FAU 5018 (Grove Street),Burlington,NO DATA,NO DATA,NO DATA,NO DATA,Chase St,NO DATA,NO DATA,25,3 - Same Direction Sideswipe,NO DATA,NO DATA,NO DATA,NO DATA,NO DATA,NO DATA,Federal Aid Urban System (Class 2 TH's and 3 TH's,"GROVE ST., BURLINGTON",0.56,S50180403,LRS,Property Damage Only,"(44.48758793, -73.18354994)"
1478,VT0040100,2012BU013987,06/09/2012,FAU-5018 (32 Grove St),Burlington,NO DATA,NO DATA,NO DATA,NO DATA,Chase St,200,Feet,25,3 - Same Direction Sideswipe,South,NO DATA,NO DATA,NO DATA,NO DATA,NO DATA,Federal Aid Urban System (Class 2 TH's and 3 TH's,"GROVE ST., BURLINGTON",0.5,S50180403,LRS,Property Damage Only,"(44.48680919, -73.18366651)"
1479,VT0040100,2012BU010535,05/05/2012,FAU-5018 Grove St,Burlington,NO DATA,NO DATA,NO DATA,NO DATA,SD Ireland,NO DATA,NO DATA,30,1 - Rear End,NO DATA,NO DATA,NO DATA,NO DATA,NO DATA,NO DATA,Federal Aid Urban System (Class 2 TH's and 3 TH's,"GROVE ST., BURLINGTON",0.24,S50180403,LRS,Property Damage Only,"(44.48320345, -73.18398341)"
1480,VT0040100,2012BU009037,04/16/2012,FAU-5017 Flynn Ave,Burlington,NO DATA,NO DATA,NO DATA,NO DATA,Shelburne Rd,NO DATA,NO DATA,25,1 - Rear End,NO DATA,NO DATA,NO DATA,NO DATA,NO DATA,NO DATA,Federal Aid Urban System (Class 2 TH's and 3 TH's,"FLYNN AVE., BURLINGTON",0.28,S50170403,LRS,Property Damage Only,"(44.45512545, -73.20860370)"
1481,VT0040100,2012BU009844,04/26/2012,FAU-5038 (185 Pearl St),Burlington,NO DATA,NO DATA,NO DATA,NO DATA,Clarke St,45,Feet,25,3 - Same Direction Sideswipe,East,NO DATA,NO DATA,NO DATA,NO DATA,NO DATA,Federal Aid Urban System (Class 2 TH's and 3 TH's,"PEARL ST., BURLINGTON",0.37,S50380403,LRS,Property Damage Only,"(44.48047962, -73.21174959)"
1498,VT0040100,2012BU024808,09/25/2012,FAU-5016 East Ave,Burlington,NO DATA,NO DATA,NO DATA,NO DATA,Carrigan,1,Feet,25,3 - Same Direction Sideswipe,West,NO DATA,NO DATA,NO DATA,NO DATA,NO DATA,Federal Aid Urban System (Class 2 TH's and 3 TH's,"EAST AVE., BURLINGTON",0.2,S50160403,LRS,Property Damage Only,"(44.47543223, -73.19089121)"
1499,VT0040100,2012BU009111,04/17/2012,FAU-5016 East Ave,Burlington,NO DATA,NO DATA,NO DATA,NO DATA,Carrigan Ave,NO DATA,NO DATA,99,3 - Same Direction Sideswipe,NO DATA,NO DATA,NO DATA,NO DATA,NO DATA,NO DATA,Federal Aid Urban System (Class 2 TH's and 3 TH's,"EAST AVE., BURLINGTON",0.18,S50160403,LRS,Property Damage Only,"(44.47514341, -73.19081634)"
1500,VT0040100,2012BU030827,12/05/2012,FAU-5016 East Avenue,Burlington,NO DATA,NO DATA,NO DATA,NO DATA,Carrigan Drive,NO DATA,NO DATA,25,1 - Rear End,North,NO DATA,NO DATA,NO DATA,NO DATA,NO DATA,Federal Aid Urban System (Class 2 TH's and 3 TH's,"EAST AVE., BURLINGTON",0.17,S50160403,LRS,Property Damage Only,"(44.47499909, -73.19077830)"
1501,VT0040100,2012BU031115,12/08/2012,FAU-5016 East Avenue,Burlington,NO DATA,NO DATA,NO DATA,NO DATA,Carrigan Drive,NO DATA,NO DATA,25,"10 - Left Turn and Thru, Angle Broadside -->v--",NO DATA,NO DATA,NO DATA,NO DATA,NO DATA,NO DATA,Federal Aid Urban System (Class 2 TH's and 3 TH's,"EAST AVE., BURLINGTON",0.17,S50160403,LRS,Property Damage Only,"(44.47499909, -73.19077830)"
1502,VT0040100,2012BU003688,02/12/2012,FAU 5016 (East Ave),Burlington,NO DATA,NO DATA,NO DATA,NO DATA,Carrigan Dr,NO DATA,NO DATA,25,"10 - Left Turn and Thru, Angle Broadside -->v--",NO DATA,NO DATA,NO DATA,NO DATA,NO DATA,NO DATA,Federal Aid Urban System (Class 2 TH's and 3 TH's,"EAST AVE., BURLINGTON",0.17,S50160403,LRS,Property Damage Only,"(44.47499909, -73.19077830)"
1503,VT0040100,2012BU007507,03/29/2012,FAU-5016 East Ave,Burlington,NO DATA,NO DATA,NO DATA,NO DATA,Corrigan Dr,NO DATA,NO DATA,25,3 - Same Direction Sideswipe,East,NO DATA,NO DATA,NO DATA,NO DATA,NO DATA,Federal Aid Urban System (Class 2 TH's and 3 TH's,"EAST AVE., BURLINGTON",0.17,S50160403,LRS,Property Damage Only,"(44.47499909, -73.19077830)"
1509,VT0040100,2012BU018915,07/30/2012,FAU-5038 Pearl St,Burlington,NO DATA,NO DATA,NO DATA,NO DATA,Battery St,NO DATA,NO DATA,25,3 - Same Direction Sideswipe,NO DATA,NO DATA,NO DATA,NO DATA,NO DATA,NO DATA,Federal Aid Urban System (Class 2 TH's and 3 TH's,"PEARL ST., BURLINGTON",0,S50380403,LRS,Property Damage Only,"(44.48026615, -73.21902375)"
1510,VT0040100,2012BU029384,11/16/2012,FAU-5016 East Avenue,Burlington,NO DATA,NO DATA,NO DATA,NO DATA,Main Street,15,Feet,25,3 - Same Direction Sideswipe,North,NO DATA,NO DATA,NO DATA,NO DATA,NO DATA,Federal Aid Urban System (Class 2 TH's and 3 TH's,"EAST AVE., BURLINGTON",0,S50160403,LRS,Property Damage Only,"(44.47255315, -73.19028988)"
1511,VT0040100,2012BU08795,04/13/2012,FAU-5016 East Ave,Burlington,NO DATA,NO DATA,NO DATA,NO DATA,Main St,25,Feet,25,3 - Same Direction Sideswipe,South,NO DATA,NO DATA,NO DATA,NO DATA,NO DATA,Federal Aid Urban System (Class 2 TH's and 3 TH's,"EAST AVE., BURLINGTON",0,S50160403,LRS,Property Damage Only,"(44.47255315, -73.19028988)"
1512,VT0040100,2012BU011591,05/16/2012,FAU-5016 East Ave,Burlington,NO DATA,NO DATA,NO DATA,NO DATA,Main St,NO DATA,NO DATA,25,NO DATA,NO DATA,NO DATA,NO DATA,NO DATA,NO DATA,NO DATA,Federal Aid Urban System (Class 2 TH's and 3 TH's,"EAST AVE., BURLINGTON",0,S50160403,LRS,Property Damage Only,"(44.47255315, -73.19028988)"
1513,VT0040100,2012BU019185,08/02/2012,FAU-5016 East Ave,Burlington,NO DATA,NO DATA,NO DATA,NO DATA,Main St,NO DATA,NO DATA,30,"8 - No Turns, Thru moves only, Broadside ^<",NO DATA,NO DATA,NO DATA,NO DATA,NO DATA,NO DATA,Federal Aid Urban System (Class 2 TH's and 3 TH's,"EAST AVE., BURLINGTON",0,S50160403,LRS,Injury,"(44.47255315, -73.19028988)"
1514,VT0040100,2012BU030153,11/26/2012,FAU-5014 Colchester St,Burlington,NO DATA,NO DATA,NO DATA,NO DATA,Mill St,75,Feet,25,1 - Rear End,East,NO DATA,NO DATA,NO DATA,NO DATA,NO DATA,Federal Aid Urban System (Class 2 TH's and 3 TH's,"COLCHESTER AVE., BURLINGTON",1.03,S50140403,LRS,Property Damage Only,"(44.48830183, -73.18667652)"
1515,VT0040100,2012BU031733,12/16/2012,FAU-5014 Colchester Avenue,Burlington,NO DATA,NO DATA,NO DATA,NO DATA,Winooski Bridge,NO DATA,NO DATA,25,1 - Rear End,NO DATA,NO DATA,NO DATA,NO DATA,NO DATA,NO DATA,Federal Aid Urban System (Class 2 TH's and 3 TH's,"COLCHESTER AVE., BURLINGTON",1.03,S50140403,LRS,Property Damage Only,"(44.48830183, -73.18667652)"
1521,VT0040100,2012BU002919,02/03/2012,FAU 5014 (Colchester Ave),Burlington,NO DATA,NO DATA,NO DATA,NO DATA,Barrett St,NO DATA,NO DATA,25,3 - Same Direction Sideswipe,NO DATA,NO DATA,NO DATA,NO DATA,NO DATA,NO DATA,Federal Aid Urban System (Class 2 TH's and 3 TH's,"COLCHESTER AVE., BURLINGTON",1,S50140403,LRS,Property Damage Only,"(44.48789098, -73.18674621)"
1522,VT0040100,2012BU023698,09/14/2012,FAU-5014 Colchester Ave,Burlington,NO DATA,NO DATA,NO DATA,NO DATA,Barrett St,1,Feet,25,"10 - Left Turn and Thru, Angle Broadside -->v--",South,NO DATA,NO DATA,NO DATA,NO DATA,NO DATA,Federal Aid Urban System (Class 2 TH's and 3 TH's,"COLCHESTER AVE., BURLINGTON",1,S50140403,LRS,Property Damage Only,"(44.48789098, -73.18674621)"
1523,VT0040100,2012BU013704,06/07/2012,FAU-5014 Colchester Ave,Burlington,NO DATA,NO DATA,NO DATA,NO DATA,Barrett St,NO DATA,NO DATA,30,3 - Same Direction Sideswipe,NO DATA,NO DATA,NO DATA,NO DATA,NO DATA,NO DATA,Federal Aid Urban System (Class 2 TH's and 3 TH's,"COLCHESTER AVE., BURLINGTON",1,S50140403,LRS,Property Damage Only,"(44.48789098, -73.18674621)"
1524,VT0040100,2012BU12413,05/25/2012,FAU-5014 Colchester Ave,Burlington,NO DATA,NO DATA,NO DATA,NO DATA,Barrett St,NO DATA,NO DATA,25,4 - Opp Direction Sideswipe,NO DATA,NO DATA,NO DATA,NO DATA,NO DATA,NO DATA,Federal Aid Urban System (Class 2 TH's and 3 TH's,"COLCHESTER AVE., BURLINGTON",1,S50140403,LRS,Injury,"(44.48789098, -73.18674621)"
1525,VT0040100,2012BU003187,02/06/2012,FAU 5014 (Colchester Ave),Burlington,NO DATA,NO DATA,NO DATA,NO DATA,Barrett St,NO DATA,NO DATA,25,1 - Rear End,NO DATA,NO DATA,NO DATA,NO DATA,NO DATA,NO DATA,Federal Aid Urban System (Class 2 TH's and 3 TH's,"COLCHESTER AVE., BURLINGTON",1,S50140403,LRS,Property Damage Only,"(44.48789098, -73.18674621)"
1526,VT0040100,2012BU010705,05/07/2012,FAU-5014 (454 Colchester Ave),Burlington,NO DATA,NO DATA,NO DATA,NO DATA,Barrett St,75,Feet,25,7 - Other - Explain in Narrative,South,NO DATA,NO DATA,NO DATA,NO DATA,NO DATA,Federal Aid Urban System (Class 2 TH's and 3 TH's,"COLCHESTER AVE., BURLINGTON",0.96,S50140403,LRS,Property Damage Only,"(44.48734383, -73.18684744)"
1565,VT0040100,2012BU014857,06/19/2012,FAU-5014 Colchester Ave,Burlington,NO DATA,NO DATA,NO DATA,NO DATA,Mansfield Ave,NO DATA,NO DATA,25,1 - Rear End,NO DATA,NO DATA,NO DATA,NO DATA,NO DATA,NO DATA,Federal Aid Urban System (Class 2 TH's and 3 TH's,"COLCHESTER AVE., BURLINGTON",0.1,S50140403,LRS,Property Damage Only,"(44.48063497, -73.19863892)"
1566,VT0040100,2012BU1748,01/20/2012,FAU 5014┬á (Colchester Ave),Burlington,NO DATA,NO DATA,NO DATA,NO DATA,Mansfield Ave,20,Feet,25,1 - Rear End,East,NO DATA,NO DATA,NO DATA,NO DATA,NO DATA,Federal Aid Urban System (Class 2 TH's and 3 TH's,"COLCHESTER AVE., BURLINGTON",0.1,S50140403,LRS,Property Damage Only,"(44.48063497, -73.19863892)"
1567,VT0040100,2012BU001556,01/18/2012,FAU 5014 (Colchester Ave),Burlington,NO DATA,NO DATA,NO DATA,NO DATA,Mansfield Ave,NO DATA,Feet,25,1 - Rear End,South,NO DATA,NO DATA,NO DATA,NO DATA,NO DATA,Federal Aid Urban System (Class 2 TH's and 3 TH's,"COLCHESTER AVE., BURLINGTON",0.1,S50140403,LRS,Property Damage Only,"(44.48063497, -73.19863892)"
1568,VT0040100,2012BU030111,11/26/2012,FAU-5038 Pearl St,Burlington,NO DATA,NO DATA,NO DATA,NO DATA,S Willard St,NO DATA,NO DATA,25,1 - Rear End,East,NO DATA,NO DATA,NO DATA,NO DATA,NO DATA,Federal Aid Urban System (Class 2 TH's and 3 TH's,"PEARL ST., BURLINGTON",0.68,S50380403,LRS,Property Damage Only,"(44.48066091, -73.20565580)"
1569,VT0040100,2012BU029064,11/12/2012,FAU-5014 Colchester Avenue,Burlington,NO DATA,NO DATA,NO DATA,NO DATA,Mansfield Avenue,50,Feet,25,1 - Rear End,East,NO DATA,NO DATA,NO DATA,NO DATA,NO DATA,Federal Aid Urban System (Class 2 TH's and 3 TH's,"COLCHESTER AVE., BURLINGTON",0.1,S50140403,LRS,Property Damage Only,"(44.48063497, -73.19863892)"
1570,VT0040100,2012BU025036,09/28/2012,FAU-5014 Colchester Ave,Burlington,NO DATA,NO DATA,NO DATA,NO DATA,Mansfield Ave,NO DATA,NO DATA,25,1 - Rear End,East,NO DATA,NO DATA,NO DATA,NO DATA,NO DATA,Federal Aid Urban System (Class 2 TH's and 3 TH's,"COLCHESTER AVE., BURLINGTON",0.1,S50140403,LRS,Injury,"(44.48063497, -73.19863892)"
1571,VT0040100,2012BU031978,12/19/2012,FAU-5014 Colchester Ave,Burlington,NO DATA,NO DATA,NO DATA,NO DATA,Mansfield Ave,5,Feet,25,1 - Rear End,West,NO DATA,NO DATA,NO DATA,NO DATA,NO DATA,Federal Aid Urban System (Class 2 TH's and 3 TH's,"COLCHESTER AVE., BURLINGTON",0.09,S50140403,LRS,Injury,"(44.48062687, -73.19883130)"
1577,VT0040100,2012BU032506,12/27/2012,FAU-5036 Park Street,Burlington,NO DATA,NO DATA,NO DATA,NO DATA,North Street,NO DATA,NO DATA,25,1 - Rear End,NO DATA,NO DATA,NO DATA,NO DATA,NO DATA,NO DATA,Federal Aid Urban System (Class 2 TH's and 3 TH's,"PARK ST., BURLINGTON",0.29,S50360403,LRS,Property Damage Only,"(44.48454454, -73.21928634)"
1578,VT0040100,2012BU00346,01/05/2012,FAU-5009 Rte 127,Burlington,NO DATA,NO DATA,NO DATA,NO DATA,Plattsburg Ave,NO DATA,NO DATA,50,6 - Single Vehicle Crash,South,NO DATA,NO DATA,NO DATA,NO DATA,NO DATA,Federal Aid Urban System (Class 2 TH's and 3 TH's,"VT. 127 BELTLINE, BURLINGTON",3.36,S50090403,LRS,Injury,"(44.52379731, -73.25541462)"
1579,VT0040100,2012BU005260,03/04/2012,FAU-5009 RTE 127 Beltline,Burlington,NO DATA,NO DATA,NO DATA,NO DATA,Plattsburg Ave,NO DATA,NO DATA,35,"10 - Left Turn and Thru, Angle Broadside -->v--",South,NO DATA,NO DATA,NO DATA,NO DATA,NO DATA,Federal Aid Urban System (Class 2 TH's and 3 TH's,"VT. 127 BELTLINE, BURLINGTON",3.36,S50090403,LRS,Injury,"(44.52379731, -73.25541462)"
1580,VT0040100,2012BU002310,01/27/2012,FAU 5009 (VT127 Beltline),Burlington,NO DATA,NO DATA,NO DATA,NO DATA,Plattsburg Ave,1,Feet,50,6 - Single Vehicle Crash,North,NO DATA,NO DATA,NO DATA,NO DATA,NO DATA,Federal Aid Urban System (Class 2 TH's and 3 TH's,"VT. 127 BELTLINE, BURLINGTON",3.36,S50090403,LRS,Injury,"(44.52379731, -73.25541462)"
1581,VT0040100,2012BU018140,07/20/2012,FAU-5009 RTE 127,Burlington,NO DATA,NO DATA,NO DATA,NO DATA,Plattsburg Ave,NO DATA,NO DATA,50,6 - Single Vehicle Crash,NO DATA,NO DATA,NO DATA,NO DATA,NO DATA,NO DATA,Federal Aid Urban System (Class 2 TH's and 3 TH's,"VT. 127 BELTLINE, BURLINGTON",3.32,S50090403,LRS,Property Damage Only,"(44.52322742, -73.25528332)"
1582,VT0040100,2012BU026857,10/18/2012,FAU-5038 Pearl St,Burlington,NO DATA,NO DATA,NO DATA,NO DATA,Elmwood Ave,NO DATA,NO DATA,25,1 - Rear End,West,NO DATA,NO DATA,NO DATA,NO DATA,NO DATA,Federal Aid Urban System (Class 2 TH's and 3 TH's,"PEARL ST., BURLINGTON",0.28,S50380403,LRS,Property Damage Only,"(44.48043040, -73.21351919)"
1588,VT0040100,2012BU004048,02/17/2012,VT RTE 127,Burlington,NO DATA,NO DATA,NO DATA,NO DATA,Wood Bike Bridge,NO DATA,NO DATA,50,6 - Single Vehicle Crash,North,NO DATA,NO DATA,NO DATA,NO DATA,NO DATA,Federal Aid Urban System (Class 2 TH's and 3 TH's,"VT. 127 BELTLINE, BURLINGTON",2.14,S50090403,LRS,Property Damage Only,"(44.51471571, -73.23616286)"
1589,VT0040100,2012BU08872,04/14/2012,FAU-5009 Rt 127,Burlington,NO DATA,NO DATA,NO DATA,NO DATA,North Beach Exit Ramp,50,Feet,50,6 - Single Vehicle Crash,North,NO DATA,NO DATA,NO DATA,NO DATA,NO DATA,Federal Aid Urban System (Class 2 TH's and 3 TH's,"VT. 127 BELTLINE, BURLINGTON",0.93,S50090403,LRS,Injury,"(44.49881726, -73.22909087)"
1590,VT0040100,12BU21301,08/23/2012,FAU-5009 RT 127,Burlington,NO DATA,NO DATA,NO DATA,NO DATA,North Ave,500,Feet,50,6 - Single Vehicle Crash,East,NO DATA,NO DATA,NO DATA,NO DATA,NO DATA,Federal Aid Urban System (Class 2 TH's and 3 TH's,"VT. 127 BELTLINE, BURLINGTON",0.12,S50090403,LRS,Property Damage Only,"(44.48869210, -73.22106693)"
1591,VT0040100,2012BU011030,05/11/2012,FAU-5038 Pearl St,Burlington,NO DATA,NO DATA,NO DATA,NO DATA,Elmwood Ave,35,Feet,25,"8 - No Turns, Thru moves only, Broadside ^<",North,NO DATA,NO DATA,NO DATA,NO DATA,NO DATA,Federal Aid Urban System (Class 2 TH's and 3 TH's,"PEARL ST., BURLINGTON",0.28,S50380403,LRS,Property Damage Only,"(44.48043040, -73.21351919)"
1592,VT0040100,2012BU005971,03/13/2012,FAU-5009 Route 127,Burlington,NO DATA,NO DATA,NO DATA,NO DATA,Manhattan Dr,NO DATA,NO DATA,50,1 - Rear End,North,NO DATA,NO DATA,NO DATA,NO DATA,NO DATA,Federal Aid Urban System (Class 2 TH's and 3 TH's,"VT. 127 BELTLINE, BURLINGTON",0,S50090403,LRS,Property Damage Only,"(44.48749640, -73.21943831)"
1593,VT0040100,2012BU003214,02/06/2012,FAU-5009 VT127,Burlington,NO DATA,NO DATA,NO DATA,NO DATA,Manhattan Dr,NO DATA,NO DATA,25,1 - Rear End,NO DATA,NO DATA,NO DATA,NO DATA,NO DATA,NO DATA,Federal Aid Urban System (Class 2 TH's and 3 TH's,"VT. 127 BELTLINE, BURLINGTON",0,S50090403,LRS,Property Damage Only,"(44.48749640, -73.21943831)"
1594,VT0040100,2012BU022846,09/07/2012,FAU-5009 Rt 127,Burlington,NO DATA,NO DATA,NO DATA,NO DATA,Manhattan Dr,1,Feet,50,6 - Single Vehicle Crash,North,NO DATA,NO DATA,NO DATA,NO DATA,NO DATA,Federal Aid Urban System (Class 2 TH's and 3 TH's,"VT. 127 BELTLINE, BURLINGTON",0,S50090403,LRS,Property Damage Only,"(44.48749640, -73.21943831)"
1600,VT0040100,2012BU032068,12/20/2012,FAU-5008 Battery St,Burlington,NO DATA,NO DATA,NO DATA,NO DATA,Cherry St,NO DATA,NO DATA,25,"8 - No Turns, Thru moves only, Broadside ^<",NO DATA,NO DATA,NO DATA,NO DATA,NO DATA,NO DATA,Federal Aid Urban System (Class 2 TH's and 3 TH's,"BATTERY ST., BURLINGTON",0.47,S50080403,LRS,Property Damage Only,"(44.47910211, -73.21893152)"
1601,VT0040100,2012BU024045,09/17/2012,FAU-5008 Battery St,Burlington,NO DATA,NO DATA,NO DATA,NO DATA,Cherry St,1,Feet,25,"10 - Left Turn and Thru, Angle Broadside -->v--",West,NO DATA,NO DATA,NO DATA,NO DATA,NO DATA,Federal Aid Urban System (Class 2 TH's and 3 TH's,"BATTERY ST., BURLINGTON",0.47,S50080403,LRS,Property Damage Only,"(44.47910211, -73.21893152)"
1602,VT0040100,2012BU030114,11/26/2012,FAU-5008 Battery St,Burlington,NO DATA,NO DATA,NO DATA,NO DATA,Cherry St,40,Feet,25,1 - Rear End,North,NO DATA,NO DATA,NO DATA,NO DATA,NO DATA,Federal Aid Urban System (Class 2 TH's and 3 TH's,"BATTERY ST., BURLINGTON",0.47,S50080403,LRS,Property Damage Only,"(44.47910211, -73.21893152)"