ID,Reporting Agency,Report Number,Date,Street Address,Town,Number,Number1,Number2,Number3,Intersection,Distance From Intersection,Distance Unit,Posted Speed,Direction of Collision,Direction from Intersection,Easting,Northing,Mile Marker,Mile Marker 1,Mile Marker 2,AOT Roadway,AOT Route,AOT Actual Mile,LRS Number,How Mapped,Crash Type,Location 1
1603,VT0040100,2012BU013525,06/05/2012,FAU-5008 Battery Street,Burlington,NO DATA,NO DATA,NO DATA,NO DATA,Cherry Street,10,Feet,25,3 - Same Direction Sideswipe,North,NO DATA,NO DATA,NO DATA,NO DATA,NO DATA,Federal Aid Urban System (Class 2 TH's and 3 TH's,"BATTERY ST., BURLINGTON",0.47,S50080403,LRS,Property Damage Only,"(44.47910211, -73.21893152)"
1604,VT0040100,2012BU05574,03/08/2012,FAU 5008┬á (Battery Street),Burlington,NO DATA,NO DATA,NO DATA,NO DATA,Cherry St,NO DATA,NO DATA,25,"8 - No Turns, Thru moves only, Broadside ^<",NO DATA,NO DATA,NO DATA,NO DATA,NO DATA,NO DATA,Federal Aid Urban System (Class 2 TH's and 3 TH's,"BATTERY ST., BURLINGTON",0.47,S50080403,LRS,Property Damage Only,"(44.47910211, -73.21893152)"
1605,VT0040100,2012BU015063,06/21/2012,FAU-5008 Battery St,Burlington,NO DATA,NO DATA,NO DATA,NO DATA,Cherry St,NO DATA,NO DATA,25,"10 - Left Turn and Thru, Angle Broadside -->v--",NO DATA,NO DATA,NO DATA,NO DATA,NO DATA,NO DATA,Federal Aid Urban System (Class 2 TH's and 3 TH's,"BATTERY ST., BURLINGTON",0.47,S50080403,LRS,Property Damage Only,"(44.47910211, -73.21893152)"
1611,VT0040100,2012BU032626,12/29/2012,FAU-5008 Battery Street,Burlington,NO DATA,NO DATA,NO DATA,NO DATA,College Street,NO DATA,NO DATA,25,1 - Rear End,NO DATA,NO DATA,NO DATA,NO DATA,NO DATA,NO DATA,Federal Aid Urban System (Class 2 TH's and 3 TH's,"BATTERY ST., BURLINGTON",0.31,S50080403,LRS,Property Damage Only,"(44.47677349, -73.21876026)"
1612,VT0040100,2012BU027431,10/24/2012,FAU-5008 Battery St,Burlington,NO DATA,NO DATA,NO DATA,NO DATA,College St,NO DATA,NO DATA,25,6 - Single Vehicle Crash,NO DATA,NO DATA,NO DATA,NO DATA,NO DATA,NO DATA,Federal Aid Urban System (Class 2 TH's and 3 TH's,"BATTERY ST., BURLINGTON",0.31,S50080403,LRS,Injury,"(44.47677349, -73.21876026)"
1613,VT0040100,2012BU013251,06/02/2012,FAU-5008 Battery St,Burlington,NO DATA,NO DATA,NO DATA,NO DATA,College St,NO DATA,Feet,25,"10 - Left Turn and Thru, Angle Broadside -->v--",NO DATA,NO DATA,NO DATA,NO DATA,NO DATA,NO DATA,Federal Aid Urban System (Class 2 TH's and 3 TH's,"BATTERY ST., BURLINGTON",0.31,S50080403,LRS,Injury,"(44.47677349, -73.21876026)"
1614,VT0040100,2012BU031787,12/17/2012,FAU-5008 Battery St,Burlington,NO DATA,NO DATA,NO DATA,NO DATA,Main St,20,NO DATA,25,3 - Same Direction Sideswipe,North,NO DATA,NO DATA,NO DATA,NO DATA,NO DATA,Federal Aid Urban System (Class 2 TH's and 3 TH's,"BATTERY ST., BURLINGTON",0.24,S50080403,LRS,Property Damage Only,"(44.47575503, -73.21867756)"
1615,VT0040100,2012BU2905,02/02/2012,FAU 5008 (Battery Street),Burlington,NO DATA,NO DATA,NO DATA,NO DATA,Main St,100,Feet,25,3 - Same Direction Sideswipe,North,NO DATA,NO DATA,NO DATA,NO DATA,NO DATA,Federal Aid Urban System (Class 2 TH's and 3 TH's,"BATTERY ST., BURLINGTON",0.24,S50080403,LRS,Property Damage Only,"(44.47575503, -73.21867756)"
1616,VT0040100,2012BU011135,05/12/2012,FAU-5008 Battery St,Burlington,NO DATA,NO DATA,NO DATA,NO DATA,Main St,NO DATA,NO DATA,25,1 - Rear End,NO DATA,NO DATA,NO DATA,NO DATA,NO DATA,NO DATA,Federal Aid Urban System (Class 2 TH's and 3 TH's,"BATTERY ST., BURLINGTON",0.23,S50080403,LRS,Property Damage Only,"(44.47560938, -73.21867206)"
1617,VT0040100,2012BU026656,10/16/2012,FAU-5008 Battery St,Burlington,NO DATA,NO DATA,NO DATA,NO DATA,King St,60,Feet,25,7 - Other - Explain in Narrative,East,NO DATA,NO DATA,NO DATA,NO DATA,NO DATA,Federal Aid Urban System (Class 2 TH's and 3 TH's,"BATTERY ST., BURLINGTON",0.16,S50080403,LRS,Property Damage Only,"(44.47459048, -73.21860050)"
1656,VT0110200,12RL04124,05/10/2012,FAU-3062 Washington Street,Rutland City,NO DATA,NO DATA,NO DATA,NO DATA,Prospect Street,NO DATA,NO DATA,30,"8 - No Turns, Thru moves only, Broadside ^<",NO DATA,461566,122933,NO DATA,NO DATA,NO DATA,Federal Aid Urban System (Class 2 TH's and 3 TH's,"WASHINGTON ST., RUTLAND CITY",0.14,S30621119,LRS,Property Damage Only,"(43.60568227, -72.97573061)"
1657,VT0110200,12RL03881,05/04/2012,FAU-3062 Washington Street,Rutland City,NO DATA,NO DATA,NO DATA,NO DATA,Wales Street,NO DATA,NO DATA,30,"8 - No Turns, Thru moves only, Broadside ^<",NO DATA,461960,122563,NO DATA,NO DATA,NO DATA,Federal Aid Urban System (Class 2 TH's and 3 TH's,"WASHINGTON ST., RUTLAND CITY",0.06,S30621119,LRS,Property Damage Only,"(43.60553002, -72.97739496)"
1658,VT0110200,12RL09190,09/08/2012,FAU-3062 Washington Street,Rutland City,NO DATA,NO DATA,NO DATA,NO DATA,Strongs Avenue,NO DATA,NO DATA,30,7 - Other - Explain in Narrative,NO DATA,461380,122898,NO DATA,NO DATA,NO DATA,Federal Aid Urban System (Class 2 TH's and 3 TH's,"WASHINGTON ST., RUTLAND CITY",0,S30621119,LRS,Injury,"(43.60542275, -72.97864449)"
1659,VT0110200,12RL05245,06/09/2012,FAU 3060 (Wales Street),Rutland City,NO DATA,NO DATA,NO DATA,NO DATA,West Street,NO DATA,NO DATA,30,1 - Rear End,South,461597,122939,NO DATA,NO DATA,NO DATA,Federal Aid Urban System (Class 2 TH's and 3 TH's,"WALES ST., RUTLAND CITY",0.27,S30601119,LRS,Property Damage Only,"(43.60810655, -72.97780115)"
1660,VT0040100,2012BU021982,08/20/2012,FAU-5038 Pearl Street,Burlington,NO DATA,NO DATA,NO DATA,NO DATA,St Paul St,75,Feet,25,3 - Same Direction Sideswipe,East,NO DATA,NO DATA,NO DATA,NO DATA,NO DATA,Federal Aid Urban System (Class 2 TH's and 3 TH's,"PEARL ST., BURLINGTON",0.25,S50380403,LRS,Property Damage Only,"(44.48040915, -73.21410875)"
1661,VT0110200,12RL11659,11/13/2012,FAU-3060 Wales Street,Rutland City,NO DATA,NO DATA,NO DATA,NO DATA,West Street,NO DATA,NO DATA,30,7 - Other - Explain in Narrative,NO DATA,461597,122939,NO DATA,NO DATA,NO DATA,Federal Aid Urban System (Class 2 TH's and 3 TH's,"WALES ST., RUTLAND CITY",0.27,S30601119,LRS,Injury,"(43.60810655, -72.97780115)"
1667,VT0110200,12RL04279,05/15/2012,FAU-3060 Wales Street,Rutland City,NO DATA,NO DATA,NO DATA,NO DATA,Washington Street,NO DATA,NO DATA,30,"8 - No Turns, Thru moves only, Broadside ^<",NO DATA,461960,122563,NO DATA,NO DATA,NO DATA,Federal Aid Urban System (Class 2 TH's and 3 TH's,"WALES ST., RUTLAND CITY",0.08,S30601119,LRS,Injury,"(43.60533630, -72.97734002)"
1668,VT0110200,12RL12358,12/06/2012,FAU-3058 Temple Street,Rutland City,NO DATA,NO DATA,NO DATA,NO DATA,Bellevue Avenue,NO DATA,NO DATA,30,7 - Other - Explain in Narrative,NO DATA,462105,123901,NO DATA,NO DATA,NO DATA,Federal Aid Urban System (Class 2 TH's and 3 TH's,"TEMPLE ST., RUTLAND CITY",0.21,S30581119,LRS,Injury,"(43.61442778, -72.96926494)"
1669,VT0040100,2012BU02835,02/02/2012,FAU 5038 (300 Pearl Street),Burlington,NO DATA,NO DATA,NO DATA,NO DATA,300 Pearl St,NO DATA,NO DATA,25,"12 - Left Turn and Thru, Same Direction Sideswipe/Angle Crash vv--",NO DATA,NO DATA,NO DATA,NO DATA,NO DATA,NO DATA,Federal Aid Urban System (Class 2 TH's and 3 TH's,"PEARL ST., BURLINGTON",0.62,S50380403,LRS,Property Damage Only,"(44.48062058, -73.20683502)"
1670,VT0110200,12RL00502,01/19/2012,Merchants Row,Rutland City,NO DATA,NO DATA,NO DATA,NO DATA,Evelyn Street,NO DATA,NO DATA,30,1 - Rear End,North,123022,461239,NO DATA,NO DATA,NO DATA,Federal Aid Urban System (Class 2 TH's and 3 TH's,"STRONGS AVE., RUTLAND CITY",0.69,S30561119,LRS,Property Damage Only,"(43.60645230, -72.97994570)"
1671,VT0110200,12RL03847,05/03/2012,FAU 3056 (Strongs Ave/Merchants Row),Rutland City,NO DATA,NO DATA,NO DATA,NO DATA,114 Merchants Row,NO DATA,NO DATA,30,3 - Same Direction Sideswipe,NO DATA,461233,123018,NO DATA,NO DATA,NO DATA,Federal Aid Urban System (Class 2 TH's and 3 TH's,"STRONGS AVE., RUTLAND CITY",0.66,S30561119,LRS,Property Damage Only,"(43.60614200, -72.97949167)"
1672,VT0110200,12RL05164,06/07/2012,FAU 3056 (Strongs/142 Merchants Row),Rutland City,NO DATA,NO DATA,NO DATA,NO DATA,Bardwell House,NO DATA,NO DATA,30,"10 - Left Turn and Thru, Angle Broadside -->v--",NO DATA,461248,123039,NO DATA,NO DATA,NO DATA,Federal Aid Urban System (Class 2 TH's and 3 TH's,"STRONGS AVE., RUTLAND CITY",0.61,S30561119,LRS,Property Damage Only,"(43.60556736, -72.97881481)"
1678,VT0110200,12RL05232,06/08/2012,FAU 3056 (36 Strongs Avenue),Rutland City,NO DATA,NO DATA,NO DATA,NO DATA,Palms Restaurant,NO DATA,NO DATA,30,4 - Opp Direction Sideswipe,South,461500,122764,NO DATA,NO DATA,NO DATA,Federal Aid Urban System (Class 2 TH's and 3 TH's,"STRONGS AVE., RUTLAND CITY",0.48,S30561119,LRS,Property Damage Only,"(43.60407104, -72.97706051)"
1679,VT0110200,12RL01825,03/06/2012,FAU 3056 (Strongs Avenue),Rutland City,NO DATA,NO DATA,NO DATA,NO DATA,Madison Street,NO DATA,NO DATA,30,"8 - No Turns, Thru moves only, Broadside ^<",NO DATA,461670,122563,NO DATA,NO DATA,NO DATA,Federal Aid Urban System (Class 2 TH's and 3 TH's,"STRONGS AVE., RUTLAND CITY",0.42,S30561119,LRS,Property Damage Only,"(43.60338272, -72.97624678)"
2775,VTVSP0200,12B103286,10/06/2012,US Route 2,Lunenburg,NO DATA,NO DATA,2,NO DATA,909 US Route 2,1,Miles,50,6 - Single Vehicle Crash,West,569043,213042,20,514,0,State System (State Highways and Class I TH links),US-2,7.88,U002-0514,LRS,Injury,"(44.48434843, -71.63293979)"
1680,VT0040100,2012BU014054,06/10/2012,FAU-5038 Pearl St,Burlington,NO DATA,NO DATA,NO DATA,NO DATA,St Paul St,NO DATA,NO DATA,30,3 - Same Direction Sideswipe,West,NO DATA,NO DATA,NO DATA,NO DATA,NO DATA,Federal Aid Urban System (Class 2 TH's and 3 TH's,"PEARL ST., BURLINGTON",0.24,S50380403,LRS,Property Damage Only,"(44.48040291, -73.21430532)"
1681,VT0110200,12RL12531,12/12/2012,FAU-3056 Strongs Avenue,Rutland City,NO DATA,NO DATA,NO DATA,NO DATA,River Street,NO DATA,NO DATA,30,6 - Single Vehicle Crash,NO DATA,461670,122563,NO DATA,NO DATA,NO DATA,Federal Aid Urban System (Class 2 TH's and 3 TH's,"STRONGS AVE., RUTLAND CITY",0.41,S30561119,LRS,Injury,"(43.60327254, -72.97610414)"
1682,VT0110200,12RL11948,11/23/2012,FAU-3056 Strongs Avenue,Rutland City,NO DATA,NO DATA,NO DATA,NO DATA,Advance Auto,NO DATA,NO DATA,35,1 - Rear End,NO DATA,461995,122550,NO DATA,NO DATA,NO DATA,Federal Aid Urban System (Class 2 TH's and 3 TH's,"STRONGS AVE., RUTLAND CITY",0.41,S30561119,LRS,Property Damage Only,"(43.60327254, -72.97610414)"
1683,VT0110200,12RL09982,09/28/2012,FAU-3056 Strongs Avenue,Rutland City,NO DATA,NO DATA,NO DATA,NO DATA,Gils Deli,25,Feet,30,1 - Rear End,North,461644,122574,NO DATA,NO DATA,NO DATA,Federal Aid Urban System (Class 2 TH's and 3 TH's,"STRONGS AVE., RUTLAND CITY",0.33,S30561119,LRS,Property Damage Only,"(43.60232931, -72.97506133)"
1689,VT0110200,12RL10977,10/25/2012,FAU-3056 Strongs Avenue,Rutland City,NO DATA,NO DATA,NO DATA,NO DATA,Howe Center,NO DATA,NO DATA,30,4 - Opp Direction Sideswipe,NO DATA,461668,122319,NO DATA,NO DATA,NO DATA,Federal Aid Urban System (Class 2 TH's and 3 TH's,"STRONGS AVE., RUTLAND CITY",0.18,S30561119,LRS,Property Damage Only,"(43.60055551, -72.97311415)"
1690,VT0110200,12RL12334,12/05/2012,FAU-3056 Strongs Avenue,Rutland City,NO DATA,NO DATA,NO DATA,NO DATA,131 Strongs Avenue,NO DATA,NO DATA,30,1 - Rear End,NO DATA,461995,122550,NO DATA,NO DATA,NO DATA,Federal Aid Urban System (Class 2 TH's and 3 TH's,"STRONGS AVE., RUTLAND CITY",0.09,S30561119,LRS,Property Damage Only,"(43.59956718, -72.97183270)"
1691,VT0110200,12RL08247,08/16/2012,FAU-3056 Strongs Avenue,Rutland City,NO DATA,NO DATA,NO DATA,NO DATA,Driveway Of Stewarts Bread And Butter Shop,50,Feet,30,"11 - Left Turn and Thru, Head On ^v--",North,462035,122153,NO DATA,NO DATA,NO DATA,Federal Aid Urban System (Class 2 TH's and 3 TH's,"STRONGS AVE., RUTLAND CITY",0.06,S30561119,LRS,Property Damage Only,"(43.59926764, -72.97136357)"
1692,VT0110200,12RL12859,12/21/2012,FAU-3056 (140 Strongs Avenue),Rutland City,NO DATA,NO DATA,NO DATA,NO DATA,NO DATA,NO DATA,Feet,30,"8 - No Turns, Thru moves only, Broadside ^<",East,461981,122209,NO DATA,NO DATA,NO DATA,Federal Aid Urban System (Class 2 TH's and 3 TH's,"STRONGS AVE., RUTLAND CITY",0.05,S30561119,LRS,Property Damage Only,"(43.59916762, -72.97120740)"
1693,VT0110200,12RL09588,09/18/2012,FAU-3056 Strongs Avenue,Rutland City,NO DATA,NO DATA,NO DATA,NO DATA,South Main Street,200,Feet,30,7 - Other - Explain in Narrative,North,461995,122550,NO DATA,NO DATA,NO DATA,Federal Aid Urban System (Class 2 TH's and 3 TH's,"STRONGS AVE., RUTLAND CITY",0.04,S30561119,LRS,Property Damage Only,"(43.59906760, -72.97105123)"
1694,VT0040100,2012BU023295,09/11/2012,FAU-5038 Pearl St,Burlington,NO DATA,NO DATA,NO DATA,NO DATA,Hungerford Terr,1,Feet,25,1 - Rear End,East,NO DATA,NO DATA,NO DATA,NO DATA,NO DATA,Federal Aid Urban System (Class 2 TH's and 3 TH's,"PEARL ST., BURLINGTON",0.61,S50380403,LRS,Property Damage Only,"(44.48061592, -73.20703169)"
1700,VT0110200,12RL08216,08/15/2012,FAU-3056 Strongs Avenue,Rutland City,NO DATA,NO DATA,NO DATA,NO DATA,South Main Street,75,Feet,30,1 - Rear End,North,461935,122223,NO DATA,NO DATA,NO DATA,Federal Aid Urban System (Class 2 TH's and 3 TH's,"STRONGS AVE., RUTLAND CITY",0.01,S30561119,LRS,Injury,"(43.59876755, -72.97058271)"
1701,VT0110200,12RL05320,06/11/2012,FAU-3056 Strongs Avenue,Rutland City,NO DATA,NO DATA,NO DATA,NO DATA,South Main Street,NO DATA,NO DATA,30,1 - Rear End,South,462035,122153,NO DATA,NO DATA,NO DATA,Federal Aid Urban System (Class 2 TH's and 3 TH's,"STRONGS AVE., RUTLAND CITY",0,S30561119,LRS,Property Damage Only,"(43.59866753, -72.97042654)"
1702,VT0110200,12RL12105,11/28/2012,FAU-3056 Strongs Avenue,Rutland City,NO DATA,NO DATA,NO DATA,NO DATA,South Main Street,NO DATA,NO DATA,30,"10 - Left Turn and Thru, Angle Broadside -->v--",NO DATA,462035,122153,NO DATA,NO DATA,NO DATA,Federal Aid Urban System (Class 2 TH's and 3 TH's,"STRONGS AVE., RUTLAND CITY",0,S30561119,LRS,Property Damage Only,"(43.59866753, -72.97042654)"
1703,VT0110200,12RL11300,11/03/2012,FAU-3056Strongs Avenue,Rutland City,NO DATA,NO DATA,NO DATA,NO DATA,South Main Street,NO DATA,NO DATA,30,3 - Same Direction Sideswipe,West,462035,122153,NO DATA,NO DATA,NO DATA,Federal Aid Urban System (Class 2 TH's and 3 TH's,"STRONGS AVE., RUTLAND CITY",0,S30561119,LRS,Property Damage Only,"(43.59866753, -72.97042654)"
1704,VT0110200,12RL10517,10/13/2012,FAU-3054 Stratton Road,Rutland City,NO DATA,NO DATA,NO DATA,NO DATA,Woodstock Avenue,NO DATA,Feet,30,1 - Rear End,South,463093,124271,NO DATA,NO DATA,NO DATA,Federal Aid Urban System (Class 2 TH's and 3 TH's,"STRATTON RD., RUTLAND CITY",1.87,S30541119,LRS,Property Damage Only,"(43.61803349, -72.95692398)"
1705,VT0040100,2012BU009937,04/27/2012,FAU-5038 Pearl St,Burlington,NO DATA,NO DATA,NO DATA,NO DATA,St Paul St,NO DATA,NO DATA,25,"12 - Left Turn and Thru, Same Direction Sideswipe/Angle Crash vv--",NO DATA,NO DATA,NO DATA,NO DATA,NO DATA,NO DATA,Federal Aid Urban System (Class 2 TH's and 3 TH's,"PEARL ST., BURLINGTON",0.24,S50380403,LRS,Property Damage Only,"(44.48040291, -73.21430532)"
1722,VT0110200,12RL02807,04/02/2012,FAU 3054 (Stratton Road),Rutland City,NO DATA,NO DATA,NO DATA,NO DATA,Allen Street,NO DATA,NO DATA,30,1 - Rear End,NO DATA,463187,122219,NO DATA,NO DATA,NO DATA,Federal Aid Urban System (Class 2 TH's and 3 TH's,"STRATTON RD., RUTLAND CITY",0.54,S30541119,LRS,Property Damage Only,"(43.59930831, -72.95546547)"
1723,VT0110200,12RL02403,03/22/2012,FAU-3054 Stratton Road,Rutland City,NO DATA,NO DATA,NO DATA,NO DATA,Allen Street,NO DATA,NO DATA,30,6 - Single Vehicle Crash,NO DATA,463198,122254,NO DATA,NO DATA,NO DATA,Federal Aid Urban System (Class 2 TH's and 3 TH's,"STRATTON RD., RUTLAND CITY",0.54,S30541119,LRS,Property Damage Only,"(43.59930831, -72.95546547)"
1724,VT0110200,12RL01456,02/22/2012,FAU-3054 Stratton Road,Rutland City,NO DATA,NO DATA,NO DATA,NO DATA,Allen Street,NO DATA,NO DATA,30,1 - Rear End,NO DATA,462012,123514,NO DATA,NO DATA,NO DATA,Federal Aid Urban System (Class 2 TH's and 3 TH's,"STRATTON RD., RUTLAND CITY",0.54,S30541119,LRS,Property Damage Only,"(43.59930831, -72.95546547)"
1725,VT0110200,12RL12892,12/22/2012,FAU3052 River Street,Rutland City,NO DATA,NO DATA,NO DATA,NO DATA,Post Street,NO DATA,NO DATA,30,7 - Other - Explain in Narrative,NO DATA,461414,122609,NO DATA,NO DATA,NO DATA,Federal Aid Urban System (Class 2 TH's and 3 TH's,"RIVER ST., RUTLAND CITY",0.76,S30521119,LRS,Property Damage Only,"(43.60272362, -72.97798195)"
1726,VT0110200,12RL10107,10/02/2012,FAU-3052 River Street,Rutland City,NO DATA,NO DATA,NO DATA,NO DATA,95 River Street,NO DATA,NO DATA,30,3 - Same Direction Sideswipe,NO DATA,461192,122450,NO DATA,NO DATA,NO DATA,Federal Aid Urban System (Class 2 TH's and 3 TH's,"RIVER ST., RUTLAND CITY",0.56,S30521119,LRS,Property Damage Only,"(43.60154867, -72.98166573)"
1727,VT0110200,12RL09144,09/08/2012,FAU-3052 River Street,Rutland City,NO DATA,NO DATA,NO DATA,NO DATA,River Street,NO DATA,NO DATA,30,7 - Other - Explain in Narrative,NO DATA,461027,122478,NO DATA,NO DATA,NO DATA,Federal Aid Urban System (Class 2 TH's and 3 TH's,"RIVER ST., RUTLAND CITY",0.52,S30521119,LRS,Property Damage Only,"(43.60148225, -72.98248003)"
1744,VT0110200,12RL01365,02/19/2012,FAU 3042 (Merchants Row),Rutland City,NO DATA,NO DATA,NO DATA,NO DATA,Center Street,NO DATA,NO DATA,30,"10 - Left Turn and Thru, Angle Broadside -->v--",NO DATA,461248,123039,NO DATA,NO DATA,NO DATA,Federal Aid Urban System (Class 2 TH's and 3 TH's,"MERCHANTS ROW, RUTLAND CITY",0,S30421119,LRS,Injury,"(43.60645230, -72.97994570)"
1745,VT0110200,12RL02665,03/29/2012,FAU-3040 Meadow Street,Rutland City,NO DATA,NO DATA,NO DATA,NO DATA,St Peters Church,NO DATA,NO DATA,30,"8 - No Turns, Thru moves only, Broadside ^<",NO DATA,460775,122457,NO DATA,NO DATA,NO DATA,Federal Aid Urban System (Class 2 TH's and 3 TH's,"MEADOW ST., RUTLAND CITY",0.06,S30401119,LRS,Property Damage Only,"(43.60207827, -72.98618021)"
1746,VT0040100,2012BU021665,08/27/2012,FAU-5038 (84 Pearl St),Burlington,NO DATA,NO DATA,NO DATA,NO DATA,Pine St/Pearl St,20,Feet,25,3 - Same Direction Sideswipe,East,NO DATA,NO DATA,NO DATA,NO DATA,NO DATA,Federal Aid Urban System (Class 2 TH's and 3 TH's,"PEARL ST., BURLINGTON",0.16,S50380403,LRS,Property Damage Only,"(44.48034732, -73.21587759)"
1747,VT0110200,12RL10484,10/12/2012,FAU-3040 Meadow Street,Rutland City,NO DATA,NO DATA,NO DATA,NO DATA,River Street,50,Feet,30,3 - Same Direction Sideswipe,North,460775,122457,NO DATA,NO DATA,NO DATA,Federal Aid Urban System (Class 2 TH's and 3 TH's,"MEADOW ST., RUTLAND CITY",0.01,S30401119,LRS,Property Damage Only,"(43.60136921, -72.98609857)"
1748,VT0040100,2012BU015597,06/27/2012,FAU-5032 North Street,Burlington,NO DATA,NO DATA,NO DATA,NO DATA,Hyde Street,10,Feet,25,2 - Head On,North,NO DATA,NO DATA,NO DATA,NO DATA,NO DATA,Federal Aid Urban System (Class 2 TH's and 3 TH's,"NORTH ST., BURLINGTON",0.68,S50320403,LRS,Property Damage Only,"(44.48487402, -73.20873211)"
1749,VT0040100,2012BU031469,12/13/2012,FAU-5032 (314 North St),Burlington,NO DATA,NO DATA,NO DATA,NO DATA,Hyde St,50,Feet,25,3 - Same Direction Sideswipe,West,NO DATA,NO DATA,NO DATA,NO DATA,NO DATA,Federal Aid Urban System (Class 2 TH's and 3 TH's,"NORTH ST., BURLINGTON",0.66,S50320403,LRS,Property Damage Only,"(44.48486613, -73.20913196)"
1755,VT0040100,2012BU021553,08/26/2012,FAU-5046 (370 St Paul St),Burlington,NO DATA,NO DATA,NO DATA,NO DATA,Marble Ave,25,Feet,99,4 - Opp Direction Sideswipe,West,NO DATA,NO DATA,NO DATA,NO DATA,NO DATA,Federal Aid Urban System (Class 2 TH's and 3 TH's,"ST. PAUL ST., BURLINGTON",0.17,S50460403,LRS,Property Damage Only,"(44.46953301, -73.21175317)"
1756,VT0040100,2012BU021878,08/29/2012,FAU-5040 Pine St/Maple St,Burlington,NO DATA,NO DATA,NO DATA,NO DATA,Pine St,NO DATA,NO DATA,25,"8 - No Turns, Thru moves only, Broadside ^<",NO DATA,NO DATA,NO DATA,NO DATA,NO DATA,NO DATA,Federal Aid Urban System (Class 2 TH's and 3 TH's,"PINE ST., BURLINGTON",1.25,S50400403,LRS,Property Damage Only,"(44.47338631, -73.21540319)"
1757,VT0040100,2012BU028483,11/04/2012,FAU-5046 (397 St Paul Street),Burlington,NO DATA,NO DATA,NO DATA,NO DATA,St. Paul Street/Marble Avenue,400,Feet,25,3 - Same Direction Sideswipe,North,NO DATA,NO DATA,NO DATA,NO DATA,NO DATA,Federal Aid Urban System (Class 2 TH's and 3 TH's,"ST. PAUL ST., BURLINGTON",0.13,S50460403,LRS,Property Damage Only,"(44.46901391, -73.21125687)"
1758,VT0040100,2012BU019071,08/01/2012,FAU-5040 Pine St,Burlington,NO DATA,NO DATA,NO DATA,NO DATA,Maple St,100,Feet,30,1 - Rear End,South,NO DATA,NO DATA,NO DATA,NO DATA,NO DATA,Federal Aid Urban System (Class 2 TH's and 3 TH's,"PINE ST., BURLINGTON",1.25,S50400403,LRS,Property Damage Only,"(44.47338631, -73.21540319)"
1759,VT0040100,2012BU018346,07/24/2012,FAU-5040 Pine St,Burlington,NO DATA,NO DATA,NO DATA,NO DATA,Maple St,NO DATA,NO DATA,30,2 - Head On,North,NO DATA,NO DATA,NO DATA,NO DATA,NO DATA,Federal Aid Urban System (Class 2 TH's and 3 TH's,"PINE ST., BURLINGTON",1.25,S50400403,LRS,Injury,"(44.47338631, -73.21540319)"
1760,VT0040100,2012BU021844,08/29/2012,FAU-5046 St Paul St,Burlington,NO DATA,NO DATA,NO DATA,NO DATA,Howard St,25,Feet,25,3 - Same Direction Sideswipe,South,NO DATA,NO DATA,NO DATA,NO DATA,NO DATA,Federal Aid Urban System (Class 2 TH's and 3 TH's,"ST. PAUL ST., BURLINGTON",0,S50460403,LRS,Property Damage Only,"(44.46729790, -73.20970419)"
1766,VT0040100,2012BU011150,05/12/2012,FAU- 5040 (313 Pine St),Burlington,NO DATA,NO DATA,NO DATA,NO DATA,Maple St,NO DATA,NO DATA,25,1 - Rear End,NO DATA,NO DATA,NO DATA,NO DATA,NO DATA,NO DATA,Federal Aid Urban System (Class 2 TH's and 3 TH's,"PINE ST., BURLINGTON",1.18,S50400403,LRS,Property Damage Only,"(44.47238119, -73.21533937)"
1767,VT0040200,12ES03873,07/06/2012,FAU-5406 (1 Kellogg Rd),Essex,NO DATA,NO DATA,NO DATA,NO DATA,Susie Wilson Rd,NO DATA,NO DATA,35,1 - Rear End,NO DATA,449763,223457,NO DATA,NO DATA,NO DATA,Federal Aid Urban System (Class 2 TH's and 3 TH's,"KELLOGG ROAD, ESSEX",0,S54060406,LRS,Property Damage Only,"(44.50960397, -73.13174318)"
1768,VT0040200,12ES02456,05/06/2012,FAU-5402 SAND HILL RD,Essex,NO DATA,NO DATA,NO DATA,NO DATA,RIVER RD,NO DATA,NO DATA,35,1 - Rear End,NO DATA,456276,220003,NO DATA,NO DATA,NO DATA,Federal Aid Urban System (Class 2 TH's and 3 TH's,"SAND HILL ROAD, ESSEX",0,S54020406NA001,LRS,Property Damage Only,"(44.50863888, -73.05526294)"
1769,VT0040200,12ES00358,01/19/2012,FAU-5402 (89 SAND HILL RD),Essex,NO DATA,NO DATA,NO DATA,NO DATA,ALLEN MARTIN PARKWAY,100,Feet,35,"18 - Right Turn and Thru, Broadside ^<--",North,456347,221360,NO DATA,NO DATA,NO DATA,Federal Aid Urban System (Class 2 TH's and 3 TH's,"SAND HILL ROAD, ESSEX",0.88,S54020406,LRS,Property Damage Only,"(44.49126663, -73.05005472)"
1770,VT0040200,12ES06992,11/26/2012,FAU-5402 (70 SAND HILL RD),Essex,NO DATA,NO DATA,NO DATA,NO DATA,NO DATA,NO DATA,NO DATA,35,1 - Rear End,NO DATA,456219,221143,NO DATA,NO DATA,NO DATA,Federal Aid Urban System (Class 2 TH's and 3 TH's,"SAND HILL ROAD, ESSEX",0.72,S54020406,LRS,Property Damage Only,"(44.48860384, -73.04995975)"
1771,VT0040200,12ES05718,09/20/2012,FAU5404 ALLEN MARTIN DR,Essex,NO DATA,NO DATA,NO DATA,NO DATA,CORPORATE DR,NO DATA,NO DATA,35,1 - Rear End,NO DATA,456942,222488,NO DATA,NO DATA,NO DATA,Federal Aid Urban System (Class 2 TH's and 3 TH's,"SAND HILL ROAD, ESSEX",0.65,S54020406,LRS,Property Damage Only,"(44.48751862, -73.04934400)"
1772,VT0040200,12ES07698,12/29/2012,FAU-5402 SAND HILL RD,Essex,NO DATA,NO DATA,NO DATA,NO DATA,RIVER RD,NO DATA,NO DATA,40,6 - Single Vehicle Crash,South,456304,220000,NO DATA,NO DATA,NO DATA,Federal Aid Urban System (Class 2 TH's and 3 TH's,"SAND HILL ROAD, ESSEX",0,S54020406,LRS,Property Damage Only,"(44.47895658, -73.04924736)"
1779,VT0040100,2012BU002450,01/28/2012,FAU 5046 (St Paul Street),Burlington,NO DATA,NO DATA,NO DATA,NO DATA,Spruce St,40,Feet,25,"11 - Left Turn and Thru, Head On ^v--",North,NO DATA,NO DATA,NO DATA,NO DATA,NO DATA,Federal Aid Urban System (Class 2 TH's and 3 TH's,"ST. PAUL ST., BURLINGTON",0.19,S50460403,LRS,Property Damage Only,"(44.46979129, -73.21200400)"
1780,VT0040200,12ES02087,04/19/2012,FAU-5302 SOUTH ST,Essex,NO DATA,NO DATA,NO DATA,NO DATA,PARK ST,NO DATA,NO DATA,25,4 - Opp Direction Sideswipe,NO DATA,451129,220798,NO DATA,NO DATA,NO DATA,Federal Aid Urban System (Class 2 TH's and 3 TH's,"SOUTH ST., ESSEX JUNCTION VILLAGE",0.33,S53020406,LRS,Property Damage Only,"(44.48571494, -73.11397621)"