ID,Reporting Agency,Report Number,Date,Street Address,Town,Number,Number1,Number2,Number3,Intersection,Distance From Intersection,Distance Unit,Posted Speed,Direction of Collision,Direction from Intersection,Easting,Northing,Mile Marker,Mile Marker 1,Mile Marker 2,AOT Roadway,AOT Route,AOT Actual Mile,LRS Number,How Mapped,Crash Type,Location 1
1781,VT0040200,12ES06522,10/31/2012,FAU-5302 (29 South St),Essex,NO DATA,NO DATA,NO DATA,NO DATA,NO DATA,NO DATA,NO DATA,25,"8 - No Turns, Thru moves only, Broadside ^<",NO DATA,450858,220897,NO DATA,NO DATA,NO DATA,Federal Aid Urban System (Class 2 TH's and 3 TH's,"SOUTH ST., ESSEX JUNCTION VILLAGE",0.14,S53020406,LRS,Property Damage Only,"(44.48644645, -73.11784577)"
1782,VT0040300,12SB011260,08/28/2012,FAU-5228 Market Street,South Burlington,NO DATA,NO DATA,NO DATA,NO DATA,Hinesburg Road,10,Feet,25,1 - Rear End,NO DATA,446607,218360,NO DATA,NO DATA,NO DATA,Federal Aid Urban System (Class 2 TH's and 3 TH's,"MARKET ST., SOUTH BU",0.58,S52280414,LRS,Property Damage Only,"(44.46350586, -73.17067295)"
1783,VT0040300,12SB017174,12/21/2012,FAU-5228 Market Street,South Burlington,NO DATA,NO DATA,NO DATA,NO DATA,Dorset Street,NO DATA,NO DATA,30,1 - Rear End,NO DATA,NO DATA,NO DATA,NO DATA,NO DATA,NO DATA,Federal Aid Urban System (Class 2 TH's and 3 TH's,"MARKET ST., SOUTH BU",0,S52280414,LRS,Property Damage Only,"(44.46549332, -73.18105842)"
1784,VT0040300,12SB000377,01/15/2012,FAU 5226 (White Street),South Burlington,NO DATA,NO DATA,NO DATA,NO DATA,Airport Parkway,5,Feet,25,1 - Rear End,West,447214,219164,NO DATA,NO DATA,NO DATA,Federal Aid Urban System (Class 2 TH's and 3 TH's,"WHITE ST., SOUTH BURLINGTON",0.59,S52260414,LRS,Property Damage Only,"(44.47084421, -73.16321722)"
1801,VT0040100,2012BU026751,10/17/2012,FAU-5040 Pine St,Burlington,NO DATA,NO DATA,NO DATA,NO DATA,Kilburn St,NO DATA,NO DATA,25,"8 - No Turns, Thru moves only, Broadside ^<",South,NO DATA,NO DATA,NO DATA,NO DATA,NO DATA,Federal Aid Urban System (Class 2 TH's and 3 TH's,"PINE ST., BURLINGTON",1.08,S50400403,LRS,Property Damage Only,"(44.47094542, -73.21524387)"
1802,VT0040300,12SB015473,11/16/2012,FAU-5224 Swift St./Spear St.,South Burlington,NO DATA,NO DATA,NO DATA,NO DATA,Spear St.,NO DATA,NO DATA,30,1 - Rear End,NO DATA,NO DATA,NO DATA,NO DATA,NO DATA,NO DATA,Federal Aid Urban System (Class 2 TH's and 3 TH's,"SWIFT ST., SOUTH BURLINGTON",1.03,S52240414,LRS,Property Damage Only,"(44.44327289, -73.18891251)"
1803,VT0040300,12SB0972,02/06/2012,FAU-5224 Swift Street,South Burlington,NO DATA,NO DATA,NO DATA,NO DATA,NO DATA,NO DATA,NO DATA,35,1 - Rear End,NO DATA,445114,216153,NO DATA,NO DATA,NO DATA,Federal Aid Urban System (Class 2 TH's and 3 TH's,"SWIFT ST., SOUTH BURLINGTON",1,S52240414,LRS,Property Damage Only,"(44.44352458, -73.18940131)"
1804,VT0040100,2012BU006119,03/15/2012,FAU 5040 (332 Pine Street),Burlington,NO DATA,NO DATA,NO DATA,NO DATA,332 Pine St,NO DATA,NO DATA,99,6 - Single Vehicle Crash,NO DATA,NO DATA,NO DATA,NO DATA,NO DATA,NO DATA,Federal Aid Urban System (Class 2 TH's and 3 TH's,"PINE ST., BURLINGTON",1.01,S50400403,LRS,Injury,"(44.46994036, -73.21517764)"
1805,VT0040300,12SB012424,09/18/2012,FAU-5224 Swift Street Southbound,South Burlington,NO DATA,NO DATA,NO DATA,NO DATA,200 Yards West Of Spear Street,NO DATA,NO DATA,35,1 - Rear End,NO DATA,445048,216174,NO DATA,NO DATA,NO DATA,Federal Aid Urban System (Class 2 TH's and 3 TH's,"SWIFT ST., SOUTH BURLINGTON",0.93,S52240414,LRS,Property Damage Only,"(44.44389661, -73.19073799)"
1806,VT0040300,2012SB05240,05/04/2012,FAU-5224 Swift Street,South Burlington,NO DATA,NO DATA,NO DATA,NO DATA,2/10 West Of Spear Street,1056,Feet,35,3 - Same Direction Sideswipe,West,445106,216156,NO DATA,NO DATA,NO DATA,Federal Aid Urban System (Class 2 TH's and 3 TH's,"SWIFT ST., SOUTH BURLINGTON",0.84,S52240414,LRS,Injury,"(44.44438270, -73.19245318)"
1812,VT0040300,12SB001428,02/22/2012,FAU 5222 (Spear Street),South Burlington,NO DATA,NO DATA,NO DATA,NO DATA,Williston Road,10,Feet,25,1 - Rear End,South,445067,219350,NO DATA,NO DATA,NO DATA,Federal Aid Urban System (Class 2 TH's and 3 TH's,"SPEAR ST., SOUTH BURLINGTON",3.95,S52220414,LRS,Property Damage Only,"(44.47305384, -73.19133935)"
1813,VT0041100,12UV00001975,05/02/2012,FAU 5222 (88 Spear Street),South Burlington,NO DATA,NO DATA,NO DATA,NO DATA,NO DATA,NO DATA,NO DATA,25,"10 - Left Turn and Thru, Angle Broadside -->v--",East,NO DATA,NO DATA,NO DATA,NO DATA,NO DATA,Federal Aid Urban System (Class 2 TH's and 3 TH's,"SPEAR ST., SOUTH BURLINGTON",3.77,S52220414,LRS,Property Damage Only,"(44.47099635, -73.19230472)"
1814,VT0040300,12SB01923,03/12/2012,FAU 5222 (106 Spear Street),South Burlington,NO DATA,NO DATA,NO DATA,NO DATA,Williston Road,250,Feet,25,1 - Rear End,South,444923,219149,NO DATA,NO DATA,NO DATA,Federal Aid Urban System (Class 2 TH's and 3 TH's,"SPEAR ST., SOUTH BURLINGTON",3.73,S52220414,LRS,Property Damage Only,"(44.47040724, -73.19218712)"
1815,VT0040300,12SB006358,05/26/2012,FAU-5222 (156 Spear Street),South Burlington,NO DATA,NO DATA,NO DATA,NO DATA,At Cross Walk,NO DATA,NO DATA,25,1 - Rear End,South,444945,218994,NO DATA,NO DATA,NO DATA,Federal Aid Urban System (Class 2 TH's and 3 TH's,"SPEAR ST., SOUTH BURLINGTON",3.66,S52220414,LRS,Property Damage Only,"(44.46937589, -73.19198521)"
1816,VT0040300,12SB07293,06/15/2012,Spear Street,South Burlington,NO DATA,NO DATA,NO DATA,NO DATA,"Across From 156 Spear Street,",NO DATA,NO DATA,25,"14 - Left Turn and Thru, Broadside v<--",NO DATA,444922,219006,NO DATA,NO DATA,NO DATA,Federal Aid Urban System (Class 2 TH's and 3 TH's,"SPEAR ST., SOUTH BURLINGTON",3.65,S52220414,LRS,Property Damage Only,"(44.46922856, -73.19195637)"
1817,VT0040300,12SB010668,08/17/2012,FAU-5222 Spear Street,South Burlington,NO DATA,NO DATA,NO DATA,NO DATA,I-189,1500,Feet,35,6 - Single Vehicle Crash,NO DATA,445193,216997,NO DATA,NO DATA,NO DATA,Federal Aid Urban System (Class 2 TH's and 3 TH's,"SPEAR ST., SOUTH BURLINGTON",2.42,S52220414,LRS,Property Damage Only,"(44.45109051, -73.18857722)"
1823,VT0040300,12SB015799,11/23/2012,FAU-5222 Spear Street,South Burlington,NO DATA,NO DATA,NO DATA,NO DATA,Allen Road,80,NO DATA,35,4 - Opp Direction Sideswipe,North,444580,213669,NO DATA,NO DATA,NO DATA,Federal Aid Urban System (Class 2 TH's and 3 TH's,"SPEAR ST., SOUTH BURLINGTON",0.28,S52220414,LRS,Injury,"(44.42067521, -73.19602677)"
1824,VT0040100,2012BU029681,11/20/2012,FAU-5040 (388 Pine Street),Burlington,NO DATA,NO DATA,NO DATA,NO DATA,Marble Avenue,40,Feet,25,1 - Rear End,South,NO DATA,NO DATA,NO DATA,NO DATA,NO DATA,Federal Aid Urban System (Class 2 TH's and 3 TH's,"PINE ST., BURLINGTON",0.93,S50400403,LRS,Property Damage Only,"(44.46879178, -73.21510128)"
1825,VT0040100,2012BU012863,05/29/2012,FAU-5222 Spear St,South Burlington,NO DATA,NO DATA,NO DATA,NO DATA,Main St,NO DATA,NO DATA,25,1 - Rear End,NO DATA,NO DATA,NO DATA,NO DATA,NO DATA,NO DATA,Federal Aid Urban System (Class 2 TH's and 3 TH's,"SPEAR ST., SOUTH BURLINGTON",0.09,S52220414,LRS,Property Damage Only,"(44.41794729, -73.19653998)"
1826,VT0040300,12SB02068,03/18/2012,FAU 5220 (Kimball Avenue),South Burlington,NO DATA,NO DATA,NO DATA,NO DATA,Gregory Drive,NO DATA,NO DATA,35,"8 - No Turns, Thru moves only, Broadside ^<",NO DATA,449013,217230,NO DATA,NO DATA,NO DATA,Federal Aid Urban System (Class 2 TH's and 3 TH's,"SHUNPIKE ROAD, SOUTH BURLINGTON",0.12,S52200414,LRS,Property Damage Only,"(44.45361073, -73.14059014)"
1827,VT0040300,12SB015382,11/14/2012,"Shunpike Rd.,Kimball Ave",South Burlington,NO DATA,NO DATA,NO DATA,NO DATA,Gregory Drive,5,Feet,40,"8 - No Turns, Thru moves only, Broadside ^<",South,449011,217239,NO DATA,NO DATA,NO DATA,Federal Aid Urban System (Class 2 TH's and 3 TH's,"SHUNPIKE ROAD, SOUTH BURLINGTON",0.12,S52200414,LRS,Property Damage Only,"(44.45361073, -73.14059014)"
1828,VT0040300,12SB017186,12/21/2012,FAU-5220 Shunpike Rd. Kimball Avenue,South Burlington,NO DATA,NO DATA,NO DATA,NO DATA,Gregory Drive,100,Feet,35,1 - Rear End,West,449050,217233,NO DATA,NO DATA,NO DATA,Federal Aid Urban System (Class 2 TH's and 3 TH's,"SHUNPIKE ROAD, SOUTH BURLINGTON",0.1,S52200414,LRS,Property Damage Only,"(44.45363938, -73.14097603)"
1834,VT0040300,12SB016872,12/15/2012,FAU-5216 Patchen Road,South Burlington,NO DATA,NO DATA,NO DATA,NO DATA,Pine Street,20,Feet,25,1 - Rear End,North,446555,218954,NO DATA,NO DATA,NO DATA,Federal Aid Urban System (Class 2 TH's and 3 TH's,"PATCHEN ROAD, SOUTH BURLINGTON",0.27,S52160414,LRS,Property Damage Only,"(44.47081134, -73.17206833)"
1835,VT0040100,2012BU017927,07/20/2012,FAU-5046 (331 St Paul St),Burlington,NO DATA,NO DATA,NO DATA,NO DATA,Spruce St /st Paul St,75,Feet,25,"8 - No Turns, Thru moves only, Broadside ^<",North,NO DATA,NO DATA,NO DATA,NO DATA,NO DATA,Federal Aid Urban System (Class 2 TH's and 3 TH's,"ST. PAUL ST., BURLINGTON",0.24,S50460403,LRS,Property Damage Only,"(44.47043835, -73.21262840)"
1836,VT0040300,12SB5991,05/19/2012,FAU-5216 Patchen Road,South Burlington,NO DATA,NO DATA,NO DATA,NO DATA,Pine Street,15,NO DATA,25,1 - Rear End,South,446530,219134,NO DATA,NO DATA,NO DATA,Federal Aid Urban System (Class 2 TH's and 3 TH's,"PATCHEN ROAD, SOUTH BURLINGTON",0.27,S52160414,LRS,Property Damage Only,"(44.47081134, -73.17206833)"
1837,VT0040300,12SB00461,01/18/2012,FAU 5216 (65 Patchen Road),South Burlington,NO DATA,NO DATA,NO DATA,NO DATA,NO DATA,50,Feet,25,1 - Rear End,North,446554,218930,NO DATA,NO DATA,NO DATA,Federal Aid Urban System (Class 2 TH's and 3 TH's,"PATCHEN ROAD, SOUTH BURLINGTON",0.15,S52160414,LRS,Property Damage Only,"(44.46910455, -73.17175478)"
1838,VT0040300,12SB12919,09/27/2012,FAU-5216 Patchen Road,South Burlington,NO DATA,NO DATA,NO DATA,NO DATA,White Street,1,Feet,25,"8 - No Turns, Thru moves only, Broadside ^<",North,446553,218870,NO DATA,NO DATA,NO DATA,Federal Aid Urban System (Class 2 TH's and 3 TH's,"PATCHEN ROAD, SOUTH BURLINGTON",0.1,S52160414,LRS,Property Damage Only,"(44.46839351, -73.17162285)"
1839,VT0040300,12SB016024,11/27/2012,FAU-5216 Patchen Road,South Burlington,NO DATA,NO DATA,NO DATA,NO DATA,White Street,NO DATA,NO DATA,25,"8 - No Turns, Thru moves only, Broadside ^<",NO DATA,446560,218884,NO DATA,NO DATA,NO DATA,Federal Aid Urban System (Class 2 TH's and 3 TH's,"PATCHEN ROAD, SOUTH BURLINGTON",0.1,S52160414,LRS,Property Damage Only,"(44.46839351, -73.17162285)"
1845,VT0040300,12SB02257,03/24/2012,FAU-5216 Patchen Rd,South Burlington,NO DATA,NO DATA,NO DATA,NO DATA,Williston Rd,NO DATA,NO DATA,25,1 - Rear End,NO DATA,446613,218736,NO DATA,NO DATA,NO DATA,Federal Aid Urban System (Class 2 TH's and 3 TH's,"PATCHEN ROAD, SOUTH BURLINGTON",0,S52160414,LRS,Property Damage Only,"(44.46697350, -73.17133825)"
1846,VT0040300,12SB09673,07/28/2012,FAU-5214 Old Farm Rd./Kimball Ave,South Burlington,NO DATA,NO DATA,NO DATA,NO DATA,Kennedy Dr,NO DATA,NO DATA,35,1 - Rear End,NO DATA,447834,218012,NO DATA,NO DATA,NO DATA,Federal Aid Urban System (Class 2 TH's and 3 TH's,"OLD FARM ROAD, SOUTH BURLINGTON",0.05,S52140414,LRS,Property Damage Only,"(44.46052673, -73.15551792)"
1847,VT0040300,12SB002671,04/09/2012,Old Farm Rd./Kimball Avenue,South Burlington,NO DATA,NO DATA,NO DATA,NO DATA,From Kennedy Drive,150,Feet,25,1 - Rear End,East,448034,217871,NO DATA,NO DATA,NO DATA,Federal Aid Urban System (Class 2 TH's and 3 TH's,"OLD FARM ROAD, SOUTH BURLINGTON",0.02,S52140414,LRS,Property Damage Only,"(44.46025141, -73.15501379)"
1848,VT0040300,12SB001492,02/24/2012,FAU-5211 (102 Kimball Ave),South Burlington,NO DATA,NO DATA,NO DATA,NO DATA,Community Drive,250,Feet,40,2 - Head On,West,448361,217407,NO DATA,NO DATA,NO DATA,Federal Aid Urban System (Class 2 TH's and 3 TH's,"KIMBALL AVE., SOUTH BURLINGTON",0.46,S52110414,LRS,Property Damage Only,"(44.45502972, -73.14886345)"
1849,VT0040300,12SB05872,05/17/2012,FAU-5211 (70 Kimball Avenue),South Burlington,NO DATA,NO DATA,NO DATA,NO DATA,US Immigration And Customs Building,NO DATA,NO DATA,35,3 - Same Direction Sideswipe,NO DATA,448246,217508,NO DATA,NO DATA,NO DATA,Federal Aid Urban System (Class 2 TH's and 3 TH's,"KIMBALL AVE., SOUTH BURLINGTON",0.34,S52110414,LRS,Property Damage Only,"(44.45627118, -73.15052092)"
1850,VT0040300,12SB015942,11/26/2012,FAU-5211 Kimball Ave,South Burlington,NO DATA,NO DATA,NO DATA,NO DATA,30 Kimball Ave,0,Miles,35,1 - Rear End,West,448018,217883,NO DATA,NO DATA,NO DATA,Federal Aid Urban System (Class 2 TH's and 3 TH's,"KIMBALL AVE., SOUTH BURLINGTON",0.08,S52110414,LRS,Property Damage Only,"(44.45941156, -73.15335308)"
1867,VT0040100,2012BU030377,11/29/2012,FAU-5040 Pine St,Burlington,NO DATA,NO DATA,NO DATA,NO DATA,Howard St,NO DATA,NO DATA,25,1 - Rear End,South,NO DATA,NO DATA,NO DATA,NO DATA,NO DATA,Federal Aid Urban System (Class 2 TH's and 3 TH's,"PINE ST., BURLINGTON",0.82,S50400403,LRS,Property Damage Only,"(44.46721259, -73.21499197)"
1868,VT0040300,12SB016645,12/11/2012,FAU-5208 Dorset Street,South Burlington,NO DATA,NO DATA,NO DATA,NO DATA,10 Dorset Street,100,Feet,35,1 - Rear End,South,445768,218918,NO DATA,NO DATA,NO DATA,Federal Aid Urban System (Class 2 TH's and 3 TH's,"DORSET ST., SOUTH BURLINGTON",4.05,S52080414,LRS,Property Damage Only,"(44.46832660, -73.18153940)"
1869,VT0040300,12SB012308,09/16/2012,FAU-5208 (5 Dorset Street),South Burlington,NO DATA,NO DATA,NO DATA,NO DATA,Williston Road,100,Feet,25,3 - Same Direction Sideswipe,South,445761,218918,NO DATA,NO DATA,NO DATA,Federal Aid Urban System (Class 2 TH's and 3 TH's,"DORSET ST., SOUTH BURLINGTON",4.04,S52080414,LRS,Property Damage Only,"(44.46818160, -73.18153959)"
1870,VT0040300,12SB01400,02/21/2012,U5208 (10 Dorset Street),South Burlington,NO DATA,NO DATA,NO DATA,NO DATA,Greer's Lot Exit,100,NO DATA,35,"8 - No Turns, Thru moves only, Broadside ^<",South,445779,218892,NO DATA,NO DATA,NO DATA,Federal Aid Urban System (Class 2 TH's and 3 TH's,"DORSET ST., SOUTH BURLINGTON",4.04,S52080414,LRS,Property Damage Only,"(44.46818160, -73.18153959)"
1871,VT0040300,12SB05409,05/08/2012,5 Dorset Street,South Burlington,NO DATA,NO DATA,NO DATA,NO DATA,NO DATA,NO DATA,NO DATA,35,NO DATA,NO DATA,445764,218925,NO DATA,NO DATA,NO DATA,Federal Aid Urban System (Class 2 TH's and 3 TH's,"DORSET ST., SOUTH BURLINGTON",4.04,S52080414,LRS,Property Damage Only,"(44.46818160, -73.18153959)"
1872,VT0040300,12SB01421,02/22/2012,FAU 5208 (10 Dorset Street),South Burlington,NO DATA,NO DATA,NO DATA,NO DATA,Greer's Laundromat,NO DATA,NO DATA,35,7 - Other - Explain in Narrative,NO DATA,445782,218923,NO DATA,NO DATA,NO DATA,Federal Aid Urban System (Class 2 TH's and 3 TH's,"DORSET ST., SOUTH BURLINGTON",4.04,S52080414,LRS,Property Damage Only,"(44.46818160, -73.18153959)"
1878,VT0040300,12SB016923,12/16/2012,FAU-5208 Dorset Street,South Burlington,NO DATA,NO DATA,NO DATA,NO DATA,#99,25,Feet,99,2 - Head On,West,450072,225962,NO DATA,NO DATA,NO DATA,Federal Aid Urban System (Class 2 TH's and 3 TH's,"DORSET ST., SOUTH BURLINGTON",3.98,S52080414,LRS,Property Damage Only,"(44.46732059, -73.18137838)"
1879,VT0040300,12SB005596,05/11/2012,FAU-5208 (102 Dorset Street),South Burlington,NO DATA,NO DATA,NO DATA,NO DATA,Northbound At Barnes And Noble Entrance,NO DATA,NO DATA,35,1 - Rear End,NO DATA,445813,218550,NO DATA,NO DATA,NO DATA,Federal Aid Urban System (Class 2 TH's and 3 TH's,"DORSET ST., SOUTH BURLINGTON",3.96,S52080414,LRS,Property Damage Only,"(44.46703320, -73.18132442)"
1880,VT0040300,12SB01968,03/14/2012,FAU 5208 (100 Dorset Street N),South Burlington,NO DATA,NO DATA,NO DATA,NO DATA,NO DATA,NO DATA,NO DATA,35,1 - Rear End,NO DATA,445781,218854,NO DATA,NO DATA,NO DATA,Federal Aid Urban System (Class 2 TH's and 3 TH's,"DORSET ST., SOUTH BURLINGTON",3.96,S52080414,LRS,Property Damage Only,"(44.46703320, -73.18132442)"
1881,VT0040300,12SB007861,06/27/2012,FAU-5208 Dorset Street,South Burlington,NO DATA,NO DATA,NO DATA,NO DATA,#102,1,Feet,35,"10 - Left Turn and Thru, Angle Broadside -->v--",South,445779,218759,NO DATA,NO DATA,NO DATA,Federal Aid Urban System (Class 2 TH's and 3 TH's,"DORSET ST., SOUTH BURLINGTON",3.94,S52080414,LRS,Injury,"(44.46674526, -73.18127601)"
1882,VT0040300,12SB016407,12/05/2012,FAU-5208Dorset Street,South Burlington,NO DATA,NO DATA,NO DATA,NO DATA,Entrance To Barnes & Noble Bookstore,NO DATA,NO DATA,35,"17 - Right Turn, Same Direction, Rear End ^--^--",NO DATA,445795,218758,NO DATA,NO DATA,NO DATA,Federal Aid Urban System (Class 2 TH's and 3 TH's,"DORSET ST., SOUTH BURLINGTON",3.94,S52080414,LRS,Property Damage Only,"(44.46674526, -73.18127601)"
1883,VT0040300,12SB010175,08/07/2012,Fau-5208 (102 Dorset Street),South Burlington,NO DATA,NO DATA,NO DATA,NO DATA,Williston Road,200,Feet,35,1 - Rear End,South,445794,218724,NO DATA,NO DATA,NO DATA,Federal Aid Urban System (Class 2 TH's and 3 TH's,"DORSET ST., SOUTH BURLINGTON",3.94,S52080414,LRS,Property Damage Only,"(44.46674526, -73.18127601)"
1889,VT0040300,12SB13197,10/03/2012,FAU-5208 (108 Dorset Street),South Burlington,NO DATA,NO DATA,NO DATA,NO DATA,Market Street,20,Feet,35,3 - Same Direction Sideswipe,West,445800,218613,NO DATA,NO DATA,NO DATA,Federal Aid Urban System (Class 2 TH's and 3 TH's,"DORSET ST., SOUTH BURLINGTON",3.89,S52080414,LRS,Property Damage Only,"(44.46602553, -73.18115347)"
1890,VT0040300,12SB016257,12/02/2012,FAU-5208 (108 Dorsest Street),South Burlington,NO DATA,NO DATA,NO DATA,NO DATA,Market Street,100,Feet,35,3 - Same Direction Sideswipe,East,445806,218556,NO DATA,NO DATA,NO DATA,Federal Aid Urban System (Class 2 TH's and 3 TH's,"DORSET ST., SOUTH BURLINGTON",3.89,S52080414,LRS,Property Damage Only,"(44.46602553, -73.18115347)"
1891,VT0040100,2012BU018936,07/30/2012,FAU-5040 Pine St,Burlington,NO DATA,NO DATA,NO DATA,NO DATA,Howard St,NO DATA,NO DATA,25,"10 - Left Turn and Thru, Angle Broadside -->v--",NO DATA,NO DATA,NO DATA,NO DATA,NO DATA,NO DATA,Federal Aid Urban System (Class 2 TH's and 3 TH's,"PINE ST., BURLINGTON",0.81,S50400403,LRS,Property Damage Only,"(44.46706927, -73.21497700)"
1892,VT0040300,12SB01021,02/08/2012,FAU 5208 (108 Dorset Street),South Burlington,NO DATA,NO DATA,NO DATA,NO DATA,NO DATA,NO DATA,NO DATA,35,3 - Same Direction Sideswipe,NO DATA,445779,218802,NO DATA,NO DATA,NO DATA,Federal Aid Urban System (Class 2 TH's and 3 TH's,"DORSET ST., SOUTH BURLINGTON",3.89,S52080414,LRS,Property Damage Only,"(44.46602553, -73.18115347)"
1893,VT0040300,12SB005594,05/11/2012,FAU-5208 Dorset St,South Burlington,NO DATA,NO DATA,NO DATA,NO DATA,In Front Of Anchorage At 108 Dorset St,NO DATA,NO DATA,35,3 - Same Direction Sideswipe,North,445805,218635,NO DATA,NO DATA,NO DATA,Federal Aid Urban System (Class 2 TH's and 3 TH's,"DORSET ST., SOUTH BURLINGTON",3.89,S52080414,LRS,Property Damage Only,"(44.46602553, -73.18115347)"
1894,VT0040300,12SB013108,10/01/2012,FAU-5208 Dorset Street,South Burlington,NO DATA,NO DATA,NO DATA,NO DATA,Anchorage Inn,20,Feet,35,1 - Rear End,West,445804,218575,NO DATA,NO DATA,NO DATA,Federal Aid Urban System (Class 2 TH's and 3 TH's,"DORSET ST., SOUTH BURLINGTON",3.89,S52080414,LRS,Property Damage Only,"(44.46602553, -73.18115347)"
1900,VT0040300,12SB015530,11/17/2012,FAU-5208 (155 Dorset St),South Burlington,NO DATA,NO DATA,NO DATA,NO DATA,NO DATA,NO DATA,NO DATA,35,1 - Rear End,NO DATA,446017,218418,NO DATA,NO DATA,NO DATA,Federal Aid Urban System (Class 2 TH's and 3 TH's,"DORSET ST., SOUTH BURLINGTON",3.85,S52080414,LRS,Property Damage Only,"(44.46544970, -73.18105174)"
1901,VT0040300,12SB016148,11/30/2012,FAU-5208 (155 Dorset Street),South Burlington,NO DATA,NO DATA,NO DATA,NO DATA,University Mall/Peoples United Bank,NO DATA,NO DATA,25,6 - Single Vehicle Crash,NO DATA,445746,218817,NO DATA,NO DATA,NO DATA,Federal Aid Urban System (Class 2 TH's and 3 TH's,"DORSET ST., SOUTH BURLINGTON",3.85,S52080414,LRS,Property Damage Only,"(44.46544970, -73.18105174)"
1902,VT0040300,12SB012279,09/15/2012,FAU-5208 (155 Dorset Street),South Burlington,NO DATA,NO DATA,NO DATA,NO DATA,People's United Bank,10,Feet,35,3 - Same Direction Sideswipe,North,445760,218841,NO DATA,NO DATA,NO DATA,Federal Aid Urban System (Class 2 TH's and 3 TH's,"DORSET ST., SOUTH BURLINGTON",3.85,S52080414,LRS,Property Damage Only,"(44.46544970, -73.18105174)"
1903,VT0040300,12SB010621,08/16/2012,FAU-5208 (155 Dorset Street),South Burlington,NO DATA,NO DATA,NO DATA,NO DATA,Northern Mall Exit Right Lane,10,Feet,15,3 - Same Direction Sideswipe,West,445783,218574,NO DATA,NO DATA,NO DATA,Federal Aid Urban System (Class 2 TH's and 3 TH's,"DORSET ST., SOUTH BURLINGTON",3.85,S52080414,LRS,Property Damage Only,"(44.46544970, -73.18105174)"
1904,VT0040300,12SB007153,06/12/2012,FAU-5208 Dorset Street,South Burlington,NO DATA,NO DATA,NO DATA,NO DATA,Entrance To Blue Mall At 150 Dorset St,NO DATA,NO DATA,35,"10 - Left Turn and Thru, Angle Broadside -->v--",NO DATA,445823,218500,NO DATA,NO DATA,NO DATA,Federal Aid Urban System (Class 2 TH's and 3 TH's,"DORSET ST., SOUTH BURLINGTON",3.85,S52080414,LRS,Property Damage Only,"(44.46544970, -73.18105174)"
1905,VT0040100,2012BU018477,07/26/2012,FAU-5040 Pine St,Burlington,NO DATA,NO DATA,NO DATA,NO DATA,Howard St,NO DATA,NO DATA,25,NO DATA,NO DATA,NO DATA,NO DATA,NO DATA,NO DATA,NO DATA,Federal Aid Urban System (Class 2 TH's and 3 TH's,"PINE ST., BURLINGTON",0.81,S50400403,LRS,Property Damage Only,"(44.46706927, -73.21497700)"
1911,VT0040300,12SB016181,11/30/2012,FAU-5208 (166 Dorset Street),South Burlington,NO DATA,NO DATA,NO DATA,NO DATA,University Mall,100,Feet,35,"10 - Left Turn and Thru, Angle Broadside -->v--",North,445822,218504,NO DATA,NO DATA,NO DATA,Federal Aid Urban System (Class 2 TH's and 3 TH's,"DORSET ST., SOUTH BURLINGTON",3.78,S52080414,LRS,Property Damage Only,"(44.46443310, -73.18088219)"
1912,VT0040300,2012SB2805,04/14/2012,FAU-5208 (174 Dorset Street),South Burlington,NO DATA,NO DATA,NO DATA,NO DATA,Blue Mall,25,Feet,35,1 - Rear End,South,445821,218474,NO DATA,NO DATA,NO DATA,Federal Aid Urban System (Class 2 TH's and 3 TH's,"DORSET ST., SOUTH BURLINGTON",3.77,S52080414,LRS,Property Damage Only,"(44.46428828, -73.18085349)"
1913,VT0040300,12SB013070,09/30/2012,FAU-5208 Dorset Street,South Burlington,NO DATA,NO DATA,NO DATA,NO DATA,# 222,400,Feet,99,"8 - No Turns, Thru moves only, Broadside ^<",East,NO DATA,NO DATA,NO DATA,NO DATA,NO DATA,Federal Aid Urban System (Class 2 TH's and 3 TH's,"DORSET ST., SOUTH BURLINGTON",3.76,S52080414,LRS,Property Damage Only,"(44.46414345, -73.18082478)"
1914,VT0040700,12SH01587,07/05/2012,FAU-5208 (205 Dorset St),South Burlington,NO DATA,NO DATA,NO DATA,NO DATA,Market St,10,Feet,30,1 - Rear End,South,445790,218601,NO DATA,NO DATA,NO DATA,Federal Aid Urban System (Class 2 TH's and 3 TH's,"DORSET ST., SOUTH BURLINGTON",3.72,S52080414,LRS,Property Damage Only,"(44.46356415, -73.18070996)"
1915,VT0040300,12SB05235,05/04/2012,FAU-5208 (217 Dorset Street),South Burlington,NO DATA,NO DATA,NO DATA,NO DATA,Hannaford Supermarket,500,Feet,99,3 - Same Direction Sideswipe,West,445612,218286,NO DATA,NO DATA,NO DATA,Federal Aid Urban System (Class 2 TH's and 3 TH's,"DORSET ST., SOUTH BURLINGTON",3.71,S52080414,LRS,Property Damage Only,"(44.46341933, -73.18068125)"
1916,VT0040300,2012SB2448,03/31/2012,FAU-5208 Dorset Street,South Burlington,NO DATA,NO DATA,NO DATA,NO DATA,Sears Auto,NO DATA,Feet,35,3 - Same Direction Sideswipe,NO DATA,NO DATA,NO DATA,NO DATA,NO DATA,NO DATA,Federal Aid Urban System (Class 2 TH's and 3 TH's,"DORSET ST., SOUTH BURLINGTON",3.71,S52080414,LRS,Property Damage Only,"(44.46341933, -73.18068125)"
1922,VT0040300,2012SB3137,04/25/2012,FAU-5208 Dorset Street,South Burlington,NO DATA,NO DATA,NO DATA,NO DATA,Champlain Oil Co,NO DATA,NO DATA,35,1 - Rear End,NO DATA,NO DATA,NO DATA,NO DATA,NO DATA,NO DATA,Federal Aid Urban System (Class 2 TH's and 3 TH's,"DORSET ST., SOUTH BURLINGTON",3.46,S52080414,LRS,Property Damage Only,"(44.45982113, -73.17994964)"
1923,VT0040300,12SB06953,06/08/2012,FAU-5208 (360 Dorset Street),South Burlington,NO DATA,NO DATA,NO DATA,NO DATA,Lee's Chinese Restaurant,NO DATA,NO DATA,99,"8 - No Turns, Thru moves only, Broadside ^<",NO DATA,445926,217861,NO DATA,NO DATA,NO DATA,Federal Aid Urban System (Class 2 TH's and 3 TH's,"DORSET ST., SOUTH BURLINGTON",3.38,S52080414,LRS,Property Damage Only,"(44.45872268, -73.17972094)"