ID,Reporting Agency,Report Number,Date,Street Address,Town,Number,Number1,Number2,Number3,Intersection,Distance From Intersection,Distance Unit,Posted Speed,Direction of Collision,Direction from Intersection,Easting,Northing,Mile Marker,Mile Marker 1,Mile Marker 2,AOT Roadway,AOT Route,AOT Actual Mile,LRS Number,How Mapped,Crash Type,Location 1
1924,VT0040300,12SB009391,07/23/2012,FAU-5208 Dorset Street,South Burlington,NO DATA,NO DATA,NO DATA,NO DATA,North Bound In Front Of 366 Dorset St,150,NO DATA,35,3 - Same Direction Sideswipe,North,445911,217842,NO DATA,NO DATA,NO DATA,Federal Aid Urban System (Class 2 TH's and 3 TH's,"DORSET ST., SOUTH BURLINGTON",3.36,S52080414,LRS,Property Damage Only,"(44.45844734, -73.17967094)"
1925,VT0040100,2012BU010266,05/02/2012,FAU-5040 Pine St,Burlington,NO DATA,NO DATA,NO DATA,NO DATA,Main St,NO DATA,NO DATA,25,3 - Same Direction Sideswipe,North,NO DATA,NO DATA,NO DATA,NO DATA,NO DATA,Federal Aid Urban System (Class 2 TH's and 3 TH's,"PINE ST., BURLINGTON",1.41,S50400403,LRS,Property Damage Only,"(44.47568360, -73.21554911)"
1926,VT0040300,12SB011435,08/31/2012,FAU-5208 Dorset Street,South Burlington,NO DATA,NO DATA,NO DATA,NO DATA,#364,25,Feet,15,3 - Same Direction Sideswipe,North,445996,217791,NO DATA,NO DATA,NO DATA,Federal Aid Urban System (Class 2 TH's and 3 TH's,"DORSET ST., SOUTH BURLINGTON",3.36,S52080414,LRS,Property Damage Only,"(44.45844734, -73.17967094)"
1927,VT0040300,2012SB5058,04/30/2012,FAU-5208 (364 Dorset Street),South Burlington,NO DATA,NO DATA,NO DATA,NO DATA,NO DATA,NO DATA,NO DATA,15,5 - Rear-to-rear,NO DATA,445983,217871,NO DATA,NO DATA,NO DATA,Federal Aid Urban System (Class 2 TH's and 3 TH's,"DORSET ST., SOUTH BURLINGTON",3.35,S52080414,LRS,Property Damage Only,"(44.45830968, -73.17964593)"
1933,VT0040300,12SB011824,09/07/2012,FAU-5208 Dorset Street,South Burlington,NO DATA,NO DATA,NO DATA,NO DATA,425 Dorset Street (Town Square),25,Feet,35,"14 - Left Turn and Thru, Broadside v<--",East,445921,217641,NO DATA,NO DATA,NO DATA,Federal Aid Urban System (Class 2 TH's and 3 TH's,"DORSET ST., SOUTH BURLINGTON",3.26,S52080414,LRS,Injury,"(44.45703023, -73.17942297)"
1934,VT0040300,12SB013115,10/01/2012,FAU-5208 (425 Dorset Street),South Burlington,NO DATA,NO DATA,NO DATA,NO DATA,Town Square,25,Feet,35,NO DATA,East,445924,217606,NO DATA,NO DATA,NO DATA,Federal Aid Urban System (Class 2 TH's and 3 TH's,"DORSET ST., SOUTH BURLINGTON",3.26,S52080414,LRS,Property Damage Only,"(44.45703023, -73.17942297)"
1935,VT0040300,12SB017266,12/23/2012,FAU-5208 (435 Dorset Street),South Burlington,NO DATA,NO DATA,NO DATA,NO DATA,Dorset Commons Driveway,NO DATA,NO DATA,99,7 - Other - Explain in Narrative,NO DATA,445913,217501,NO DATA,NO DATA,NO DATA,Federal Aid Urban System (Class 2 TH's and 3 TH's,"DORSET ST., SOUTH BURLINGTON",3.2,S52080414,LRS,Property Damage Only,"(44.45616880, -73.17928353)"
1936,VT0040300,12SB015378,11/14/2012,FAU-5208 (435 Dorset Street),South Burlington,NO DATA,NO DATA,NO DATA,NO DATA,435,5,Feet,35,1 - Rear End,South,445935,217512,NO DATA,NO DATA,NO DATA,Federal Aid Urban System (Class 2 TH's and 3 TH's,"DORSET ST., SOUTH BURLINGTON",3.2,S52080414,LRS,Property Damage Only,"(44.45616880, -73.17928353)"
2782,VT0110300,12CT00836,07/18/2012,US Route 4,Fair Haven,NO DATA,NO DATA,4,NO DATA,Exit 3,1,Miles,65,6 - Single Vehicle Crash,East,439487,123070,NO DATA,NO DATA,NO DATA,State System (State Highways and Class I TH links),US-4,3.09,U004-1107,LRS,Property Damage Only,"(43.60485186, -73.24974132)"
1937,VT0040300,12SB06142,05/22/2012,FAU-5208 (500 Dorset Street),South Burlington,NO DATA,NO DATA,NO DATA,NO DATA,SB Middle School,NO DATA,NO DATA,35,1 - Rear End,NO DATA,NO DATA,NO DATA,NO DATA,NO DATA,NO DATA,Federal Aid Urban System (Class 2 TH's and 3 TH's,"DORSET ST., SOUTH BURLINGTON",3.17,S52080414,LRS,Property Damage Only,"(44.45573889, -73.17920482)"
1938,VT0040300,12SB017127,12/20/2012,FAU-5208 (550 Dorset Street),South Burlington,NO DATA,NO DATA,NO DATA,NO DATA,South Burlington High School,15,Feet,35,1 - Rear End,North,445941,217526,NO DATA,NO DATA,NO DATA,Federal Aid Urban System (Class 2 TH's and 3 TH's,"DORSET ST., SOUTH BURLINGTON",3.12,S52080414,LRS,Property Damage Only,"(44.45502176, -73.17908113)"
1944,VT0040300,12SB005197,05/03/2012,FAU-5208 (575 Dorset Street),South Burlington,NO DATA,NO DATA,NO DATA,NO DATA,Southbound Right Curb Side Lane,NO DATA,NO DATA,35,"8 - No Turns, Thru moves only, Broadside ^<",NO DATA,445959,217329,NO DATA,NO DATA,NO DATA,Federal Aid Urban System (Class 2 TH's and 3 TH's,"DORSET ST., SOUTH BURLINGTON",3.06,S52080414,LRS,Property Damage Only,"(44.45416258, -73.17891676)"
1945,VT0040300,12SB00368,01/14/2012,FAU 5208 (Dorset Street),South Burlington,NO DATA,NO DATA,NO DATA,NO DATA,#595,25,Feet,35,1 - Rear End,North,NO DATA,NO DATA,NO DATA,NO DATA,NO DATA,Federal Aid Urban System (Class 2 TH's and 3 TH's,"DORSET ST., SOUTH BURLINGTON",3.05,S52080414,LRS,Property Damage Only,"(44.45401938, -73.17888936)"
1946,VT0040300,12SB013671,10/12/2012,Dorset Street,South Burlington,NO DATA,NO DATA,NO DATA,NO DATA,Kennedy Drive,15,Feet,35,1 - Rear End,South,445976,217186,NO DATA,NO DATA,NO DATA,Federal Aid Urban System (Class 2 TH's and 3 TH's,"DORSET ST., SOUTH BURLINGTON",2.97,S52080414,LRS,Property Damage Only,"(44.45287233, -73.17868697)"
1947,VT0040300,12SB005643,05/12/2012,FAU-5208 Dorset Street,South Burlington,NO DATA,NO DATA,NO DATA,NO DATA,Kennedy Drive,NO DATA,NO DATA,35,"8 - No Turns, Thru moves only, Broadside ^<",NO DATA,445979,217170,NO DATA,NO DATA,NO DATA,Federal Aid Urban System (Class 2 TH's and 3 TH's,"DORSET ST., SOUTH BURLINGTON",2.97,S52080414,LRS,Injury,"(44.45287233, -73.17868697)"
1948,VT0040300,12SB01719,03/04/2012,FAU 5208 (Dorset Street),South Burlington,NO DATA,NO DATA,NO DATA,NO DATA,Kennedy Dr,10,Feet,35,3 - Same Direction Sideswipe,North,445987,217191,NO DATA,NO DATA,NO DATA,Federal Aid Urban System (Class 2 TH's and 3 TH's,"DORSET ST., SOUTH BURLINGTON",2.97,S52080414,LRS,Property Damage Only,"(44.45287233, -73.17868697)"
1949,VT0040300,12SB015735,11/22/2012,FAU-5208Dorset Street,South Burlington,NO DATA,NO DATA,NO DATA,NO DATA,Kennedy Drive,5,Feet,40,"12 - Left Turn and Thru, Same Direction Sideswipe/Angle Crash vv--",East,446004,217183,NO DATA,NO DATA,NO DATA,Federal Aid Urban System (Class 2 TH's and 3 TH's,"DORSET ST., SOUTH BURLINGTON",2.97,S52080414,LRS,Property Damage Only,"(44.45287233, -73.17868697)"
1955,VT0040300,12SB002066,03/18/2012,890 Dorset Street,South Burlington,NO DATA,NO DATA,NO DATA,NO DATA,Songbird Road,20,Feet,35,6 - Single Vehicle Crash,East,446045,216710,NO DATA,NO DATA,NO DATA,Federal Aid Urban System (Class 2 TH's and 3 TH's,"DORSET ST., SOUTH BURLINGTON",2.68,S52080414,LRS,Injury,"(44.44867784, -73.17797832)"
1956,VT0040300,12SB05354,05/07/2012,FAU-5208 DORSET STREET,South Burlington,NO DATA,NO DATA,NO DATA,NO DATA,SWIFT ST,NO DATA,NO DATA,35,7 - Other - Explain in Narrative,NO DATA,446091,216105,NO DATA,NO DATA,NO DATA,Federal Aid Urban System (Class 2 TH's and 3 TH's,"DORSET ST., SOUTH BURLINGTON",2.3,S52080414,LRS,Property Damage Only,"(44.44321953, -73.17709675)"
1957,VT0040300,12SB01490,02/24/2012,FAU 5208 (Dorset Street),South Burlington,NO DATA,NO DATA,NO DATA,NO DATA,Swift St,20,Feet,35,1 - Rear End,South,446100,216100,NO DATA,NO DATA,NO DATA,Federal Aid Urban System (Class 2 TH's and 3 TH's,"DORSET ST., SOUTH BURLINGTON",2.3,S52080414,LRS,Property Damage Only,"(44.44321953, -73.17709675)"
1958,VT0040100,2012BU013989,06/10/2012,FAU-5040 Pine St,Burlington,NO DATA,NO DATA,NO DATA,NO DATA,Locust St,NO DATA,NO DATA,25,"20 - Right Turn and Thru, Angle Broadside -->^--",East,NO DATA,NO DATA,NO DATA,NO DATA,NO DATA,Federal Aid Urban System (Class 2 TH's and 3 TH's,"PINE ST., BURLINGTON",0.51,S50400403,LRS,Injury,"(44.46276258, -73.21467470)"
1959,VT0040300,12SB12499,09/19/2012,FAU-5208 Dorset Street,South Burlington,NO DATA,NO DATA,NO DATA,NO DATA,At Swift Street,1,Feet,35,"11 - Left Turn and Thru, Head On ^v--",South,446093,216104,NO DATA,NO DATA,NO DATA,Federal Aid Urban System (Class 2 TH's and 3 TH's,"DORSET ST., SOUTH BURLINGTON",2.3,S52080414,LRS,Property Damage Only,"(44.44321953, -73.17709675)"
1960,VT0040300,12SB06496,05/30/2012,FAU-5208 Dorset Street,South Burlington,NO DATA,NO DATA,NO DATA,NO DATA,# 1350,NO DATA,NO DATA,35,1 - Rear End,NO DATA,446286,214297,NO DATA,NO DATA,NO DATA,Federal Aid Urban System (Class 2 TH's and 3 TH's,"DORSET ST., SOUTH BURLINGTON",1.47,S52080414,LRS,Property Damage Only,"(44.43133280, -73.17518015)"
1966,VT0040300,12SB05541,05/10/2012,FAU 5207 Allen Road,South Burlington,NO DATA,NO DATA,NO DATA,NO DATA,Entrance To Leaps And Bounds,150,NO DATA,35,"10 - Left Turn and Thru, Angle Broadside -->v--",NO DATA,443370,213811,NO DATA,NO DATA,NO DATA,Federal Aid Urban System (Class 2 TH's and 3 TH's,"ALLEN RD., SOUTH BURLINGTON",0.04,S52070414,LRS,Property Damage Only,"(44.42231202, -73.21112203)"
1967,VT0040300,12SB017608,12/30/2012,FAU-5206 Lime Kiln Road,South Burlington,NO DATA,NO DATA,NO DATA,NO DATA,Shamrock Road,0,Miles,25,2 - Head On,East,447341,220857,NO DATA,NO DATA,NO DATA,Federal Aid Urban System (Class 2 TH's and 3 TH's,"AIRPORT PARKWAY, SOUTH BURLINGTON",1.51,S52060414,LRS,Property Damage Only,"(44.48705169, -73.16197393)"
2783,VTVSP0200,12B102872,09/03/2012,US Route 2,Concord,NO DATA,NO DATA,2,NO DATA,Oregon Rd,0,Miles,50,1 - Rear End,East,557954,218630,NO DATA,NO DATA,NO DATA,State System (State Highways and Class I TH links),US-2,10.76,U002-0507,LRS,Property Damage Only,"(44.46506473, -71.77332191)"
1968,VT0040300,12SB007140,06/12/2012,FAU-5206 Airport Parkway,South Burlington,NO DATA,NO DATA,NO DATA,NO DATA,Ethan Allen Drive,1,Feet,35,1 - Rear End,North,447306,220791,NO DATA,NO DATA,NO DATA,Federal Aid Urban System (Class 2 TH's and 3 TH's,"AIRPORT PARKWAY, SOUTH BURLINGTON",1.38,S52060414,LRS,Property Damage Only,"(44.48536173, -73.16259491)"
1969,VT0040100,2012BU006914,03/22/2012,FAU 5040 (Pine Street),Burlington,NO DATA,NO DATA,NO DATA,NO DATA,Maple St,NO DATA,NO DATA,30,1 - Rear End,NO DATA,NO DATA,NO DATA,NO DATA,NO DATA,NO DATA,Federal Aid Urban System (Class 2 TH's and 3 TH's,"PINE ST., BURLINGTON",1.26,S50400403,LRS,Property Damage Only,"(44.47353002, -73.21540703)"
1970,VT0040300,12SB009932,08/02/2012,FAU-5206 Lime Kiln Rd,South Burlington,NO DATA,NO DATA,NO DATA,NO DATA,Ethan Allen Drive/Shamrock Road,25,Feet,35,"15 - Left Turns, Opposite Directions, Head On/Angle Crash --^v--",NO DATA,NO DATA,NO DATA,NO DATA,NO DATA,NO DATA,Federal Aid Urban System (Class 2 TH's and 3 TH's,"AIRPORT PARKWAY, SOUTH BURLINGTON",1.38,S52060414,LRS,Property Damage Only,"(44.48536173, -73.16259491)"
1971,VT0040300,12SB03079,04/23/2012,FAU-5206 (615 Airport Parkway),South Burlington,NO DATA,NO DATA,NO DATA,NO DATA,EuroTech,1,Miles,25,1 - Rear End,North,446930,219854,NO DATA,NO DATA,NO DATA,Federal Aid Urban System (Class 2 TH's and 3 TH's,"AIRPORT PARKWAY, SOUTH BURLINGTON",0.55,S52060414,LRS,Property Damage Only,"(44.47767192, -73.16772324)"
1988,VT0040400,12WS005998,12/07/2012,FAU-5110 (62 W Spring St),Winooski City,NO DATA,NO DATA,NO DATA,NO DATA,Weaver St,150,Feet,25,"10 - Left Turn and Thru, Angle Broadside -->v--",West,004-45-310,002-21-873,NO DATA,NO DATA,NO DATA,Federal Aid Urban System (Class 2 TH's and 3 TH's,"W SPRING ST., WINOOSKI CITY",0.19,S51100418,LRS,Injury,"(44.49516701, -73.18888019)"
1989,VT0040400,12WS005648,11/18/2012,FAU-5110 W Spring St,Winooski City,NO DATA,NO DATA,NO DATA,NO DATA,Malletts Bay Ave,30,Feet,25,1 - Rear End,East,004-44-926,002-21-877,NO DATA,NO DATA,NO DATA,Federal Aid Urban System (Class 2 TH's and 3 TH's,"W SPRING ST., WINOOSKI CITY",0,S51100418,LRS,Property Damage Only,"(44.49517630, -73.19267382)"
1990,VT0040400,12WS005250,10/27/2012,FAU-5104 E Spring St,Winooski City,NO DATA,NO DATA,NO DATA,NO DATA,Main St,20,Feet,25,7 - Other - Explain in Narrative,East,004-45-421,002-21-842,NO DATA,NO DATA,NO DATA,Federal Aid Urban System (Class 2 TH's and 3 TH's,"E SPRING ST., WINOOSKI CITY",0,S51100418,LRS,Property Damage Only,"(44.49517630, -73.19267382)"
1991,VT0040400,12WS005976,12/05/2012,FAU-5108 Malletts Bay Ave,Winooski City,NO DATA,NO DATA,NO DATA,NO DATA,St Peter St,NO DATA,NO DATA,25,"8 - No Turns, Thru moves only, Broadside ^<",NO DATA,004-44-828,002-22-006,NO DATA,NO DATA,NO DATA,Federal Aid Urban System (Class 2 TH's and 3 TH's,"MALLETTS BAY AVE., WINOOSKI CITY",0.41,S51080418,LRS,Property Damage Only,"(44.49622603, -73.19371206)"
1992,VT0040400,12WS005524,11/11/2012,FAU-5108 (204 Malletts Bay Ave),Winooski City,NO DATA,NO DATA,NO DATA,NO DATA,Elm St,NO DATA,NO DATA,25,"8 - No Turns, Thru moves only, Broadside ^<",South,004-48-828,002-22-006,NO DATA,NO DATA,NO DATA,Federal Aid Urban System (Class 2 TH's and 3 TH's,"MALLETTS BAY AVE., WINOOSKI CITY",0.4,S51080418,LRS,Property Damage Only,"(44.49611697, -73.19358995)"
1993,VT0040400,12WS004301,09/06/2012,FAU-5108 Malletts Bay Ave,Winooski City,NO DATA,NO DATA,NO DATA,NO DATA,Elm St,20,Feet,25,1 - Rear End,South,004-44-828,002-22-006,NO DATA,NO DATA,NO DATA,Federal Aid Urban System (Class 2 TH's and 3 TH's,"MALLETTS BAY AVE., WINOOSKI CITY",0.4,S51080418,LRS,Property Damage Only,"(44.49611697, -73.19358995)"
1999,VT0040400,12WS00507,02/17/2012,FAU 5108 (Malletts Bay Avenue),Winooski City,NO DATA,NO DATA,NO DATA,NO DATA,Union Street,NO DATA,NO DATA,25,"8 - No Turns, Thru moves only, Broadside ^<",NO DATA,004-45-021,002-21-711,NO DATA,NO DATA,NO DATA,Federal Aid Urban System (Class 2 TH's and 3 TH's,"MALLETTS BAY AVE., WINOOSKI CITY",0.17,S51080418,LRS,Property Damage Only,"(44.49346981, -73.19102578)"
2000,VT0040400,12WS004585,09/21/2012,61 Malletts Bay Ave,Winooski City,NO DATA,NO DATA,NO DATA,NO DATA,Union St,25,Feet,25,3 - Same Direction Sideswipe,West,004-45-025,002-21-711,NO DATA,NO DATA,NO DATA,Federal Aid Urban System (Class 2 TH's and 3 TH's,"MALLETTS BAY AVE., WINOOSKI CITY",0.12,S51080418,LRS,Property Damage Only,"(44.49289560, -73.19046584)"
2001,VT0040400,12WS003469,07/25/2012,FAU-5108 (32 Malletts Bay Ave),Winooski City,NO DATA,NO DATA,NO DATA,NO DATA,W Allen St,100,Feet,25,7 - Other - Explain in Narrative,East,004-45-177,002-21-491,NO DATA,NO DATA,NO DATA,Federal Aid Urban System (Class 2 TH's and 3 TH's,"MALLETTS BAY AVE., WINOOSKI CITY",0.07,S51080418,LRS,Property Damage Only,"(44.49232143, -73.18990581)"
2002,VT0040400,12WS01519,05/03/2012,FAU-5108 (32 Malletts Bay Avenue),Winooski City,NO DATA,NO DATA,NO DATA,NO DATA,NO DATA,NO DATA,NO DATA,99,NO DATA,West,004-45-068,002-21-594,NO DATA,NO DATA,NO DATA,Federal Aid Urban System (Class 2 TH's and 3 TH's,"MALLETTS BAY AVE., WINOOSKI CITY",0.07,S51080418,LRS,Property Damage Only,"(44.49232143, -73.18990581)"
2003,VT0040400,12WS01769,05/21/2012,FAU-5108 (32 Malletts Bay Avenue),Winooski City,NO DATA,NO DATA,NO DATA,NO DATA,Maple Street,50,Feet,25,"12 - Left Turn and Thru, Same Direction Sideswipe/Angle Crash vv--",South,004-45-155,002-21-552,NO DATA,NO DATA,NO DATA,Federal Aid Urban System (Class 2 TH's and 3 TH's,"MALLETTS BAY AVE., WINOOSKI CITY",0.06,S51080418,LRS,Property Damage Only,"(44.49220660, -73.18979380)"
2004,VT0040400,12WS005213,10/26/2012,FAU-5108 MALLETTS BAY AVENUE,Winooski City,NO DATA,NO DATA,NO DATA,NO DATA,WEST ALLEN STREET,NO DATA,NO DATA,25,1 - Rear End,NO DATA,004-45-177,002-21-455,NO DATA,NO DATA,NO DATA,Federal Aid Urban System (Class 2 TH's and 3 TH's,"MALLETTS BAY AVE., WINOOSKI CITY",0,S51080418,LRS,Property Damage Only,"(44.49151355, -73.18913014)"
2010,VT0040400,12WS00818,03/15/2012,FAU-5107 (27 West Allen Street),Winooski City,NO DATA,NO DATA,NO DATA,NO DATA,Follette Street,25,Feet,25,1 - Rear End,East,004-45-336,002-21-465,NO DATA,NO DATA,NO DATA,Federal Aid Urban System (Class 2 TH's and 3 TH's,"W. ALLEN ST., WINOOSKI CITY",0.07,S51070418,LRS,Property Damage Only,"(44.49140457, -73.18770772)"
2011,VT0040400,12WS003485,07/26/2012,FAU-5107 (35 W Allen St),Winooski City,NO DATA,NO DATA,NO DATA,NO DATA,Weaver St,50,Feet,25,6 - Single Vehicle Crash,North,004-45-296,002-21-473,NO DATA,NO DATA,NO DATA,Federal Aid Urban System (Class 2 TH's and 3 TH's,"W. ALLEN ST., WINOOSKI CITY",0.04,S51070418,LRS,Property Damage Only,"(44.49141418, -73.18833113)"
2012,VT0040400,12WS006388,12/27/2012,FAU-5104 E Spring St,Winooski City,NO DATA,NO DATA,NO DATA,NO DATA,E Allen St,NO DATA,NO DATA,25,1 - Rear End,East,004-46-024,002-21-601,NO DATA,NO DATA,NO DATA,Federal Aid Urban System (Class 2 TH's and 3 TH's,"E SPRING ST., WINOOSKI CITY",0.4,S51040418,LRS,Property Damage Only,"(44.49272801, -73.17833565)"
2013,VT0040400,12WS006428,12/29/2012,FAU-5104 E Spring St,Winooski City,NO DATA,NO DATA,NO DATA,NO DATA,E Allen St,NO DATA,NO DATA,25,2 - Head On,NO DATA,004-46-007,002-21-617,NO DATA,NO DATA,NO DATA,Federal Aid Urban System (Class 2 TH's and 3 TH's,"E SPRING ST., WINOOSKI CITY",0.4,S51040418,LRS,Property Damage Only,"(44.49272801, -73.17833565)"
2014,VT0040400,12WS006337,12/23/2012,FAU-5104 E Spring St,Winooski City,NO DATA,NO DATA,NO DATA,NO DATA,Hood St,NO DATA,NO DATA,25,2 - Head On,East,004-46-007,002-21-617,NO DATA,NO DATA,NO DATA,Federal Aid Urban System (Class 2 TH's and 3 TH's,"E SPRING ST., WINOOSKI CITY",0.37,S51040418,LRS,Property Damage Only,"(44.49269639, -73.17895981)"
2015,VT0040400,12WS02163,06/14/2012,FAU-5104 (120 East Spring Street),Winooski City,NO DATA,NO DATA,NO DATA,NO DATA,NO DATA,100,Feet,25,1 - Rear End,East,004-46-007,002-21-617,NO DATA,NO DATA,NO DATA,Federal Aid Urban System (Class 2 TH's and 3 TH's,"E SPRING ST., WINOOSKI CITY",0.25,S51040418,LRS,Property Damage Only,"(44.49344232, -73.18125784)"
2021,VT0040100,2012BU026477,10/14/2012,FAU-5052 S Prospect St,Burlington,NO DATA,NO DATA,NO DATA,NO DATA,College St,NO DATA,NO DATA,25,"10 - Left Turn and Thru, Angle Broadside -->v--",NO DATA,NO DATA,NO DATA,NO DATA,NO DATA,NO DATA,Federal Aid Urban System (Class 2 TH's and 3 TH's,"S UNION ST., BURLINGTON",0.86,S50520403,LRS,Property Damage Only,"(44.47728405, -73.20905406)"
2022,VT0040100,2012BU020516,08/15/2012,FAU-5052 South Union Street,Burlington,NO DATA,NO DATA,NO DATA,NO DATA,King Street,100,Feet,25,6 - Single Vehicle Crash,North,NO DATA,NO DATA,NO DATA,NO DATA,NO DATA,Federal Aid Urban System (Class 2 TH's and 3 TH's,"S UNION ST., BURLINGTON",0.69,S50520403,LRS,Property Damage Only,"(44.47486189, -73.20889540)"
2023,VT0040100,2012BU119521,08/06/2012,FAU-5040 (660 Pine St),Burlington,NO DATA,NO DATA,NO DATA,NO DATA,Lakeside/Pine,1,Feet,25,"8 - No Turns, Thru moves only, Broadside ^<",NO DATA,NO DATA,NO DATA,NO DATA,NO DATA,NO DATA,Federal Aid Urban System (Class 2 TH's and 3 TH's,"PINE ST., BURLINGTON",0.39,S50400403,LRS,Injury,"(44.46103988, -73.21455493)"
2024,VT0040100,2012BU04487,02/23/2012,FAU 5052 (S Union Street),Burlington,NO DATA,NO DATA,NO DATA,NO DATA,King St,NO DATA,NO DATA,25,1 - Rear End,NO DATA,NO DATA,NO DATA,NO DATA,NO DATA,NO DATA,Federal Aid Urban System (Class 2 TH's and 3 TH's,"S UNION ST., BURLINGTON",0.68,S50520403,LRS,Property Damage Only,"(44.47471953, -73.20888274)"
2025,VT0040100,2012BU025933,10/08/2012,FAU-5052 South Union Street,Burlington,NO DATA,NO DATA,NO DATA,NO DATA,Maple Street,NO DATA,NO DATA,25,"8 - No Turns, Thru moves only, Broadside ^<",NO DATA,NO DATA,NO DATA,NO DATA,NO DATA,NO DATA,Federal Aid Urban System (Class 2 TH's and 3 TH's,"S UNION ST., BURLINGTON",0.63,S50520403,LRS,Injury,"(44.47400765, -73.20882139)"
2026,VT0040100,2012BU004861,02/28/2012,FAU 5052 (239 S Union Street),Burlington,NO DATA,NO DATA,NO DATA,NO DATA,Maple St,500,Feet,25,"8 - No Turns, Thru moves only, Broadside ^<",South,NO DATA,NO DATA,NO DATA,NO DATA,NO DATA,Federal Aid Urban System (Class 2 TH's and 3 TH's,"S UNION ST., BURLINGTON",0.58,S50520403,LRS,Property Damage Only,"(44.47329492, -73.20879599)"
2032,VT0040100,2012BU02794,02/01/2012,FAU 5050 (S Prospect Street),Burlington,NO DATA,NO DATA,NO DATA,NO DATA,Pearl St,NO DATA,NO DATA,25,6 - Single Vehicle Crash,NO DATA,NO DATA,NO DATA,NO DATA,NO DATA,NO DATA,Federal Aid Urban System (Class 2 TH's and 3 TH's,"S PROSPECT ST., BURLINGTON",0.3,S50500403,LRS,Injury,"(44.48075268, -73.20054293)"
2033,VT0040100,2012BU00616,01/07/2012,FAU 5050┬á (S Prospect Street),Burlington,NO DATA,NO DATA,NO DATA,NO DATA,Pearl St,NO DATA,NO DATA,25,1 - Rear End,South,NO DATA,NO DATA,NO DATA,NO DATA,NO DATA,Federal Aid Urban System (Class 2 TH's and 3 TH's,"S PROSPECT ST., BURLINGTON",0.3,S50500403,LRS,Injury,"(44.48075268, -73.20054293)"
2034,VT0041100,12UVM001962,04/30/2012,FAU-5050 (31 S. Prospect),Burlington,NO DATA,NO DATA,NO DATA,NO DATA,NO DATA,NO DATA,NO DATA,0,7 - Other - Explain in Narrative,NO DATA,NO DATA,NO DATA,NO DATA,NO DATA,NO DATA,Federal Aid Urban System (Class 2 TH's and 3 TH's,"S PROSPECT ST., BURLINGTON",0.23,S50500403,LRS,Injury,"(44.47972800, -73.20052773)"
2035,VT0040100,2012BU010454,05/04/2012,FAU-5050 (43 S Prospect St),Burlington,NO DATA,NO DATA,NO DATA,NO DATA,Colchester Ave,400,Feet,25,1 - Rear End,South,NO DATA,NO DATA,NO DATA,NO DATA,NO DATA,Federal Aid Urban System (Class 2 TH's and 3 TH's,"S PROSPECT ST., BURLINGTON",0.22,S50500403,LRS,Property Damage Only,"(44.47958158, -73.20052535)"
2036,VT0040100,2012BU009894,04/27/2012,FAU-5050 S Prospect St,Burlington,NO DATA,NO DATA,NO DATA,NO DATA,College St,NO DATA,NO DATA,25,1 - Rear End,NO DATA,NO DATA,NO DATA,NO DATA,NO DATA,NO DATA,Federal Aid Urban System (Class 2 TH's and 3 TH's,"S PROSPECT ST., BURLINGTON",0.1,S50500403,LRS,Property Damage Only,"(44.47782567, -73.20058468)"
2037,VT0040100,2012BU009128,04/17/2012,FAU-5050 S Prospect St,Burlington,NO DATA,NO DATA,NO DATA,NO DATA,College St,NO DATA,NO DATA,25,1 - Rear End,NO DATA,NO DATA,NO DATA,NO DATA,NO DATA,NO DATA,Federal Aid Urban System (Class 2 TH's and 3 TH's,"S PROSPECT ST., BURLINGTON",0.09,S50500403,LRS,Property Damage Only,"(44.47767943, -73.20059497)"
2065,VT0040700,12SH02916,11/26/2012,FAU-5708 Dorset Street,Shelburne,NO DATA,NO DATA,NO DATA,NO DATA,Cheesefactory,0,Miles,40,1 - Rear End,South,445990,212029,NO DATA,NO DATA,NO DATA,Federal Aid Urban System (Class 2 TH's and 3 TH's,"DORSET STREET, SHELBURNE",0.25,S57080413,LRS,Property Damage Only,"(44.41104817, -73.17685337)"
2066,VT0040700,12SH03139,12/23/2012,FAU-5708 Dorset Street,Shelburne,NO DATA,NO DATA,NO DATA,NO DATA,Barstow Road,NO DATA,NO DATA,40,"8 - No Turns, Thru moves only, Broadside ^<",NO DATA,445973,212152,NO DATA,NO DATA,NO DATA,Federal Aid Urban System (Class 2 TH's and 3 TH's,"DORSET STREET, SHELBURNE",0,S57080413,LRS,Property Damage Only,"(44.40758796, -73.17827069)"
2067,VT0040700,12SH00420,02/24/2012,FAU-5704 Bay Rd,Shelburne,NO DATA,NO DATA,NO DATA,NO DATA,Crown Rd,15,Feet,35,1 - Rear End,West,442769,211910,NO DATA,NO DATA,NO DATA,Federal Aid Urban System (Class 2 TH's and 3 TH's,"BAY ROAD, SHELBURNE",1.69,S57040413,LRS,Property Damage Only,"(44.40541226, -73.21819253)"
2068,VT0040700,12SH02917,11/26/2012,FAU-5704 Bay Road,Shelburne,NO DATA,NO DATA,NO DATA,NO DATA,Point View Drive,10,Feet,35,7 - Other - Explain in Narrative,West,442296,211401,NO DATA,NO DATA,NO DATA,Federal Aid Urban System (Class 2 TH's and 3 TH's,"BAY ROAD, SHELBURNE",1.23,S57040413,LRS,Property Damage Only,"(44.40067110, -73.22416366)"
2069,VT0040700,12SH01475,06/24/2012,BARSTOW RD,Shelburne,NO DATA,NO DATA,NO DATA,NO DATA,DORSET ST,NO DATA,NO DATA,35,1 - Rear End,NO DATA,445976,212153,NO DATA,NO DATA,NO DATA,Federal Aid Urban System (Class 2 TH's and 3 TH's,"BARSTOW ROAD, SHELBURNE",1,S57020413,LRS,Property Damage Only,"(44.40758796, -73.17827069)"
2070,VT0040500,12CC08077,11/26/2012,FAU-5618 East Lakeshore Drive,Colchester,NO DATA,NO DATA,NO DATA,NO DATA,Bay Road,30,Feet,30,6 - Single Vehicle Crash,NO DATA,445074,228457,NO DATA,NO DATA,NO DATA,Federal Aid Urban System (Class 2 TH's and 3 TH's,"E. LAKESHORE DR., COLCHESTER",1.47,S56180405,LRS,Property Damage Only,"(44.55478667, -73.19096066)"
2071,VT0040500,12CC00308,01/16/2012,FAU 5618 (East Lakeshore Dr),Colchester,NO DATA,NO DATA,NO DATA,NO DATA,Suncrest Terrace,NO DATA,NO DATA,30,1 - Rear End,NO DATA,444721,228106,NO DATA,NO DATA,NO DATA,Federal Aid Urban System (Class 2 TH's and 3 TH's,"E. LAKESHORE DR., COLCHESTER",1.11,S56180405,LRS,Property Damage Only,"(44.55102207, -73.19579316)"