ID,Reporting Agency,Report Number,Date,Street Address,Town,Number,Number1,Number2,Number3,Intersection,Distance From Intersection,Distance Unit,Posted Speed,Direction of Collision,Direction from Intersection,Easting,Northing,Mile Marker,Mile Marker 1,Mile Marker 2,AOT Roadway,AOT Route,AOT Actual Mile,LRS Number,How Mapped,Crash Type,Location 1
2077,VT0040500,12CC03431,05/25/2012,FAU-5617 (102 Bay Road),Colchester,NO DATA,127,NO DATA,NO DATA,East Lakeshore Drive,650,Feet,35,6 - Single Vehicle Crash,South,445279,228484,NO DATA,NO DATA,NO DATA,Federal Aid Urban System (Class 2 TH's and 3 TH's,"BAY RD., COLCHESTER",0.12,S56170405,LRS,Fatal,"(44.55452043, -73.18856608)"
2078,VT0040500,12CC02902,05/05/2012,FAU-5617 (103 Bay Rd),Colchester,NO DATA,NO DATA,NO DATA,NO DATA,Goodsell Pt,350,Feet,35,6 - Single Vehicle Crash,East,445257,228498,NO DATA,NO DATA,NO DATA,Federal Aid Urban System (Class 2 TH's and 3 TH's,"BAY RD., COLCHESTER",0.11,S56170405,LRS,Property Damage Only,"(44.55454238, -73.18876581)"
2079,VT0040500,12CC00717,02/03/2012,U5616 (Severance Rd),Colchester,NO DATA,NO DATA,NO DATA,NO DATA,Wells Ave,NO DATA,NO DATA,35,1 - Rear End,NO DATA,447829,225089,NO DATA,NO DATA,NO DATA,Federal Aid Urban System (Class 2 TH's and 3 TH's,"SEVERANCE ROAD, COLCHESTER",0.81,S56160405,LRS,Property Damage Only,"(44.52429500, -73.15723797)"
2080,VT0040500,12CC08320,12/07/2012,FAU-5616 Severance Road,Colchester,NO DATA,NO DATA,NO DATA,NO DATA,Hannah's Place,NO DATA,NO DATA,35,6 - Single Vehicle Crash,West,447589,225137,NO DATA,NO DATA,NO DATA,Federal Aid Urban System (Class 2 TH's and 3 TH's,"SEVERANCE ROAD, COLCHESTER",0.79,S56160405,LRS,Property Damage Only,"(44.52434924, -73.15763163)"
2081,VT0040500,12CC07833,11/12/2012,FAU-5616 Severance Road,Colchester,NO DATA,NO DATA,NO DATA,NO DATA,Kathleen Lane,NO DATA,NO DATA,35,6 - Single Vehicle Crash,NO DATA,447575,225141,NO DATA,NO DATA,NO DATA,Federal Aid Urban System (Class 2 TH's and 3 TH's,"SEVERANCE ROAD, COLCHESTER",0.7,S56160405,LRS,Property Damage Only,"(44.52459855, -73.15940167)"
2082,VT0040500,12CC06355,09/14/2012,FAU-5616 (449 Severance Road),Colchester,NO DATA,NO DATA,NO DATA,NO DATA,NO DATA,NO DATA,NO DATA,99,6 - Single Vehicle Crash,NO DATA,004-47-310,002-25-520,NO DATA,NO DATA,NO DATA,Federal Aid Urban System (Class 2 TH's and 3 TH's,"SEVERANCE ROAD, COLCHESTER",0.46,S56160405,LRS,Injury,"(44.52567093, -73.16393146)"
2083,VT0040500,12CC05848,08/28/2012,FAU-5616 (599 Severance Road),Colchester,NO DATA,NO DATA,NO DATA,NO DATA,Eagle Park Drive,10,Feet,35,2 - Head On,West,447390,225181,NO DATA,NO DATA,NO DATA,Federal Aid Urban System (Class 2 TH's and 3 TH's,"SEVERANCE ROAD, COLCHESTER",0.46,S56160405,LRS,Property Damage Only,"(44.52567093, -73.16393146)"
2089,VT0040500,12CC07533,10/31/2012,FAU-5612 Severance Road,Colchester,NO DATA,NO DATA,NO DATA,NO DATA,Oak Terrace,NO DATA,NO DATA,35,1 - Rear End,NO DATA,448894,223882,NO DATA,NO DATA,NO DATA,Federal Aid Urban System (Class 2 TH's and 3 TH's,"KELLOGG ROAD, COLCHESTER",0.13,S56120405,LRS,Property Damage Only,"(44.51350388, -73.14302141)"
2090,VT0040500,12CC07060,10/13/2012,FAU-5612 Severance Road,Colchester,NO DATA,NO DATA,NO DATA,NO DATA,Wedgewood Road,50,Feet,35,2 - Head On,West,448834,223918,NO DATA,NO DATA,NO DATA,Federal Aid Urban System (Class 2 TH's and 3 TH's,"KELLOGG ROAD, COLCHESTER",0.1,S56120405,LRS,Injury,"(44.51326804, -73.14259166)"
2091,VT0040500,12CC00270,01/14/2012,FAU-5610 East Rd,Colchester,NO DATA,NO DATA,NO DATA,NO DATA,Austin House Road,300,Feet,40,6 - Single Vehicle Crash,South,450254,231050,NO DATA,NO DATA,NO DATA,Federal Aid Urban System (Class 2 TH's and 3 TH's,"EAST ROAD, COLCHESTER",2.9,S56100405,LRS,Property Damage Only,"(44.58117418, -73.12775312)"
2092,VT0040500,12CC02944,05/07/2012,FAU-5610 East Road,Colchester,NO DATA,NO DATA,NO DATA,NO DATA,Austin House Road,900,Feet,40,6 - Single Vehicle Crash,South,004-50-127,002-31-451,NO DATA,NO DATA,NO DATA,Federal Aid Urban System (Class 2 TH's and 3 TH's,"EAST ROAD, COLCHESTER",2.79,S56100405,LRS,Injury,"(44.57971218, -73.12688663)"
2093,VT0040500,12CC00540,01/27/2012,FAU 5610 (East Road),Colchester,NO DATA,NO DATA,NO DATA,NO DATA,Farnsworth Rd.,0,Miles,40,6 - Single Vehicle Crash,East,004-50-162E,002-30-256N,NO DATA,NO DATA,NO DATA,Federal Aid Urban System (Class 2 TH's and 3 TH's,"EAST ROAD, COLCHESTER",2.19,S56100405,LRS,Property Damage Only,"(44.57115792, -73.12747621)"
2094,VT0040500,12CC08147,11/29/2012,fau-5610 East Road,Colchester,NO DATA,NO DATA,NO DATA,NO DATA,Farnsworth Road,NO DATA,NO DATA,40,4 - Opp Direction Sideswipe,NO DATA,450164,230172,NO DATA,NO DATA,NO DATA,Federal Aid Urban System (Class 2 TH's and 3 TH's,"EAST ROAD, COLCHESTER",2.09,S56100405,LRS,Property Damage Only,"(44.56972185, -73.12731215)"
2095,VT0040500,12CC00398,01/19/2012,FAU-5610 EAST RD,Colchester,NO DATA,NO DATA,NO DATA,NO DATA,DEPOT RD,1000,Feet,40,6 - Single Vehicle Crash,North,448934,227947,NO DATA,NO DATA,NO DATA,Federal Aid Urban System (Class 2 TH's and 3 TH's,"EAST ROAD, COLCHESTER",0.42,S56100405,LRS,Property Damage Only,"(44.54857900, -73.14360444)"
2101,VT0040500,12CC02593,04/22/2012,FAU-5608 Malletts Bay Avenue,Colchester,NO DATA,NO DATA,NO DATA,NO DATA,Pine Island Road,75,Feet,35,6 - Single Vehicle Crash,South,444117,224212,NO DATA,NO DATA,NO DATA,Federal Aid Urban System (Class 2 TH's and 3 TH's,"MALLETTS BAY AVE., COLCHESTER",1.21,S56080405,LRS,Property Damage Only,"(44.51656500, -73.20287153)"
2102,VT0040500,12CC05211,05/27/2012,FAu-5608 (1861 Malletts Bay Avenue),Colchester,NO DATA,NO DATA,NO DATA,NO DATA,Malletts Bay Avenue,200,Feet,99,7 - Other - Explain in Narrative,NO DATA,004-44-183,002-24-004,NO DATA,NO DATA,NO DATA,Federal Aid Urban System (Class 2 TH's and 3 TH's,"MALLETTS BAY AVE., COLCHESTER",1.03,S56080405,LRS,Property Damage Only,"(44.51395613, -73.20279971)"
2103,VT0040500,12CC06102,04/05/2012,FAU-5608 (2374 Malletts Bay Avenue),Colchester,NO DATA,NO DATA,NO DATA,NO DATA,NO DATA,NO DATA,NO DATA,30,6 - Single Vehicle Crash,NO DATA,004-44-253,002-23-109,NO DATA,NO DATA,NO DATA,Federal Aid Urban System (Class 2 TH's and 3 TH's,"MALLETTS BAY AVE., COLCHESTER",0.52,S56080405,LRS,Injury,"(44.50666627, -73.20151164)"
2104,VT0040500,12CC00765,02/06/2012,FAU 5606 (W LAKESHORE DR),Colchester,NO DATA,NO DATA,NO DATA,NO DATA,CHURCH RD,NO DATA,NO DATA,35,"14 - Left Turn and Thru, Broadside v<--",NO DATA,440416,228136,NO DATA,NO DATA,NO DATA,Federal Aid Urban System (Class 2 TH's and 3 TH's,"W. LAKESHORE DR., COLCHESTER",0,S56060405,LRS,Property Damage Only,"(44.55101499, -73.24986168)"
2105,VT0040500,12CC00825,02/09/2012,FAU 5606 (1285 Porters Point Rd),Colchester,NO DATA,NO DATA,NO DATA,NO DATA,NO DATA,NO DATA,NO DATA,35,5 - Rear-to-rear,NO DATA,439589,227217,NO DATA,NO DATA,NO DATA,Federal Aid Urban System (Class 2 TH's and 3 TH's,"PORTER POINT RD., COLCHESTER",1.25,S56050405,LRS,Property Damage Only,"(44.54693168, -73.26916521)"
2106,VT0040500,12CC05902,08/30/2012,FAU-5605 Porters Point Road,Colchester,NO DATA,NO DATA,NO DATA,NO DATA,Crossfield Drive-West,NO DATA,NO DATA,35,1 - Rear End,NO DATA,439088,227555,NO DATA,NO DATA,NO DATA,Federal Aid Urban System (Class 2 TH's and 3 TH's,"PORTER POINT RD., COLCHESTER",1.24,S56050405,LRS,Property Damage Only,"(44.54685128, -73.26899103)"
2112,VT0040500,12CC04061,06/19/2012,FAU-5605 (116 Porters Point Road),Colchester,NO DATA,NO DATA,NO DATA,NO DATA,NO DATA,NO DATA,NO DATA,99,"8 - No Turns, Thru moves only, Broadside ^<",NO DATA,440422,226637,NO DATA,NO DATA,NO DATA,Federal Aid Urban System (Class 2 TH's and 3 TH's,"PORTER POINT RD., COLCHESTER",0.12,S56050405,LRS,Property Damage Only,"(44.53755180, -73.24977537)"
2113,VT0040500,12CC03308,05/21/2012,FAU 5605 (127 Porters Point Rd),Colchester,NO DATA,NO DATA,NO DATA,NO DATA,NO DATA,NO DATA,NO DATA,99,4 - Opp Direction Sideswipe,NO DATA,440359,226626,NO DATA,NO DATA,NO DATA,Federal Aid Urban System (Class 2 TH's and 3 TH's,"PORTER POINT RD., COLCHESTER",0.1,S56050405,LRS,Property Damage Only,"(44.53736440, -73.24945409)"
2114,VT0040500,12CC01372,03/08/2012,FAU 5605 (Porters Point Road),Colchester,NO DATA,NO DATA,NO DATA,NO DATA,Prim Road,NO DATA,NO DATA,35,3 - Same Direction Sideswipe,West,440548,226533,NO DATA,NO DATA,NO DATA,Federal Aid Urban System (Class 2 TH's and 3 TH's,"PORTER POINT RD., COLCHESTER",0,S56050405,LRS,Property Damage Only,"(44.53643767, -73.24784159)"
2115,VT0040500,12CC00579,01/28/2012,FAU-5605 Porters Point Road,Colchester,NO DATA,NO DATA,NO DATA,NO DATA,Prim Rd,NO DATA,NO DATA,35,"10 - Left Turn and Thru, Angle Broadside -->v--",NO DATA,440568,226515,NO DATA,NO DATA,NO DATA,Federal Aid Urban System (Class 2 TH's and 3 TH's,"PORTER POINT RD., COLCHESTER",0,S56050405,LRS,Property Damage Only,"(44.53643767, -73.24784159)"
2116,VT0040500,12CC05522,08/15/2012,FAU-5604 (254 Holy Cross Road),Colchester,NO DATA,NO DATA,NO DATA,NO DATA,Holy Cross Road,10,Feet,99,7 - Other - Explain in Narrative,West,440085,228032,NO DATA,NO DATA,NO DATA,Federal Aid Urban System (Class 2 TH's and 3 TH's,"HOLY CROSS RD., COLCHESTER",0.81,S56040405,LRS,Property Damage Only,"(44.54980882, -73.25435881)"
2117,VT0040500,12CC01139,02/24/2012,FAU 5604 (HOLY CROSS RD),Colchester,NO DATA,NO DATA,NO DATA,NO DATA,IN FRONT OF #306,NO DATA,NO DATA,35,6 - Single Vehicle Crash,NO DATA,439982,227972,NO DATA,NO DATA,NO DATA,Federal Aid Urban System (Class 2 TH's and 3 TH's,"HOLY CROSS RD., COLCHESTER",0.75,S56040405,LRS,Property Damage Only,"(44.54939499, -73.25541259)"
2124,VT0040500,12CC04057,06/19/2012,FAU-5600 Blakely Road,Colchester,NO DATA,NO DATA,NO DATA,NO DATA,Poor Farm Road,NO DATA,NO DATA,35,1 - Rear End,NO DATA,004-46-062E,002-25-908N,NO DATA,NO DATA,NO DATA,Federal Aid Urban System (Class 2 TH's and 3 TH's,"VT. 127 TH, COLCHESTER",5.59,S56000405,LRS,Property Damage Only,"(44.53127605, -73.17858676)"
2125,VT0040500,12CC08013,11/21/2012,FAU-5600 (2025 Blakely Road),Colchester,NO DATA,NO DATA,NO DATA,NO DATA,Poor Farm Rd,NO DATA,NO DATA,35,4 - Opp Direction Sideswipe,West,445829,225833,NO DATA,NO DATA,NO DATA,Federal Aid Urban System (Class 2 TH's and 3 TH's,"VT. 127 TH, COLCHESTER",5.23,S56000405,LRS,Property Damage Only,"(44.53012437, -73.18410710)"
2126,VT0040500,12CC03840,06/11/2012,FAU-5600 (1987 Blakely Road),Colchester,NO DATA,NO DATA,NO DATA,`,NO DATA,NO DATA,NO DATA,35,"12 - Left Turn and Thru, Same Direction Sideswipe/Angle Crash vv--",NO DATA,445559,225752,NO DATA,NO DATA,NO DATA,Federal Aid Urban System (Class 2 TH's and 3 TH's,"VT. 127 TH, COLCHESTER",5.18,S56000405,LRS,Injury,"(44.52996619, -73.18487454)"
2127,VT0040500,12CC01944,03/29/2012,FAU 5600 (1965 Blakely Road),Colchester,NO DATA,127,NO DATA,NO DATA,NO DATA,NO DATA,NO DATA,35,1 - Rear End,NO DATA,004-45-555E,002-25-767N,NO DATA,NO DATA,NO DATA,Federal Aid Urban System (Class 2 TH's and 3 TH's,"VT. 127 TH, COLCHESTER",5.15,S56000405,LRS,Property Damage Only,"(44.52987496, -73.18533645)"
2128,VT0040500,12CC03067,05/11/2012,FAU 5600 (Blakely Road),Colchester,NO DATA,127,NO DATA,NO DATA,Edgewood Drive,20,Feet,35,1 - Rear End,North,004-45-392,002-25-714,NO DATA,NO DATA,NO DATA,Federal Aid Urban System (Class 2 TH's and 3 TH's,"VT. 127 TH, COLCHESTER",5.04,S56000405,LRS,Property Damage Only,"(44.52961345, -73.18704898)"
2129,VT0040500,12CC00672,02/02/2012,FAU 5600 (Blakely Road),Colchester,NO DATA,NO DATA,NO DATA,NO DATA,Edgewood Dr,0,Miles,35,6 - Single Vehicle Crash,West,444782,225804,NO DATA,NO DATA,NO DATA,Federal Aid Urban System (Class 2 TH's and 3 TH's,"VT. 127 TH, COLCHESTER",4.92,S56000405,LRS,Property Damage Only,"(44.52962669, -73.18973900)"
2135,VT0040500,12CC00978,02/16/2012,FAU 5600 (Blakely Road),Colchester,NO DATA,NO DATA,NO DATA,NO DATA,Lavigne Rd,NO DATA,NO DATA,35,"8 - No Turns, Thru moves only, Broadside ^<",NO DATA,444360,225876,NO DATA,NO DATA,NO DATA,Federal Aid Urban System (Class 2 TH's and 3 TH's,"VT. 127 TH, COLCHESTER",4.44,S56000405,LRS,Property Damage Only,"(44.53142538, -73.19946639)"
2136,VT0040500,12CC07140,10/16/2012,FAU-5600 Blakely Road,Colchester,NO DATA,NO DATA,NO DATA,NO DATA,Williams Road,NO DATA,NO DATA,35,"10 - Left Turn and Thru, Angle Broadside -->v--",NO DATA,444096,226130,NO DATA,NO DATA,NO DATA,Federal Aid Urban System (Class 2 TH's and 3 TH's,"VT. 127 TH, COLCHESTER",4.21,S56000405,LRS,Property Damage Only,"(44.53363304, -73.20388955)"
2137,VT0040500,12CC03036,05/10/2012,FAU 5600 (732 Blakely Road),Colchester,NO DATA,127,NO DATA,NO DATA,Town Offices,NO DATA,NO DATA,35,2 - Head On,NO DATA,004-43-816,002-26-496,NO DATA,NO DATA,NO DATA,Federal Aid Urban System (Class 2 TH's and 3 TH's,"VT. 127 TH, COLCHESTER",3.94,S56000405,LRS,Injury,"(44.53655438, -73.20697273)"
2138,VT0040500,121CC02442,04/17/2012,FAU-5600 (609 Blakely Rd),Colchester,NO DATA,NO DATA,NO DATA,NO DATA,Malletts Bay Avenue,0,Miles,25,1 - Rear End,South,443682,226682,NO DATA,NO DATA,NO DATA,Federal Aid Urban System (Class 2 TH's and 3 TH's,"VT. 127 TH, COLCHESTER",3.81,S56000405,LRS,Property Damage Only,"(44.53797568, -73.20847734)"
2139,VT0040500,12CC06864,10/05/2012,FAU-5600 Blakely Road,Colchester,NO DATA,NO DATA,NO DATA,NO DATA,425 Blakely Road,10,Feet,25,1 - Rear End,West,443687,226668,NO DATA,NO DATA,NO DATA,Federal Aid Urban System (Class 2 TH's and 3 TH's,"VT. 127 TH, COLCHESTER",3.65,S56000405,LRS,Injury,"(44.53988726, -73.21049218)"
2140,VT0040500,12CC03972,06/16/2012,FAU-5600 (425 Blakely Road),Colchester,NO DATA,127,NO DATA,NO DATA,Malletts Bay Avenue,300,Feet,35,1 - Rear End,West,443954,226376,NO DATA,NO DATA,NO DATA,Federal Aid Urban System (Class 2 TH's and 3 TH's,"VT. 127 TH, COLCHESTER",3.65,S56000405,LRS,Property Damage Only,"(44.53988726, -73.21049218)"
2141,VT0040500,12CC06886,10/06/2012,FAU-5600 Blakely Road,Colchester,NO DATA,NO DATA,NO DATA,NO DATA,Laker Lane,300,Feet,35,6 - Single Vehicle Crash,East,443300,227196,NO DATA,NO DATA,NO DATA,Federal Aid Urban System (Class 2 TH's and 3 TH's,"VT. 127 TH, COLCHESTER",3.5,S56000405,LRS,Property Damage Only,"(44.54161459, -73.21232143)"
2147,VT0040500,12CC02967,05/08/2012,FAU-5600 West Lakeshore Dr,Colchester,NO DATA,NO DATA,NO DATA,NO DATA,East Lakeshore Dr,NO DATA,NO DATA,25,1 - Rear End,NO DATA,443127,227399,NO DATA,NO DATA,NO DATA,Federal Aid Urban System (Class 2 TH's and 3 TH's,"VT. 127 TH, COLCHESTER",3.21,S56000405,LRS,Property Damage Only,"(44.54449645, -73.21555795)"
2148,VT0040500,12CC02750,04/30/2012,FAU-5600 Blakely Rd,Colchester,NO DATA,NO DATA,NO DATA,NO DATA,E Lakeshore Dr,NO DATA,NO DATA,35,1 - Rear End,NO DATA,443129,227369,NO DATA,NO DATA,NO DATA,Federal Aid Urban System (Class 2 TH's and 3 TH's,"VT. 127 TH, COLCHESTER",3.21,S56000405,LRS,Property Damage Only,"(44.54449645, -73.21555795)"
2149,VT0040500,12CC08600,12/21/2012,FAU-5600 Blakely Road,Colchester,NO DATA,NO DATA,NO DATA,NO DATA,East Lakeshore Drive,NO DATA,NO DATA,25,1 - Rear End,NO DATA,443140,227388,NO DATA,NO DATA,NO DATA,Federal Aid Urban System (Class 2 TH's and 3 TH's,"VT. 127 TH, COLCHESTER",3.21,S56000405,LRS,Property Damage Only,"(44.54449645, -73.21555795)"
2150,VT0040500,12CC05464,08/13/2012,FAU-5600 Blakely Road,Colchester,NO DATA,127,NO DATA,NO DATA,East Lakeshore Drive,NO DATA,NO DATA,35,1 - Rear End,NO DATA,443153,227375,NO DATA,NO DATA,NO DATA,Federal Aid Urban System (Class 2 TH's and 3 TH's,"VT. 127 TH, COLCHESTER",3.21,S56000405,LRS,Property Damage Only,"(44.54449645, -73.21555795)"
2151,VT0040500,12CC01134,02/24/2012,FAU 5600 (BLAKELY RD),Colchester,NO DATA,NO DATA,NO DATA,NO DATA,LAKESHORE DR,10,Feet,35,1 - Rear End,West,443126,227380,NO DATA,NO DATA,NO DATA,Federal Aid Urban System (Class 2 TH's and 3 TH's,"VT. 127 TH, COLCHESTER",3.21,S56000405,LRS,Property Damage Only,"(44.54449645, -73.21555795)"
2152,VT0040500,12CC02838,05/03/2012,FAU-5600 Blakely Road,Colchester,NO DATA,NO DATA,NO DATA,NO DATA,Bayside Park,NO DATA,NO DATA,35,1 - Rear End,NO DATA,004-43-114,002-27-373,NO DATA,NO DATA,NO DATA,Federal Aid Urban System (Class 2 TH's and 3 TH's,"VT. 127 TH, COLCHESTER",3.21,S56000405,LRS,Property Damage Only,"(44.54449645, -73.21555795)"
2153,VT0040500,12CC00193,01/10/2012,FAU-5600 BLAKELY RD,Colchester,NO DATA,NO DATA,NO DATA,NO DATA,E LAKESHORE DR,NO DATA,NO DATA,30,1 - Rear End,NO DATA,443138,227384,NO DATA,NO DATA,NO DATA,Federal Aid Urban System (Class 2 TH's and 3 TH's,"VT. 127 TH, COLCHESTER",3.21,S56000405,LRS,Injury,"(44.54449645, -73.21555795)"
2170,VT0040500,12CC03061,05/11/2012,FAU 5600 (W Lakeshore Dr),Colchester,NO DATA,127,NO DATA,NO DATA,713 W Lakeshore Dr,NO DATA,NO DATA,25,"16 - Right Turn and Thru, Same Direction Sideswipe/Angle Crash ^^--",NO DATA,442206,228019,NO DATA,NO DATA,NO DATA,Federal Aid Urban System (Class 2 TH's and 3 TH's,"VT. 127 TH, COLCHESTER",2.5,S56000405,LRS,Property Damage Only,"(44.55019963, -73.22792011)"
2171,VT0040500,12CC02999,05/09/2012,FAU-5600 (713 West Lakeshore Dr),Colchester,NO DATA,127,NO DATA,NO DATA,Calm Cove Circle,NO DATA,NO DATA,25,1 - Rear End,NO DATA,442131,228061,NO DATA,NO DATA,NO DATA,Federal Aid Urban System (Class 2 TH's and 3 TH's,"VT. 127 TH, COLCHESTER",2.49,S56000405,LRS,Property Damage Only,"(44.55023995, -73.22811554)"
2172,VT0040500,12CC08414,12/12/2012,FAU-5600 West Lakeshore Drive,Colchester,NO DATA,127,NO DATA,NO DATA,Broadacres Drive,NO DATA,NO DATA,25,1 - Rear End,NO DATA,442109,228046,NO DATA,NO DATA,NO DATA,Federal Aid Urban System (Class 2 TH's and 3 TH's,"VT. 127 TH, COLCHESTER",2.45,S56000405,LRS,Property Damage Only,"(44.55040908, -73.22889396)"
2173,VT0040500,12CC05095,07/28/2012,FAU-5600 (777 West Lakeshore Drive),Colchester,NO DATA,127,NO DATA,NO DATA,West Lakeshore Drive,20,Feet,99,7 - Other - Explain in Narrative,South,442052,228060,NO DATA,NO DATA,NO DATA,Federal Aid Urban System (Class 2 TH's and 3 TH's,"VT. 127 TH, COLCHESTER",2.43,S56000405,LRS,Property Damage Only,"(44.55049832, -73.22928114)"
2174,VT0040500,12CC04363,07/01/2012,FAU-5600 W. Lakeshore Drive,Colchester,NO DATA,127,NO DATA,NO DATA,Coates Island Rd,NO DATA,NO DATA,25,1 - Rear End,NO DATA,004-41-936,002-28-115,NO DATA,NO DATA,NO DATA,Federal Aid Urban System (Class 2 TH's and 3 TH's,"VT. 127 TH, COLCHESTER",2.35,S56000405,LRS,Injury,"(44.55085431, -73.23083026)"
2175,VT0040500,12CC05620,08/19/2012,FAU-5600 West Lakeshore Drive,Colchester,NO DATA,127,NO DATA,NO DATA,Malletts Bay Fishing Access,NO DATA,NO DATA,99,3 - Same Direction Sideswipe,NO DATA,441875,228328,NO DATA,NO DATA,NO DATA,Federal Aid Urban System (Class 2 TH's and 3 TH's,"VT. 127 TH, COLCHESTER",2.31,S56000405,LRS,Property Damage Only,"(44.55101649, -73.23161160)"
2182,VT0040500,12CC04419,07/03/2012,FAU-5600 W Lakeshore Drive,Colchester,NO DATA,127,NO DATA,NO DATA,Prim Road,NO DATA,NO DATA,25,"10 - Left Turn and Thru, Angle Broadside -->v--",NO DATA,441692,228163,NO DATA,NO DATA,NO DATA,Federal Aid Urban System (Class 2 TH's and 3 TH's,"VT. 127 TH, COLCHESTER",2.2,S56000405,LRS,Injury,"(44.55146245, -73.23376031)"
2183,VT0040500,12CC05359,08/08/2012,FAU-5600 Prim Road,Colchester,NO DATA,127,NO DATA,NO DATA,W Lakeshore Drive,NO DATA,NO DATA,35,1 - Rear End,NO DATA,441709,228166,NO DATA,NO DATA,NO DATA,Federal Aid Urban System (Class 2 TH's and 3 TH's,"VT. 127 TH, COLCHESTER",2.2,S56000405,LRS,Property Damage Only,"(44.55146245, -73.23376031)"
2184,VT0040500,12CC03553,05/30/2012,FAU-5600 Prim Road,Colchester,NO DATA,NO DATA,NO DATA,NO DATA,West Lakeshore Drive,NO DATA,NO DATA,25,7 - Other - Explain in Narrative,NO DATA,441704,228168,NO DATA,NO DATA,NO DATA,Federal Aid Urban System (Class 2 TH's and 3 TH's,"VT. 127 TH, COLCHESTER",2.2,S56000405,LRS,Injury,"(44.55146245, -73.23376031)"
2185,VT0040500,12CC07110,10/15/2012,FAU-5600 West Lakeshore Dr,Colchester,127,NO DATA,NO DATA,NO DATA,Malletts Bay Cemetary,NO DATA,NO DATA,25,1 - Rear End,NO DATA,441831,228138,NO DATA,NO DATA,NO DATA,Federal Aid Urban System (Class 2 TH's and 3 TH's,"VT. 127 TH, COLCHESTER",2.18,S56000405,LRS,Property Damage Only,"(44.55119750, -73.23396584)"
2186,VT0040500,12CC06756,10/01/2012,"FAU-5600 Prim Road, Unit 112",Colchester,NO DATA,NO DATA,NO DATA,NO DATA,NO DATA,NO DATA,NO DATA,35,7 - Other - Explain in Narrative,NO DATA,441538,227764,NO DATA,NO DATA,NO DATA,Federal Aid Urban System (Class 2 TH's and 3 TH's,"VT. 127 TH, COLCHESTER",2.08,S56000405,LRS,Property Damage Only,"(44.54986902, -73.23498400)"
2187,VT0040500,12CC04015,06/18/2012,FAU-5600 (157 Prim Road),Colchester,NO DATA,127,NO DATA,NO DATA,Prim Road,0,Miles,35,6 - Single Vehicle Crash,South,004-41-555,002-27-921,NO DATA,NO DATA,NO DATA,Federal Aid Urban System (Class 2 TH's and 3 TH's,"VT. 127 TH, COLCHESTER",2.04,S56000405,LRS,Property Damage Only,"(44.54933859, -73.23539373)"
2193,VT0040500,12CC03753,06/08/2012,fau-5600 (717 Prim Rd),Colchester,NO DATA,NO DATA,NO DATA,NO DATA,Bean Rd,200,Feet,35,6 - Single Vehicle Crash,South,441157,227137,NO DATA,NO DATA,NO DATA,Federal Aid Urban System (Class 2 TH's and 3 TH's,"VT. 127 TH, COLCHESTER",1.5,S56000405,LRS,Property Damage Only,"(44.54227349, -73.24020457)"
2194,VT0040500,12CC07081,10/14/2012,FAU-5600 Prim Road,Colchester,NO DATA,127,NO DATA,NO DATA,Birch Drive,100,Feet,35,1 - Rear End,North,441004,227039,NO DATA,NO DATA,NO DATA,Federal Aid Urban System (Class 2 TH's and 3 TH's,"VT. 127 TH, COLCHESTER",1.31,S56000405,LRS,Property Damage Only,"(44.54095772, -73.24267685)"
2195,VT0040500,12CC08112,11/27/2012,FAU-5600 (1032 Prim Road),Colchester,NO DATA,NO DATA,NO DATA,NO DATA,Dollar General,NO DATA,NO DATA,35,"10 - Left Turn and Thru, Angle Broadside -->v--",NO DATA,440812,226878,NO DATA,NO DATA,NO DATA,Federal Aid Urban System (Class 2 TH's and 3 TH's,"VT. 127 TH, COLCHESTER",1.17,S56000405,LRS,Property Damage Only,"(44.53963170, -73.24485767)"
2196,VT0040500,12CC07757,11/10/2012,FAU-5600 (1032 Prim Road),Colchester,NO DATA,NO DATA,NO DATA,NO DATA,Meadow Drive,100,Feet,35,6 - Single Vehicle Crash,South,440769,226839,NO DATA,NO DATA,NO DATA,Federal Aid Urban System (Class 2 TH's and 3 TH's,"VT. 127 TH, COLCHESTER",1.17,S56000405,LRS,Property Damage Only,"(44.53963170, -73.24485767)"
2197,VT0040500,12CC01857,03/26/2012,FAU-5600 (1032 Prim Road),Colchester,NO DATA,NO DATA,NO DATA,NO DATA,Meadow Drive,150,Feet,35,1 - Rear End,South,440775,226849,NO DATA,NO DATA,NO DATA,Federal Aid Urban System (Class 2 TH's and 3 TH's,"VT. 127 TH, COLCHESTER",1.17,S56000405,LRS,Injury,"(44.53963170, -73.24485767)"
2198,VT0040500,12CC07569,11/01/2012,FAU-5600 (1032 Prim Road),Colchester,NO DATA,NO DATA,NO DATA,NO DATA,Exit Of Dollar General,NO DATA,NO DATA,35,"10 - Left Turn and Thru, Angle Broadside -->v--",NO DATA,440845,226905,NO DATA,NO DATA,NO DATA,Federal Aid Urban System (Class 2 TH's and 3 TH's,"VT. 127 TH, COLCHESTER",1.15,S56000405,LRS,Injury,"(44.53944461, -73.24516295)"
2199,VT0040500,12CC04108,06/21/2012,FAU-5600 (1110 Prim Road),Colchester,NO DATA,NO DATA,NO DATA,NO DATA,In Front Of VNA Building,NO DATA,NO DATA,35,1 - Rear End,NO DATA,440694,226748,NO DATA,NO DATA,NO DATA,Federal Aid Urban System (Class 2 TH's and 3 TH's,"VT. 127 TH, COLCHESTER",1.1,S56000405,LRS,Injury,"(44.53894303, -73.24588036)"
2205,VT0040500,12CC03580,05/31/2012,FAU-5600 (49 Heineberg Dr),Colchester,NO DATA,NO DATA,NO DATA,NO DATA,Porters Point Rd,250,Feet,35,2 - Head On,NO DATA,440507,226478,NO DATA,NO DATA,NO DATA,Federal Aid Urban System (Class 2 TH's and 3 TH's,"VT. 127 TH, COLCHESTER",0.86,S56000405,LRS,Property Damage Only,"(44.53591584, -73.24823066)"
2206,VT0040500,12CC03291,05/20/2012,FAU 5600 (49 Heineberg Dr),Colchester,NO DATA,127,NO DATA,NO DATA,NO DATA,75,Feet,99,1 - Rear End,West,440504,226502,NO DATA,NO DATA,NO DATA,Federal Aid Urban System (Class 2 TH's and 3 TH's,"VT. 127 TH, COLCHESTER",0.85,S56000405,LRS,Property Damage Only,"(44.53578538, -73.24832793)"
2207,VT0040500,12CC01279,03/03/2012,FAU 5600 142 Heineberg Dr,Colchester,NO DATA,127,NO DATA,NO DATA,NO DATA,NO DATA,NO DATA,35,1 - Rear End,NO DATA,440452,226347,NO DATA,NO DATA,NO DATA,Federal Aid Urban System (Class 2 TH's and 3 TH's,"VT. 127 TH, COLCHESTER",0.76,S56000405,LRS,Property Damage Only,"(44.53461230, -73.24920601)"
2208,VT0040500,12CC00763,02/06/2012,FAU-5600 Heineberg Dr,Colchester,NO DATA,NO DATA,NO DATA,NO DATA,Bridge / With Burlington,NO DATA,NO DATA,35,6 - Single Vehicle Crash,NO DATA,440191,225891,NO DATA,NO DATA,NO DATA,Federal Aid Urban System (Class 2 TH's and 3 TH's,"VT. 127 TH, COLCHESTER",0.43,S56000405,LRS,Property Damage Only,"(44.53065790, -73.25251974)"