ID,Reporting Agency,Report Number,Date,Street Address,Town,Number,Number1,Number2,Number3,Intersection,Distance From Intersection,Distance Unit,Posted Speed,Direction of Collision,Direction from Intersection,Easting,Northing,Mile Marker,Mile Marker 1,Mile Marker 2,AOT Roadway,AOT Route,AOT Actual Mile,LRS Number,How Mapped,Crash Type,Location 1
2209,VT0041000,12WT03884,10/30/2012,FAU-5512 Redmond Road,Williston,NO DATA,NO DATA,NO DATA,NO DATA,Redmond Rd @ Mountain View Road,10,Feet,35,1 - Rear End,North,452933,218120,NO DATA,NO DATA,NO DATA,Federal Aid Urban System (Class 2 TH's and 3 TH's,"REDMOND RD., WILLISTON",0,S55120417,LRS,Property Damage Only,"(44.46145871, -73.09164668)"
2210,VT0041000,12WT04259,11/29/2012,FAU-5510 Oak Hill Road,Williston,NO DATA,NO DATA,NO DATA,NO DATA,OLD CREAMERY ROAD,NO DATA,NO DATA,35,1 - Rear End,NO DATA,453237,212854,NO DATA,NO DATA,NO DATA,Federal Aid Urban System (Class 2 TH's and 3 TH's,"OAK HILL ROAD, WILLISTON",3.05,S55100417,LRS,Property Damage Only,"(44.41474834, -73.08697674)"
2211,VT0041000,12WT0001,01/01/2012,FAU-5510 Oak Hill Road,Williston,NO DATA,NO DATA,NO DATA,NO DATA,South Road,250,Feet,45,6 - Single Vehicle Crash,South,452484,209803,NO DATA,NO DATA,NO DATA,Federal Aid Urban System (Class 2 TH's and 3 TH's,"OAK HILL ROAD, WILLISTON",1.1,S55100417,LRS,Injury,"(44.38779928, -73.09610882)"
2217,VT0041000,12WT01753,06/02/2012,FAU-5508 North Williston Road,Williston,NO DATA,NO DATA,NO DATA,NO DATA,Lafebvre Lane,NO DATA,NO DATA,35,6 - Single Vehicle Crash,NO DATA,454904,215564,NO DATA,NO DATA,NO DATA,Federal Aid Urban System (Class 2 TH's and 3 TH's,"NO. WILLISTON ROAD, WILLISTON",0.13,S55080417,LRS,Injury,"(44.43903207, -73.06661271)"
2218,VT0041000,12WT02366,07/18/2012,FAU-5506 Mountain View Rd,Williston,NO DATA,NO DATA,NO DATA,NO DATA,Redmond Rd,10,Feet,35,6 - Single Vehicle Crash,South,452899,218076,NO DATA,NO DATA,NO DATA,Federal Aid Urban System (Class 2 TH's and 3 TH's,"MT. VIEW ROAD, WILLISTON",1.15,S55060417,LRS,Property Damage Only,"(44.46145871, -73.09164668)"
2219,VT0041000,12WT03235,09/14/2012,FAU-5506 Mountain View Road,Williston,NO DATA,NO DATA,NO DATA,NO DATA,Marion Way,50,Feet,40,1 - Rear End,West,451522,218478,NO DATA,NO DATA,NO DATA,Federal Aid Urban System (Class 2 TH's and 3 TH's,"MT. VIEW ROAD, WILLISTON",0.06,S55060417,LRS,Injury,"(44.46497905, -73.11172707)"
2220,VT0041000,12WT00080,01/07/2012,FAU-5505 Marshall Ave.,Williston,NO DATA,NO DATA,NO DATA,NO DATA,St George Road,NO DATA,NO DATA,30,1 - Rear End,NO DATA,451214,216191,NO DATA,NO DATA,NO DATA,Federal Aid Urban System (Class 2 TH's and 3 TH's,"MARSHALL AVE., WILLISTON",1.57,S55050417,LRS,Property Damage Only,"(44.44424258, -73.11238855)"
2221,VT0041000,12WT04326,12/04/2012,FAU-5505 Marshall Ave,Williston,NO DATA,NO DATA,NO DATA,NO DATA,St George Rd,25,Feet,30,1 - Rear End,West,451227,216189,NO DATA,NO DATA,NO DATA,Federal Aid Urban System (Class 2 TH's and 3 TH's,"MARSHALL AVE., WILLISTON",1.57,S55050417,LRS,Property Damage Only,"(44.44424258, -73.11238855)"
2222,VT0041000,12WT03556,10/07/2012,FAU-5505 Marshall Ave,Williston,NO DATA,NO DATA,NO DATA,NO DATA,St George Rd,5,Feet,30,1 - Rear End,West,451242,216176,NO DATA,NO DATA,NO DATA,Federal Aid Urban System (Class 2 TH's and 3 TH's,"MARSHALL AVE., WILLISTON",1.57,S55050417,LRS,Property Damage Only,"(44.44424258, -73.11238855)"
2223,VT0041000,12WT04596,12/23/2012,FAU-5505 Marshall Ave,Williston,NO DATA,NO DATA,NO DATA,NO DATA,St George Rd,50,Feet,30,3 - Same Direction Sideswipe,West,451152,216218,NO DATA,NO DATA,NO DATA,Federal Aid Urban System (Class 2 TH's and 3 TH's,"MARSHALL AVE., WILLISTON",1.56,S55050417,LRS,Property Damage Only,"(44.44429798, -73.11257581)"
2229,VT0041000,12WT02895,08/24/2012,FAU-5505 Marshall Avenue,Williston,NO DATA,NO DATA,NO DATA,NO DATA,Trader Lane,100,Feet,30,1 - Rear End,West,451009,216276,NO DATA,NO DATA,NO DATA,Federal Aid Urban System (Class 2 TH's and 3 TH's,"MARSHALL AVE., WILLISTON",1.38,S55050417,LRS,Property Damage Only,"(44.44526645, -73.11596131)"
2230,VT0041000,12WT000248,01/22/2012,FAU-5505 Marshall Avenue,Williston,NO DATA,NO DATA,NO DATA,NO DATA,Harvest Lane,NO DATA,NO DATA,35,"14 - Left Turn and Thru, Broadside v<--",NO DATA,450847,216342,NO DATA,NO DATA,NO DATA,Federal Aid Urban System (Class 2 TH's and 3 TH's,"MARSHALL AVE., WILLISTON",1.3,S55050417,LRS,Property Damage Only,"(44.44568989, -73.11746933)"
2231,VT0041000,12WT04262,11/29/2012,FAU-5505 Marshall Ave,Williston,NO DATA,NO DATA,NO DATA,NO DATA,Harvest Lane,NO DATA,NO DATA,30,"8 - No Turns, Thru moves only, Broadside ^<",NO DATA,450837,216351,NO DATA,NO DATA,NO DATA,Federal Aid Urban System (Class 2 TH's and 3 TH's,"MARSHALL AVE., WILLISTON",1.29,S55050417,LRS,Property Damage Only,"(44.44575055, -73.11765323)"
2232,VT0041000,12WT00776,03/14/2012,FAU-5505 Marshall Avenue,Williston,NO DATA,NO DATA,NO DATA,NO DATA,Gardeners Supply,NO DATA,NO DATA,30,6 - Single Vehicle Crash,NO DATA,450704,216381,NO DATA,NO DATA,NO DATA,Federal Aid Urban System (Class 2 TH's and 3 TH's,"MARSHALL AVE., WILLISTON",1.17,S55050417,LRS,Injury,"(44.44572348, -73.11999593)"
2233,VT0041000,12WT02469,07/25/2012,FAU-5505 Marshall Avenue,Williston,NO DATA,NO DATA,NO DATA,NO DATA,Wellness Drive,5,Feet,30,"10 - Left Turn and Thru, Angle Broadside -->v--",East,450163,216274,NO DATA,NO DATA,NO DATA,Federal Aid Urban System (Class 2 TH's and 3 TH's,"MARSHALL AVE., WILLISTON",0.86,S55050417,LRS,Property Damage Only,"(44.44501349, -73.12596069)"
2234,VT0041000,12WT00912,03/23/2012,FAU-5505 Marshall Avenue,Williston,NO DATA,NO DATA,NO DATA,NO DATA,740 Marshall Avenue,10,Feet,30,"10 - Left Turn and Thru, Angle Broadside -->v--",North,450067,216295,NO DATA,NO DATA,NO DATA,Federal Aid Urban System (Class 2 TH's and 3 TH's,"MARSHALL AVE., WILLISTON",0.81,S55050417,LRS,Property Damage Only,"(44.44509501, -73.12695815)"
2240,VT0041000,12WT03530,10/05/2012,FAU-5504 (736 Industrial Avenue),Williston,NO DATA,NO DATA,NO DATA,NO DATA,Road Side Marine,20,Feet,30,6 - Single Vehicle Crash,West,450805,218333,NO DATA,NO DATA,NO DATA,Federal Aid Urban System (Class 2 TH's and 3 TH's,"INDUSTRIAL AVE., WILLISTON",0.75,S55040417,LRS,Injury,"(44.46357179, -73.11814046)"
2241,VT0041000,12WT02554,07/31/2012,FAU-5504 Industrial Ave,Williston,NO DATA,NO DATA,NO DATA,NO DATA,Norht Brownell Rd,150,Feet,30,1 - Rear End,West,450728,218284,NO DATA,NO DATA,NO DATA,Federal Aid Urban System (Class 2 TH's and 3 TH's,"INDUSTRIAL AVE., WILLISTON",0.68,S55040417,LRS,Property Damage Only,"(44.46306340, -73.11931248)"
2242,VT0041000,12WT04528,12/18/2012,FAU-5504 (426 Industrial Ave),Williston,NO DATA,NO DATA,NO DATA,NO DATA,NO DATA,5,Feet,30,1 - Rear End,East,450372,218102,NO DATA,NO DATA,NO DATA,Federal Aid Urban System (Class 2 TH's and 3 TH's,"INDUSTRIAL AVE., WILLISTON",0.44,S55040417,LRS,Injury,"(44.46147199, -73.12351866)"
2243,VT0041000,12WT02065,06/28/2012,FAU-5504 (426 Industrial Avenue),Williston,NO DATA,NO DATA,NO DATA,NO DATA,NO DATA,NO DATA,NO DATA,10,5 - Rear-to-rear,NO DATA,450356,218070,NO DATA,NO DATA,NO DATA,Federal Aid Urban System (Class 2 TH's and 3 TH's,"INDUSTRIAL AVE., WILLISTON",0.44,S55040417,LRS,Property Damage Only,"(44.46147199, -73.12351866)"
2244,VT0041000,12WT02036,06/25/2012,FAU-5504 (426 Industrial Avenue),Williston,NO DATA,NO DATA,NO DATA,NO DATA,Industrial Ave @ Avenue C,10,Feet,30,1 - Rear End,East,450358,218132,NO DATA,NO DATA,NO DATA,Federal Aid Urban System (Class 2 TH's and 3 TH's,"INDUSTRIAL AVE., WILLISTON",0.44,S55040417,LRS,Property Damage Only,"(44.46147199, -73.12351866)"
2245,VT0040300,12SB012496,09/19/2012,FAU-5504 Industrial Ave,Williston,NO DATA,NO DATA,NO DATA,NO DATA,Avenue A,50,Feet,30,1 - Rear End,NO DATA,449988,217898,NO DATA,NO DATA,NO DATA,Federal Aid Urban System (Class 2 TH's and 3 TH's,"INDUSTRIAL AVE., WILLISTON",0.15,S55040417,LRS,Property Damage Only,"(44.45953998, -73.12859556)"
2246,VT0041000,12WT04041,11/12/2012,FAU-5504 (59 Industrial Avenue),Williston,NO DATA,NO DATA,NO DATA,NO DATA,Doggie Day Care,75,Feet,30,"10 - Left Turn and Thru, Angle Broadside -->v--",South,449837,217823,NO DATA,NO DATA,NO DATA,Federal Aid Urban System (Class 2 TH's and 3 TH's,"INDUSTRIAL AVE., WILLISTON",0.06,S55040417,LRS,Property Damage Only,"(44.45889176, -73.13012985)"
2252,VT0040200,12ES02585,05/11/2012,FAU-5410 Susie Wilson Bypass,Essex,NO DATA,NO DATA,NO DATA,NO DATA,2a,300,Feet,40,1 - Rear End,NO DATA,450267,224053,NO DATA,NO DATA,NO DATA,Federal Aid Urban System (Class 2 TH's and 3 TH's,"SUSIE WILSON RD., ESSEX",1.2,S54100406,LRS,Property Damage Only,"(44.51506609, -73.12355421)"
2253,VT0040200,12ES07404,12/13/2012,FAU-5410 SUSIE WILSON BYP,Essex,NO DATA,NO DATA,NO DATA,NO DATA,NO DATA,NO DATA,NO DATA,40,1 - Rear End,East,450406,224055,NO DATA,NO DATA,NO DATA,Federal Aid Urban System (Class 2 TH's and 3 TH's,"SUSIE WILSON RD., ESSEX",1.18,S54100406,LRS,Property Damage Only,"(44.51497581, -73.12393339)"
2254,VT0040200,12ES07108,11/30/2012,FAU-5410 SUSIE WILSON RD,Essex,NO DATA,NO DATA,NO DATA,NO DATA,KELLOGG RD,50,Feet,35,7 - Other - Explain in Narrative,East,454066,200505,NO DATA,NO DATA,NO DATA,Federal Aid Urban System (Class 2 TH's and 3 TH's,"SUSIE WILSON RD., ESSEX",0.49,S54100406,LRS,Property Damage Only,"(44.50972199, -73.13170207)"
2255,VT0040200,12ES04144,07/18/2012,FAU-5410 SUSIE WILSON RD,Essex,NO DATA,NO DATA,NO DATA,NO DATA,KELLOGG RD,NO DATA,NO DATA,25,1 - Rear End,NO DATA,450715,221361,NO DATA,NO DATA,NO DATA,Federal Aid Urban System (Class 2 TH's and 3 TH's,"SUSIE WILSON RD., ESSEX",0.49,S54100406,LRS,Property Damage Only,"(44.50972199, -73.13170207)"
2256,VT0040200,12ES06997,11/26/2012,FAU-5410 Susie Wilson Rd,Essex,NO DATA,NO DATA,NO DATA,NO DATA,Kellogg Rd,NO DATA,NO DATA,25,4 - Opp Direction Sideswipe,NO DATA,449735,223402,NO DATA,NO DATA,NO DATA,Federal Aid Urban System (Class 2 TH's and 3 TH's,"SUSIE WILSON RD., ESSEX",0.48,S54100406,LRS,Property Damage Only,"(44.50958455, -73.13175579)"
2257,VT0040200,12ES02199,04/24/2012,FAU-5410 SUSIE WILSON RD,Essex,NO DATA,NO DATA,NO DATA,NO DATA,SUSIE WILSON BYPASS,NO DATA,NO DATA,40,3 - Same Direction Sideswipe,North,449756,223439,NO DATA,NO DATA,NO DATA,Federal Aid Urban System (Class 2 TH's and 3 TH's,"SUSIE WILSON RD., ESSEX",0.48,S54100406,LRS,Property Damage Only,"(44.50958455, -73.13175579)"
2258,VT0040200,12ES04196,07/20/2012,FAU-5410 Susie Wilson Rd,Essex,NO DATA,NO DATA,NO DATA,NO DATA,Kellogg Rd,NO DATA,NO DATA,35,"14 - Left Turn and Thru, Broadside v<--",NO DATA,449716,223453,NO DATA,NO DATA,NO DATA,Federal Aid Urban System (Class 2 TH's and 3 TH's,"SUSIE WILSON RD., ESSEX",0.48,S54100406,LRS,Property Damage Only,"(44.50958455, -73.13175579)"
2275,VT0040200,12ES01385,03/15/2012,FAU 5410 (SUSIE WILSON RD),Essex,NO DATA,NO DATA,NO DATA,NO DATA,NO DATA,NO DATA,NO DATA,35,1 - Rear End,NO DATA,449429,223058,NO DATA,NO DATA,NO DATA,Federal Aid Urban System (Class 2 TH's and 3 TH's,"SUSIE WILSON RD., ESSEX",0.15,S54100406,LRS,Property Damage Only,"(44.50599883, -73.13602370)"
2276,VT0040200,12ES03944,07/09/2012,FAU-5410 (10 SUSIE WILSON RD),Essex,NO DATA,NO DATA,NO DATA,NO DATA,KELLOGG,NO DATA,NO DATA,35,1 - Rear End,NO DATA,449762,223450,NO DATA,NO DATA,NO DATA,Federal Aid Urban System (Class 2 TH's and 3 TH's,"SUSIE WILSON RD., ESSEX",0.14,S54100406,LRS,Property Damage Only,"(44.50589266, -73.13615769)"
2277,VT0040200,12ES02880,05/24/2012,FAU-5410 SUSIE WILSON RD,Essex,NO DATA,NO DATA,NO DATA,NO DATA,PINECREST DR,5,Feet,35,"10 - Left Turn and Thru, Angle Broadside -->v--",West,449396,223024,NO DATA,NO DATA,NO DATA,Federal Aid Urban System (Class 2 TH's and 3 TH's,"SUSIE WILSON RD., ESSEX",0.13,S54100406,LRS,Injury,"(44.50578649, -73.13629167)"
2278,VT0040200,12ES04453,08/01/2012,FAU-5410 SUSIE WILSON RD,Essex,NO DATA,NO DATA,NO DATA,NO DATA,LOWES ENTRANCE,NO DATA,NO DATA,35,"10 - Left Turn and Thru, Angle Broadside -->v--",South,450963,223253,NO DATA,NO DATA,NO DATA,Federal Aid Urban System (Class 2 TH's and 3 TH's,"SUSIE WILSON RD., ESSEX",0.11,S54100406,LRS,Property Damage Only,"(44.50557404, -73.13655948)"
2279,VT0040200,12ES01055,02/24/2012,FAU 5410 (10 Susie Wilson Rd),Essex,NO DATA,NO DATA,NO DATA,NO DATA,Lowes,NO DATA,NO DATA,35,3 - Same Direction Sideswipe,NO DATA,449283,222938,NO DATA,NO DATA,NO DATA,Federal Aid Urban System (Class 2 TH's and 3 TH's,"SUSIE WILSON RD., ESSEX",0.1,S54100406,LRS,Property Damage Only,"(44.50546681, -73.13669181)"
2280,VT0040200,12ES00028,01/02/2012,FAU-5410 (10 Susie Wilson Rd),Essex,NO DATA,NO DATA,NO DATA,NO DATA,Lowes,NO DATA,NO DATA,30,1 - Rear End,NO DATA,449325,222961,NO DATA,NO DATA,NO DATA,Federal Aid Urban System (Class 2 TH's and 3 TH's,"SUSIE WILSON RD., ESSEX",0.06,S54100406,LRS,Property Damage Only,"(44.50502418, -73.13719793)"
2281,VT0040200,12ES05764,09/22/2012,FAU-5410 Susie Wilson Rd,Essex,NO DATA,NO DATA,NO DATA,NO DATA,Joshua Way,NO DATA,NO DATA,35,1 - Rear End,NO DATA,449337,222962,NO DATA,NO DATA,NO DATA,Federal Aid Urban System (Class 2 TH's and 3 TH's,"SUSIE WILSON RD., ESSEX",0.06,S54100406,LRS,Property Damage Only,"(44.50502418, -73.13719793)"
2287,VT0040200,12ES06369,10/23/2012,FAU-5409 (99 OLD STAGE RD),Essex,NO DATA,NO DATA,NO DATA,NO DATA,NO DATA,NO DATA,NO DATA,40,6 - Single Vehicle Crash,NO DATA,453982,225063,NO DATA,NO DATA,NO DATA,Federal Aid Urban System (Class 2 TH's and 3 TH's,"OLD STAGE RD., ESSEX",1.03,S54090406,LRS,Property Damage Only,"(44.52410937, -73.07890500)"
2288,VT0040200,12ES06380,10/24/2012,FAU-5409 (5 Old Stage Rd),Essex,NO DATA,NO DATA,NO DATA,NO DATA,Upper Main St,NO DATA,NO DATA,30,"14 - Left Turn and Thru, Broadside v<--",NO DATA,453608,223552,NO DATA,NO DATA,NO DATA,Federal Aid Urban System (Class 2 TH's and 3 TH's,"OLD STAGE RD., ESSEX",0.04,S54090406,LRS,Property Damage Only,"(44.51078125, -73.08354593)"
2289,VT0040200,12ES04978,08/26/2012,FAU-5409 OLD STAGE RD,Essex,NO DATA,NO DATA,NO DATA,NO DATA,UPPER MAIN ST,NO DATA,NO DATA,30,1 - Rear End,NO DATA,453575,223470,NO DATA,NO DATA,NO DATA,Federal Aid Urban System (Class 2 TH's and 3 TH's,"OLD STAGE RD., ESSEX",0,S54090406,LRS,Property Damage Only,"(44.51014609, -73.08348233)"
2290,VT0040200,12ES03137,06/06/2012,FAU-5408 North Williston Rd,Essex,NO DATA,NO DATA,NO DATA,NO DATA,River Rd,NO DATA,NO DATA,35,1 - Rear End,NO DATA,451892,221660,NO DATA,NO DATA,NO DATA,Federal Aid Urban System (Class 2 TH's and 3 TH's,"NO. WILLISTON RD., ESSEX",0.34,S54080406,LRS,Property Damage Only,"(44.47527488, -73.04118320)"
2291,VT0040200,12ES03699,06/28/2012,FAU-5408 NORTH WILLISTON RD,Essex,NO DATA,NO DATA,NO DATA,NO DATA,RIVER RD,500,Feet,35,1 - Rear End,South,456877,219466,NO DATA,NO DATA,NO DATA,Federal Aid Urban System (Class 2 TH's and 3 TH's,"NO. WILLISTON RD., ESSEX",0.24,S54080406,LRS,Property Damage Only,"(44.47407016, -73.04208689)"
2292,VT0040200,12ES01041,02/24/2012,FAU-5406 (47 Kellogg),Essex,NO DATA,NO DATA,NO DATA,NO DATA,Susie Wilson Rd,NO DATA,NO DATA,35,1 - Rear End,West,449730,223481,NO DATA,NO DATA,NO DATA,Federal Aid Urban System (Class 2 TH's and 3 TH's,"KELLOGG ROAD, ESSEX",0.47,S54060406,LRS,Property Damage Only,"(44.51211432, -73.13974711)"
2293,VT0040200,12ES00885,02/15/2012,FAU 5406 (KELLOGG RD),Essex,NO DATA,NO DATA,NO DATA,NO DATA,GAUTHIER DR,NO DATA,NO DATA,30,1 - Rear End,NO DATA,449481,223492,NO DATA,NO DATA,NO DATA,Federal Aid Urban System (Class 2 TH's and 3 TH's,"KELLOGG ROAD, ESSEX",0.18,S54060406,LRS,Injury,"(44.51041113, -73.13486402)"
2300,VT0040200,12ES01684,03/30/2012,FAU-5406 KELLOGG RD,Essex,NO DATA,NO DATA,NO DATA,NO DATA,SUSIE WILSON RD,NO DATA,NO DATA,30,1 - Rear End,NO DATA,449716,223433,NO DATA,NO DATA,NO DATA,Federal Aid Urban System (Class 2 TH's and 3 TH's,"KELLOGG ROAD, ESSEX",0,S54060406,LRS,Property Damage Only,"(44.50960397, -73.13174318)"
2301,VT0040200,12ES06413,10/25/2012,FAU-5406 (5 KELLOGG RD),Essex,NO DATA,NO DATA,NO DATA,NO DATA,SUSIE WILSON RD,NO DATA,NO DATA,30,7 - Other - Explain in Narrative,NO DATA,449714,223453,NO DATA,NO DATA,NO DATA,Federal Aid Urban System (Class 2 TH's and 3 TH's,"KELLOGG ROAD, ESSEX",0,S54060406,LRS,Property Damage Only,"(44.50960397, -73.13174318)"
2302,VT0120100,12BA08695,12/15/2012,FAU-6026 North Seminary,Barre City,NO DATA,NO DATA,NO DATA,NO DATA,North Main St,1,Feet,25,1 - Rear End,South,004-99-195,001-89-415,NO DATA,NO DATA,NO DATA,Federal Aid Urban System (Class 2 TH's and 3 TH's,"SEMINARY ST., BARRE CITY",0,S60261201,LRS,Property Damage Only,"(44.20504015, -72.51025434)"
2303,VT0120100,12BA01906,03/23/2012,FAU-6022 Prospect St,Barre City,NO DATA,NO DATA,NO DATA,NO DATA,South Main Street,NO DATA,NO DATA,25,1 - Rear End,NO DATA,004-98-961,001-89-900,NO DATA,NO DATA,NO DATA,Federal Aid Urban System (Class 2 TH's and 3 TH's,"PROSPECT ST., BARRE CITY",1.45,S60221201,LRS,Injury,"(44.19660858, -72.50140152)"
2304,VT0120100,12BA07306,10/12/2012,FAU-6022 Prospect St,Barre City,NO DATA,NO DATA,NO DATA,NO DATA,Merchants Row,NO DATA,NO DATA,25,"8 - No Turns, Thru moves only, Broadside ^<",West,004-99-830,001-88-503,NO DATA,NO DATA,NO DATA,Federal Aid Urban System (Class 2 TH's and 3 TH's,"PROSPECT ST., BARRE CITY",1.42,S60221201,LRS,Property Damage Only,"(44.19651714, -72.50198983)"
2305,VT0120100,12BA08026,11/13/2012,FAU-6022 (16 Prospect St),Barre City,NO DATA,NO DATA,NO DATA,NO DATA,NO DATA,NO DATA,NO DATA,25,7 - Other - Explain in Narrative,NO DATA,004-99-787,001-88-485,NO DATA,NO DATA,NO DATA,Federal Aid Urban System (Class 2 TH's and 3 TH's,"PROSPECT ST., BARRE CITY",1.4,S60221201,LRS,Property Damage Only,"(44.19648709, -72.50238904)"
2311,VT0120100,12BA01881,03/23/2012,FAU-6022 Prospect St,Barre City,NO DATA,NO DATA,NO DATA,NO DATA,Skyline Drive,NO DATA,NO DATA,25,"8 - No Turns, Thru moves only, Broadside ^<",NO DATA,004-98-462,001-88-522,NO DATA,NO DATA,NO DATA,Federal Aid Urban System (Class 2 TH's and 3 TH's,"PROSPECT ST., BARRE CITY",0.36,S60221201,LRS,Property Damage Only,"(44.19685930, -72.51964603)"
2312,VT0120100,12BA04833,07/10/2012,FAU-6018 Merchant St,Barre City,NO DATA,NO DATA,NO DATA,NO DATA,Front Of 62 Merchant St,NO DATA,NO DATA,25,1 - Rear End,NO DATA,004-99-871,001-89-179,NO DATA,NO DATA,NO DATA,Federal Aid Urban System (Class 2 TH's and 3 TH's,"MERCHANT ST., BARRE CITY",0.27,S60181201,LRS,Injury,"(44.20285190, -72.50162651)"
2313,VT0120100,12BA05331,07/22/2012,FAU 6018 (35 Merchant St),Barre City,NO DATA,NO DATA,NO DATA,NO DATA,Merchant & Wellington,NO DATA,NO DATA,25,1 - Rear End,North,004-14-808,001-89-032,NO DATA,NO DATA,NO DATA,Federal Aid Urban System (Class 2 TH's and 3 TH's,"MERCHANT ST., BARRE CITY",0.17,S60181201,LRS,Injury,"(44.20147104, -72.50237153)"
2314,VT0120100,12BA05326,07/27/2012,FAU-6018 Merchant St,Barre City,NO DATA,NO DATA,NO DATA,NO DATA,NO DATA,NO DATA,NO DATA,25,"11 - Left Turn and Thru, Head On ^v--",NO DATA,005-00-107,001-78-480,NO DATA,NO DATA,NO DATA,Federal Aid Urban System (Class 2 TH's and 3 TH's,"MERCHANT ST., BARRE CITY",0.09,S60181201,LRS,Property Damage Only,"(44.20037907, -72.50262226)"
2315,VT0120100,12BA02827,04/29/2012,FAU-6018 Merchant St,Barre City,NO DATA,NO DATA,NO DATA,NO DATA,Summer St,100,Feet,25,7 - Other - Explain in Narrative,South,004-99-018,001-89-709,NO DATA,NO DATA,NO DATA,Federal Aid Urban System (Class 2 TH's and 3 TH's,"MERCHANT ST., BARRE CITY",0.07,S60181201,LRS,Property Damage Only,"(44.20017182, -72.50295208)"
2316,VT0120100,12BA00286,01/13/2012,FAU-6014 (166 Hill St),Barre City,NO DATA,NO DATA,NO DATA,NO DATA,Patterson St,NO DATA,NO DATA,25,"8 - No Turns, Thru moves only, Broadside ^<",North,005-00-804,001-88-073,NO DATA,NO DATA,NO DATA,Federal Aid Urban System (Class 2 TH's and 3 TH's,"HILL ST., BARRE CITY",0.62,S60141201,LRS,Property Damage Only,"(44.19282830, -72.48954301)"
2323,VT0120100,12BA08184,11/21/2012,FAU-6010 Elm Street,Barre City,NO DATA,NO DATA,NO DATA,NO DATA,Jefferson Street,NO DATA,NO DATA,25,"8 - No Turns, Thru moves only, Broadside ^<",West,004-99-934,001-88-634,NO DATA,NO DATA,NO DATA,Federal Aid Urban System (Class 2 TH's and 3 TH's,"ELM ST., BARRE CITY",0.05,S60101201,LRS,Property Damage Only,"(44.19804826, -72.50108373)"
2324,VT0120100,12BA03750,06/01/2012,FAU-6010 Elm St,Barre City,NO DATA,NO DATA,NO DATA,NO DATA,Jefferson,150,Feet,25,3 - Same Direction Sideswipe,North,005-00-689,001-88-105,NO DATA,NO DATA,NO DATA,Federal Aid Urban System (Class 2 TH's and 3 TH's,"ELM ST., BARRE CITY",0.05,S60101201,LRS,Property Damage Only,"(44.19804826, -72.50108373)"
2325,VT0120100,12BA07123,10/04/2012,FAU-6010 (81 Elm St),Barre City,NO DATA,NO DATA,NO DATA,NO DATA,NO DATA,NO DATA,NO DATA,25,"8 - No Turns, Thru moves only, Broadside ^<",NO DATA,005-00-035,001-88-773,NO DATA,NO DATA,NO DATA,Federal Aid Urban System (Class 2 TH's and 3 TH's,"ELM ST., BARRE CITY",0.05,S60101201,LRS,Property Damage Only,"(44.19804826, -72.50108373)"
2326,VT0120100,12BA00060,01/03/2012,FAU 6009 (Center Street),Barre City,NO DATA,NO DATA,NO DATA,NO DATA,Oswald,20,Feet,25,NO DATA,East,004-94-113,001-89-009,NO DATA,NO DATA,NO DATA,Federal Aid Urban System (Class 2 TH's and 3 TH's,"CENTER ST., BARRE CITY",0.08,S60091201,LRS,Property Damage Only,"(44.20134652, -72.51114334)"
2327,VT0120100,12BA08489,12/06/2012,FAU-6008 Camp Street,Barre City,NO DATA,NO DATA,NO DATA,NO DATA,Delmont,NO DATA,NO DATA,25,"14 - Left Turn and Thru, Broadside v<--",NO DATA,005-00-768,001-88-377,NO DATA,NO DATA,NO DATA,Federal Aid Urban System (Class 2 TH's and 3 TH's,"CAMP ST., BARRE CITY",0.18,S60081201,LRS,Property Damage Only,"(44.19549981, -72.48995413)"
2328,VT0120100,12BA06824,09/22/2012,"Berlin Street,#25",Barre City,NO DATA,NO DATA,NO DATA,NO DATA,Scampini Square,50,Feet,25,7 - Other - Explain in Narrative,West,044-20-464,072-51-407,NO DATA,NO DATA,NO DATA,Federal Aid Urban System (Class 2 TH's and 3 TH's,"BERLIN ST., BARRE CITY",0.62,S60061201,LRS,Property Damage Only,"(44.20548220, -72.51336527)"
2345,VT0010200,12-189-AC,11/13/2012,FAU-5934┬á WASHINGTON ST,Middlebury,NO DATA,NO DATA,NO DATA,NO DATA,4┬á HIGH ST,100,Feet,25,NO DATA,West,NO DATA,NO DATA,NO DATA,NO DATA,NO DATA,Federal Aid Urban System (Class 2 TH's and 3 TH's,"WASHINGTON ST., MIDDLEBURY",0.1,S59340111,LRS,Property Damage Only,"(44.01510324, -73.16417929)"
2346,VT0010200,12-25-AC,02/03/2012,FAU-5934┬á WASHINGTON ST,Middlebury,NO DATA,NO DATA,NO DATA,NO DATA,SHAWS ENTRANCE,300,Feet,25,NO DATA,West,NO DATA,NO DATA,NO DATA,NO DATA,NO DATA,Federal Aid Urban System (Class 2 TH's and 3 TH's,"WASHINGTON ST., MIDDLEBURY",0.01,S59340111,LRS,Property Damage Only,"(44.01432742, -73.16565149)"
2347,VT0010200,12-15-AC,01/19/2012,FAU-5926┬á┬á SEYMOUR ST,Middlebury,NO DATA,NO DATA,NO DATA,NO DATA,SHORT SEYMOUR ST,NO DATA,NO DATA,30,NO DATA,NO DATA,NO DATA,NO DATA,NO DATA,NO DATA,NO DATA,Federal Aid Urban System (Class 2 TH's and 3 TH's,"SEYMOUR ST., MIDDLEBURY",0.92,S59260111,LRS,Property Damage Only,"(44.02452985, -73.17666284)"
2348,VT0010200,12-197-AC,11/06/2012,FAU-5926 (3┬á SEYMOUR ST ),Middlebury,NO DATA,NO DATA,NO DATA,NO DATA,6┬á MAIN ST,NO DATA,NO DATA,25,NO DATA,NO DATA,NO DATA,NO DATA,NO DATA,NO DATA,NO DATA,Federal Aid Urban System (Class 2 TH's and 3 TH's,"SEYMOUR ST., MIDDLEBURY",0.08,S59260111,LRS,Property Damage Only,"(44.01545155, -73.16795516)"
2349,VT0010200,12-96-AC,06/08/2012,FAU-5914┬á MERCHANTS ROW,Middlebury,NO DATA,NO DATA,NO DATA,NO DATA,BUS STOP,NO DATA,NO DATA,25,NO DATA,NO DATA,NO DATA,NO DATA,NO DATA,NO DATA,NO DATA,Federal Aid Urban System (Class 2 TH's and 3 TH's,"MERCHANTS ROW, MIDDLEBURY",0.06,S59140111,LRS,Property Damage Only,"(44.01367833, -73.16725993)"
2350,VT0010200,12-41-AC,03/02/2012,FAU-5910┬á┬á HIGH ST,Middlebury,NO DATA,NO DATA,NO DATA,NO DATA,STEWART LANE,100,Feet,25,NO DATA,South,NO DATA,NO DATA,NO DATA,NO DATA,NO DATA,Federal Aid Urban System (Class 2 TH's and 3 TH's,"HIGH ST., MIDDLEBURY",0.2,S59100111,LRS,Injury,"(44.01798573, -73.16435557)"
2351,VT0010200,12-70-AC,04/23/2012,FAU-5910 (25┬á SEMINARY ST ),Middlebury,NO DATA,NO DATA,NO DATA,NO DATA,14┬á HIGH ST,NO DATA,NO DATA,25,NO DATA,East,NO DATA,NO DATA,NO DATA,NO DATA,NO DATA,Federal Aid Urban System (Class 2 TH's and 3 TH's,"HIGH ST., MIDDLEBURY",0.12,S59100111,LRS,Property Damage Only,"(44.01692224, -73.16412756)"