ID,Reporting Agency,Report Number,Date,Street Address,Town,Number,Number1,Number2,Number3,Intersection,Distance From Intersection,Distance Unit,Posted Speed,Direction of Collision,Direction from Intersection,Easting,Northing,Mile Marker,Mile Marker 1,Mile Marker 2,AOT Roadway,AOT Route,AOT Actual Mile,LRS Number,How Mapped,Crash Type,Location 1
2357,VT0040600,12MT03288,08/19/2012,FAU-5814 (370 Sanderson Road),Milton,NO DATA,NO DATA,NO DATA,NO DATA,Mears Road,0,Miles,35,6 - Single Vehicle Crash,South,447104,238671,NO DATA,NO DATA,NO DATA,Federal Aid Urban System (Class 2 TH's and 3 TH's,"SANDERSON ROAD, MILTON",0.82,S58140410,LRS,Property Damage Only,"(44.64017175, -73.16979628)"
2358,VT0040600,12MT03868,09/22/2012,FAU-5812 Railroad Street,Milton,NO DATA,NO DATA,NO DATA,NO DATA,Main Street,200,Feet,30,2 - Head On,South,451985,237580,NO DATA,NO DATA,NO DATA,Federal Aid Urban System (Class 2 TH's and 3 TH's,"RAILROAD STREET, MILTON",1.38,S58120410,LRS,Injury,"(44.63824619, -73.10442439)"
2359,VT0040600,12MT04438,10/30/2012,FAU-5810 Middle Road,Milton,NO DATA,NO DATA,NO DATA,NO DATA,Railroad Street,NO DATA,NO DATA,30,4 - Opp Direction Sideswipe,NO DATA,NO DATA,NO DATA,NO DATA,NO DATA,NO DATA,Federal Aid Urban System (Class 2 TH's and 3 TH's,"MIDDLE ROAD, MILTON",2.99,S58100410,LRS,Injury,"(44.62368300, -73.11836170)"
2360,VT0040600,12MT03428,08/28/2012,FAU-5810 (60 Middle Road),Milton,NO DATA,NO DATA,NO DATA,NO DATA,NO DATA,NO DATA,NO DATA,30,"8 - No Turns, Thru moves only, Broadside ^<",NO DATA,004-50-226,002-34-884,NO DATA,NO DATA,NO DATA,Federal Aid Urban System (Class 2 TH's and 3 TH's,"MIDDLE ROAD, MILTON",2.67,S58100410,LRS,Property Damage Only,"(44.61912096, -73.11993337)"
2361,VT0040600,12MT03118,08/08/2012,FAU-5810 (69 Middle Road),Milton,NO DATA,NO DATA,NO DATA,NO DATA,Hobbs Road,10,Feet,35,1 - Rear End,South,450762,235494,NO DATA,NO DATA,NO DATA,Federal Aid Urban System (Class 2 TH's and 3 TH's,"MIDDLE ROAD, MILTON",2.63,S58100410,LRS,Property Damage Only,"(44.61856290, -73.12012330)"
2362,VT0040600,12MT02943,07/27/2012,FAU-5810 Middle At Hobbs Road,Milton,NO DATA,NO DATA,NO DATA,NO DATA,Bombardier Road,NO DATA,NO DATA,35,6 - Single Vehicle Crash,West,450763,235513,NO DATA,NO DATA,NO DATA,Federal Aid Urban System (Class 2 TH's and 3 TH's,"MIDDLE ROAD, MILTON",2.61,S58100410,LRS,Property Damage Only,"(44.61828305, -73.12021351)"
2363,VT0040600,12MT00713,02/25/2012,FAU-5810 (229 Middle Rd.),Milton,NO DATA,NO DATA,NO DATA,NO DATA,NO DATA,NO DATA,NO DATA,40,6 - Single Vehicle Crash,NO DATA,004-50-499,002-34-427,NO DATA,NO DATA,NO DATA,Federal Aid Urban System (Class 2 TH's and 3 TH's,"MIDDLE ROAD, MILTON",1.87,S58100410,LRS,Property Damage Only,"(44.60791707, -73.12377730)"
2380,VT0040600,12MT00601,02/16/2012,FAU 5806 (Lake Rd),Milton,NO DATA,NO DATA,NO DATA,NO DATA,Everest Rd.,0,Miles,40,6 - Single Vehicle Crash,West,004-47-418,002-41-089,NO DATA,NO DATA,NO DATA,Federal Aid Urban System (Class 2 TH's and 3 TH's,"LAKE ROAD, MILTON",2.7,S58060410,LRS,Property Damage Only,"(44.66720399, -73.16152930)"
2381,VT0040600,12MT04773,11/26/2012,FAU-5806 Lake Road,Milton,NO DATA,NO DATA,7,NO DATA,US Route 7,30,Feet,35,6 - Single Vehicle Crash,West,004-51-195,002-39-232,70,410,590,Federal Aid Urban System (Class 2 TH's and 3 TH's,"LAKE ROAD, MILTON",0,S58060410,LRS,Property Damage Only,"(44.65136228, -73.11503891)"
2382,VT0040600,12MT02231,06/10/2012,FAU-5804 (7 Sanderson Road),Milton,NO DATA,NO DATA,NO DATA,NO DATA,Lake Road,50,Feet,35,6 - Single Vehicle Crash,South,004-48-882,002-40-084,NO DATA,NO DATA,NO DATA,Federal Aid Urban System (Class 2 TH's and 3 TH's,"JACKSON ROAD, MILTON",1.57,S58040410,LRS,Property Damage Only,"(44.65917713, -73.14450182)"
2383,VT0040600,12MT00731,02/26/2012,FAU-5804 Sanderson Rd.,Milton,NO DATA,NO DATA,NO DATA,NO DATA,Lake Rd.,237,Feet,35,6 - Single Vehicle Crash,South,448831,240007,NO DATA,NO DATA,NO DATA,Federal Aid Urban System (Class 2 TH's and 3 TH's,"JACKSON ROAD, MILTON",1.56,S58040410,LRS,Property Damage Only,"(44.65905053, -73.14459445)"
2384,VT0040600,12MT00600,02/16/2012,FAU-5804 Sanderson Rd.,Milton,X,NO DATA,NO DATA,NO DATA,Streeterbrook Road,500,Feet,35,2 - Head On,East,004-48-396,002-39-803,NO DATA,NO DATA,NO DATA,Federal Aid Urban System (Class 2 TH's and 3 TH's,"JACKSON ROAD, MILTON",1.2,S58040410,LRS,Property Damage Only,"(44.65648991, -73.15033412)"
2385,VT0040600,12MT02858,07/22/2012,FAU-5804 Sanderson Road,Milton,NO DATA,NO DATA,NO DATA,NO DATA,Streeter Brook Road,150,Feet,40,6 - Single Vehicle Crash,West,004-48-252,002-39-919,NO DATA,NO DATA,NO DATA,Federal Aid Urban System (Class 2 TH's and 3 TH's,"JACKSON ROAD, MILTON",1.04,S58040410,LRS,Property Damage Only,"(44.65739510, -73.15299902)"
2386,VT0040600,12MT00814,03/05/2012,FAU-5804 Sanderson Road,Milton,X,NO DATA,NO DATA,NO DATA,Mears Rd.,1,Miles,35,6 - Single Vehicle Crash,North,004-47-570,002-39-550,NO DATA,NO DATA,NO DATA,Federal Aid Urban System (Class 2 TH's and 3 TH's,"JACKSON ROAD, MILTON",0.5,S58040410,LRS,Property Damage Only,"(44.65380369, -73.16253734)"
2393,VT0040700,12SH03144,12/25/2012,FAU-5722 Webster Road,Shelburne,NO DATA,NO DATA,NO DATA,NO DATA,Shelburne Road,1,Feet,40,3 - Same Direction Sideswipe,South,442512,210306,NO DATA,NO DATA,NO DATA,Federal Aid Urban System (Class 2 TH's and 3 TH's,"WEBSTER ROAD, SHELBURNE",0.19,S57220413NA001,LRS,Property Damage Only,"(44.39057833, -73.22155978)"
2394,VT0040700,12SH02003,08/16/2012,FAU-5722 Webster Road,Shelburne,NO DATA,NO DATA,NO DATA,NO DATA,Lower Webster Road (one Way),NO DATA,NO DATA,35,NO DATA,NO DATA,442418,210010,NO DATA,NO DATA,NO DATA,Federal Aid Urban System (Class 2 TH's and 3 TH's,"WEBSTER ROAD, SHELBURNE",0,S57220413NA001,LRS,Property Damage Only,"(44.38790736, -73.22280946)"
2395,VT0040700,12SH01932,08/07/2012,FAU-5722 (29 Webster Road),Shelburne,NO DATA,NO DATA,NO DATA,NO DATA,NO DATA,NO DATA,NO DATA,35,"8 - No Turns, Thru moves only, Broadside ^<",NO DATA,442509,210298,NO DATA,NO DATA,NO DATA,Federal Aid Urban System (Class 2 TH's and 3 TH's,"WEBSTER ROAD, SHELBURNE",0.21,S57220413,LRS,Property Damage Only,"(44.38810201, -73.22096058)"
2396,VT0040700,12SH01510,06/28/2012,FAU-5721 (265 Thomas Rd),Shelburne,NO DATA,NO DATA,NO DATA,NO DATA,NO DATA,NO DATA,NO DATA,35,"18 - Right Turn and Thru, Broadside ^<--",NO DATA,443103,207647,NO DATA,NO DATA,NO DATA,Federal Aid Urban System (Class 2 TH's and 3 TH's,"THOMAS RD., SHELBURNE",0.29,S57210413,LRS,Property Damage Only,"(44.36669578, -73.21380096)"
2397,VT0040700,12SH01638,07/09/2012,FAU-5720 Spear Street,Shelburne,NO DATA,NO DATA,NO DATA,NO DATA,Barstow Road,NO DATA,NO DATA,35,NO DATA,NO DATA,NO DATA,NO DATA,NO DATA,NO DATA,NO DATA,Federal Aid Urban System (Class 2 TH's and 3 TH's,"SPEAR STREET, SHELBURNE",2.88,S57200413,LRS,Property Damage Only,"(44.40882698, -73.19781178)"
2398,VT0040700,12SH02399,09/25/2012,Spear Street,Shelburne,NO DATA,NO DATA,NO DATA,NO DATA,Webster Road,NO DATA,NO DATA,35,1 - Rear End,NO DATA,444123,210302,NO DATA,NO DATA,NO DATA,Federal Aid Urban System (Class 2 TH's and 3 TH's,"SPEAR STREET, SHELBURNE",1.21,S57200413,LRS,Property Damage Only,"(44.38494708, -73.20156986)"
2415,VT0120200,418264,01/26/2012,FAU-6411 East State. St.,Montpelier,NO DATA,NO DATA,NO DATA,NO DATA,Hubbard St.,NO DATA,NO DATA,25,"8 - No Turns, Thru moves only, Broadside ^<",NO DATA,NO DATA,NO DATA,NO DATA,NO DATA,NO DATA,Federal Aid Urban System (Class 2 TH's and 3 TH's,"EAST STATE ST., MONTPELIER",0.23,S64111211,LRS,Property Damage Only,"(44.25850443, -72.57135608)"
2416,VT0120200,1211-12-432873,09/29/2012,FAU-6408 (248 Berlin St.),Montpelier,NO DATA,NO DATA,NO DATA,NO DATA,Wheelock St.,120,Feet,35,3 - Same Direction Sideswipe,West,NO DATA,NO DATA,NO DATA,NO DATA,NO DATA,Federal Aid Urban System (Class 2 TH's and 3 TH's,"BERLIN ST., MONTPELIER",0.53,S64081211,LRS,Property Damage Only,"(44.24486779, -72.56624915)"
2417,VT0120200,1211-12-435043,11/06/2012,FAU-6408 (237 Berlin St.),Montpelier,NO DATA,NO DATA,NO DATA,NO DATA,Wheelock St.,200,Feet,35,1 - Rear End,West,NO DATA,NO DATA,NO DATA,NO DATA,NO DATA,Federal Aid Urban System (Class 2 TH's and 3 TH's,"BERLIN ST., MONTPELIER",0.5,S64081211,LRS,Injury,"(44.24525797, -72.56650673)"
2418,VT0120200,427590,07/06/2012,FAU-6408 (190 Berlin St.),Montpelier,NO DATA,NO DATA,NO DATA,NO DATA,NO DATA,NO DATA,NO DATA,35,1 - Rear End,NO DATA,494509,194242,NO DATA,NO DATA,NO DATA,Federal Aid Urban System (Class 2 TH's and 3 TH's,"BERLIN ST., MONTPELIER",0.16,S64081211,LRS,Injury,"(44.24956258, -72.56972093)"
2419,VT0120200,419865,02/25/2012,FAU-6406 Barre St.,Montpelier,NO DATA,NO DATA,NO DATA,NO DATA,Downing St.,NO DATA,NO DATA,25,6 - Single Vehicle Crash,NO DATA,NO DATA,NO DATA,NO DATA,NO DATA,NO DATA,Federal Aid Urban System (Class 2 TH's and 3 TH's,"BARRE ST., MONTPELIER",0.9,S64061211,LRS,Property Damage Only,"(44.25079470, -72.56364573)"
2420,VT0120200,417564,01/13/2012,FAU-6406 (191 Barre St.),Montpelier,NO DATA,NO DATA,NO DATA,NO DATA,NO DATA,NO DATA,NO DATA,25,3 - Same Direction Sideswipe,NO DATA,NO DATA,NO DATA,NO DATA,NO DATA,NO DATA,Federal Aid Urban System (Class 2 TH's and 3 TH's,"BARRE ST., MONTPELIER",0.47,S64061211,LRS,Property Damage Only,"(44.25378881, -72.57042979)"
2421,VT0120200,424322,05/14/2012,FAU 6406 (181 Barre Street),Montpelier,NO DATA,NO DATA,NO DATA,NO DATA,Charles Street,100,Feet,25,3 - Same Direction Sideswipe,NO DATA,494193,194952,NO DATA,NO DATA,NO DATA,Federal Aid Urban System (Class 2 TH's and 3 TH's,"BARRE ST., MONTPELIER",0.46,S64061211,LRS,Injury,"(44.25390758, -72.57053600)"
2427,VT0120600,12BL01176,05/18/2012,FAU-6206 Fisher Road,Berlin,NO DATA,NO DATA,NO DATA,NO DATA,Berlin Mall Road,10,Feet,40,"8 - No Turns, Thru moves only, Broadside ^<",East,494970,191160,NO DATA,NO DATA,NO DATA,Federal Aid Urban System (Class 2 TH's and 3 TH's,"FISHER RD., BERLIN",0.22,S62061203,LRS,Injury,"(44.22054118, -72.56258283)"
2428,VT0120600,12BL00984,04/25/2012,FAU-6204 Airport Road,Berlin,NO DATA,NO DATA,NO DATA,NO DATA,Scott Hill,0,Miles,40,7 - Other - Explain in Narrative,West,495406,188330,NO DATA,NO DATA,NO DATA,Federal Aid Urban System (Class 2 TH's and 3 TH's,"DODGE RD., BERLIN",0.25,S62041203,LRS,Property Damage Only,"(44.19603422, -72.55788594)"
2429,VT0120600,12BL02994,12/02/2012,FAU-6204 Airport Road,Berlin,NO DATA,NO DATA,NO DATA,NO DATA,Scott Hill Road,200,Feet,40,6 - Single Vehicle Crash,South,NO DATA,NO DATA,NO DATA,NO DATA,NO DATA,Federal Aid Urban System (Class 2 TH's and 3 TH's,"DODGE RD., BERLIN",0.04,S62041203,LRS,Property Damage Only,"(44.19349017, -72.55598481)"
2430,VT0120600,12BL03087,12/13/2012,FAU6202 (894 Airport Road),Berlin,40,NO DATA,NO DATA,NO DATA,Covenant Orthodox Church,100,Feet,40,3 - Same Direction Sideswipe,West,495685,187980,NO DATA,NO DATA,NO DATA,Federal Aid Urban System (Class 2 TH's and 3 TH's,"AIRPORT RD., BERLIN",0.52,S62021203,LRS,Property Damage Only,"(44.19057342, -72.54590026)"
2431,VT0120600,12BL00238,01/27/2012,FAU-6202 (904 Airport Road),Berlin,NO DATA,NO DATA,NO DATA,NO DATA,Airport Road,1,Feet,40,6 - Single Vehicle Crash,North,004-96-353E,001-87-821N,NO DATA,NO DATA,NO DATA,Federal Aid Urban System (Class 2 TH's and 3 TH's,"AIRPORT RD., BERLIN",0.52,S62021203,LRS,Property Damage Only,"(44.19057342, -72.54590026)"
2432,VT0120600,12BL01921,08/03/2012,FAU-6202 Airport Road,Berlin,NO DATA,NO DATA,NO DATA,NO DATA,Scott Hill Road,2500,Feet,40,7 - Other - Explain in Narrative,North,495329,188486,NO DATA,NO DATA,NO DATA,Federal Aid Urban System (Class 2 TH's and 3 TH's,"AIRPORT RD., BERLIN",0.47,S62021203,LRS,Injury,"(44.19082254, -72.54683765)"
2433,VT0120500,12BT02430,09/02/2012,FAU-6119 Quarry Hill Rd,Barre Town,NO DATA,NO DATA,NO DATA,NO DATA,Quarry St,5,Feet,40,6 - Single Vehicle Crash,South,NO DATA,NO DATA,NO DATA,NO DATA,NO DATA,Federal Aid Urban System (Class 2 TH's and 3 TH's,"QUARRY HILL RD., BARRE TOWN",1.11,S61191202,LRS,Injury,"(44.18259627, -72.49421519)"
2450,VT0120100,12BA04254,06/20/2012,FAU-6028 Summer Street,Barre City,NO DATA,NO DATA,NO DATA,NO DATA,Bond Auto,10,Feet,25,1 - Rear End,West,004-99-803,001-88-941,NO DATA,NO DATA,NO DATA,Federal Aid Urban System (Class 2 TH's and 3 TH's,"SUMMER ST., BARRE CITY",0.29,S60281201,LRS,Property Damage Only,"(44.20047971, -72.50274715)"
2451,VT0120100,12BA02888,05/02/2012,FAU-6028 Summer St,Barre City,NO DATA,NO DATA,NO DATA,NO DATA,Merchant St,50,Feet,25,3 - Same Direction Sideswipe,West,001-88-913,004-99-764,NO DATA,NO DATA,NO DATA,Federal Aid Urban System (Class 2 TH's and 3 TH's,"SUMMER ST., BARRE CITY",0.29,S60281201,LRS,Property Damage Only,"(44.20047971, -72.50274715)"
2452,VT0120100,12BA04902,07/12/2012,FAU-6028 Summer Street,Barre City,NO DATA,NO DATA,NO DATA,NO DATA,West Street,NO DATA,NO DATA,25,1 - Rear End,East,NO DATA,NO DATA,NO DATA,NO DATA,NO DATA,Federal Aid Urban System (Class 2 TH's and 3 TH's,"SUMMER ST., BARRE CITY",0.24,S60281201,LRS,Property Damage Only,"(44.20092227, -72.50345222)"
2453,VT0120100,12BA00280,01/13/2012,FAU-6028 Summer,Barre City,NO DATA,NO DATA,NO DATA,NO DATA,Seminary,NO DATA,NO DATA,25,"8 - No Turns, Thru moves only, Broadside ^<",NO DATA,004-99-629,001-89-024,NO DATA,NO DATA,NO DATA,Federal Aid Urban System (Class 2 TH's and 3 TH's,"SUMMER ST., BARRE CITY",0.16,S60281201,LRS,Injury,"(44.20158122, -72.50463966)"
2454,VT0120100,12BA06254,08/29/2012,FAU-6028 (100 SUMMER STREET),Barre City,NO DATA,NO DATA,NO DATA,NO DATA,COTTAGE STREET,25,Feet,25,7 - Other - Explain in Narrative,East,004-99-563,001-89-111,NO DATA,NO DATA,NO DATA,Federal Aid Urban System (Class 2 TH's and 3 TH's,"SUMMER ST., BARRE CITY",0.1,S60281201,LRS,Property Damage Only,"(44.20219460, -72.50536993)"
2455,VT0120100,12BA04965,07/14/2012,FAu-6028 (100 Summer St),Barre City,NO DATA,NO DATA,NO DATA,NO DATA,Cottage St,100,Feet,25,7 - Other - Explain in Narrative,West,004-99-563,001-89-111,NO DATA,NO DATA,NO DATA,Federal Aid Urban System (Class 2 TH's and 3 TH's,"SUMMER ST., BARRE CITY",0.1,S60281201,LRS,Property Damage Only,"(44.20219460, -72.50536993)"
2461,VT0120100,12BA00856,02/09/2012,FAU 6026 (138 N Seminary St),Barre City,NO DATA,NO DATA,NO DATA,NO DATA,Brook St,100,Feet,25,1 - Rear End,East,004-99-301,001-59-086,NO DATA,NO DATA,NO DATA,Federal Aid Urban System (Class 2 TH's and 3 TH's,"SEMINARY ST., BARRE CITY",0.11,S60261201,LRS,Property Damage Only,"(44.20474566, -72.50816143)"
2462,VT0120100,12BA05358,07/28/2012,North Seminary St,Barre City,NO DATA,NO DATA,NO DATA,NO DATA,Thurston Place,1,Feet,25,"8 - No Turns, Thru moves only, Broadside ^<",North,004-99-347,001-89-392,NO DATA,NO DATA,NO DATA,Federal Aid Urban System (Class 2 TH's and 3 TH's,"SEMINARY ST., BARRE CITY",0.09,S60261201,LRS,Injury,"(44.20483869, -72.50853426)"
2463,VT0120100,12BA04855,07/10/2012,FAU-6026 (159 Seminary St),Barre City,NO DATA,NO DATA,NO DATA,NO DATA,Thurston Place,30,Feet,25,7 - Other - Explain in Narrative,South,004-99-328,001-89-399,NO DATA,NO DATA,NO DATA,Federal Aid Urban System (Class 2 TH's and 3 TH's,"SEMINARY ST., BARRE CITY",0.09,S60261201,LRS,Property Damage Only,"(44.20483869, -72.50853426)"
2464,VT0120100,12BA02923,05/03/2012,FAU-6026 N Seminary St,Barre City,NO DATA,NO DATA,NO DATA,NO DATA,Thurston Place,NO DATA,NO DATA,25,7 - Other - Explain in Narrative,NO DATA,004-99-303,001-89-397,NO DATA,NO DATA,NO DATA,Federal Aid Urban System (Class 2 TH's and 3 TH's,"SEMINARY ST., BARRE CITY",0.09,S60261201,LRS,Injury,"(44.20483869, -72.50853426)"
2465,VT0040500,12CC00014,01/01/2012,US RTE 2,Colchester,NO DATA,NO DATA,2,NO DATA,LAMOILLE RIVER BRIDGE,0,Miles,55,6 - Single Vehicle Crash,East,444127,233739,NO DATA,NO DATA,NO DATA,State System (State Highways and Class I TH links),US-2,0.14,U002-0405,LRS,Property Damage Only,"(44.60174120, -73.20380726)"
2466,VT0040100,2012BU032492,12/27/2012,US-2 Main Street,Burlington,NO DATA,NO DATA,NO DATA,NO DATA,East Avenue,NO DATA,NO DATA,25,"8 - No Turns, Thru moves only, Broadside ^<",NO DATA,NO DATA,NO DATA,NO DATA,NO DATA,NO DATA,State System (State Highways and Class I TH links),US-2,0.82,U002-0403,LRS,Property Damage Only,"(44.47253722, -73.19025537)"
2467,VT0040100,2012BU005512,03/08/2012,US-2 Main St,Burlington,NO DATA,NO DATA,NO DATA,NO DATA,Jud Handle,NO DATA,NO DATA,25,"10 - Left Turn and Thru, Angle Broadside -->v--",NO DATA,NO DATA,NO DATA,NO DATA,NO DATA,NO DATA,State System (State Highways and Class I TH links),US-2,0.82,U002-0403,LRS,Injury,"(44.47253722, -73.19025537)"
2474,VT0041100,12UV004664,11/02/2012,US-2 (633 Main St.),Burlington,NO DATA,NO DATA,NO DATA,NO DATA,Main & University Hghts.,30,Feet,25,1 - Rear End,South,NO DATA,NO DATA,NO DATA,NO DATA,NO DATA,State System (State Highways and Class I TH links),US-2,0.59,U002-0403,LRS,Property Damage Only,"(44.47435846, -73.19422313)"
2475,VT0040100,2012BU006700,03/20/2012,US-2┬á (Main Street),Burlington,NO DATA,NO DATA,2,NO DATA,University Height Rd,150,Feet,25,1 - Rear End,East,NO DATA,NO DATA,NO DATA,NO DATA,NO DATA,State System (State Highways and Class I TH links),US-2,0.56,U002-0403,LRS,Property Damage Only,"(44.47458811, -73.19474761)"
2476,VT0040100,2012BU029074,11/12/2012,US-2 Main Street,Burlington,NO DATA,NO DATA,NO DATA,NO DATA,University Heights,120,Feet,25,1 - Rear End,East,NO DATA,NO DATA,NO DATA,NO DATA,NO DATA,State System (State Highways and Class I TH links),US-2,0.56,U002-0403,LRS,Property Damage Only,"(44.47458811, -73.19474761)"
2477,VT0040100,2012BU017277,07/13/2012,US-2 Main St,Burlington,NO DATA,NO DATA,NO DATA,NO DATA,University Hghts,40,Feet,25,1 - Rear End,East,NO DATA,NO DATA,NO DATA,NO DATA,NO DATA,State System (State Highways and Class I TH links),US-2,0.54,U002-0403,LRS,Property Damage Only,"(44.47474273, -73.19509599)"
2478,VT0040100,2012BU19812,08/09/2012,US-2 Main St,Burlington,NO DATA,NO DATA,NO DATA,NO DATA,University Heights,1,Feet,25,1 - Rear End,West,NO DATA,NO DATA,NO DATA,NO DATA,NO DATA,State System (State Highways and Class I TH links),US-2,0.54,U002-0403,LRS,Property Damage Only,"(44.47474273, -73.19509599)"
2479,VT0040100,12BU21272,08/23/2012,US-2 Main St,Burlington,NO DATA,NO DATA,NO DATA,NO DATA,University Heights,1,Feet,25,1 - Rear End,East,NO DATA,NO DATA,NO DATA,NO DATA,NO DATA,State System (State Highways and Class I TH links),US-2,0.54,U002-0403,LRS,Property Damage Only,"(44.47474273, -73.19509599)"
2480,VT0041100,12UV004632,10/31/2012,US-2 (590 Main St.),Burlington,NO DATA,NO DATA,NO DATA,NO DATA,UVM Davis Center,300,Feet,25,3 - Same Direction Sideswipe,NO DATA,NO DATA,NO DATA,NO DATA,NO DATA,NO DATA,State System (State Highways and Class I TH links),US-2,0.54,U002-0403,LRS,Property Damage Only,"(44.47474273, -73.19509599)"
2486,VT0040100,2012BU002627,01/30/2012,US-2┬á (Main Street),Burlington,NO DATA,NO DATA,2,NO DATA,University Hts,NO DATA,NO DATA,25,"20 - Right Turn and Thru, Angle Broadside -->^--",NO DATA,NO DATA,NO DATA,NO DATA,NO DATA,NO DATA,State System (State Highways and Class I TH links),US-2,0.53,U002-0403,LRS,Property Damage Only,"(44.47481907, -73.19527099)"
2487,VT0040100,2012BU001599,01/19/2012,US-2┬á (Main Street),Burlington,NO DATA,NO DATA,NO DATA,NO DATA,University Heights Rd,30,Feet,25,1 - Rear End,West,NO DATA,NO DATA,NO DATA,NO DATA,NO DATA,State System (State Highways and Class I TH links),US-2,0.53,U002-0403,LRS,Property Damage Only,"(44.47481907, -73.19527099)"
2488,VT0040100,2012BU031248,12/10/2012,US-2 (589 Main Street),Burlington,NO DATA,NO DATA,NO DATA,NO DATA,N/A,NO DATA,NO DATA,25,1 - Rear End,East,NO DATA,NO DATA,NO DATA,NO DATA,NO DATA,State System (State Highways and Class I TH links),US-2,0.43,U002-0403,LRS,Property Damage Only,"(44.47560145, -73.19700465)"
2489,VT0040100,2012BU017058,07/11/2012,US-2 Main St,Burlington,NO DATA,NO DATA,NO DATA,NO DATA,University Terr,NO DATA,NO DATA,25,3 - Same Direction Sideswipe,NO DATA,NO DATA,NO DATA,NO DATA,NO DATA,NO DATA,State System (State Highways and Class I TH links),US-2,0.43,U002-0403,LRS,Property Damage Only,"(44.47560145, -73.19700465)"
2490,VT0040100,2012BU006822,03/21/2012,US-2 (Main Street),Burlington,NO DATA,NO DATA,2,NO DATA,University Terr,200,Feet,25,1 - Rear End,West,NO DATA,NO DATA,NO DATA,NO DATA,NO DATA,State System (State Highways and Class I TH links),US-2,0.39,U002-0403,LRS,Property Damage Only,"(44.47591387, -73.19769863)"
2491,VT0040100,2012BU002189,01/25/2012,US-2 (Main Street) (IFO Davis Center),Burlington,NO DATA,NO DATA,2,NO DATA,University Rd,50,Feet,25,1 - Rear End,West,NO DATA,NO DATA,NO DATA,NO DATA,NO DATA,State System (State Highways and Class I TH links),US-2,0.35,U002-0403,LRS,Property Damage Only,"(44.47620343, -73.19841090)"
2492,VT0040100,2012BU028973,11/11/2012,US-2 Main Street,Burlington,NO DATA,NO DATA,NO DATA,NO DATA,University Place,100,Feet,25,1 - Rear End,East,NO DATA,NO DATA,NO DATA,NO DATA,NO DATA,State System (State Highways and Class I TH links),US-2,0.34,U002-0403,LRS,Injury,"(44.47627190, -73.19859216)"
2499,VT0040100,12BU016223,07/03/2012,US-2 Main St,Burlington,NO DATA,NO DATA,NO DATA,NO DATA,University Pl,30,Feet,25,"8 - No Turns, Thru moves only, Broadside ^<",East,NO DATA,NO DATA,NO DATA,NO DATA,NO DATA,State System (State Highways and Class I TH links),US-2,0.31,U002-0403,LRS,Injury,"(44.47639822, -73.19917489)"
2500,VT0040100,2012BU028884,11/10/2012,US-2 Main Street,Burlington,NO DATA,NO DATA,NO DATA,NO DATA,University Place,40,Feet,25,7 - Other - Explain in Narrative,West,NO DATA,NO DATA,NO DATA,NO DATA,NO DATA,State System (State Highways and Class I TH links),US-2,0.31,U002-0403,LRS,Property Damage Only,"(44.47639822, -73.19917489)"
2501,VT0041100,12-1748,04/18/2012,US-2 (Main Street,Burlington,NO DATA,NO DATA,2,NO DATA,South Prospect,NO DATA,NO DATA,25,"9 - Left and Right Turns, Simultaneous Turn Crash --vv--",NO DATA,NO DATA,NO DATA,NO DATA,NO DATA,NO DATA,State System (State Highways and Class I TH links),US-2,0.23,U002-0403,LRS,Property Damage Only,"(44.47635783, -73.20081253)"
2502,VT0040100,2012BU017530,07/16/2012,US-2 Main St,Burlington,NO DATA,NO DATA,NO DATA,NO DATA,S Prospect St,NO DATA,NO DATA,25,3 - Same Direction Sideswipe,NO DATA,NO DATA,NO DATA,NO DATA,NO DATA,NO DATA,State System (State Highways and Class I TH links),US-2,0.23,U002-0403,LRS,Property Damage Only,"(44.47635783, -73.20081253)"
2503,VT0040100,2012BU28907,11/10/2012,US-2 Main St,Burlington,NO DATA,NO DATA,NO DATA,NO DATA,S Prospect St,20,Feet,25,3 - Same Direction Sideswipe,West,NO DATA,NO DATA,NO DATA,NO DATA,NO DATA,State System (State Highways and Class I TH links),US-2,0.23,U002-0403,LRS,Injury,"(44.47635783, -73.20081253)"
2504,VT0040100,2012016477,07/05/2012,US-2 Main Street,Burlington,NO DATA,NO DATA,NO DATA,NO DATA,South Prospect Street,NO DATA,NO DATA,25,1 - Rear End,NO DATA,NO DATA,NO DATA,NO DATA,NO DATA,NO DATA,State System (State Highways and Class I TH links),US-2,0.23,U002-0403,LRS,Property Damage Only,"(44.47635783, -73.20081253)"
2511,VT0040100,2012BU013265,06/02/2012,US-2 Main Street,Burlington,NO DATA,NO DATA,NO DATA,NO DATA,South Prospect Street,NO DATA,NO DATA,25,1 - Rear End,West,NO DATA,NO DATA,NO DATA,NO DATA,NO DATA,State System (State Highways and Class I TH links),US-2,0.23,U002-0403,LRS,Property Damage Only,"(44.47635783, -73.20081253)"
2512,VT0040100,2012BU009335,04/19/2012,US-2 Main St,Burlington,NO DATA,NO DATA,NO DATA,NO DATA,Summit St,NO DATA,NO DATA,25,1 - Rear End,NO DATA,NO DATA,NO DATA,NO DATA,NO DATA,NO DATA,State System (State Highways and Class I TH links),US-2,0.15,U002-0403,LRS,Property Damage Only,"(44.47629099, -73.20244931)"
2513,VT0040100,2012BU021365,08/24/2012,US-2 Mains St,Burlington,NO DATA,NO DATA,NO DATA,NO DATA,S Williams┬á St,NO DATA,NO DATA,25,1 - Rear End,NO DATA,NO DATA,NO DATA,NO DATA,NO DATA,NO DATA,State System (State Highways and Class I TH links),US-2,0.12,U002-0403,LRS,Property Damage Only,"(44.47627042, -73.20306338)"
2514,VT0040100,2012BU020202,08/13/2012,US-2 Main St,Burlington,NO DATA,NO DATA,NO DATA,NO DATA,S Williams St,NO DATA,NO DATA,25,1 - Rear End,East,NO DATA,NO DATA,NO DATA,NO DATA,NO DATA,State System (State Highways and Class I TH links),US-2,0.12,U002-0403,LRS,Property Damage Only,"(44.47627042, -73.20306338)"