ID,Reporting Agency,Report Number,Date,Street Address,Town,Number,Number1,Number2,Number3,Intersection,Distance From Intersection,Distance Unit,Posted Speed,Direction of Collision,Direction from Intersection,Easting,Northing,Mile Marker,Mile Marker 1,Mile Marker 2,AOT Roadway,AOT Route,AOT Actual Mile,LRS Number,How Mapped,Crash Type,Location 1
2515,VT0040100,2012BU016931,07/10/2012,US-2 Main St,Burlington,NO DATA,NO DATA,NO DATA,NO DATA,S Williams St,20,Feet,25,"10 - Left Turn and Thru, Angle Broadside -->v--",East,NO DATA,NO DATA,NO DATA,NO DATA,NO DATA,State System (State Highways and Class I TH links),US-2,0.12,U002-0403,LRS,Property Damage Only,"(44.47627042, -73.20306338)"
2516,VT0040100,2012BU019947,08/10/2012,US-2 MAIN ST,Burlington,NO DATA,NO DATA,NO DATA,NO DATA,SOUTH WILLIAMS ST,NO DATA,NO DATA,25,NO DATA,NO DATA,444071,219797,NO DATA,NO DATA,NO DATA,State System (State Highways and Class I TH links),US-2,0.12,U002-0403,LRS,Property Damage Only,"(44.47627042, -73.20306338)"
2517,VT0040100,2012BU013435,06/04/2012,US-2 Main Street,Burlington,NO DATA,NO DATA,NO DATA,NO DATA,381 Main Street,NO DATA,NO DATA,25,1 - Rear End,NO DATA,NO DATA,NO DATA,NO DATA,NO DATA,NO DATA,State System (State Highways and Class I TH links),US-2,0.08,U002-0403,LRS,Property Damage Only,"(44.47623992, -73.20388201)"
2524,VT0040100,2012BU009054,04/16/2012,US-2 Main St,Burlington,NO DATA,NO DATA,NO DATA,NO DATA,S Willard St,15,Feet,25,1 - Rear End,East,NO DATA,NO DATA,NO DATA,NO DATA,NO DATA,State System (State Highways and Class I TH links),US-2,0,U002-0403,LRS,Property Damage Only,"(44.47621441, -73.20551747)"
2525,VT0040100,2011BU01315,01/15/2012,US-2┬á (Main Street),Burlington,NO DATA,NO DATA,2,NO DATA,S Willard St,10,Feet,25,1 - Rear End,East,NO DATA,NO DATA,NO DATA,NO DATA,NO DATA,State System (State Highways and Class I TH links),US-2,0,U002-0403,LRS,Property Damage Only,"(44.47621441, -73.20551747)"
2526,VT0040100,2012BU028303,11/02/2012,US-2 Main Street,Burlington,NO DATA,NO DATA,NO DATA,NO DATA,South Willard Street,5,Feet,25,3 - Same Direction Sideswipe,East,NO DATA,NO DATA,NO DATA,NO DATA,NO DATA,State System (State Highways and Class I TH links),US-2,0,U002-0403,LRS,Property Damage Only,"(44.47621441, -73.20551747)"
2528,VTVSP0200,12B102998,09/13/2012,US Route 2,St. Johnsbury,NO DATA,NO DATA,2,NO DATA,North Danville Rd,50,Feet,55,3 - Same Direction Sideswipe,East,535981,215762,20,311,117,State System (State Highways and Class I TH links),US-2,1.17,U002-0311W,LRS,Property Damage Only,"(44.43775369, -72.04197767)"
2529,VTVSP0200,12B103435,10/21/2012,US Route 2,St. Johnsbury,NO DATA,NO DATA,2,NO DATA,Severance Hill Rd,50,Feet,50,6 - Single Vehicle Crash,East,544578,216667,20,311,860,State System (State Highways and Class I TH links),US-2,8.43,U002-0311,LRS,Property Damage Only,"(44.44849750, -71.94121248)"
2530,VTVSP0200,12B104233,12/22/2012,US Route 2,St. Johnsbury,NO DATA,NO DATA,2,NO DATA,Severance Hill Rd,NO DATA,NO DATA,50,"8 - No Turns, Thru moves only, Broadside ^<",NO DATA,544465,216616,NO DATA,NO DATA,NO DATA,State System (State Highways and Class I TH links),US-2,8.42,U002-0311,LRS,Property Damage Only,"(44.44845243, -71.94139931)"
2537,VT0030300,12SJ05167,12/14/2012,US-2 Portland St,St. Johnsbury,NO DATA,NO DATA,2,NO DATA,NO DATA,100,Feet,30,6 - Single Vehicle Crash,West,005-39-902,002-13-624,NO DATA,NO DATA,NO DATA,State System (State Highways and Class I TH links),US-2,4.46,U002-0311,LRS,Property Damage Only,"(44.42166236, -71.99895397)"
2538,VT0030300,12SJ05121,12/10/2012,US-2 Portland St,St. Johnsbury,NO DATA,NO DATA,NO DATA,NO DATA,Concord Ave,NO DATA,NO DATA,30,4 - Opp Direction Sideswipe,North,005-39-505,002-13-533,NO DATA,NO DATA,NO DATA,State System (State Highways and Class I TH links),US-2,4.2,U002-0311,LRS,Injury,"(44.42108548, -72.00417015)"
2539,VT0030300,12SJ00031,01/03/2012,US-2 (580 Portland St),St. Johnsbury,NO DATA,NO DATA,2,NO DATA,Concord Ave,NO DATA,NO DATA,30,1 - Rear End,East,535959,769370,NO DATA,NO DATA,NO DATA,State System (State Highways and Class I TH links),US-2,4.2,U002-0311,LRS,Property Damage Only,"(44.42108548, -72.00417015)"
2540,VT0030300,12SJ03565,08/31/2012,US-2┬á (385 Portland St),St. Johnsbury,NO DATA,NO DATA,NO DATA,NO DATA,Elm St,150,Feet,30,2 - Head On,East,005-39-174,002-13-468,NO DATA,NO DATA,NO DATA,State System (State Highways and Class I TH links),US-2,4.02,U002-0311,LRS,Property Damage Only,"(44.42069495, -72.00773906)"
2541,VT0030300,12SJ02083,06/01/2012,US-2 (287 Portland St),St. Johnsbury,NO DATA,NO DATA,NO DATA,NO DATA,Wright Ave,20,Feet,30,"8 - No Turns, Thru moves only, Broadside ^<",West,005-38-987,002-13-481,NO DATA,NO DATA,NO DATA,State System (State Highways and Class I TH links),US-2,3.9,U002-0311,LRS,Injury,"(44.42044920, -72.01012137)"
2542,VT0030300,12SJ00570,02/17/2012,US-2 Eastern Ave,St. Johnsbury,NO DATA,NO DATA,NO DATA,NO DATA,Pearl St,25,Feet,30,3 - Same Direction Sideswipe,North,538408,213173,NO DATA,NO DATA,NO DATA,State System (State Highways and Class I TH links),US-2,3.56,U002-0311,LRS,Property Damage Only,"(44.41803319, -72.01705673)"
2543,VT0030300,12SJ04626,11/09/2012,US-2 Eastern Ave,St. Johnsbury,NO DATA,NO DATA,NO DATA,NO DATA,Cherry St,NO DATA,NO DATA,30,"8 - No Turns, Thru moves only, Broadside ^<",South,005-38-193,002-13-178,NO DATA,NO DATA,NO DATA,State System (State Highways and Class I TH links),US-2,3.56,U002-0311,LRS,Injury,"(44.41803319, -72.01705673)"
2549,VTVSP0200,12B100453,02/13/2012,US Route 2,St. Johnsbury,NO DATA,NO DATA,2,NO DATA,North Danville Rd,1,Miles,55,6 - Single Vehicle Crash,West,536404,215448,NO DATA,NO DATA,NO DATA,State System (State Highways and Class I TH links),US-2,0.37,U002-0311,LRS,Property Damage Only,"(44.44435155, -72.05354062)"
2550,VTVSP0200,12B100584,02/28/2012,US Rt 2,Kirby,NO DATA,NO DATA,2,NO DATA,Kirby Country Club,0,Miles,50,6 - Single Vehicle Crash,East,545643,216881,20,306,60,State System (State Highways and Class I TH links),US-2,0.75,U002-0306,LRS,Property Damage Only,"(44.44923987, -71.92353815)"
2551,VTVSP0200,12B103750,11/14/2012,US Route 2,Danville,NO DATA,NO DATA,2,NO DATA,Jamieson Rd,1,Miles,55,6 - Single Vehicle Crash,East,534209,215486,20,303,840,State System (State Highways and Class I TH links),US-2,8.45,U002-0303,LRS,Fatal,"(44.43835057, -72.07069653)"
2552,VTVSP0200,12B100629,03/03/2012,US Route 2,Danville,NO DATA,NO DATA,2,NO DATA,Parker Rd,50,Feet,50,6 - Single Vehicle Crash,North,531771,214581,NO DATA,NO DATA,NO DATA,State System (State Highways and Class I TH links),US-2,6.47,U002-0303,LRS,Property Damage Only,"(44.42709921, -72.10746378)"
2553,VTVSP0200,12B100182,01/17/2012,US Rt 2,Danville,NO DATA,NO DATA,2,NO DATA,Dole Hill,300,Feet,50,4 - Opp Direction Sideswipe,West,530879,213875,NO DATA,NO DATA,NO DATA,State System (State Highways and Class I TH links),US-2,6.37,U002-0303,LRS,Injury,"(44.42627237, -72.10903168)"
2554,VTVSP0200,12B103277,10/06/2012,US Route 2,Danville,NO DATA,NO DATA,2,NO DATA,NO DATA,300,Feet,50,6 - Single Vehicle Crash,South,530988,213985,NO DATA,NO DATA,NO DATA,State System (State Highways and Class I TH links),US-2,6.25,U002-0303,LRS,Property Damage Only,"(44.42539965, -72.11085373)"
2555,VTVSP0200,12B100239,01/23/2012,US Route 2,Danville,NO DATA,NO DATA,2,NO DATA,Parker Rd,1,Miles,55,6 - Single Vehicle Crash,West,532060,214687,NO DATA,NO DATA,NO DATA,State System (State Highways and Class I TH links),US-2,5.96,U002-0303,LRS,Property Damage Only,"(44.42311509, -72.11504761)"
2556,VTVSP0200,12B100910,03/30/2012,US Rt 2,Danville,NO DATA,NO DATA,2,NO DATA,Dole Hill Rd,50,Feet,50,6 - Single Vehicle Crash,West,530587,213697,NO DATA,NO DATA,NO DATA,State System (State Highways and Class I TH links),US-2,5.92,U002-0303,LRS,Property Damage Only,"(44.42288524, -72.11571908)"
2574,VT0040300,12SB017377,12/26/2012,Kenndy Drive,South Burlington,NO DATA,NO DATA,NO DATA,NO DATA,175 Kennedy Drive,NO DATA,NO DATA,40,3 - Same Direction Sideswipe,NO DATA,447486,217668,NO DATA,NO DATA,NO DATA,State System (State Highways and Class I TH links),SO. BURLINGTON (FAP 121-1 KENNEDY DRIVE),1.04,S99980414,LRS,Property Damage Only,"(44.45751930, -73.15972783)"
2575,VT0040300,12SB016162,11/30/2012,Kennedy Drive,South Burlington,NO DATA,NO DATA,NO DATA,NO DATA,Winding Brook Drive,NO DATA,NO DATA,40,6 - Single Vehicle Crash,NO DATA,447552,217748,NO DATA,NO DATA,NO DATA,State System (State Highways and Class I TH links),SO. BURLINGTON (FAP 121-1 KENNEDY DRIVE),1.04,S99980414,LRS,Property Damage Only,"(44.45751930, -73.15972783)"
2576,VT0040300,12SB07239,06/14/2012,Kennedy Drive,South Burlington,NO DATA,NO DATA,NO DATA,NO DATA,Front Of 140 Kennedy Drive,NO DATA,NO DATA,40,1 - Rear End,NO DATA,447251,217435,NO DATA,NO DATA,NO DATA,State System (State Highways and Class I TH links),SO. BURLINGTON (FAP 121-1 KENNEDY DRIVE),0.77,S99980414,LRS,Property Damage Only,"(44.45494070, -73.16353681)"
2577,VT0040300,2012SB2698,04/10/2012,Kennedy Dr.,South Burlington,NO DATA,NO DATA,NO DATA,NO DATA,Hinesburg Rd.,NO DATA,NO DATA,0,1 - Rear End,NO DATA,NO DATA,NO DATA,NO DATA,NO DATA,NO DATA,State System (State Highways and Class I TH links),SO. BURLINGTON (FAP 121-1 KENNEDY DRIVE),0.69,S99980414,LRS,Injury,"(44.45444069, -73.16491721)"
2578,VT0040300,12SB05038,04/30/2012,Kennedy Drive,South Burlington,NO DATA,NO DATA,NO DATA,NO DATA,Hinesburg Road,15,Feet,35,3 - Same Direction Sideswipe,East,NO DATA,NO DATA,NO DATA,NO DATA,NO DATA,State System (State Highways and Class I TH links),SO. BURLINGTON (FAP 121-1 KENNEDY DRIVE),0.69,S99980414,LRS,Property Damage Only,"(44.45444069, -73.16491721)"
2579,VT0040300,12SB005525,05/10/2012,Kennedy Dr,South Burlington,NO DATA,NO DATA,NO DATA,NO DATA,Hinesburg Road,15,Feet,35,6 - Single Vehicle Crash,West,NO DATA,NO DATA,NO DATA,NO DATA,NO DATA,State System (State Highways and Class I TH links),SO. BURLINGTON (FAP 121-1 KENNEDY DRIVE),0.69,S99980414,LRS,Property Damage Only,"(44.45444069, -73.16491721)"
2585,VT0040300,12SB014785,11/02/2012,Kennedy Drive,South Burlington,NO DATA,NO DATA,NO DATA,NO DATA,Twin Oak Terrace,20,Feet,40,1 - Rear End,NO DATA,NO DATA,NO DATA,NO DATA,NO DATA,NO DATA,State System (State Highways and Class I TH links),SO. BURLINGTON (FAP 121-1 KENNEDY DRIVE),0.25,S99980414,LRS,Property Damage Only,"(44.45337805, -73.17367914)"
2586,VT0040300,12SB016133,11/29/2012,Kennedy Drive,South Burlington,NO DATA,NO DATA,NO DATA,NO DATA,W Twin Oaks Terrace,NO DATA,NO DATA,40,"8 - No Turns, Thru moves only, Broadside ^<",NO DATA,446380,217226,NO DATA,NO DATA,NO DATA,State System (State Highways and Class I TH links),SO. BURLINGTON (FAP 121-1 KENNEDY DRIVE),0.25,S99980414,LRS,Property Damage Only,"(44.45337805, -73.17367914)"
2587,VT0040300,12SB015940,11/26/2012,Kennedy Drive,South Burlington,NO DATA,NO DATA,NO DATA,NO DATA,Twin Oaks Terrace,NO DATA,NO DATA,35,"18 - Right Turn and Thru, Broadside ^<--",NO DATA,446376,217231,NO DATA,NO DATA,NO DATA,State System (State Highways and Class I TH links),SO. BURLINGTON (FAP 121-1 KENNEDY DRIVE),0.25,S99980414,LRS,Property Damage Only,"(44.45337805, -73.17367914)"
2588,VT0040300,12SB05515,05/10/2012,Kennedy Drive,South Burlington,NO DATA,NO DATA,NO DATA,NO DATA,Twin Oaks Terrace,NO DATA,NO DATA,40,"10 - Left Turn and Thru, Angle Broadside -->v--",NO DATA,446368,217232,NO DATA,NO DATA,NO DATA,State System (State Highways and Class I TH links),SO. BURLINGTON (FAP 121-1 KENNEDY DRIVE),0.24,S99980414,LRS,Property Damage Only,"(44.45335668, -73.17387924)"
2589,VT0040300,12SB00543,01/20/2012,Kennedy Drive,South Burlington,NO DATA,NO DATA,NO DATA,NO DATA,West Twin Oaks Terrace,NO DATA,NO DATA,40,2 - Head On,NO DATA,446386,217236,NO DATA,NO DATA,NO DATA,State System (State Highways and Class I TH links),SO. BURLINGTON (FAP 121-1 KENNEDY DRIVE),0.23,S99980414,LRS,Property Damage Only,"(44.45333540, -73.17407936)"
2590,VT0040300,12SB01465,02/24/2012,Kennedy Drive,South Burlington,NO DATA,NO DATA,NO DATA,NO DATA,W. Twin Oaks Terr,NO DATA,NO DATA,40,"12 - Left Turn and Thru, Same Direction Sideswipe/Angle Crash vv--",NO DATA,446365,217236,NO DATA,NO DATA,NO DATA,State System (State Highways and Class I TH links),SO. BURLINGTON (FAP 121-1 KENNEDY DRIVE),0.23,S99980414,LRS,Property Damage Only,"(44.45333540, -73.17407936)"
2607,VT0060100,12SA04143,08/09/2012,Interstate Access Road,St. Albans Town,NO DATA,NO DATA,NO DATA,NO DATA,Route 104,5,Feet,50,1 - Rear End,West,004-54-607E,002-55-285N,NO DATA,NO DATA,NO DATA,State System (State Highways and Class I TH links),ST. ALBANS ST. HWY. SOUTH,0.79,S97200613,LRS,Property Damage Only,"(44.79627841, -73.07326553)"
2608,VT0060100,12SA03405,07/06/2012,St. Albans St. Hwy./89 Off Ramp,St. Albans Town,NO DATA,NO DATA,NO DATA,NO DATA,Route 104,40,Feet,35,NO DATA,East,004-54-699E,002-55-257N,NO DATA,NO DATA,NO DATA,State System (State Highways and Class I TH links),ST. ALBANS ST. HWY. SOUTH,0.79,S97200613,LRS,Property Damage Only,"(44.79627841, -73.07326553)"
2609,VT0060100,12SA00945,02/24/2012,St. Albans St. Hwy.(Access Road),St. Albans Town,NO DATA,NO DATA,NO DATA,NO DATA,Rt 104 Fairfax Road,40,Feet,40,1 - Rear End,East,004-54-674E,002-55-275N,NO DATA,NO DATA,NO DATA,State System (State Highways and Class I TH links),ST. ALBANS ST. HWY. SOUTH,0.79,S97200613,LRS,Property Damage Only,"(44.79627841, -73.07326553)"
2610,VT0060100,12SA04819,09/11/2012,St. Albans St. Hwy. Access Road,St. Albans Town,NO DATA,NO DATA,NO DATA,NO DATA,Vt Rt 104,100,Feet,50,1 - Rear End,West,004-54-562E,002-55-308N,NO DATA,NO DATA,NO DATA,State System (State Highways and Class I TH links),ST. ALBANS ST. HWY. SOUTH,0.77,S97200613,LRS,Property Damage Only,"(44.79639477, -73.07361320)"
2611,VT0060100,12SA01441,03/13/2012,St. Albans St. Hwy.Intersetate Access Rd,St. Albans City,NO DATA,NO DATA,NO DATA,NO DATA,South Main St,1,Feet,50,1 - Rear End,East,004-53-450E,002-55-882N,NO DATA,NO DATA,NO DATA,State System (State Highways and Class I TH links),ST. ALBANS ST. HWY. SOUTH,0,S97200612,LRS,Injury,"(44.80167490, -73.08875018)"
2612,VT0141000,12NW00690,05/26/2012,Norwich St. Hwy./River Road,Norwich,NO DATA,NO DATA,NO DATA,NO DATA,US Route 5 North,NO DATA,Feet,35,1 - Rear End,NO DATA,NO DATA,NO DATA,NO DATA,NO DATA,NO DATA,State System (State Highways and Class I TH links),NORWICH STATE HIGHWAY,1.14,S95401411,LRS,Injury,"(43.71714258, -72.28905031)"
2618,VTVSP1000,12D201732,06/22/2012,Bratt. St. Hwy.I 91 Exit 3 Off Ramp,Brattleboro,NO DATA,NO DATA,NO DATA,91,Exit 3 Roundabout,30,Feet,30,"20 - Right Turn and Thru, Angle Broadside -->^--",West,495131,42889,NO DATA,NO DATA,NO DATA,State System (State Highways and Class I TH links),BRATTLEBORO STATE HIGHWAY,0.11,S90901302,LRS,Property Damage Only,"(42.88518329, -72.55738435)"
2619,VT0120600,12BL03014,12/05/2012,Berlin State Highway,Berlin,NO DATA,NO DATA,NO DATA,NO DATA,Route 62,1200,Feet,50,6 - Single Vehicle Crash,West,495372,191757,NO DATA,NO DATA,NO DATA,State System (State Highways and Class I TH links),BERLIN STATE HIGHWAY,1.76,S90301203S,LRS,Property Damage Only,"(44.22534877, -72.55802518)"
2620,VT0120100,12BA03297,05/18/2012,Berlin St. Hwy. Benjamin Falls Rd,Berlin,NO DATA,NO DATA,NO DATA,NO DATA,VT Rt 62,NO DATA,NO DATA,50,1 - Rear End,NO DATA,001-95-296,001-91-120,NO DATA,NO DATA,NO DATA,State System (State Highways and Class I TH links),BERLIN STATE HIGHWAY,1.41,S90301203S,LRS,Property Damage Only,"(44.22037723, -72.55879000)"
2621,VT0120600,12BL00468,02/25/2012,Berlin State Highway,Berlin,NO DATA,NO DATA,NO DATA,NO DATA,Vermont Route 62,0,Miles,50,1 - Rear End,West,495324,191174,NO DATA,NO DATA,NO DATA,State System (State Highways and Class I TH links),BERLIN STATE HIGHWAY,1.39,S90301203,LRS,Property Damage Only,"(44.22066013, -72.55660723)"
2622,VT0120600,12BL02171,08/31/2012,Berlin St. Hwy.(Airport Road),Berlin,NO DATA,NO DATA,NO DATA,NO DATA,VT Route 62,5,Feet,50,1 - Rear End,South,495243,190863,NO DATA,NO DATA,NO DATA,State System (State Highways and Class I TH links),BERLIN STATE HIGHWAY,1.21,S90301203,LRS,Property Damage Only,"(44.21830452, -72.55971683)"
2623,VT0120600,12BL02405,09/29/2012,Airport Road/Rte.62,Berlin,`,62,NO DATA,NO DATA,Airport Road,1,Feet,50,"10 - Left Turn and Thru, Angle Broadside -->v--",South,004-95-236E,001-90-891N,NO DATA,NO DATA,NO DATA,State System (State Highways and Class I TH links),BERLIN STATE HIGHWAY,1.2,S90301203,LRS,Property Damage Only,"(44.21819658, -72.55959712)"
2624,VT0120600,12BL02947,11/26/2012,Berlin St. Hwy.(Airport Road),Berlin,NO DATA,NO DATA,NO DATA,NO DATA,VT RT 62,40,Feet,35,4 - Opp Direction Sideswipe,North,NO DATA,NO DATA,NO DATA,NO DATA,NO DATA,State System (State Highways and Class I TH links),BERLIN STATE HIGHWAY,1.2,S90301203,LRS,Property Damage Only,"(44.21819658, -72.55959712)"
2630,VT0100100,12NP00812,05/01/2012,FAU-9002 (21 Lake Road),Newport City,NO DATA,NO DATA,NO DATA,NO DATA,West Main Street,50,Feet,25,7 - Other - Explain in Narrative,South,005-22-834,002-70-484,NO DATA,NO DATA,NO DATA,Federal Aid Urban System (Class 2 TH's and 3 TH's,"LAKE RD./MAIN ST., NEWPORT CITY",0.31,S90021015,LRS,Property Damage Only,"(44.93290462, -72.21718863)"
2631,VT0100100,12NP01962,09/23/2012,FAU-9002 (319 Main Street),Newport City,NO DATA,NO DATA,NO DATA,NO DATA,Third/Main/School Street,5,Feet,25,7 - Other - Explain in Narrative,East,005-22-722,002-70-576,NO DATA,NO DATA,NO DATA,Federal Aid Urban System (Class 2 TH's and 3 TH's,"LAKE RD./MAIN ST., NEWPORT CITY",0.01,S90021015,LRS,Property Damage Only,"(44.93482986, -72.21217711)"
2632,VT0100100,12NP01608,08/06/2012,FAU-9000 Western Ave,Newport City,NO DATA,NO DATA,NO DATA,NO DATA,Hill Street,30,Feet,25,1 - Rear End,West,005-24-134,002-71-432,NO DATA,NO DATA,NO DATA,Federal Aid Urban System (Class 2 TH's and 3 TH's,"WESTERN / MT. VERNON ST., NEWPORT CITY",0.79,S90001015,LRS,Property Damage Only,"(44.94261763, -72.19410442)"
2633,VT0100100,12NP01997,09/27/2012,FAU-9000 Western Avenue,Newport City,NO DATA,NO DATA,NO DATA,NO DATA,I 91 Access Road,300,Feet,25,5 - Rear-to-rear,South,005-23-791,002-70-998,NO DATA,NO DATA,NO DATA,Federal Aid Urban System (Class 2 TH's and 3 TH's,"WESTERN / MT. VERNON ST., NEWPORT CITY",0.47,S90001015,LRS,Property Damage Only,"(44.93885678, -72.19803714)"
2634,VT0060100,12SA06250,11/26/2012,FAU-8207 Fairfax St,St. Albans Town,NO DATA,NO DATA,NO DATA,NO DATA,Clyde Allen Dr,NO DATA,Feet,35,2 - Head On,North,004-54-043E,002-54-896N,NO DATA,NO DATA,NO DATA,Federal Aid Urban System (Class 2 TH's and 3 TH's,"FAIRFAX ST., ST. ALBANS TOWN",0.59,S82070613,LRS,Property Damage Only,"(44.79285659, -73.08073166)"
2635,VT0060100,12SA02384,05/14/2012,FAU-8207 (54 Fairfax St),St. Albans Town,NO DATA,NO DATA,NO DATA,NO DATA,Thorpe Ave Ext,100,Feet,35,2 - Head On,East,004-53-986,002-54-937,NO DATA,NO DATA,NO DATA,Federal Aid Urban System (Class 2 TH's and 3 TH's,"FAIRFAX ST., ST. ALBANS TOWN",0.52,S82070613,LRS,Property Damage Only,"(44.79331436, -73.08199083)"
2641,VT0060100,12SA06179,11/21/2012,FAU-8022 (47 Nason St),St. Albans City,NO DATA,NO DATA,NO DATA,NO DATA,Nason St,150,Feet,25,"8 - No Turns, Thru moves only, Broadside ^<",North,004-53-152E,002-56-188N,NO DATA,NO DATA,NO DATA,Federal Aid Urban System (Class 2 TH's and 3 TH's,"NASON ST., ST. ALBANS CITY",0.17,S80220612,LRS,Property Damage Only,"(44.80384339, -73.09255310)"
2642,VT0060100,12SA00581,02/03/2012,FAU-8022 (50 Nason St),St. Albans City,NO DATA,NO DATA,NO DATA,NO DATA,50 Nason St,NO DATA,Feet,25,1 - Rear End,North,004-53-169E,002-56-141N,NO DATA,NO DATA,NO DATA,Federal Aid Urban System (Class 2 TH's and 3 TH's,"NASON ST., ST. ALBANS CITY",0.17,S80220612,LRS,Property Damage Only,"(44.80384339, -73.09255310)"
2643,VT0060100,12SA04468,08/25/2012,FAU-8022 (75 Nason St),St. Albans City,NO DATA,NO DATA,NO DATA,NO DATA,Cota CT,300,Feet,25,2 - Head On,South,004-52-926E,002-56-182N,NO DATA,NO DATA,NO DATA,Federal Aid Urban System (Class 2 TH's and 3 TH's,"NASON ST., ST. ALBANS CITY",0.07,S80220612,LRS,Property Damage Only,"(44.80445454, -73.09474640)"
2644,VT0060100,12SA03994,08/02/2012,FAU-8020 (30 Lower Welden),St. Albans City,NO DATA,NO DATA,NO DATA,NO DATA,Allen St,NO DATA,NO DATA,25,"8 - No Turns, Thru moves only, Broadside ^<",North,004-53-503E,002-56-519N,NO DATA,NO DATA,NO DATA,Federal Aid Urban System (Class 2 TH's and 3 TH's,"LOWER WELDON ST., ST. ALBANS CITY",0.33,S80200612,LRS,Property Damage Only,"(44.80735199, -73.08738016)"
2645,VT0060100,12SA04440,08/23/2012,FAU-8014 (130 High Street),St. Albans City,NO DATA,NO DATA,NO DATA,NO DATA,Upper Newton,3,Feet,25,"8 - No Turns, Thru moves only, Broadside ^<",East,004-54-347E,002-57-713N,NO DATA,NO DATA,NO DATA,Federal Aid Urban System (Class 2 TH's and 3 TH's,"HIGH ST., ST. ALBANS CITY",0.32,S80140612,LRS,Property Damage Only,"(44.81803209, -73.07719082)"
2646,VT0060100,12SA02409,05/16/2012,FAU-8014 (67 High Street),St. Albans City,NO DATA,NO DATA,NO DATA,NO DATA,High Street,30,Feet,25,5 - Rear-to-rear,East,004-54-323E,002-57-163N,NO DATA,NO DATA,NO DATA,Federal Aid Urban System (Class 2 TH's and 3 TH's,"HIGH ST., ST. ALBANS CITY",0.03,S80140612,LRS,Property Damage Only,"(44.81377527, -73.07790387)"
2652,VT0060100,12SA01109,03/04/2012,FAU-8012 (2 Federal Street),St. Albans City,NO DATA,NO DATA,NO DATA,NO DATA,NO DATA,30,Feet,25,3 - Same Direction Sideswipe,North,004-53-803E,002-56-568N,NO DATA,NO DATA,NO DATA,Federal Aid Urban System (Class 2 TH's and 3 TH's,"FEDERAL ST., ST. ALBANS CITY",0.03,S80120612,LRS,Property Damage Only,"(44.81132731, -73.08557265)"
2653,VT0060100,12SA00322,01/19/2012,FAU-8012 (1 Federal Street),St. Albans City,NO DATA,NO DATA,NO DATA,NO DATA,Lake Street,10,Feet,25,1 - Rear End,North,004-53-680E,002-56-944N,NO DATA,NO DATA,NO DATA,Federal Aid Urban System (Class 2 TH's and 3 TH's,"FEDERAL ST., ST. ALBANS CITY",0.01,S80120612,LRS,Property Damage Only,"(44.81104160, -73.08562460)"
2654,VT0060100,12SA02025,04/24/2012,FAU-8012 (1 Federal Street),St. Albans City,NO DATA,NO DATA,NO DATA,NO DATA,Lake Street,NO DATA,NO DATA,25,7 - Other - Explain in Narrative,North,004-53-682E,002-56-918N,NO DATA,NO DATA,NO DATA,Federal Aid Urban System (Class 2 TH's and 3 TH's,"FEDERAL ST., ST. ALBANS CITY",0.01,S80120612,LRS,Injury,"(44.81104160, -73.08562460)"
2655,VT0060100,12SA04141,08/09/2012,FAU-8008 (67 Congress St),St. Albans City,NO DATA,NO DATA,NO DATA,NO DATA,High St,5,Feet,25,"8 - No Turns, Thru moves only, Broadside ^<",East,004-54-313E,002-54-173N,NO DATA,NO DATA,NO DATA,Federal Aid Urban System (Class 2 TH's and 3 TH's,"CONGRESS ST., ST. ALBANS CITY",0.27,S80080612,LRS,Injury,"(44.81332669, -73.07768445)"
2656,VT0060100,12SA00811,02/17/2012,FAU-8008 (44 Congress Street),St. Albans City,NO DATA,NO DATA,NO DATA,NO DATA,Messenger St,NO DATA,Feet,25,"12 - Left Turn and Thru, Same Direction Sideswipe/Angle Crash vv--",South,004-54-083E,002-57-181N,NO DATA,NO DATA,NO DATA,Federal Aid Urban System (Class 2 TH's and 3 TH's,"CONGRESS ST., ST. ALBANS CITY",0.13,S80080612,LRS,Property Damage Only,"(44.81338301, -73.08042634)"
2657,VTVSP0200,12B100481,02/16/2012,FAU-7027 (1460 Severance Hill Rd),St. Johnsbury,8,NO DATA,NO DATA,NO DATA,1460 Severance Hill,200,Feet,40,6 - Single Vehicle Crash,South,543909,218799,NO DATA,NO DATA,NO DATA,Federal Aid Urban System (Class 2 TH's and 3 TH's,"RED VILLAGE RD., ST. JOHNSBURY",1.45,S70270311,LRS,Property Damage Only,"(44.46829167, -71.94820217)"
2664,VTVSP1200,12A303738,08/26/2012,US-2 (3962 US Route 2),Marshfield,NO DATA,NO DATA,2,NO DATA,3962 US Route 2,NO DATA,NO DATA,50,"10 - Left Turn and Thru, Angle Broadside -->v--",NO DATA,509683,202836,20,1209,420,State System (State Highways and Class I TH links),US-2,4.25,U002-1209,LRS,Property Damage Only,"(44.32599223, -72.37827510)"
2665,VTVSP1200,12A304931,11/17/2012,4561 US Route 2,Marshfield,NO DATA,NO DATA,2,NO DATA,4561 US Route 2,NO DATA,NO DATA,50,6 - Single Vehicle Crash,NO DATA,509417,202339,20,1209,360,State System (State Highways and Class I TH links),US-2,3.65,U002-1209,LRS,Property Damage Only,"(44.31866685, -72.38452913)"
2666,VT0120200,418438,01/30/2012,US-2 (456 East Montpelier Rd),Montpelier,NO DATA,NO DATA,2,NO DATA,Gallison/Hill Rd,NO DATA,NO DATA,99,7 - Other - Explain in Narrative,NO DATA,NO DATA,NO DATA,NO DATA,NO DATA,NO DATA,State System (State Highways and Class I TH links),US-2,4.37,U002-1211,LRS,Property Damage Only,"(44.24239704, -72.54418836)"