ID,Reporting Agency,Report Number,Date,Street Address,Town,Number,Number1,Number2,Number3,Intersection,Distance From Intersection,Distance Unit,Posted Speed,Direction of Collision,Direction from Intersection,Easting,Northing,Mile Marker,Mile Marker 1,Mile Marker 2,AOT Roadway,AOT Route,AOT Actual Mile,LRS Number,How Mapped,Crash Type,Location 1
2667,VTVSP1200,12A301027,03/04/2012,US-2 (4720 US Route 2),Marshfield,NO DATA,NO DATA,2,NO DATA,Patty's Crossing,1,Miles,50,6 - Single Vehicle Crash,West,508964,201802,20,1209,340,State System (State Highways and Class I TH links),US-2,3.5,U002-1209,LRS,Fatal,"(44.31707296, -72.38657689)"
2668,VTVSP1200,12A301973,05/12/2012,US Route 2,Marshfield,NO DATA,NO DATA,2,NO DATA,Eaton Cemetary RD,0,Miles,50,6 - Single Vehicle Crash,East,508069,201021,20,1209,260,State System (State Highways and Class I TH links),US-2,2.61,U002-1209,LRS,Injury,"(44.30820653, -72.39864200)"
2669,VTVSP1200,12A304592,10/23/2012,US-2 (6802 US Route 2),Marshfield,NO DATA,NO DATA,2,NO DATA,Star Pudding Farm Road,5,Feet,50,2 - Head On,South,508114,199595,20,1209,100,State System (State Highways and Class I TH links),US-2,1.78,U002-1209,LRS,Injury,"(44.29633369, -72.39827751)"
2670,VTVSP0300,12C105664,10/18/2012,US-4,Ira,NO DATA,NO DATA,4,NO DATA,Mile Marker 11,0,Miles,65,6 - Single Vehicle Crash,East,436037,123920,NO DATA,NO DATA,NO DATA,State System (State Highways and Class I TH links),US-4,11.4,U004-1109W,LRS,Injury,"(43.61330471, -73.09485183)"
2677,VTVSP1200,12A3033459,08/07/2012,US-2 (3070 US Route 2),East Montpelier,NO DATA,NO DATA,2,NO DATA,Vermont Route 14 And US Route 2,300,Feet,50,NO DATA,East,501235,196786,NO DATA,NO DATA,NO DATA,State System (State Highways and Class I TH links),US-2,3.07,U002-1207,LRS,Property Damage Only,"(44.27136343, -72.48460284)"
2678,VT0110200,12RL13061,12/28/2012,US-4 Woodstock Avenue,Rutland City,NO DATA,NO DATA,NO DATA,NO DATA,Tremont Street,NO DATA,NO DATA,35,"10 - Left Turn and Thru, Angle Broadside -->v--",NO DATA,462543,123813,NO DATA,NO DATA,NO DATA,State System (State Highways and Class I TH links),US-4,0.45,U004-1119,LRS,Property Damage Only,"(43.61360747, -72.96485904)"
2679,VTVSP1200,12A304911,11/15/2012,US Route 2,East Montpelier,NO DATA,NO DATA,2,NO DATA,Vermont Route 14 South,100,Feet,35,6 - Single Vehicle Crash,West,500826,196378,20,1207,260,State System (State Highways and Class I TH links),US-2,2.71,U002-1207,LRS,Property Damage Only,"(44.26806574, -72.48923417)"
2680,VTVSP1200,12A301495,04/09/2012,US-2 (2540 Rt. 2),East Montpelier,NO DATA,NO DATA,2,NO DATA,VT-14,1,Miles,35,1 - Rear End,West,NO DATA,NO DATA,20,1207,243,State System (State Highways and Class I TH links),US-2,2.54,U002-1207,LRS,Injury,"(44.26650898, -72.49188141)"
2681,VTVSP1200,12A303851,09/01/2012,US-2(2291 US Route 2),East Montpelier,NO DATA,NO DATA,2,NO DATA,Towne Hill Road,610,Feet,50,3 - Same Direction Sideswipe,East,500183,195875,20,1207,200,State System (State Highways and Class I TH links),US-2,2.12,U002-1207,LRS,Injury,"(44.26268903, -72.49830310)"
2682,VTVSP1200,12A300164,01/12/2012,US Route 2/Towne Hill RD,East Montpelier,NO DATA,NO DATA,2,NO DATA,US Route 2,NO DATA,NO DATA,40,6 - Single Vehicle Crash,NO DATA,500019,195692,20,1207,200,State System (State Highways and Class I TH links),US-2,2.01,U002-1207,LRS,Injury,"(44.26151534, -72.49977327)"
2683,VTVSP1200,12A302762,06/26/2012,US-2 (1548 US Route 2),East Montpelier,NO DATA,NO DATA,2,NO DATA,Towne Hill Road,0,Miles,50,1 - Rear End,West,499850,194954,20,1207,160,State System (State Highways and Class I TH links),US-2,1.54,U002-1207,LRS,Injury,"(44.25519891, -72.50194099)"
2690,VTVSP0300,12C106701,12/08/2012,US-4,Ira,NO DATA,NO DATA,4,NO DATA,US RT 4 NEAR IRA REST AREA,3,Miles,65,6 - Single Vehicle Crash,East,451471,123870,NO DATA,NO DATA,NO DATA,State System (State Highways and Class I TH links),US-4,11.09,U004-1109,LRS,Property Damage Only,"(43.61336707, -73.10107822)"
2691,VT0110200,12RL00124,01/05/2012,US-4 Woodstock Avenue,Rutland City,NO DATA,NO DATA,NO DATA,NO DATA,Tremont Street,NO DATA,NO DATA,35,1 - Rear End,East,462543,123813,NO DATA,NO DATA,NO DATA,State System (State Highways and Class I TH links),US-4,0.44,U004-1119,LRS,Property Damage Only,"(43.61351576, -72.96501235)"
2692,VT0110200,12RL06696,07/12/2012,US-4 (194 Woodstock Avenue),Rutland City,NO DATA,NO DATA,NO DATA,NO DATA,Stewarts Shop Parking Lot,NO DATA,NO DATA,35,"10 - Left Turn and Thru, Angle Broadside -->v--",West,463093,124271,NO DATA,NO DATA,NO DATA,State System (State Highways and Class I TH links),US-4,0.93,U004-1119,LRS,Property Damage Only,"(43.61783335, -72.95731295)"
2693,VT0120200,437145,12/15/2012,US-2 (265 River St.),Montpelier,NO DATA,NO DATA,NO DATA,NO DATA,Vt. Rt. 302,30,Feet,35,"16 - Right Turn and Thru, Same Direction Sideswipe/Angle Crash ^^--",NO DATA,NO DATA,NO DATA,NO DATA,NO DATA,NO DATA,State System (State Highways and Class I TH links),US-2,3.9,U002-1211,LRS,Property Damage Only,"(44.24731528, -72.55001445)"
2694,VT0110200,12RL11720,11/15/2012,US-4 Woodstock Avenue,Rutland City,NO DATA,NO DATA,NO DATA,NO DATA,#86 Irving,NO DATA,NO DATA,35,"10 - Left Turn and Thru, Angle Broadside -->v--",NO DATA,NO DATA,NO DATA,NO DATA,NO DATA,NO DATA,State System (State Highways and Class I TH links),US-4,0.42,U004-1119,LRS,Injury,"(43.61333233, -72.96531896)"
2695,VTVSP0300,12C106152,11/10/2012,US-4,Rutland Town,NO DATA,NO DATA,4,NO DATA,Home Depot,NO DATA,NO DATA,35,1 - Rear End,NO DATA,463462,124835,40,1120,20,State System (State Highways and Class I TH links),US-4,0.18,U004-1120,LRS,Property Damage Only,"(43.62385330, -72.95186845)"
2696,VT0110200,12RL10763,10/19/2012,US-4 Woodstock Avenue,Rutland City,NO DATA,NO DATA,NO DATA,NO DATA,Sherwin Williams,30,Feet,35,1 - Rear End,East,462462,123813,NO DATA,NO DATA,NO DATA,State System (State Highways and Class I TH links),US-4,0.37,U004-1119,LRS,Property Damage Only,"(43.61287376, -72.96608548)"
2703,VT0120200,1211-12-419885,02/25/2012,US-2 (223 River St),Montpelier,NO DATA,NO DATA,2,NO DATA,223 River St.,0,Miles,30,7 - Other - Explain in Narrative,NO DATA,495702,194391,NO DATA,NO DATA,NO DATA,State System (State Highways and Class I TH links),US-2,3.66,U002-1211,LRS,Property Damage Only,"(44.24973489, -72.55337930)"
2704,VTVSP1200,12A300799,02/22/2012,US Route 2,Cabot,NO DATA,NO DATA,2,NO DATA,Danville Hill RD,1,Miles,50,4 - Opp Direction Sideswipe,West,519474,209586,20,1204,1320,State System (State Highways and Class I TH links),US-2,3.31,U002-1204,LRS,Injury,"(44.37298471, -72.26250846)"
2705,VT0110400,12FH01497,10/28/2012,Us Rt 4,Fair Haven,NO DATA,NO DATA,4,NO DATA,Exit 2,NO DATA,NO DATA,65,7 - Other - Explain in Narrative,West,437564,123203,NO DATA,NO DATA,NO DATA,State System (State Highways and Class I TH links),US-4,1.91,U004-1107W,LRS,Property Damage Only,"(43.60633562, -73.27341401)"
2706,VTVSP1200,12A303940,09/07/2012,US-2 (5865 US Route 2),Cabot,NO DATA,NO DATA,2,NO DATA,Porter RD,20,Feet,50,6 - Single Vehicle Crash,East,514777,207027,20,1204,60,State System (State Highways and Class I TH links),US-2,0.34,U002-1204,LRS,Property Damage Only,"(44.36379267, -72.31798954)"
2707,VT0110200,12RL10913,10/23/2012,US-4 Woodstock Avenue,Rutland City,NO DATA,NO DATA,NO DATA,NO DATA,Temple Street,NO DATA,NO DATA,35,"16 - Right Turn and Thru, Same Direction Sideswipe/Angle Crash ^^--",NO DATA,462911,124166,NO DATA,NO DATA,NO DATA,State System (State Highways and Class I TH links),US-4,0.71,U004-1119,LRS,Injury,"(43.61589775, -72.96077110)"
2708,VT0120200,431183,09/01/2012,US-2 River St.,Montpelier,NO DATA,NO DATA,NO DATA,NO DATA,Pioneer St.,NO DATA,NO DATA,35,1 - Rear End,NO DATA,NO DATA,NO DATA,NO DATA,NO DATA,NO DATA,State System (State Highways and Class I TH links),US-2,3.39,U002-1211,LRS,Property Damage Only,"(44.24972521, -72.55879539)"
2709,VT0120600,12BL02760,11/06/2012,US Route 2,Berlin,NO DATA,NO DATA,2,NO DATA,Gun Club Road,0,Miles,50,2 - Head On,East,498103,193033,NO DATA,NO DATA,NO DATA,State System (State Highways and Class I TH links),US-2,1.19,U002-1203,LRS,Injury,"(44.23865137, -72.52252114)"
2716,VT0120200,1211-12-436162,11/27/2012,US-2 River St.,Montpelier,NO DATA,NO DATA,NO DATA,NO DATA,Scribner St.,NO DATA,NO DATA,35,NO DATA,NO DATA,NO DATA,NO DATA,NO DATA,NO DATA,NO DATA,State System (State Highways and Class I TH links),US-2,3.33,U002-1211,LRS,Injury,"(44.24946313, -72.55994763)"
2717,VT0070000,12GIC1665,10/27/2012,US-2,South Hero,NO DATA,NO DATA,2,NO DATA,Landon Rd,500,Feet,40,NO DATA,East,NO DATA,NO DATA,NO DATA,NO DATA,NO DATA,State System (State Highways and Class I TH links),US-2,4.81,U002-0705,LRS,Property Damage Only,"(44.63802540, -73.27318354)"
2718,VT0070000,12GIC0021,01/04/2012,US-2,South Hero,NO DATA,NO DATA,2,NO DATA,Landon Rd,500,Feet,50,6 - Single Vehicle Crash,South,NO DATA,NO DATA,NO DATA,NO DATA,NO DATA,State System (State Highways and Class I TH links),US-2,4.61,U002-0705,LRS,Property Damage Only,"(44.63962665, -73.27645100)"
2719,VT0070000,12GIC1729,11/06/2012,US Route 2,South Hero,NO DATA,NO DATA,2,NO DATA,South Street,NO DATA,NO DATA,35,1 - Rear End,West,436018,238669,NO DATA,NO DATA,NO DATA,State System (State Highways and Class I TH links),US-2,3.04,U002-0705,LRS,Property Damage Only,"(44.64577410, -73.30268120)"
2720,VT0070000,12GIC1592,10/17/2012,US-2,South Hero,NO DATA,NO DATA,2,NO DATA,South St,NO DATA,NO DATA,35,"8 - No Turns, Thru moves only, Broadside ^<",NO DATA,NO DATA,NO DATA,NO DATA,NO DATA,NO DATA,State System (State Highways and Class I TH links),US-2,3.04,U002-0705,LRS,Property Damage Only,"(44.64577410, -73.30268120)"
2721,VT0070000,12GIC1165,08/10/2012,US-2,South Hero,NO DATA,NO DATA,2,NO DATA,Hill Rd,25,Feet,35,3 - Same Direction Sideswipe,South,436329,238708,NO DATA,NO DATA,NO DATA,State System (State Highways and Class I TH links),US-2,3.04,U002-0705,LRS,Property Damage Only,"(44.64577410, -73.30268120)"
2722,VT0070000,12GIC0162,02/03/2012,US-2,South Hero,NO DATA,NO DATA,2,NO DATA,South St,520,Feet,35,3 - Same Direction Sideswipe,South,002-38-702,004-36-422,NO DATA,NO DATA,NO DATA,State System (State Highways and Class I TH links),US-2,2.94,U002-0705,LRS,Property Damage Only,"(44.64559202, -73.30478968)"
2729,VT0110400,12FH01055,08/14/2012,Route 4W,Fair Haven,NO DATA,NO DATA,4,NO DATA,Exit 2 West,NO DATA,NO DATA,55,3 - Same Direction Sideswipe,West,437317,123183,NO DATA,NO DATA,NO DATA,State System (State Highways and Class I TH links),US-4,1.746,U004-1107W,LRS,Property Damage Only,"(43.60620578, -73.27669667)"
2730,VT0070000,12GIC1652,10/24/2012,US-2 (488 Us Rt 2),South Hero,NO DATA,NO DATA,2,NO DATA,NO DATA,NO DATA,NO DATA,35,6 - Single Vehicle Crash,NO DATA,NO DATA,NO DATA,NO DATA,NO DATA,NO DATA,State System (State Highways and Class I TH links),US-2,1.48,U002-0705,LRS,Property Damage Only,"(44.65973844, -73.32183131)"
2731,VT0070000,12GIC0278,02/24/2012,US-2,South Hero,NO DATA,NO DATA,2,NO DATA,Route 314,0,Miles,40,6 - Single Vehicle Crash,North,NO DATA,NO DATA,NO DATA,NO DATA,NO DATA,State System (State Highways and Class I TH links),US-2,0.91,U002-0705,LRS,Property Damage Only,"(44.66798155, -73.32282573)"
2732,VT0070000,12GIC1838,11/28/2012,US-2 (564 Rt 2),South Hero,NO DATA,NO DATA,2,NO DATA,NO DATA,NO DATA,NO DATA,50,6 - Single Vehicle Crash,NO DATA,NO DATA,NO DATA,NO DATA,NO DATA,NO DATA,State System (State Highways and Class I TH links),US-2,0.73,U002-0705,LRS,Property Damage Only,"(44.67047268, -73.32172336)"
2733,VT0070000,12GIC1738,11/08/2012,Route 2 And Town Line Rd,South Hero,NO DATA,NO DATA,2,NO DATA,US Route 2 And Town Line Rd,1500,Feet,50,6 - Single Vehicle Crash,East,NO DATA,NO DATA,NO DATA,NO DATA,NO DATA,State System (State Highways and Class I TH links),US-2,0.28,U002-0705,LRS,Property Damage Only,"(44.67659343, -73.31857820)"
2734,VT0070000,12GIC1735,11/07/2012,US-2,South Hero,NO DATA,NO DATA,2,NO DATA,Town Line Rd,NO DATA,NO DATA,50,6 - Single Vehicle Crash,South,435177,242293,NO DATA,NO DATA,NO DATA,State System (State Highways and Class I TH links),US-2,0.17,U002-0705,LRS,Property Damage Only,"(44.67800843, -73.31754227)"
2735,VT0070000,12GIC0040,01/07/2012,US-2 (641 US Route 2),North Hero,NO DATA,NO DATA,NO DATA,NO DATA,Knights Point State Park,NO DATA,NO DATA,50,6 - Single Vehicle Crash,NO DATA,NO DATA,NO DATA,NO DATA,NO DATA,NO DATA,State System (State Highways and Class I TH links),US-2,8.72,U002-0704,LRS,Injury,"(44.77444358, -73.29402013)"
2742,VT0110200,12RL09154,09/07/2012,Woodstock Avenue,Rutland City,NO DATA,NO DATA,NO DATA,NO DATA,Lafayette Street,NO DATA,NO DATA,35,1 - Rear End,NO DATA,462164,123597,NO DATA,NO DATA,NO DATA,State System (State Highways and Class I TH links),US-4,0.3,U004-1119,LRS,Property Damage Only,"(43.61223232, -72.96715919)"
2743,VT0070000,12GIC1420,09/19/2012,US-2,North Hero,NO DATA,NO DATA,2,NO DATA,Savage Point Rd,NO DATA,NO DATA,99,5 - Rear-to-rear,South,446533,221407,NO DATA,NO DATA,NO DATA,State System (State Highways and Class I TH links),US-2,5.46,U002-0704,LRS,Property Damage Only,"(44.82104955, -73.28777311)"
2744,VT0070000,12GIC0115,01/23/2012,US-2,North Hero,NO DATA,NO DATA,2,NO DATA,City Beach,250,Feet,45,6 - Single Vehicle Crash,West,004-38-172,002-58-297,NO DATA,NO DATA,NO DATA,State System (State Highways and Class I TH links),US-2,5.14,U002-0704,LRS,Injury,"(44.82215373, -73.28168120)"
2745,VT0070000,12GIC0998,07/12/2012,US- 2 (4534),North Hero,NO DATA,NO DATA,2,NO DATA,NO DATA,NO DATA,NO DATA,50,6 - Single Vehicle Crash,NO DATA,NO DATA,NO DATA,20,704,480,State System (State Highways and Class I TH links),US-2,4.81,U002-0704,LRS,Injury,"(44.82540383, -73.27732493)"
2746,VT0070000,12GIC1740,11/08/2012,US Route 2,Grand Isle,NO DATA,NO DATA,2,NO DATA,Town Line Road,NO DATA,NO DATA,50,2 - Head On,North,435475,242854,NO DATA,NO DATA,NO DATA,State System (State Highways and Class I TH links),US-2,6.27,U002-0702,LRS,Property Damage Only,"(44.68022286, -73.31584218)"
2747,VT0070000,12GIC1170,08/11/2012,US-2 (85),Grand Isle,NO DATA,NO DATA,2,NO DATA,Ciara Drive,0,Miles,50,6 - Single Vehicle Crash,NO DATA,NO DATA,NO DATA,NO DATA,NO DATA,NO DATA,State System (State Highways and Class I TH links),US-2,4.96,U002-0702,LRS,Injury,"(44.69749676, -73.30518045)"
2748,VT0070000,12GIC0281,02/24/2012,US-2,Grand Isle,NO DATA,NO DATA,2,NO DATA,106 US Route 2,NO DATA,NO DATA,50,6 - Single Vehicle Crash,NO DATA,NO DATA,NO DATA,NO DATA,NO DATA,NO DATA,State System (State Highways and Class I TH links),US-2,4.64,U002-0702,LRS,Property Damage Only,"(44.70190414, -73.30323944)"
2755,VTVSP0700,12A201258,03/25/2012,US-2 (268 US Route 2),Grand Isle,NO DATA,NO DATA,2,NO DATA,Hyde Road,1,Miles,50,2 - Head On,North,437333,248182,NO DATA,NO DATA,NO DATA,State System (State Highways and Class I TH links),US-2,2.22,U002-0702,LRS,Injury,"(44.73557306, -73.29062650)"
2756,VT0070000,12GIC0461,04/04/2012,US-2,Grand Isle,NO DATA,NO DATA,2,NO DATA,Point Farm West,0,Miles,50,6 - Single Vehicle Crash,North,NO DATA,NO DATA,NO DATA,NO DATA,NO DATA,State System (State Highways and Class I TH links),US-2,0.27,U002-0702,LRS,Property Damage Only,"(44.76327054, -73.28641365)"
2757,VT0070000,12GIC1131,08/03/2012,US-2,Grand Isle,NO DATA,NO DATA,2,NO DATA,Draw Bridge,NO DATA,NO DATA,50,6 - Single Vehicle Crash,NO DATA,1361201,3633047,NO DATA,NO DATA,NO DATA,State System (State Highways and Class I TH links),US-2,0.01,U002-0702,LRS,Property Damage Only,"(44.76607420, -73.28988763)"
2758,VT0070000,12GIC1888,12/10/2012,US-2,Alburgh,NO DATA,NO DATA,2,NO DATA,Route 129,NO DATA,NO DATA,50,2 - Head On,North,438457,268255,NO DATA,NO DATA,NO DATA,State System (State Highways and Class I TH links),US-2,11.63,U002-0701,LRS,Property Damage Only,"(44.88754960, -73.27857503)"
2759,VT0070000,12GIC1904,12/13/2012,US Route 2,Alburgh,NO DATA,NO DATA,2,NO DATA,Wagner Pt Rd,1,Miles,50,6 - Single Vehicle Crash,South,438762,266706,NO DATA,NO DATA,NO DATA,State System (State Highways and Class I TH links),US-2,10.88,U002-0701,LRS,Injury,"(44.89807509, -73.27536297)"
2760,VT0070000,12GIC0602,05/08/2012,618 US Route 2,Alburgh,NO DATA,NO DATA,NO DATA,NO DATA,Summit Rd,0,Miles,50,6 - Single Vehicle Crash,South,NO DATA,NO DATA,NO DATA,NO DATA,NO DATA,State System (State Highways and Class I TH links),US-2,9.85,U002-0701,LRS,Property Damage Only,"(44.91050615, -73.27998264)"
2761,VT0070000,12GIC0274,02/24/2012,US-2 (467 US Route 2),Alburgh,NO DATA,NO DATA,NO DATA,NO DATA,NO DATA,1,Miles,50,6 - Single Vehicle Crash,North,004-38-813,002-70-386,NO DATA,NO DATA,NO DATA,State System (State Highways and Class I TH links),US-2,8.39,U002-0701,LRS,Property Damage Only,"(44.93073681, -73.27453295)"
2769,VT0120200,418993,02/09/2012,US-2 River St.,Montpelier,NO DATA,NO DATA,NO DATA,NO DATA,DJ's Deli,NO DATA,NO DATA,35,1 - Rear End,NO DATA,NO DATA,NO DATA,NO DATA,NO DATA,NO DATA,State System (State Highways and Class I TH links),US-2,3.03,U002-1211,LRS,Unknown,"(44.24915881, -72.56582320)"
2770,VT0070000,12GIC1058,07/24/2012,US-2 (36 North Main St),Alburgh,NO DATA,NO DATA,NO DATA,NO DATA,Missle Base Rd,NO DATA,NO DATA,40,4 - Opp Direction Sideswipe,South,NO DATA,NO DATA,NO DATA,NO DATA,NO DATA,State System (State Highways and Class I TH links),US-2,3.68,U002-0701,LRS,Property Damage Only,"(44.98158618, -73.29780433)"
2771,VT0070000,12GIC0150,01/31/2012,US-2,Alburgh,NO DATA,NO DATA,2,NO DATA,Missle Base Rd,50,Feet,50,"20 - Right Turn and Thru, Angle Broadside -->^--",West,004-37-214,002-76-661,NO DATA,NO DATA,NO DATA,State System (State Highways and Class I TH links),US-2,3.26,U002-0701,LRS,Injury,"(44.98749748, -73.29606510)"
2772,VT0070000,12GIC1704,11/02/2012,US-2,Alburgh,NO DATA,NO DATA,2,NO DATA,Border Rd,300,Feet,50,6 - Single Vehicle Crash,South,437223,276667,NO DATA,NO DATA,NO DATA,State System (State Highways and Class I TH links),US-2,3.21,U002-0701,LRS,Property Damage Only,"(44.98821517, -73.29609522)"
2773,VT0070000,12GIC1947,12/22/2012,US Route 2,Alburgh,NO DATA,NO DATA,2,NO DATA,Border Rd,0,Miles,50,6 - Single Vehicle Crash,West,436669,277103,NO DATA,NO DATA,NO DATA,State System (State Highways and Class I TH links),US-2,2.75,U002-0701,LRS,Property Damage Only,"(44.99118313, -73.30345175)"
2774,VT0070000,12GIC1630,10/22/2012,US-2,Alburgh,NO DATA,NO DATA,2,NO DATA,Windmill Pt Rd,0,Miles,50,2 - Head On,West,435639,277084,NO DATA,NO DATA,NO DATA,State System (State Highways and Class I TH links),US-2,1.85,U002-0701,LRS,Property Damage Only,"(44.99267332, -73.32056333)"
2784,VTVSP0200,12B102657,08/16/2012,US Rt 2,Concord,NO DATA,NO DATA,2,NO DATA,Oregon Road,100,Feet,50,6 - Single Vehicle Crash,West,557653,218566,20,507,120,State System (State Highways and Class I TH links),US-2,10.64,U002-0507,LRS,Property Damage Only,"(44.46494282, -71.77573962)"
2785,VTVSP0200,12B103889,11/26/2012,US Route 2,Concord,NO DATA,NO DATA,2,NO DATA,Carr Brook Lane,50,Feet,50,2 - Head On,West,556763,217944,NO DATA,NO DATA,NO DATA,State System (State Highways and Class I TH links),US-2,10.01,U002-0507,LRS,Injury,"(44.46095677, -71.78658184)"
2786,VTVSP0200,12B102359,07/21/2012,US Route 2,Concord,NO DATA,NO DATA,2,NO DATA,Victory Rd,NO DATA,NO DATA,50,6 - Single Vehicle Crash,NO DATA,552212,218788,20,507,580,State System (State Highways and Class I TH links),US-2,5.46,U002-0507,LRS,Property Damage Only,"(44.46864267, -71.85660412)"
2787,VT0050000,12EXC0230,09/15/2012,US-2,Concord,NO DATA,NO DATA,2,NO DATA,Wesley Road,0,Miles,50,NO DATA,West,NO DATA,NO DATA,20,507,500,State System (State Highways and Class I TH links),US-2,5.42,U002-0507,LRS,Injury,"(44.46832513, -71.85729227)"
2788,VTVSP0200,12B102838,08/31/2012,US Route 2,Concord,NO DATA,NO DATA,2,NO DATA,1058 Main St,100,Feet,50,1 - Rear End,East,549438,215233,20,507,280,State System (State Highways and Class I TH links),US-2,2.84,U002-0507,LRS,Property Damage Only,"(44.43479090, -71.87939730)"
2789,VTVSP0200,12B101339,05/03/2012,1254 US Rt 2,Concord,NO DATA,NO DATA,2,NO DATA,Sawmill Rd,0,Miles,50,6 - Single Vehicle Crash,East,547492,215038,NO DATA,NO DATA,NO DATA,State System (State Highways and Class I TH links),US-2,1.24,U002-0507,LRS,Property Damage Only,"(44.43416413, -71.90366844)"
2807,VT0041000,12WT00062,01/06/2012,US-2 (Williston Road),Williston,NO DATA,NO DATA,2,NO DATA,Maple Tree Place,NO DATA,NO DATA,35,"14 - Left Turn and Thru, Broadside v<--",NO DATA,451732,216557,NO DATA,NO DATA,NO DATA,State System (State Highways and Class I TH links),US-2,1.68,U002-0417,LRS,Injury,"(44.44761094, -73.10643530)"
2808,VT0110400,12FH00276,02/29/2012,US RT 4,Fair Haven,NO DATA,NO DATA,4,NO DATA,Exit 2,0,Miles,65,6 - Single Vehicle Crash,East,437368,123165,NO DATA,NO DATA,NO DATA,State System (State Highways and Class I TH links),US-4,1.79,U004-1107,LRS,Property Damage Only,"(43.60599969, -73.27554899)"
2809,VT0041000,12WT03980,11/07/2012,US-2 Williston Road/St. George Road,Williston,NO DATA,NO DATA,NO DATA,NO DATA,Williston Road,NO DATA,NO DATA,35,"10 - Left Turn and Thru, Angle Broadside -->v--",NO DATA,451372,216769,NO DATA,NO DATA,NO DATA,State System (State Highways and Class I TH links),US-2,1.43,U002-0417,LRS,Property Damage Only,"(44.44957796, -73.11090188)"
2810,VT0110200,12RL06647,07/11/2012,US-4 (48 Woodstock Avenue),Rutland City,NO DATA,NO DATA,NO DATA,NO DATA,Lafayette Street,15,Feet,35,3 - Same Direction Sideswipe,East,462164,123597,NO DATA,NO DATA,NO DATA,State System (State Highways and Class I TH links),US-4,0.22,U004-1119,LRS,Property Damage Only,"(43.61170678, -72.96856541)"
2811,VT0041000,12WT01032,04/03/2012,US-2 Williston Road,Williston,NO DATA,NO DATA,2,NO DATA,Essex Road,20,Feet,35,1 - Rear End,East,451376,216774,NO DATA,NO DATA,NO DATA,State System (State Highways and Class I TH links),US-2,1.43,U002-0417,LRS,Property Damage Only,"(44.44957796, -73.11090188)"
2812,VT0041000,12WT04538,12/19/2012,US-2 Williston Road,Williston,NO DATA,NO DATA,2,NO DATA,Saint George Road,1,Feet,35,2 - Head On,North,451368,216777,NO DATA,NO DATA,NO DATA,State System (State Highways and Class I TH links),US-2,1.42,U002-0417,LRS,Property Damage Only,"(44.44965505, -73.11107383)"
2813,VTVSP0300,12C105867,10/27/2012,US Rt 4,Rutland Town,NO DATA,NO DATA,4,NO DATA,Gleason Rd (TH 10),500,Feet,40,"14 - Left Turn and Thru, Broadside v<--",East,463462,124835,40,1120,20,State System (State Highways and Class I TH links),US-4,0.09,U004-1120,LRS,Property Damage Only,"(43.62275637, -72.95282067)"
2819,VT0041000,12WT03828,10/26/2012,US-2 (5755 Williston Road),Williston,NO DATA,NO DATA,NO DATA,NO DATA,NO DATA,NO DATA,NO DATA,35,"14 - Left Turn and Thru, Broadside v<--",NO DATA,451253,216844,NO DATA,NO DATA,NO DATA,State System (State Highways and Class I TH links),US-2,1.36,U002-0417,LRS,Property Damage Only,"(44.45010074, -73.11208756)"
2820,VT0041000,12WT01199,04/17/2012,US-2 (5755 Route 2),Williston,NO DATA,NO DATA,NO DATA,NO DATA,Texas Roadhouse Entrance,10,Feet,40,"10 - Left Turn and Thru, Angle Broadside -->v--",North,451271,216825,NO DATA,NO DATA,NO DATA,State System (State Highways and Class I TH links),US-2,1.36,U002-0417,LRS,Injury,"(44.45010074, -73.11208756)"
2821,VT0041000,12WT02050,06/26/2012,US-2 (5755 Williston Road),Williston,NO DATA,NO DATA,NO DATA,NO DATA,Route 2 @ Texas Roadhouse,60,Feet,35,"14 - Left Turn and Thru, Broadside v<--",West,451257,216825,NO DATA,NO DATA,NO DATA,State System (State Highways and Class I TH links),US-2,1.35,U002-0417,LRS,Property Damage Only,"(44.45017294, -73.11225831)"
2822,VT0110300,12CT00667,06/11/2012,Route 4 I W/b Mm 10.15,Castleton,NO DATA,NO DATA,NO DATA,4,MM 10.15 W/b,NO DATA,NO DATA,65,6 - Single Vehicle Crash,West,447239,124191,NO DATA,NO DATA,NO DATA,State System (State Highways and Class I TH links),US-4,10.15,U004-1103W,LRS,Property Damage Only,"(43.61569034, -73.11945832)"
2823,VT0041000,12WT02704,08/10/2012,US-2 Williston Road,Williston,NO DATA,NO DATA,2,NO DATA,Harvest Lane,15,Feet,35,3 - Same Direction Sideswipe,East,450887,217078,NO DATA,NO DATA,NO DATA,State System (State Highways and Class I TH links),US-2,1.25,U002-0417,LRS,Property Damage Only,"(44.45090641, -73.11395608)"
2824,VT0041000,12WT04369,12/07/2012,US-2 Williston Road,Williston,NO DATA,NO DATA,2,NO DATA,Blair Park,NO DATA,NO DATA,35,2 - Head On,NO DATA,NO DATA,NO DATA,NO DATA,NO DATA,NO DATA,State System (State Highways and Class I TH links),US-2,1.05,U002-0417,LRS,Property Damage Only,"(44.45239067, -73.11733693)"