ID,Reporting Agency,Report Number,Date,Street Address,Town,Number,Number1,Number2,Number3,Intersection,Distance From Intersection,Distance Unit,Posted Speed,Direction of Collision,Direction from Intersection,Easting,Northing,Mile Marker,Mile Marker 1,Mile Marker 2,AOT Roadway,AOT Route,AOT Actual Mile,LRS Number,How Mapped,Crash Type,Location 1
2825,VT0110200,12RL11588,11/11/2012,US-4 Woodstock Avenue,Rutland City,NO DATA,NO DATA,NO DATA,NO DATA,IFO 124,NO DATA,NO DATA,35,3 - Same Direction Sideswipe,West,462603,123911,NO DATA,NO DATA,NO DATA,State System (State Highways and Class I TH links),US-4,0.6,U004-1119,LRS,Property Damage Only,"(43.61491598, -72.96248668)"
2832,VT0110200,12RL10281,10/07/2012,US-4 Woodstock Avenue,Rutland City,NO DATA,NO DATA,NO DATA,NO DATA,East Street,NO DATA,NO DATA,35,"8 - No Turns, Thru moves only, Broadside ^<",NO DATA,461950,123505,NO DATA,NO DATA,NO DATA,State System (State Highways and Class I TH links),US-4,0.15,U004-1119,LRS,Injury,"(43.61131580, -72.96984704)"
2833,VT0041000,12WT03334,09/21/2012,Williston Road,Williston,NO DATA,NO DATA,2,NO DATA,4735 Williston Road,200,Feet,35,1 - Rear End,East,449897,217707,NO DATA,NO DATA,NO DATA,State System (State Highways and Class I TH links),US-2,0.37,U002-0417,LRS,Property Damage Only,"(44.45768481, -73.12904597)"
2834,VT0041000,12WT04482,12/15/2012,US-2 Williston Road,Williston,NO DATA,NO DATA,2,NO DATA,Industrial Avenue,40,Feet,40,1 - Rear End,East,449939,217685,NO DATA,NO DATA,NO DATA,State System (State Highways and Class I TH links),US-2,0.27,U002-0417,LRS,Property Damage Only,"(44.45837909, -73.13089027)"
2835,VT0041000,12WT02054,06/24/2012,Rt 2 @ Industrial Ave,Williston,NO DATA,NO DATA,NO DATA,NO DATA,Rt 2 @ Industrial Ave,50,Feet,35,1 - Rear End,North,451228,218500,NO DATA,NO DATA,NO DATA,State System (State Highways and Class I TH links),US-2,0.25,U002-0417,LRS,Property Damage Only,"(44.45837009, -73.13128608)"
2836,VT0041000,12WT00594,02/25/2012,US-2 (4580 Williston Road),Williston,NO DATA,NO DATA,2,NO DATA,Engineers Drive,NO DATA,NO DATA,35,1 - Rear End,East,449661,217747,NO DATA,NO DATA,NO DATA,State System (State Highways and Class I TH links),US-2,0.19,U002-0417,LRS,Property Damage Only,"(44.45830768, -73.13242061)"
2837,VT0041000,12WT04460,12/13/2012,US-2 Williston Road,Williston,NO DATA,NO DATA,NO DATA,NO DATA,Miller Lane,NO DATA,NO DATA,35,1 - Rear End,NO DATA,449669,217753,NO DATA,NO DATA,NO DATA,State System (State Highways and Class I TH links),US-2,0.18,U002-0417,LRS,Property Damage Only,"(44.45829880, -73.13260981)"
2838,VT0040300,12SB015936,11/26/2012,US-2 Williston Rd,Williston,NO DATA,2,NO DATA,NO DATA,Gregory Dr,1000,Feet,35,3 - Same Direction Sideswipe,East,449337,217753,NO DATA,NO DATA,NO DATA,State System (State Highways and Class I TH links),US-2,0.11,U002-0417,LRS,Property Damage Only,"(44.45837269, -73.13393159)"
2845,VT0110200,12RL04941,05/31/2012,US-4 (125 Woodstock Avenue),Rutland City,NO DATA,NO DATA,4,NO DATA,Travel Inn,NO DATA,NO DATA,35,1 - Rear End,South,462911,124166,NO DATA,NO DATA,NO DATA,State System (State Highways and Class I TH links),US-4,0.6,U004-1119,LRS,Property Damage Only,"(43.61491598, -72.96248668)"
2846,VT0110200,12RL07744,08/04/2012,US-4 Woodstock Avenue,Rutland City,NO DATA,NO DATA,NO DATA,NO DATA,East Street,NO DATA,NO DATA,30,3 - Same Direction Sideswipe,NO DATA,461950,123505,NO DATA,NO DATA,NO DATA,State System (State Highways and Class I TH links),US-4,0.15,U004-1119,LRS,Property Damage Only,"(43.61131580, -72.96984704)"
2847,VT0120200,424463,05/17/2012,US-2 (75 Berlin Street),Montpelier,NO DATA,NO DATA,2,NO DATA,NO DATA,NO DATA,NO DATA,35,1 - Rear End,NO DATA,NO DATA,NO DATA,NO DATA,NO DATA,NO DATA,State System (State Highways and Class I TH links),US-2,2.43,U002-1211,LRS,Injury,"(44.25481371, -72.57464846)"
2848,VT0110300,12CT01187,10/01/2012,U S Route 4,Castleton,NO DATA,NO DATA,4,NO DATA,Exit 5,1,Miles,65,6 - Single Vehicle Crash,East,447215,124123,NO DATA,NO DATA,NO DATA,State System (State Highways and Class I TH links),US-4,9,U004-1103W,LRS,Property Damage Only,"(43.61558424, -73.14176829)"
2849,VT0110200,12RL08947,09/02/2012,US-4 Woodstock Avenue,Rutland City,NO DATA,NO DATA,NO DATA,NO DATA,17 Woodstock Avenue,NO DATA,NO DATA,35,3 - Same Direction Sideswipe,NO DATA,461947,123500,NO DATA,NO DATA,NO DATA,State System (State Highways and Class I TH links),US-4,0.09,U004-1119,LRS,Property Damage Only,"(43.61101718, -72.97096487)"
2850,VT0110300,12CT00714,06/19/2012,US-4W,Castleton,NO DATA,NO DATA,NO DATA,4,NO DATA,NO DATA,NO DATA,65,6 - Single Vehicle Crash,NO DATA,447755,124015,NO DATA,NO DATA,NO DATA,State System (State Highways and Class I TH links),US-4,8.73,U004-1103W,LRS,Property Damage Only,"(43.61483942, -73.14705724)"
2851,VT0110200,12RL08746,08/28/2012,US-4 Woodstock Avenue,Rutland City,NO DATA,NO DATA,NO DATA,NO DATA,118 Woodstock Avenue,NO DATA,NO DATA,35,"8 - No Turns, Thru moves only, Broadside ^<",NO DATA,462630,123855,NO DATA,NO DATA,NO DATA,State System (State Highways and Class I TH links),US-4,0.56,U004-1119,LRS,Property Damage Only,"(43.61456900, -72.96312144)"
2857,VT0040300,12SB05167,05/03/2012,US-2 (3062 Williston Road),South Burlington,NO DATA,2,NO DATA,NO DATA,NO DATA,NO DATA,NO DATA,35,NO DATA,NO DATA,NO DATA,NO DATA,NO DATA,NO DATA,NO DATA,State System (State Highways and Class I TH links),US-2,2.6,U002-0414,LRS,Property Damage Only,"(44.45843315, -73.14198811)"
2858,VT0110200,12RL05115,06/05/2012,US-4 (Woodstock Avenue),Rutland City,NO DATA,NO DATA,4,NO DATA,North Main Street,NO DATA,NO DATA,35,1 - Rear End,NO DATA,461869,123500,NO DATA,NO DATA,NO DATA,State System (State Highways and Class I TH links),US-4,0,U004-1119,LRS,Property Damage Only,"(43.61065033, -72.97267908)"
2859,VT0040300,12SB005424,05/08/2012,US-2 Williston Road,South Burlington,NO DATA,NO DATA,NO DATA,NO DATA,Calkin Court,NO DATA,NO DATA,35,1 - Rear End,NO DATA,448789,217788,NO DATA,NO DATA,NO DATA,State System (State Highways and Class I TH links),US-2,2.57,U002-0414,LRS,Property Damage Only,"(44.45846100, -73.14257230)"
2860,VT0040300,12SB007058,06/10/2012,US-2 Williston Rd,South Burlington,NO DATA,NO DATA,2,NO DATA,Shunpike Rd,1,Feet,40,"8 - No Turns, Thru moves only, Broadside ^<",NO DATA,448854,217775,NO DATA,NO DATA,NO DATA,State System (State Highways and Class I TH links),US-2,2.57,U002-0414,LRS,Property Damage Only,"(44.45846100, -73.14257230)"
2861,VT0040300,12SB013561,10/10/2012,US-2 Williston Rd,South Burlington,NO DATA,2,NO DATA,NO DATA,1900 Williston Rd,0,Miles,35,1 - Rear End,East,448141,218164,NO DATA,NO DATA,NO DATA,State System (State Highways and Class I TH links),US-2,2.32,U002-0414,LRS,Property Damage Only,"(44.45955259, -73.14705133)"
2862,VT0040300,12SB006740,06/04/2012,US-2 (2001 Williston Road),South Burlington,NO DATA,NO DATA,NO DATA,NO DATA,NO DATA,NO DATA,NO DATA,40,7 - Other - Explain in Narrative,NO DATA,448461,217935,NO DATA,NO DATA,NO DATA,State System (State Highways and Class I TH links),US-2,2.31,U002-0414,LRS,Property Damage Only,"(44.45963051, -73.14721335)"
2863,VT0040300,12SB009230,07/20/2012,US-2 (1961 Williston Road),South Burlington,NO DATA,NO DATA,NO DATA,NO DATA,Aviation Avenue,1,Feet,35,1 - Rear End,North,448319,218033,NO DATA,NO DATA,NO DATA,State System (State Highways and Class I TH links),US-2,2.2,U002-0414,LRS,Injury,"(44.46052982, -73.14903498)"
2869,VT0040300,12SB015358,11/14/2012,US-2 (1877 Williston Road),South Burlington,NO DATA,NO DATA,NO DATA,NO DATA,Vermont Tire,50,NO DATA,35,1 - Rear End,West,NO DATA,NO DATA,NO DATA,NO DATA,NO DATA,State System (State Highways and Class I TH links),US-2,2,U002-0414,LRS,Injury,"(44.46215947, -73.15238647)"
2870,VT0040300,12SB01396,02/21/2012,US-2 (Williston Road West Bound),South Burlington,NO DATA,NO DATA,2,NO DATA,TD Bank @ 1855 Williston Road,NO DATA,NO DATA,35,1 - Rear End,East,NO DATA,NO DATA,NO DATA,NO DATA,NO DATA,State System (State Highways and Class I TH links),US-2,1.99,U002-0414,LRS,Injury,"(44.46223990, -73.15255504)"
2871,VT0040300,12SB011185,08/27/2012,US-2 (1801 Williston Rd),South Burlington,NO DATA,NO DATA,NO DATA,NO DATA,Kennedy Drive,50,Feet,35,"14 - Left Turn and Thru, Broadside v<--",East,448002,218250,NO DATA,NO DATA,NO DATA,State System (State Highways and Class I TH links),US-2,1.96,U002-0414,LRS,Property Damage Only,"(44.46248068, -73.15306122)"
2872,VT0040300,12SB013765,10/14/2012,US-2 (1801 Williston Rd),South Burlington,NO DATA,NO DATA,NO DATA,NO DATA,NO DATA,NO DATA,NO DATA,35,"10 - Left Turn and Thru, Angle Broadside -->v--",NO DATA,448015,218238,NO DATA,NO DATA,NO DATA,State System (State Highways and Class I TH links),US-2,1.94,U002-0414,LRS,Property Damage Only,"(44.46264120, -73.15339868)"
2873,VT0040300,12SB016306,12/03/2012,US-2 (1801 Williston Road),South Burlington,NO DATA,NO DATA,NO DATA,NO DATA,Kennedy Drive,50,Feet,35,1 - Rear End,West,447976,218266,NO DATA,NO DATA,NO DATA,State System (State Highways and Class I TH links),US-2,1.94,U002-0414,LRS,Property Damage Only,"(44.46264120, -73.15339868)"
2874,VT0040300,12SB014101,10/20/2012,US-2 (1801 Williston Road),South Burlington,NO DATA,NO DATA,2,NO DATA,Kennedy Drive,25,Feet,35,1 - Rear End,West,447999,218244,NO DATA,NO DATA,NO DATA,State System (State Highways and Class I TH links),US-2,1.94,U002-0414,LRS,Property Damage Only,"(44.46264120, -73.15339868)"
2875,VT0120200,1211-12-435756,11/19/2012,US-2 Berlin St.,Montpelier,NO DATA,NO DATA,NO DATA,NO DATA,Hill St.,500,Feet,35,1 - Rear End,West,NO DATA,NO DATA,NO DATA,NO DATA,NO DATA,State System (State Highways and Class I TH links),US-2,2.43,U002-1211,LRS,Property Damage Only,"(44.25481371, -72.57464846)"
2881,VT0040300,12SB0011465,08/31/2012,US-2 Williston Road,South Burlington,NO DATA,NO DATA,NO DATA,NO DATA,Airport Drive,NO DATA,NO DATA,35,"11 - Left Turn and Thru, Head On ^v--",NO DATA,447942,218294,NO DATA,NO DATA,NO DATA,State System (State Highways and Class I TH links),US-2,1.89,U002-0414,LRS,Property Damage Only,"(44.46305381, -73.15422950)"
2882,VT0110200,12RL10494,10/13/2012,US-4 Woodstock Avenue,Rutland City,NO DATA,NO DATA,NO DATA,NO DATA,Sheldon Road,NO DATA,NO DATA,35,"8 - No Turns, Thru moves only, Broadside ^<",NO DATA,463093,124271,NO DATA,NO DATA,NO DATA,State System (State Highways and Class I TH links),US-4,0.95,U004-1119,LRS,Property Damage Only,"(43.61800014, -72.95698881)"
2883,VT0040300,12SB014994,11/07/2012,US-2 Williston Road,South Burlington,NO DATA,NO DATA,NO DATA,NO DATA,Kennedy Drive,100,Feet,35,3 - Same Direction Sideswipe,West,447785,218357,NO DATA,NO DATA,NO DATA,State System (State Highways and Class I TH links),US-2,1.88,U002-0414,LRS,Property Damage Only,"(44.46311354, -73.15441435)"
2884,VT0040300,12SB07286,06/15/2012,US-2 (1800 Williston Road),South Burlington,NO DATA,NO DATA,NO DATA,NO DATA,Champlain┬á Farms,NO DATA,NO DATA,99,7 - Other - Explain in Narrative,NO DATA,447880,218346,NO DATA,NO DATA,NO DATA,State System (State Highways and Class I TH links),US-2,1.84,U002-0414,LRS,Property Damage Only,"(44.46332882, -73.15516696)"
2885,VT0040300,12SB00171,01/06/2012,US-2 (1776 Williston Road),South Burlington,NO DATA,NO DATA,2,NO DATA,Kennedy Drive,0,Miles,35,3 - Same Direction Sideswipe,East,447938,218297,NO DATA,NO DATA,NO DATA,State System (State Highways and Class I TH links),US-2,1.8,U002-0414,LRS,Property Damage Only,"(44.46350668, -73.15593907)"
3106,VT0040600,12MT03925,09/25/2012,US Route 2,Milton,NO DATA,NO DATA,NO DATA,NO DATA,Bear Trap Road,1,Miles,55,NO DATA,West,NO DATA,NO DATA,NO DATA,NO DATA,NO DATA,State System (State Highways and Class I TH links),US-2,3.22,U002-0410,LRS,Property Damage Only,"(44.60947977, -73.20882888)"
2886,VT0040300,12SB009966,08/03/2012,US-2 (1725 Williston Rd),South Burlington,NO DATA,2,NO DATA,NO DATA,CarQuest Auto Parts,1000,Feet,35,1 - Rear End,West,447804,218343,NO DATA,NO DATA,NO DATA,State System (State Highways and Class I TH links),US-2,1.8,U002-0414,LRS,Property Damage Only,"(44.46350668, -73.15593907)"
2887,VT0040300,12SB00504,01/19/2012,US-2 (1700 Williston Road),South Burlington,NO DATA,NO DATA,NO DATA,NO DATA,Executive Car Wash,NO DATA,NO DATA,35,"10 - Left Turn and Thru, Angle Broadside -->v--",NO DATA,447739,218373,NO DATA,NO DATA,NO DATA,State System (State Highways and Class I TH links),US-2,1.77,U002-0414,LRS,Property Damage Only,"(44.46363809, -73.15651913)"
2893,VT0040300,12SB00643,01/24/2012,US-2 Williston Road,South Burlington,NO DATA,NO DATA,NO DATA,NO DATA,Mills Avenue,5,Feet,35,NO DATA,North,447461,218465,NO DATA,NO DATA,NO DATA,State System (State Highways and Class I TH links),US-2,1.58,U002-0414,LRS,Property Damage Only,"(44.46448405, -73.16018684)"
2894,VT0110200,12RL09546,09/17/2012,US 4 Woodstock Avenue,Rutland City,NO DATA,NO DATA,NO DATA,NO DATA,Roadway Inn,NO DATA,NO DATA,35,1 - Rear End,NO DATA,462603,123911,NO DATA,NO DATA,NO DATA,State System (State Highways and Class I TH links),US-4,0.56,U004-1119,LRS,Property Damage Only,"(43.61456900, -72.96312144)"
2895,VT0120200,417524,01/13/2012,US-2 Berlin St.,Montpelier,NO DATA,NO DATA,NO DATA,NO DATA,School Ave.,NO DATA,NO DATA,35,"8 - No Turns, Thru moves only, Broadside ^<",NO DATA,NO DATA,NO DATA,NO DATA,NO DATA,NO DATA,State System (State Highways and Class I TH links),US-2,2.26,U002-1211,LRS,Property Damage Only,"(44.25676712, -72.57673145)"
2896,VT0040300,12SB007680,06/23/2012,US-2 Williston Road & Victory Drive,South Burlington,NO DATA,NO DATA,NO DATA,NO DATA,Victory Drive,5,Feet,35,1 - Rear End,West,447257,218521,NO DATA,NO DATA,NO DATA,State System (State Highways and Class I TH links),US-2,1.48,U002-0414,LRS,Property Damage Only,"(44.46491944, -73.16212158)"
2897,VT0040300,12SB07186,06/13/2012,US-2 Williston Road,South Burlington,NO DATA,NO DATA,NO DATA,NO DATA,Front Of 1531 Williston Road,NO DATA,NO DATA,35,1 - Rear End,NO DATA,447236,218535,NO DATA,NO DATA,NO DATA,State System (State Highways and Class I TH links),US-2,1.43,U002-0414,LRS,Property Damage Only,"(44.46514011, -73.16308765)"
2898,VT0040300,12SB015819,11/23/2012,US-2 (1530 Williston Road),South Burlington,NO DATA,NO DATA,NO DATA,NO DATA,Elson Parkway,100,Feet,35,6 - Single Vehicle Crash,South,447108,218583,NO DATA,NO DATA,NO DATA,State System (State Highways and Class I TH links),US-2,1.38,U002-0414,LRS,Injury,"(44.46535876, -73.16405463)"
2899,VT0040300,12SB009781,07/31/2012,US-2 (1438 Williston Road),South Burlington,NO DATA,NO DATA,NO DATA,NO DATA,Chapel's Florist,100,Feet,35,1 - Rear End,East,446654,218719,NO DATA,NO DATA,NO DATA,State System (State Highways and Class I TH links),US-2,1.23,U002-0414,LRS,Property Damage Only,"(44.46601663, -73.16695470)"
2905,VT0120200,1211-12-427862,07/11/2012,US-2 Berlin St.,Montpelier,NO DATA,NO DATA,2,NO DATA,School Ave.,20,Feet,30,1 - Rear End,West,NO DATA,NO DATA,NO DATA,NO DATA,NO DATA,State System (State Highways and Class I TH links),US-2,2.26,U002-1211,LRS,Injury,"(44.25676712, -72.57673145)"
2906,VT0040300,12SB05492,05/09/2012,US-2 (1340 Williston Rd),South Burlington,NO DATA,NO DATA,NO DATA,NO DATA,Mary St,50,Feet,35,1 - Rear End,West,446042,218907,NO DATA,NO DATA,NO DATA,State System (State Highways and Class I TH links),US-2,1.07,U002-0414,LRS,Property Damage Only,"(44.46671769, -73.17004843)"
2907,VT0040300,12SB017566,12/29/2012,US-2 (1340 Williston Road),South Burlington,NO DATA,NO DATA,NO DATA,NO DATA,Patchen Road,200,Feet,35,3 - Same Direction Sideswipe,West,446635,218723,NO DATA,NO DATA,NO DATA,State System (State Highways and Class I TH links),US-2,1.07,U002-0414,LRS,Property Damage Only,"(44.46671769, -73.17004843)"
2908,VT0040300,12SB05375,05/07/2012,US-2 (1340 Williston Road),South Burlington,NO DATA,NO DATA,NO DATA,NO DATA,Cottage Grove Avenue,25,Feet,35,"8 - No Turns, Thru moves only, Broadside ^<",East,446677,218719,NO DATA,NO DATA,NO DATA,State System (State Highways and Class I TH links),US-2,1.07,U002-0414,LRS,Property Damage Only,"(44.46671769, -73.17004843)"
2909,VT0040300,12SB011564,09/02/2012,US-2 (1336 Williston Road),South Burlington,NO DATA,NO DATA,NO DATA,NO DATA,Hinesburg Road,1,Feet,35,6 - Single Vehicle Crash,North,446578,218744,NO DATA,NO DATA,NO DATA,State System (State Highways and Class I TH links),US-2,1.03,U002-0414,LRS,Property Damage Only,"(44.46687793, -73.17082811)"
2910,VT0040300,2012SB1090,02/10/2012,US-2 (1333 Williston Road),South Burlington,NO DATA,NO DATA,2,NO DATA,Gracey's,NO DATA,NO DATA,35,3 - Same Direction Sideswipe,NO DATA,446591,218688,NO DATA,NO DATA,NO DATA,State System (State Highways and Class I TH links),US-2,1.03,U002-0414,LRS,Property Damage Only,"(44.46687793, -73.17082811)"
2911,VT0040300,12SB07571,06/21/2012,US-2 Williston Rd,South Burlington,NO DATA,NO DATA,NO DATA,NO DATA,Patchen Rd,15,Feet,35,1 - Rear End,East,446593,218747,NO DATA,NO DATA,NO DATA,State System (State Highways and Class I TH links),US-2,1,U002-0414,LRS,Property Damage Only,"(44.46699032, -73.17142322)"
2917,VT0120200,1211-12-419220,02/13/2012,US-2 (3 Berlin St.),Montpelier,NO DATA,NO DATA,NO DATA,NO DATA,Northfield St.,NO DATA,NO DATA,25,"10 - Left Turn and Thru, Angle Broadside -->v--",NO DATA,494943,193226,NO DATA,NO DATA,NO DATA,State System (State Highways and Class I TH links),US-2,2.2,U002-1211,LRS,Property Damage Only,"(44.25741179, -72.57754077)"
2980,VT0040300,12SB00310,01/12/2012,US-2 (Williston Road),South Burlington,NO DATA,NO DATA,2,NO DATA,Mary St.,NO DATA,NO DATA,35,3 - Same Direction Sideswipe,NO DATA,446076,218891,NO DATA,NO DATA,NO DATA,State System (State Highways and Class I TH links),US-2,0.67,U002-0414,LRS,Property Damage Only,"(44.46833863, -73.17792264)"
2918,VT0040300,12SB009507,07/25/2012,US-2 Williston Road,South Burlington,NO DATA,NO DATA,NO DATA,NO DATA,Patchen Road,5,Feet,35,"10 - Left Turn and Thru, Angle Broadside -->v--",West,446578,218750,NO DATA,NO DATA,NO DATA,State System (State Highways and Class I TH links),US-2,1,U002-0414,LRS,Property Damage Only,"(44.46699032, -73.17142322)"
2919,VT0040300,12SB00734,01/27/2012,US-2 Williston Road,South Burlington,NO DATA,NO DATA,NO DATA,NO DATA,Hinesburg Road,NO DATA,NO DATA,35,"14 - Left Turn and Thru, Broadside v<--",NO DATA,446579,218739,NO DATA,NO DATA,NO DATA,State System (State Highways and Class I TH links),US-2,1,U002-0414,LRS,Property Damage Only,"(44.46699032, -73.17142322)"
2920,VT0040300,12SB01169,02/13/2012,US-2 Williston Road,South Burlington,NO DATA,NO DATA,NO DATA,NO DATA,Hinesburg & Patchen,NO DATA,NO DATA,35,3 - Same Direction Sideswipe,NO DATA,446597,218739,NO DATA,NO DATA,NO DATA,State System (State Highways and Class I TH links),US-2,1,U002-0414,LRS,Property Damage Only,"(44.46699032, -73.17142322)"
2921,VT0110300,12CT00833,07/17/2012,US-4 E,Castleton,NO DATA,NO DATA,NO DATA,4,MM 9.30 Eastbound,NO DATA,NO DATA,65,6 - Single Vehicle Crash,East,447174,124157,NO DATA,NO DATA,NO DATA,State System (State Highways and Class I TH links),US-4,9.3,U004-1103,LRS,Injury,"(43.61578216, -73.13603182)"
2922,VT0040300,12SB016307,12/03/2012,US-2 Williston Road,South Burlington,NO DATA,NO DATA,NO DATA,NO DATA,Hinesburg Road,100,Feet,35,1 - Rear End,West,446598,218741,NO DATA,NO DATA,NO DATA,State System (State Highways and Class I TH links),US-2,0.98,U002-0414,LRS,Property Damage Only,"(44.46707441, -73.17184804)"
2923,VT0110200,12RL04073,05/09/2012,US-4 (Woodstock Avenue),Rutland City,NO DATA,NO DATA,4,NO DATA,Ross Street,NO DATA,NO DATA,35,1 - Rear End,West,462574,123885,NO DATA,NO DATA,NO DATA,State System (State Highways and Class I TH links),US-4,0.53,U004-1119,LRS,Property Damage Only,"(43.61431221, -72.96360105)"
2929,VT0040300,12SB005600,05/11/2012,US-2 (1302 Williston Road),South Burlington,NO DATA,NO DATA,NO DATA,NO DATA,Right Lane,NO DATA,NO DATA,35,1 - Rear End,NO DATA,446477,218803,NO DATA,NO DATA,NO DATA,State System (State Highways and Class I TH links),US-2,0.95,U002-0414,LRS,Property Damage Only,"(44.46720053, -73.17248527)"
2930,VTVSP0300,12C106027,11/04/2012,US-4 (6196),Mendon,NO DATA,NO DATA,4,NO DATA,NO DATA,15,Feet,50,2 - Head On,East,470610,129248,NO DATA,NO DATA,NO DATA,State System (State Highways and Class I TH links),US-4,4.85,U004-1110,LRS,Property Damage Only,"(43.66292772, -72.86472920)"
2931,VT0040300,12SB01825,03/08/2012,US-2 (Williston Road West),South Burlington,NO DATA,NO DATA,2,NO DATA,In Front Of U-Save @ 1302 Williston Rd,100,Feet,35,"8 - No Turns, Thru moves only, Broadside ^<",NO DATA,446483,218775,NO DATA,NO DATA,NO DATA,State System (State Highways and Class I TH links),US-2,0.94,U002-0414,LRS,Property Damage Only,"(44.46724257, -73.17269768)"
2932,VT0040300,12SB015501,11/16/2012,US-2 Williston Road,South Burlington,NO DATA,NO DATA,NO DATA,NO DATA,La Quinta Hotel,50,Feet,35,3 - Same Direction Sideswipe,East,NO DATA,NO DATA,NO DATA,NO DATA,NO DATA,State System (State Highways and Class I TH links),US-2,0.94,U002-0414,LRS,Property Damage Only,"(44.46724257, -73.17269768)"
2933,VT0040300,12SB02877,04/16/2012,US-2 (1285 Williston Road),South Burlington,NO DATA,NO DATA,NO DATA,NO DATA,Peoples United Bank,0,Miles,35,1 - Rear End,West,446525,218742,NO DATA,NO DATA,NO DATA,State System (State Highways and Class I TH links),US-2,0.93,U002-0414,LRS,Property Damage Only,"(44.46728461, -73.17291009)"
2934,VT0040300,12SB013933,10/17/2012,US-2 Williston Road,South Burlington,NO DATA,NO DATA,NO DATA,NO DATA,# 1302,200,Feet,35,3 - Same Direction Sideswipe,West,446556,218747,NO DATA,NO DATA,NO DATA,State System (State Highways and Class I TH links),US-2,0.91,U002-0414,LRS,Property Damage Only,"(44.46736869, -73.17333491)"
2935,VT0040300,12SB009931,08/02/2012,US-2 Williston Rd,South Burlington,NO DATA,NO DATA,NO DATA,NO DATA,Midas Dr,NO DATA,NO DATA,10,5 - Rear-to-rear,NO DATA,446234,218642,NO DATA,NO DATA,NO DATA,State System (State Highways and Class I TH links),US-2,0.9,U002-0414,LRS,Property Damage Only,"(44.46741073, -73.17354732)"
2941,VT0040300,12SB013335,10/05/2012,US-2 Williston Road,South Burlington,NO DATA,NO DATA,NO DATA,NO DATA,"Haircuts Plus, 1260 Williston Road",NO DATA,NO DATA,35,"10 - Left Turn and Thru, Angle Broadside -->v--",NO DATA,446378,218787,NO DATA,NO DATA,NO DATA,State System (State Highways and Class I TH links),US-2,0.87,U002-0414,LRS,Property Damage Only,"(44.46754141, -73.17417756)"
2942,VT0040300,12SB016880,12/15/2012,US-2 (1260 Williston Rd),South Burlington,NO DATA,NO DATA,NO DATA,NO DATA,NO DATA,NO DATA,NO DATA,25,"8 - No Turns, Thru moves only, Broadside ^<",NO DATA,446381,218821,NO DATA,NO DATA,NO DATA,State System (State Highways and Class I TH links),US-2,0.87,U002-0414,LRS,Property Damage Only,"(44.46754141, -73.17417756)"
2943,VT0040300,12SB010235,08/08/2012,US-2 Williston Road,South Burlington,NO DATA,NO DATA,2,NO DATA,White Street,5,Feet,35,3 - Same Direction Sideswipe,West,446363,218807,NO DATA,NO DATA,NO DATA,State System (State Highways and Class I TH links),US-2,0.87,U002-0414,LRS,Property Damage Only,"(44.46754141, -73.17417756)"
2944,VT0040300,2012SB5450,05/09/2012,Williston Road,South Burlington,NO DATA,NO DATA,NO DATA,NO DATA,Al's French Frys,15,Feet,35,3 - Same Direction Sideswipe,West,446362,218805,NO DATA,NO DATA,NO DATA,State System (State Highways and Class I TH links),US-2,0.87,U002-0414,LRS,Property Damage Only,"(44.46754141, -73.17417756)"
2945,VT0120200,428530,07/22/2012,US-2 (5 Memorial Dr.),Montpelier,NO DATA,NO DATA,NO DATA,NO DATA,Champlain Farms,NO DATA,NO DATA,35,1 - Rear End,NO DATA,NO DATA,NO DATA,NO DATA,NO DATA,NO DATA,State System (State Highways and Class I TH links),US-2,2.09,U002-1211,LRS,Property Damage Only,"(44.25863418, -72.57893743)"
2946,VT0040300,12SB03095,04/24/2012,US-2 (1251 Williston Road),South Burlington,NO DATA,NO DATA,NO DATA,NO DATA,White Street,20,Feet,35,3 - Same Direction Sideswipe,West,446366,218805,NO DATA,NO DATA,NO DATA,State System (State Highways and Class I TH links),US-2,0.87,U002-0414,LRS,Property Damage Only,"(44.46754141, -73.17417756)"
2947,VT0040300,12SB008172,06/30/2012,US-2 Williston Road,South Burlington,NO DATA,NO DATA,NO DATA,NO DATA,White Street,NO DATA,NO DATA,35,3 - Same Direction Sideswipe,East,446412,218795,NO DATA,NO DATA,NO DATA,State System (State Highways and Class I TH links),US-2,0.87,U002-0414,LRS,Property Damage Only,"(44.46754141, -73.17417756)"