ID,Reporting Agency,Report Number,Date,Street Address,Town,Number,Number1,Number2,Number3,Intersection,Distance From Intersection,Distance Unit,Posted Speed,Direction of Collision,Direction from Intersection,Easting,Northing,Mile Marker,Mile Marker 1,Mile Marker 2,AOT Roadway,AOT Route,AOT Actual Mile,LRS Number,How Mapped,Crash Type,Location 1
2954,VT0040300,12SB02974,04/19/2012,1250 Williston Road,South Burlington,NO DATA,NO DATA,NO DATA,NO DATA,Front Of Zachary's Pizza,NO DATA,NO DATA,35,"8 - No Turns, Thru moves only, Broadside ^<",NO DATA,446484,218765,NO DATA,NO DATA,NO DATA,State System (State Highways and Class I TH links),US-2,0.85,U002-0414,LRS,Property Damage Only,"(44.46761054, -73.17455645)"
2955,VT0040300,12SB012482,09/19/2012,US-2 (1241 Williston Road),South Burlington,NO DATA,NO DATA,NO DATA,NO DATA,Dave's Citgo,50,Feet,35,3 - Same Direction Sideswipe,North,446276,218827,NO DATA,NO DATA,NO DATA,State System (State Highways and Class I TH links),US-2,0.84,U002-0414,LRS,Property Damage Only,"(44.46764511, -73.17474589)"
2956,VT0040300,12SB06054,05/20/2012,US-2 (1220 Williston Road),South Burlington,NO DATA,NO DATA,NO DATA,NO DATA,Quizno's/Silver Palace Sign,700,Feet,35,7 - Other - Explain in Narrative,West,446241,218845,NO DATA,NO DATA,NO DATA,State System (State Highways and Class I TH links),US-2,0.81,U002-0414,LRS,Property Damage Only,"(44.46774880, -73.17531421)"
2957,VTVSP0300,12C100367,01/21/2012,US-4 (103),Mendon,NO DATA,NO DATA,4,NO DATA,NO DATA,NO DATA,NO DATA,50,6 - Single Vehicle Crash,NO DATA,470046,128760,NO DATA,NO DATA,NO DATA,State System (State Highways and Class I TH links),US-4,4.39,U004-1110,LRS,Property Damage Only,"(43.65822730, -72.87116778)"
2958,VT0040300,12SB017623,12/30/2012,US-2 (1205 Williston Road),South Burlington,NO DATA,NO DATA,NO DATA,NO DATA,Mcdonalds Restaurant,50,Feet,35,"14 - Left Turn and Thru, Broadside v<--",East,446233,218836,NO DATA,NO DATA,NO DATA,State System (State Highways and Class I TH links),US-2,0.81,U002-0414,LRS,Property Damage Only,"(44.46774880, -73.17531421)"
2959,VT0040300,12SB014716,11/01/2012,US-2 Williston Road,South Burlington,NO DATA,NO DATA,NO DATA,NO DATA,Dunkin Donuts @ 1220 Williston Road,25,Feet,35,"10 - Left Turn and Thru, Angle Broadside -->v--",NO DATA,446135,218878,NO DATA,NO DATA,NO DATA,State System (State Highways and Class I TH links),US-2,0.81,U002-0414,LRS,Property Damage Only,"(44.46774880, -73.17531421)"
2965,VT0040300,12SB016225,12/01/2012,US-2 Williston Rd,South Burlington,NO DATA,2,NO DATA,NO DATA,NO DATA,NO DATA,NO DATA,35,4 - Opp Direction Sideswipe,NO DATA,446240,218844,NO DATA,NO DATA,NO DATA,State System (State Highways and Class I TH links),US-2,0.78,U002-0414,LRS,Property Damage Only,"(44.46786062, -73.17587950)"
2966,VT0120200,422055,04/04/2012,US-2 (Memorial Drive),Montpelier,NO DATA,NO DATA,2,NO DATA,Taylor Street,NO DATA,NO DATA,35,1 - Rear End,NO DATA,493636,195443,NO DATA,NO DATA,NO DATA,State System (State Highways and Class I TH links),US-2,2.05,U002-1211,LRS,Property Damage Only,"(44.25898393, -72.57957818)"
2967,VT0040300,12SB5383,05/07/2012,US-2 (1184 Williston Road),South Burlington,NO DATA,NO DATA,NO DATA,NO DATA,NO DATA,200,Feet,35,3 - Same Direction Sideswipe,East,446162,218868,NO DATA,NO DATA,NO DATA,State System (State Highways and Class I TH links),US-2,0.74,U002-0414,LRS,Property Damage Only,"(44.46801311, -73.17663194)"
2968,VT0040300,12SB012952,09/27/2012,US-2 (1184 Williston Rd),South Burlington,NO DATA,NO DATA,NO DATA,NO DATA,NO DATA,NO DATA,NO DATA,35,1 - Rear End,NO DATA,446158,218862,NO DATA,NO DATA,NO DATA,State System (State Highways and Class I TH links),US-2,0.73,U002-0414,LRS,Injury,"(44.46805848, -73.17681682)"
2969,VT0040300,12SB014988,11/07/2012,US-2 Williston Road,South Burlington,NO DATA,NO DATA,NO DATA,NO DATA,Front Of 1184 Williston Road,NO DATA,NO DATA,35,1 - Rear End,NO DATA,446119,218880,NO DATA,NO DATA,NO DATA,State System (State Highways and Class I TH links),US-2,0.71,U002-0414,LRS,Injury,"(44.46815208, -73.17718532)"
2970,VT0040300,12SB00721,01/27/2012,US-2 (1174 Williston Road),South Burlington,NO DATA,NO DATA,NO DATA,NO DATA,NO DATA,NO DATA,NO DATA,35,"10 - Left Turn and Thru, Angle Broadside -->v--",NO DATA,446099,218895,NO DATA,NO DATA,NO DATA,State System (State Highways and Class I TH links),US-2,0.71,U002-0414,LRS,Property Damage Only,"(44.46815208, -73.17718532)"
2971,VT0110300,12CT00766,07/02/2012,US-4,Castleton,NO DATA,NO DATA,NO DATA,4,Exit 4,NO DATA,NO DATA,55,3 - Same Direction Sideswipe,East,443386,124409,NO DATA,NO DATA,NO DATA,State System (State Highways and Class I TH links),US-4,5.66,U004-1103,LRS,Property Damage Only,"(43.61795786, -73.20326587)"
2978,VT0040300,12SB009403,07/23/2012,US-2 Williston Road,South Burlington,NO DATA,NO DATA,NO DATA,NO DATA,#1160,50,Feet,35,"10 - Left Turn and Thru, Angle Broadside -->v--",East,446104,218884,NO DATA,NO DATA,NO DATA,State System (State Highways and Class I TH links),US-2,0.69,U002-0414,LRS,Property Damage Only,"(44.46824569, -73.17755382)"
2979,VT0040300,12SB015260,11/12/2012,US-2 Williston Rd,South Burlington,NO DATA,2,NO DATA,NO DATA,Dorset Street,1000,Feet,35,3 - Same Direction Sideswipe,East,NO DATA,NO DATA,NO DATA,NO DATA,NO DATA,State System (State Highways and Class I TH links),US-2,0.68,U002-0414,LRS,Property Damage Only,"(44.46829229, -73.17773816)"
2981,VT0110300,12CT00064,01/18/2012,US Route 4,Castleton,NO DATA,NO DATA,4,NO DATA,Exit 4 Eastbound Ramp,1,Miles,65,6 - Single Vehicle Crash,West,440858,123699,NO DATA,NO DATA,NO DATA,State System (State Highways and Class I TH links),US-4,4.09,U004-1103,LRS,Property Damage Only,"(43.61119415, -73.23274553)"
2982,VT0040300,12SB015334,11/13/2012,US-2 Williston Road,South Burlington,NO DATA,2,NO DATA,NO DATA,Mary Street,50,Feet,35,1 - Rear End,West,446030,218917,NO DATA,NO DATA,NO DATA,State System (State Highways and Class I TH links),US-2,0.67,U002-0414,LRS,Property Damage Only,"(44.46833863, -73.17792264)"
2983,VT0040300,12SB000238,01/09/2012,US-2 (1160 Williston Road),South Burlington,NO DATA,NO DATA,2,NO DATA,NO DATA,NO DATA,NO DATA,35,1 - Rear End,NO DATA,446126,218873,NO DATA,NO DATA,NO DATA,State System (State Highways and Class I TH links),US-2,0.66,U002-0414,LRS,Property Damage Only,"(44.46838497, -73.17810712)"
2984,VT0040300,12SB010404,08/11/2012,US-2 Williston Rd,South Burlington,NO DATA,NO DATA,NO DATA,NO DATA,Dorset St,500,Feet,35,1 - Rear End,NO DATA,446025,218879,NO DATA,NO DATA,NO DATA,State System (State Highways and Class I TH links),US-2,0.66,U002-0414,LRS,Property Damage Only,"(44.46838497, -73.17810712)"
2990,VT0040300,12SB012617,09/21/2012,US-2 (1117 Williston Road),South Burlington,NO DATA,NO DATA,NO DATA,NO DATA,Dorset Street,250,Feet,35,"10 - Left Turn and Thru, Angle Broadside -->v--",East,445954,218949,NO DATA,NO DATA,NO DATA,State System (State Highways and Class I TH links),US-2,0.61,U002-0414,LRS,Property Damage Only,"(44.46862009, -73.17902782)"
2991,VT0040300,12SB009972,08/03/2012,US-2 (1117 Williston Road),South Burlington,NO DATA,NO DATA,NO DATA,NO DATA,Trader Dukes/ DoubleTree,200,Feet,35,3 - Same Direction Sideswipe,East,445911,218947,NO DATA,NO DATA,NO DATA,State System (State Highways and Class I TH links),US-2,0.61,U002-0414,LRS,Property Damage Only,"(44.46862009, -73.17902782)"
2992,VT0040300,12SB010096,08/05/2012,US-2 (1117 Williston Rd),South Burlington,NO DATA,NO DATA,NO DATA,NO DATA,NO DATA,NO DATA,NO DATA,35,3 - Same Direction Sideswipe,NO DATA,446013,218918,NO DATA,NO DATA,NO DATA,State System (State Highways and Class I TH links),US-2,0.61,U002-0414,LRS,Property Damage Only,"(44.46862009, -73.17902782)"
2993,VT0040300,12SB002255,03/24/2012,US-2 Williston Road,South Burlington,NO DATA,NO DATA,NO DATA,NO DATA,East Of Doubletree/Best Western Intersection,75,Feet,35,1 - Rear End,East,446082,218902,NO DATA,NO DATA,NO DATA,State System (State Highways and Class I TH links),US-2,0.61,U002-0414,LRS,Property Damage Only,"(44.46862009, -73.17902782)"
2994,VT0040300,12SB06957,06/08/2012,US-2 (1117 Williston Road),South Burlington,NO DATA,NO DATA,NO DATA,NO DATA,Double Tree Hotel,25,Feet,35,3 - Same Direction Sideswipe,West,445995,218922,NO DATA,NO DATA,NO DATA,State System (State Highways and Class I TH links),US-2,0.61,U002-0414,LRS,Property Damage Only,"(44.46862009, -73.17902782)"
2995,VT0040300,12SB011749,09/06/2012,US-2 (1118 Williston Rd),South Burlington,NO DATA,NO DATA,NO DATA,NO DATA,NO DATA,NO DATA,NO DATA,35,1 - Rear End,NO DATA,445967,218967,NO DATA,NO DATA,NO DATA,State System (State Highways and Class I TH links),US-2,0.59,U002-0414,LRS,Property Damage Only,"(44.46871484, -73.17939575)"
2996,VT0110200,12RL08410,08/20/2012,US 4 Woodstock Avenue,Rutland City,NO DATA,NO DATA,NO DATA,NO DATA,Crown Street,NO DATA,NO DATA,35,3 - Same Direction Sideswipe,NO DATA,462288,123663,NO DATA,NO DATA,NO DATA,State System (State Highways and Class I TH links),US-4,0.48,U004-1119,LRS,Property Damage Only,"(43.61386815, -72.96438346)"
3002,VT0040300,2012SB652,01/25/2012,US-2 (1055 Williston Road),South Burlington,NO DATA,NO DATA,NO DATA,NO DATA,Interstate Shell,15,Feet,35,"8 - No Turns, Thru moves only, Broadside ^<",East,445823,218979,NO DATA,NO DATA,NO DATA,State System (State Highways and Class I TH links),US-2,0.53,U002-0414,LRS,Property Damage Only,"(44.46899162, -73.18050317)"
3003,VT0040300,12SB07283,06/15/2012,US-2 Williston Road,South Burlington,NO DATA,NO DATA,NO DATA,NO DATA,"Intrestate Shell,",NO DATA,NO DATA,35,"10 - Left Turn and Thru, Angle Broadside -->v--",NO DATA,445847,218977,NO DATA,NO DATA,NO DATA,State System (State Highways and Class I TH links),US-2,0.53,U002-0414,LRS,Property Damage Only,"(44.46899162, -73.18050317)"
3004,VT0040300,12SB00322,01/12/2012,US-2 (1055 Williston Road),South Burlington,NO DATA,NO DATA,2,NO DATA,Dorset Street,25,Feet,35,1 - Rear End,East,445843,218968,NO DATA,NO DATA,NO DATA,State System (State Highways and Class I TH links),US-2,0.51,U002-0414,LRS,Property Damage Only,"(44.46908138, -73.18087353)"
3005,VT0040300,12SB008430,07/05/2012,US-2 Williston Road,South Burlington,NO DATA,NO DATA,NO DATA,NO DATA,Dorset Street,100,NO DATA,35,"8 - No Turns, Thru moves only, Broadside ^<",East,445871,218953,NO DATA,NO DATA,NO DATA,State System (State Highways and Class I TH links),US-2,0.51,U002-0414,LRS,Property Damage Only,"(44.46908138, -73.18087353)"
3006,VT0040300,12SB006908,06/07/2012,US-2 Williston Road,South Burlington,NO DATA,NO DATA,NO DATA,NO DATA,Dorset Street,1,Feet,35,3 - Same Direction Sideswipe,South,445780,218980,NO DATA,NO DATA,NO DATA,State System (State Highways and Class I TH links),US-2,0.49,U002-0414,LRS,Property Damage Only,"(44.46917234, -73.18124330)"
3007,VT0040300,12SB011699,09/05/2012,US-2 Williston Road,South Burlington,NO DATA,NO DATA,NO DATA,NO DATA,Dorset Street,10,Feet,35,3 - Same Direction Sideswipe,West,445784,218993,NO DATA,NO DATA,NO DATA,State System (State Highways and Class I TH links),US-2,0.49,U002-0414,LRS,Property Damage Only,"(44.46917234, -73.18124330)"
3042,VTVSP1200,12A302114,05/22/2012,USRoute 2,Plainfield,NO DATA,NO DATA,2,NO DATA,Main ST,50,Feet,30,"14 - Left Turn and Thru, Broadside v<--",East,505907,197549,20,1214,128,State System (State Highways and Class I TH links),US-2,1.3,U002-1214,LRS,Injury,"(44.27810274, -72.42562038)"
3008,VT0040300,12SB014570,10/30/2012,US-7 (1068 Williston Road),South Burlington,NO DATA,NO DATA,NO DATA,NO DATA,Holiday Inn,50,Feet,35,NO DATA,South,445808,218988,NO DATA,NO DATA,NO DATA,State System (State Highways and Class I TH links),US-2,0.49,U002-0414,LRS,Property Damage Only,"(44.46917234, -73.18124330)"
3014,VT0040300,12SB011615,09/03/2012,US-2 Willsiton Rd,South Burlington,NO DATA,NO DATA,NO DATA,NO DATA,Dorset┬á St,NO DATA,NO DATA,35,"10 - Left Turn and Thru, Angle Broadside -->v--",NO DATA,445790,218987,NO DATA,NO DATA,NO DATA,State System (State Highways and Class I TH links),US-2,0.49,U002-0414,LRS,Property Damage Only,"(44.46917234, -73.18124330)"
3015,VTVSP0300,12C104692,09/02/2012,US RT 4,Mendon,NO DATA,NO DATA,4,NO DATA,BIRCHWOOD (PVT),NO DATA,NO DATA,50,"8 - No Turns, Thru moves only, Broadside ^<",NO DATA,469871,128590,40,1110,400,State System (State Highways and Class I TH links),US-4,4.24,U004-1110,LRS,Property Damage Only,"(43.65693930, -72.87357670)"
3016,VT0040300,12SB0006477,05/29/2012,US-2 Williston Road,South Burlington,NO DATA,NO DATA,NO DATA,NO DATA,Dorset Street,NO DATA,NO DATA,35,2 - Head On,NO DATA,445891,218958,NO DATA,NO DATA,NO DATA,State System (State Highways and Class I TH links),US-2,0.49,U002-0414,LRS,Property Damage Only,"(44.46917234, -73.18124330)"
3017,VT0040300,12SB008745,07/11/2012,US-2 (1068 Williston Road),South Burlington,NO DATA,NO DATA,NO DATA,NO DATA,Dorset Street,1,Feet,25,3 - Same Direction Sideswipe,West,445782,218991,NO DATA,NO DATA,NO DATA,State System (State Highways and Class I TH links),US-2,0.49,U002-0414,LRS,Property Damage Only,"(44.46917234, -73.18124330)"
3018,VT0040300,12SB06896,06/07/2012,US-2 Williston Road,South Burlington,NO DATA,NO DATA,NO DATA,NO DATA,Dorset Street,5,Feet,35,1 - Rear End,West,445770,219005,NO DATA,NO DATA,NO DATA,State System (State Highways and Class I TH links),US-2,0.49,U002-0414,LRS,Property Damage Only,"(44.46917234, -73.18124330)"
3019,VT0040300,12SB009232,07/20/2012,US-2 (Williston Road),South Burlington,NO DATA,NO DATA,2,NO DATA,Dorset Street,5,Feet,30,3 - Same Direction Sideswipe,West,445769,218996,NO DATA,NO DATA,NO DATA,State System (State Highways and Class I TH links),US-2,0.49,U002-0414,LRS,Property Damage Only,"(44.46917234, -73.18124330)"
3020,VT0040300,12SB007837,06/27/2012,Williston Road Eastbound,South Burlington,NO DATA,NO DATA,NO DATA,NO DATA,Dorset Street,25,Feet,35,1 - Rear End,West,445749,219002,NO DATA,NO DATA,NO DATA,State System (State Highways and Class I TH links),US-2,0.49,U002-0414,LRS,Property Damage Only,"(44.46917234, -73.18124330)"
3027,VT0040300,12SB015592,11/19/2012,US-2 Williston Rd,South Burlington,NO DATA,NO DATA,NO DATA,NO DATA,NO DATA,NO DATA,NO DATA,35,3 - Same Direction Sideswipe,NO DATA,2728736,616890,NO DATA,NO DATA,NO DATA,State System (State Highways and Class I TH links),US-2,0.47,U002-0414,LRS,Property Damage Only,"(44.46927125, -73.18160909)"
3028,VT0040300,12SB06586,05/31/2012,US-2 (1068 Williston Road),South Burlington,NO DATA,NO DATA,2,NO DATA,Dorset Street/Holiday Inn,120,Feet,35,3 - Same Direction Sideswipe,West,445762,219007,NO DATA,NO DATA,NO DATA,State System (State Highways and Class I TH links),US-2,0.47,U002-0414,LRS,Property Damage Only,"(44.46927125, -73.18160909)"
3029,VT0040300,12SB014849,11/03/2012,US-2 Williston Road,South Burlington,NO DATA,NO DATA,NO DATA,NO DATA,I-89 North On Ramp,10,Feet,35,1 - Rear End,East,445748,219027,NO DATA,NO DATA,NO DATA,State System (State Highways and Class I TH links),US-2,0.47,U002-0414,LRS,Injury,"(44.46927125, -73.18160909)"
3030,VT0040300,12SB02607,04/06/2012,US-2 Williston Road,South Burlington,NO DATA,NO DATA,NO DATA,NO DATA,Dorset Street,150,Feet,35,3 - Same Direction Sideswipe,West,445738,219024,NO DATA,NO DATA,NO DATA,State System (State Highways and Class I TH links),US-2,0.46,U002-0414,LRS,Property Damage Only,"(44.46932602, -73.18179796)"
3031,VT0040300,12SB008905,07/14/2012,US-2 Williston Road,South Burlington,NO DATA,NO DATA,2,NO DATA,I-89 Overpass,50,Feet,25,3 - Same Direction Sideswipe,East,445673,219031,NO DATA,NO DATA,NO DATA,State System (State Highways and Class I TH links),US-2,0.35,U002-0414,LRS,Property Damage Only,"(44.46991448, -73.18388382)"
3032,VTVSP0300,12C100454,01/24/2012,US-4,Mendon,NO DATA,NO DATA,4,NO DATA,John's Way,50,Feet,50,1 - Rear End,East,468872,128431,NO DATA,NO DATA,NO DATA,State System (State Highways and Class I TH links),US-4,3.64,U004-1110,LRS,Property Damage Only,"(43.65544366, -72.88531291)"
3033,VT0040300,12SB06684,06/02/2012,US-2 Williston Rd,South Burlington,NO DATA,NO DATA,NO DATA,NO DATA,I-89 Overpass,NO DATA,NO DATA,35,1 - Rear End,NO DATA,445481,219116,NO DATA,NO DATA,NO DATA,State System (State Highways and Class I TH links),US-2,0.32,U002-0414,LRS,Injury,"(44.47008543, -73.18444671)"
3039,VT0040300,12SB009031,07/16/2012,US-2 (840 Williston Road),South Burlington,NO DATA,NO DATA,NO DATA,NO DATA,Interstate 89S On Ramp,75,Feet,35,1 - Rear End,East,445251,219256,NO DATA,NO DATA,NO DATA,State System (State Highways and Class I TH links),US-2,0.18,U002-0414,LRS,Property Damage Only,"(44.47105693, -73.18695467)"
3040,VT0040300,12SB09676,07/28/2012,US-2 (861 Williston Rd),South Burlington,NO DATA,NO DATA,NO DATA,NO DATA,NO DATA,NO DATA,NO DATA,35,1 - Rear End,NO DATA,445224,219274,NO DATA,NO DATA,NO DATA,State System (State Highways and Class I TH links),US-2,0.17,U002-0414,LRS,Property Damage Only,"(44.47113446, -73.18712735)"
3041,VT0040300,12SB12932,09/27/2012,US-2 (861 Williston Road),South Burlington,NO DATA,NO DATA,NO DATA,NO DATA,Staple's Plaza,5,Feet,35,3 - Same Direction Sideswipe,West,445238,219276,NO DATA,NO DATA,NO DATA,State System (State Highways and Class I TH links),US-2,0.16,U002-0414,LRS,Property Damage Only,"(44.47121198, -73.18730004)"
3043,VT0040300,12SB008928,07/14/2012,US-2 (861 Williston Road),South Burlington,NO DATA,NO DATA,NO DATA,NO DATA,NO DATA,1,Feet,35,"14 - Left Turn and Thru, Broadside v<--",North,445226,219272,NO DATA,NO DATA,NO DATA,State System (State Highways and Class I TH links),US-2,0.16,U002-0414,LRS,Property Damage Only,"(44.47121198, -73.18730004)"
3044,VT0110200,12RL08840,08/30/2012,US-4 Woodstock Avenue,Rutland City,NO DATA,NO DATA,NO DATA,NO DATA,Merchants Bank,20,Feet,35,1 - Rear End,West,462543,123813,NO DATA,NO DATA,NO DATA,State System (State Highways and Class I TH links),US-4,0.46,U004-1119,LRS,Property Damage Only,"(43.61369462, -72.96470079)"
3045,VT0040300,12SB017446,12/27/2012,US-2 (861 Williston Rd.),South Burlington,NO DATA,NO DATA,NO DATA,NO DATA,Staples Plaza,NO DATA,NO DATA,30,1 - Rear End,NO DATA,NO DATA,NO DATA,NO DATA,NO DATA,NO DATA,State System (State Highways and Class I TH links),US-2,0.15,U002-0414,LRS,Property Damage Only,"(44.47128944, -73.18747279)"
3051,VT0040300,12SB017321,12/24/2012,US-2 (861 Williston Rd),South Burlington,NO DATA,NO DATA,2,NO DATA,Staples Plaza,NO DATA,NO DATA,99,3 - Same Direction Sideswipe,NO DATA,445264,219229,NO DATA,NO DATA,NO DATA,State System (State Highways and Class I TH links),US-2,0.11,U002-0414,LRS,Property Damage Only,"(44.47159907, -73.18816397)"
3052,VT0120200,434394,10/25/2012,US-2 (1 Bailey Ave.),Montpelier,NO DATA,NO DATA,NO DATA,NO DATA,NO DATA,NO DATA,NO DATA,25,1 - Rear End,NO DATA,NO DATA,NO DATA,NO DATA,NO DATA,NO DATA,State System (State Highways and Class I TH links),US-2,1.72,U002-1211,LRS,Property Damage Only,"(44.26060447, -72.58518251)"
3053,VT0040300,12SB017058,12/19/2012,US-2 (861 Williston Road),South Burlington,NO DATA,NO DATA,NO DATA,NO DATA,Staples Plaza,25,Feet,25,3 - Same Direction Sideswipe,NO DATA,445188,219268,NO DATA,NO DATA,NO DATA,State System (State Highways and Class I TH links),US-2,0.11,U002-0414,LRS,Property Damage Only,"(44.47159907, -73.18816397)"
3054,VT0040300,12SB07507,06/20/2012,US-2 Williston Road W,South Burlington,NO DATA,2,NO DATA,NO DATA,Staples Plaza,NO DATA,NO DATA,35,7 - Other - Explain in Narrative,NO DATA,445823,218985,NO DATA,NO DATA,NO DATA,State System (State Highways and Class I TH links),US-2,0.11,U002-0414,LRS,Property Damage Only,"(44.47159907, -73.18816397)"
3055,VT0040300,12SB010402,08/11/2012,US-2 Williston Road,South Burlington,NO DATA,NO DATA,NO DATA,NO DATA,Intersection For Sheraton/Staples Plaza,NO DATA,NO DATA,35,"10 - Left Turn and Thru, Angle Broadside -->v--",NO DATA,445231,219288,NO DATA,NO DATA,NO DATA,State System (State Highways and Class I TH links),US-2,0.11,U002-0414,LRS,Property Damage Only,"(44.47159907, -73.18816397)"
3056,VT0040300,12SB007426,06/18/2012,US-2 (861 Williston Road),South Burlington,NO DATA,NO DATA,NO DATA,NO DATA,Staples Plaza,NO DATA,NO DATA,35,3 - Same Direction Sideswipe,NO DATA,445272,219233,NO DATA,NO DATA,NO DATA,State System (State Highways and Class I TH links),US-2,0.11,U002-0414,LRS,Property Damage Only,"(44.47159907, -73.18816397)"
3057,VT0040300,12SB009400,07/24/2012,US-2 Williston Road,South Burlington,NO DATA,NO DATA,NO DATA,NO DATA,Sheridan Hotel,75,Feet,35,1 - Rear End,West,445273,219253,NO DATA,NO DATA,NO DATA,State System (State Highways and Class I TH links),US-2,0.1,U002-0414,LRS,Property Damage Only,"(44.47167647, -73.18833677)"
3063,VT0040300,12SB02518,04/03/2012,US-2 (860 Williston Road),South Burlington,NO DATA,NO DATA,NO DATA,NO DATA,Sheraton Cut Through Street,30,NO DATA,99,3 - Same Direction Sideswipe,North,445263,219354,NO DATA,NO DATA,NO DATA,State System (State Highways and Class I TH links),US-2,0.09,U002-0414,LRS,Property Damage Only,"(44.47175388, -73.18850956)"
3064,VT0040300,12SB01367,02/20/2012,(US-2) 861 Williston Road,South Burlington,NO DATA,NO DATA,2,NO DATA,Staples Plaza Main Exit,NO DATA,NO DATA,35,"10 - Left Turn and Thru, Angle Broadside -->v--",NO DATA,445226,219284,NO DATA,NO DATA,NO DATA,State System (State Highways and Class I TH links),US-2,0.09,U002-0414,LRS,Property Damage Only,"(44.47175388, -73.18850956)"
3065,VT0120200,431242,09/02/2012,US-2 Bailey Ave.,Montpelier,NO DATA,NO DATA,NO DATA,NO DATA,State St.,NO DATA,NO DATA,25,"8 - No Turns, Thru moves only, Broadside ^<",NO DATA,NO DATA,NO DATA,NO DATA,NO DATA,NO DATA,State System (State Highways and Class I TH links),US-2,1.62,U002-1211,LRS,Injury,"(44.26197294, -72.58473069)"
3066,VT0040300,2012SB819,01/31/2012,US-2 (861 Williston Road),South Burlington,NO DATA,NO DATA,2,NO DATA,Staples Plaza,50,Feet,35,3 - Same Direction Sideswipe,East,445296,219225,NO DATA,NO DATA,NO DATA,State System (State Highways and Class I TH links),US-2,0.09,U002-0414,LRS,Property Damage Only,"(44.47175388, -73.18850956)"
3067,VT0040300,12SB00510,01/19/2012,US-2 (861 Williston Road),South Burlington,NO DATA,NO DATA,NO DATA,NO DATA,Staples Plaza Parking Lot,75,Feet,99,7 - Other - Explain in Narrative,South,445212,219237,NO DATA,NO DATA,NO DATA,State System (State Highways and Class I TH links),US-2,0.08,U002-0414,LRS,Property Damage Only,"(44.47183129, -73.18868236)"
3068,VT0040300,12SB012818,09/25/2012,US-2 (811 Williston Road),South Burlington,NO DATA,NO DATA,NO DATA,NO DATA,Spear Street,200,Feet,25,1 - Rear End,East,445174,219307,NO DATA,NO DATA,NO DATA,State System (State Highways and Class I TH links),US-2,0.07,U002-0414,LRS,Property Damage Only,"(44.47190869, -73.18885516)"
3069,VTVSP1200,12A301154,03/13/2012,US-2 (2927 US Route 2),Moretown,NO DATA,NO DATA,2,NO DATA,Noyes Road,1,Miles,50,4 - Opp Direction Sideswipe,East,483992,201355,20,1212,280,State System (State Highways and Class I TH links),US-2,2.9,U002-1212,LRS,Injury,"(44.31076290, -72.69861328)"
3076,VT0040300,12SB00319,01/12/2012,US-2 (Williston Road East Bound),South Burlington,NO DATA,NO DATA,2,NO DATA,"University Shell, 801 Williston Road",NO DATA,NO DATA,35,1 - Rear End,West,445169,219310,NO DATA,NO DATA,NO DATA,State System (State Highways and Class I TH links),US-2,0.03,U002-0414,LRS,Property Damage Only,"(44.47221831, -73.18954635)"
3077,VT0040300,12SB00241,01/09/2012,US-2┬á (Williston Road),South Burlington,NO DATA,NO DATA,2,NO DATA,West Entrance To 811 Williston Road,300,Feet,35,3 - Same Direction Sideswipe,West,445155,219313,NO DATA,NO DATA,NO DATA,State System (State Highways and Class I TH links),US-2,0.03,U002-0414,LRS,Property Damage Only,"(44.47221831, -73.18954635)"
3078,VT0040300,12SB013148,10/02/2012,US-2 (801 Williston Road),South Burlington,NO DATA,NO DATA,NO DATA,NO DATA,Champlain Farms Store,0,Miles,35,"14 - Left Turn and Thru, Broadside v<--",East,445934,218961,NO DATA,NO DATA,NO DATA,State System (State Highways and Class I TH links),US-2,0.01,U002-0414,LRS,Property Damage Only,"(44.47237250, -73.18989249)"
3079,VT0040300,12SB013491,10/09/2012,US-2 (801 Williston Rd.),South Burlington,NO DATA,NO DATA,NO DATA,NO DATA,Mobil Station 801 Williston RD.,NO DATA,NO DATA,35,1 - Rear End,NO DATA,NO DATA,NO DATA,NO DATA,NO DATA,NO DATA,State System (State Highways and Class I TH links),US-2,0.01,U002-0414,LRS,Property Damage Only,"(44.47237250, -73.18989249)"