ID,Reporting Agency,Report Number,Date,Street Address,Town,Number,Number1,Number2,Number3,Intersection,Distance From Intersection,Distance Unit,Posted Speed,Direction of Collision,Direction from Intersection,Easting,Northing,Mile Marker,Mile Marker 1,Mile Marker 2,AOT Roadway,AOT Route,AOT Actual Mile,LRS Number,How Mapped,Crash Type,Location 1
3080,VT0040300,12SB013873,10/16/2012,US-2 (1164 Williston Rd),South Burlington,NO DATA,NO DATA,NO DATA,NO DATA,,NO DATA,NO DATA,35,"10 - Left Turn and Thru, Angle Broadside -->v--",NO DATA,446169,218877,NO DATA,NO DATA,NO DATA,State System (State Highways and Class I TH links),US-2,0.7,U002-0414,LRS,Property Damage Only,"(44.46819889, -73.17736957)"
3081,VT0040800,12RM00560,06/30/2012,Rt 2,Richmond,NO DATA,NO DATA,NO DATA,NO DATA,Cochran Road,0,Feet,40,"10 - Left Turn and Thru, Angle Broadside -->v--",North,465168,209351,NO DATA,NO DATA,NO DATA,State System (State Highways and Class I TH links),US-2,6.25,U002-0411,LRS,Property Damage Only,"(44.38306096, -72.93606342)"
3088,VT0040800,12RM00759,08/18/2012,US-2 (13 W Main St),Richmond,NO DATA,NO DATA,2,NO DATA,Bridge St,0,Feet,25,5 - Rear-to-rear,South,460730,211823,NO DATA,NO DATA,NO DATA,State System (State Highways and Class I TH links),US-2,2.71,U002-0411,LRS,Property Damage Only,"(44.40541441, -72.99314952)"
3089,VT0040800,12RM00177,02/24/2012,US-2 W Main St,Richmond,NO DATA,NO DATA,NO DATA,NO DATA,Bridge St,400,Feet,30,1 - Rear End,West,460613,211695,NO DATA,NO DATA,NO DATA,State System (State Highways and Class I TH links),US-2,2.65,U002-0411,LRS,Property Damage Only,"(44.40596945, -72.99407379)"
3090,VT0040800,12RM00009,01/04/2012,US-2 W Main St,Richmond,NO DATA,NO DATA,NO DATA,NO DATA,91 West Main St,0,Feet,30,1 - Rear End,West,NO DATA,NO DATA,NO DATA,NO DATA,NO DATA,State System (State Highways and Class I TH links),US-2,2.62,U002-0411,LRS,Property Damage Only,"(44.40624697, -72.99453594)"
3091,VTVSP0300,12C100142,01/08/2012,US-4,Rutland Town,NO DATA,NO DATA,4,NO DATA,TH 54 (Prior Drive),NO DATA,NO DATA,45,6 - Single Vehicle Crash,NO DATA,463974,125467,NO DATA,NO DATA,NO DATA,State System (State Highways and Class I TH links),US-4,0.6,U004-1120,LRS,Injury,"(43.62849644, -72.94651428)"
3092,VT0040800,12RM00584,07/04/2012,US-2 W Main St,Richmond,NO DATA,NO DATA,2,NO DATA,Mann & Machine,0,Miles,40,1 - Rear End,East,460315,212167,NO DATA,NO DATA,NO DATA,State System (State Highways and Class I TH links),US-2,2.54,U002-0411,LRS,Property Damage Only,"(44.40698679, -72.99576862)"
3093,VT0040800,12RM00162,02/20/2012,920 W Main St,Richmond,NO DATA,NO DATA,2,NO DATA,920 W Main St,10,Feet,50,1 - Rear End,West,NO DATA,NO DATA,NO DATA,NO DATA,NO DATA,State System (State Highways and Class I TH links),US-2,1.78,U002-0411,LRS,Property Damage Only,"(44.41671781, -72.99961704)"
3094,VT0040800,12RM00829,09/04/2012,US-2 (1108 W Main St),Richmond,NO DATA,NO DATA,2,NO DATA,Crate Escape,1,Miles,50,1 - Rear End,East,460272,212868,NO DATA,NO DATA,NO DATA,State System (State Highways and Class I TH links),US-2,1.61,U002-0411,LRS,Injury,"(44.41878373, -73.00143000)"
3101,VT0040800,12RM00188,02/28/2012,US-2 W Main St,Richmond,NO DATA,NO DATA,NO DATA,NO DATA,River Road,25,Feet,40,1 - Rear End,West,459178,213978,NO DATA,NO DATA,NO DATA,State System (State Highways and Class I TH links),US-2,0.94,U002-0411,LRS,Property Damage Only,"(44.42435044, -73.01204958)"
3102,VT0040800,12RM00754,08/16/2012,Us Rt 2,Richmond,NO DATA,NO DATA,2,NO DATA,Rt 117,1,Feet,40,"8 - No Turns, Thru moves only, Broadside ^<",West,459198,213917,NO DATA,NO DATA,NO DATA,State System (State Highways and Class I TH links),US-2,0.94,U002-0411,LRS,Property Damage Only,"(44.42435044, -73.01204958)"
3103,VT0040800,12RM00399,05/07/2012,US-2 W Main St,Richmond,NO DATA,NO DATA,NO DATA,NO DATA,Johnnie Brook Road,10,Feet,25,4 - Opp Direction Sideswipe,East,458795,213811,NO DATA,NO DATA,NO DATA,State System (State Highways and Class I TH links),US-2,0.65,U002-0411,LRS,Property Damage Only,"(44.42344295, -73.01768223)"
3104,VTVSP0300,12C105396,10/06/2012,US-4,Mendon,NO DATA,NO DATA,4,NO DATA,Post Rd,NO DATA,NO DATA,45,"10 - Left Turn and Thru, Angle Broadside -->v--",NO DATA,464222,125692,NO DATA,NO DATA,NO DATA,State System (State Highways and Class I TH links),US-4,0.88,U004-1110,LRS,Property Damage Only,"(43.64600468, -72.92921594)"
3105,VT0040600,12MT00775,03/01/2012,US-2 Bear Trap At Route 2,Milton,NO DATA,NO DATA,NO DATA,NO DATA,Cub Road,NO DATA,NO DATA,55,6 - Single Vehicle Crash,West,NO DATA,NO DATA,NO DATA,NO DATA,NO DATA,State System (State Highways and Class I TH links),US-2,3.22,U002-0410,LRS,Property Damage Only,"(44.60947977, -73.20882888)"
3107,VT0040600,12MT00853,03/08/2012,US Route 2,Milton,NO DATA,NO DATA,2,NO DATA,Sand Bar State Park,1,Miles,55,6 - Single Vehicle Crash,East,441616,236356,20,410,140,State System (State Highways and Class I TH links),US-2,1.65,U002-0410,LRS,Property Damage Only,"(44.62424356, -73.22468343)"
3114,VT0040500,12CC01249,03/01/2012,US RT 2,Colchester,NO DATA,NO DATA,2,NO DATA,Exit 17 Off Ramp E,NO DATA,NO DATA,40,7 - Other - Explain in Narrative,NO DATA,446922,232392,NO DATA,NO DATA,NO DATA,State System (State Highways and Class I TH links),US-2,2.1,U002-0405,LRS,Property Damage Only,"(44.58968632, -73.16825816)"
3115,VT0040500,12CC02261,04/11/2012,RT 2,Colchester,NO DATA,2,NO DATA,NO DATA,"17N Exit Ramp, Roosevelt Highway",0,Miles,50,"14 - Left Turn and Thru, Broadside v<--",West,004-47-035E,002-32-418N,NO DATA,NO DATA,NO DATA,State System (State Highways and Class I TH links),US-2,2.1,U002-0405,LRS,Injury,"(44.58968632, -73.16825816)"
3116,VT0040600,12MT04102,10/05/2012,US Route 2,Colchester,NO DATA,NO DATA,NO DATA,NO DATA,Chimney Corners,NO DATA,NO DATA,40,5 - Rear-to-rear,NO DATA,NO DATA,NO DATA,NO DATA,NO DATA,NO DATA,State System (State Highways and Class I TH links),US-2,2.04,U002-0405,LRS,Injury,"(44.58980383, -73.16938407)"
3117,VT0040500,12CC00456,01/23/2012,ROUTE 2,Colchester,NO DATA,2,NO DATA,NO DATA,I89 NB OFF RAMP,NO DATA,NO DATA,50,7 - Other - Explain in Narrative,NO DATA,446869,232398,NO DATA,NO DATA,NO DATA,State System (State Highways and Class I TH links),US-2,2.04,U002-0405,LRS,Property Damage Only,"(44.58980383, -73.16938407)"
3118,VT0040500,12CC01495,03/14/2012,Roosevelt Hwy (US Rt 2),Colchester,NO DATA,NO DATA,2,NO DATA,Exit 17 Southbound Off Ramp,NO DATA,NO DATA,50,"10 - Left Turn and Thru, Angle Broadside -->v--",NO DATA,446730,232423,NO DATA,NO DATA,NO DATA,State System (State Highways and Class I TH links),US-2,1.95,U002-0405,LRS,Injury,"(44.59012738, -73.17102872)"
3119,VTVSP1200,12A300024,01/02/2012,US Route 2,Middlesex,NO DATA,NO DATA,2,NO DATA,Lower Barnet Hill RD,1,Miles,50,7 - Other - Explain in Narrative,East,489151,196899,20,1210,440,State System (State Highways and Class I TH links),US-2,4.37,U002-1210,LRS,Fatal,"(44.27082790, -72.63180537)"
3120,VT0040500,12CC03686,06/05/2012,US Route 2,Colchester,NO DATA,NO DATA,2,NO DATA,"I 89 NB Off Ramp, Exit 17",NO DATA,NO DATA,50,3 - Same Direction Sideswipe,NO DATA,004-46-879,002-32-398,NO DATA,NO DATA,NO DATA,State System (State Highways and Class I TH links),US-2,1.94,U002-0405,LRS,Property Damage Only,"(44.59017274, -73.17120749)"
3127,VT0040500,12CC00074,01/04/2012,US Rt 2,Colchester,NO DATA,NO DATA,2,NO DATA,I-89 Southbound,NO DATA,NO DATA,50,"10 - Left Turn and Thru, Angle Broadside -->v--",NO DATA,004-46-672,002-32-449,NO DATA,NO DATA,NO DATA,State System (State Highways and Class I TH links),US-2,1.91,U002-0405,LRS,Injury,"(44.59031077, -73.17174285)"
3128,VT0110200,12RL10147,10/03/2012,US-4 Woodstock Avenue,Rutland City,NO DATA,NO DATA,NO DATA,NO DATA,McDonalds Restaurant,NO DATA,NO DATA,35,3 - Same Direction Sideswipe,NO DATA,463093,124271,NO DATA,NO DATA,NO DATA,State System (State Highways and Class I TH links),US-4,0.94,U004-1119,LRS,Property Damage Only,"(43.61791675, -72.95715088)"
3129,VT0040500,12CC02767,05/01/2012,US-2 Roosevelt Hwy,Colchester,NO DATA,NO DATA,2,NO DATA,Jasper Mine Rd,100,Feet,50,1 - Rear End,East,445530,232886,NO DATA,NO DATA,NO DATA,State System (State Highways and Class I TH links),US-2,1.7,U002-0405,LRS,Property Damage Only,"(44.59137214, -73.17590527)"
3130,VT0040500,12CC04555,07/08/2012,US Route 2,Colchester,NO DATA,NO DATA,2,NO DATA,Raymond Road,0,Miles,50,6 - Single Vehicle Crash,East,445469,232900,NO DATA,NO DATA,NO DATA,State System (State Highways and Class I TH links),US-2,1.14,U002-0405,LRS,Property Damage Only,"(44.59428563, -73.18676512)"
3131,VT0040500,12CC07210,10/18/2012,US RT 2,Colchester,NO DATA,NO DATA,2,NO DATA,Raymond Road,100,Feet,55,2 - Head On,West,445357,232925,NO DATA,NO DATA,NO DATA,State System (State Highways and Class I TH links),US-2,1.02,U002-0405,LRS,Property Damage Only,"(44.59477968, -73.18906739)"
3132,VT0040500,12CC04497,07/05/2012,US-2 Roosevelt Highway,Colchester,NO DATA,NO DATA,2,NO DATA,Raymond Road,100,Feet,55,6 - Single Vehicle Crash,West,445100,233010,NO DATA,NO DATA,NO DATA,State System (State Highways and Class I TH links),US-2,1.02,U002-0405,LRS,Property Damage Only,"(44.59477968, -73.18906739)"
3133,VT0040500,12CC01138,02/24/2012,Us Rte 2,Colchester,NO DATA,NO DATA,2,NO DATA,Clay Point Road,0,Miles,55,6 - Single Vehicle Crash,East,444734,233201,NO DATA,NO DATA,NO DATA,State System (State Highways and Class I TH links),US-2,0.51,U002-0405,LRS,Property Damage Only,"(44.59791177, -73.19813163)"
3140,VTVSP1200,12A300836,02/24/2012,US Route 2,Marshfield,NO DATA,NO DATA,2,NO DATA,Folsom Hill Road,NO DATA,NO DATA,35,7 - Other - Explain in Narrative,NO DATA,512360,205786,20,1209,696,State System (State Highways and Class I TH links),US-2,6.96,U002-1209,LRS,Property Damage Only,"(44.35228093, -72.34478764)"
3141,VT0041000,12WT04090,11/16/2012,US-2 Williston Road,Williston,NO DATA,NO DATA,2,NO DATA,Essex Road,NO DATA,NO DATA,35,3 - Same Direction Sideswipe,NO DATA,451402,216755,NO DATA,NO DATA,NO DATA,State System (State Highways and Class I TH links),US-2,1.43,U002-0417,LRS,Property Damage Only,"(44.44957796, -73.11090188)"
3142,VT0130200,12BB02429,04/03/2012,US-5 Roundabout,Brattleboro,NO DATA,NO DATA,NO DATA,NO DATA,X3 Off Ramp,NO DATA,NO DATA,25,NO DATA,NO DATA,004-95-333,000-42-757,NO DATA,NO DATA,NO DATA,State System (State Highways and Class I TH links),US-5,4.62,U005-1302,LRS,Property Damage Only,"(42.88485912, -72.55647556)"
3143,VT0130200,12BB00270,01/12/2012,US-5 Roundabout,Brattleboro,NO DATA,NO DATA,NO DATA,NO DATA,Putney Rd,NO DATA,NO DATA,25,NO DATA,NO DATA,NO DATA,NO DATA,NO DATA,NO DATA,NO DATA,State System (State Highways and Class I TH links),US-5,4.62,U005-1302,LRS,Property Damage Only,"(42.88485912, -72.55647556)"
3144,VT0130200,12BB00355,01/15/2012,US-5 Roundabout,Brattleboro,NO DATA,NO DATA,NO DATA,NO DATA,Putney Rd,NO DATA,NO DATA,25,NO DATA,NO DATA,NO DATA,NO DATA,NO DATA,NO DATA,NO DATA,State System (State Highways and Class I TH links),US-5,4.62,U005-1302,LRS,Property Damage Only,"(42.88485912, -72.55647556)"
3145,VT0130200,12BB01172,02/15/2012,US-5 Roundabout,Brattleboro,NO DATA,NO DATA,NO DATA,NO DATA,Route 9,NO DATA,NO DATA,25,3 - Same Direction Sideswipe,NO DATA,004-95-367,000-42-803,NO DATA,NO DATA,NO DATA,State System (State Highways and Class I TH links),US-5,4.62,U005-1302,LRS,Property Damage Only,"(42.88485912, -72.55647556)"
3146,VT0130200,12BB00960,02/06/2012,US-5┬á (Roundabout) IFO S Ent,Brattleboro,NO DATA,NO DATA,5,NO DATA,Route 9,NO DATA,NO DATA,25,3 - Same Direction Sideswipe,NO DATA,004-95-328,000-42-823,NO DATA,NO DATA,NO DATA,State System (State Highways and Class I TH links),US-5,4.59,U005-1302,LRS,Property Damage Only,"(42.88468423, -72.55693019)"
3153,VT0130200,12BB03404,05/10/2012,US-5 Putney Rd,Brattleboro,NO DATA,NO DATA,NO DATA,NO DATA,McDonalds,NO DATA,NO DATA,35,NO DATA,NO DATA,NO DATA,NO DATA,NO DATA,NO DATA,NO DATA,State System (State Highways and Class I TH links),US-5,4.41,U005-1302,LRS,Property Damage Only,"(42.88228571, -72.55825075)"
3154,VT0130200,12BB01037,02/09/2012,US-5 (1007 Putney Rd),Brattleboro,NO DATA,NO DATA,5,NO DATA,Black Mtn Rd,NO DATA,NO DATA,35,1 - Rear End,NO DATA,004-95-229,000-42-439,NO DATA,NO DATA,NO DATA,State System (State Highways and Class I TH links),US-5,4.37,U005-1302,LRS,Property Damage Only,"(42.88172906, -72.55846441)"
3155,VT0130200,12BB06013,08/06/2012,US-5 Linden St,Brattleboro,NO DATA,NO DATA,NO DATA,NO DATA,American Legion,NO DATA,NO DATA,25,3 - Same Direction Sideswipe,NO DATA,NO DATA,NO DATA,NO DATA,NO DATA,NO DATA,State System (State Highways and Class I TH links),US-5,2.55,U005-1302S,LRS,Property Damage Only,"(42.85635695, -72.56098352)"
3156,VT0130200,12BB06145,08/10/2012,US-5 Putney Rd,Brattleboro,NO DATA,NO DATA,NO DATA,NO DATA,Black Mtn Rd,NO DATA,NO DATA,40,1 - Rear End,NO DATA,004-95-204,000-42-357,NO DATA,NO DATA,NO DATA,State System (State Highways and Class I TH links),US-5,4.35,U005-1302,LRS,Property Damage Only,"(42.88145055, -72.55857032)"
3157,VT0130200,12BB01180,02/15/2012,US-5┬á (Putney Rd),Brattleboro,NO DATA,NO DATA,5,NO DATA,Black Mtn Rd,NO DATA,NO DATA,40,1 - Rear End,NO DATA,004-95-204,000-42-357,NO DATA,NO DATA,NO DATA,State System (State Highways and Class I TH links),US-5,4.35,U005-1302,LRS,Property Damage Only,"(42.88145055, -72.55857032)"
3158,VT0130200,12BB00048,01/03/2012,US-5 Putney Rd,Brattleboro,NO DATA,NO DATA,NO DATA,NO DATA,America's Best Inn,NO DATA,NO DATA,30,NO DATA,NO DATA,004-95-380,000-42-736,NO DATA,NO DATA,NO DATA,State System (State Highways and Class I TH links),US-5,4.33,U005-1302,LRS,Property Damage Only,"(42.88117140, -72.55867309)"
3159,VT0130200,12BB00621,01/25/2012,US-5 Putney Rd,Brattleboro,NO DATA,NO DATA,NO DATA,NO DATA,American Best Inn,NO DATA,NO DATA,40,NO DATA,NO DATA,004-95-218,000-42-319,NO DATA,NO DATA,NO DATA,State System (State Highways and Class I TH links),US-5,4.32,U005-1302,LRS,Property Damage Only,"(42.88103175, -72.55872408)"
3165,VT0130200,12BB02764,04/17/2012,US-5 (Putney Rd),Brattleboro,NO DATA,NO DATA,5,NO DATA,Hanafords Plaza,10,Feet,40,1 - Rear End,NO DATA,004-95-132,000-42-107,NO DATA,NO DATA,NO DATA,State System (State Highways and Class I TH links),US-5,4.18,U005-1302,LRS,Property Damage Only,"(42.87910064, -72.55954603)"
3166,VT0130200,12BB03852,05/26/2012,US-5 (889 Putney Rd),Brattleboro,NO DATA,NO DATA,NO DATA,NO DATA,Colonial Motel,NO DATA,NO DATA,99,1 - Rear End,NO DATA,004-95-124,000-42-105,NO DATA,NO DATA,NO DATA,State System (State Highways and Class I TH links),US-5,4.16,U005-1302,LRS,Property Damage Only,"(42.87882567, -72.55966783)"
3167,VT0130200,12BB01208,02/16/2012,US-5 (896 Putney Rd),Brattleboro,NO DATA,NO DATA,5,NO DATA,IFO Hannafords Entrance,NO DATA,NO DATA,40,7 - Other - Explain in Narrative,NO DATA,004-55-124,000-42-105,NO DATA,NO DATA,NO DATA,State System (State Highways and Class I TH links),US-5,4.16,U005-1302,LRS,Property Damage Only,"(42.87882567, -72.55966783)"
3168,VT0130200,12BB02103,03/22/2012,US-5 (865 Putney Rd),Brattleboro,NO DATA,NO DATA,5,NO DATA,Brattleboro Bowl,NO DATA,NO DATA,40,1 - Rear End,NO DATA,004-95-124,000-42-105,NO DATA,NO DATA,NO DATA,State System (State Highways and Class I TH links),US-5,4.1,U005-1302,LRS,Property Damage Only,"(42.87799241, -72.55999600)"
3169,VT0130200,12BB09334,12/12/2012,US-5 Putney & Chickering Dr,Brattleboro,NO DATA,NO DATA,NO DATA,NO DATA,Chickering Dr,10,Feet,40,7 - Other - Explain in Narrative,North,004-95-068,000-41-893,NO DATA,NO DATA,NO DATA,State System (State Highways and Class I TH links),US-5,4.04,U005-1302,LRS,Property Damage Only,"(42.87714141, -72.56021618)"
3170,VT0130200,12BB04040,06/02/2012,US-5 Putney Rd,Brattleboro,NO DATA,NO DATA,NO DATA,NO DATA,Chickering Drive,10,Feet,40,1 - Rear End,East,004-95-068,000-41-893,NO DATA,NO DATA,NO DATA,State System (State Highways and Class I TH links),US-5,4.04,U005-1302,LRS,Property Damage Only,"(42.87714141, -72.56021618)"
3171,VT0130100,12BF01191,05/05/2012,US-5 Atkinson Street,Rockingham,452,NO DATA,NO DATA,NO DATA,Rockingham Street,NO DATA,NO DATA,25,1 - Rear End,North,NO DATA,NO DATA,NO DATA,NO DATA,NO DATA,State System (State Highways and Class I TH links),US-5,1.05,U005-1314,LRS,Property Damage Only,"(43.13765406, -72.45225513)"
3177,VT0140300,12HF02172,06/26/2012,US-4 (6552 Woodstock Road),Hartford,NO DATA,NO DATA,4,NO DATA,Vermont Institute Of Natural Science (VINS),5,Feet,40,1 - Rear End,South,506992,126877,NO DATA,NO DATA,NO DATA,State System (State Highways and Class I TH links),US-4,2.8,U004-1408,LRS,Property Damage Only,"(43.64224857, -72.41358796)"
3178,VT0130200,12BB09842,12/31/2012,US-5 Main St,Brattleboro,NO DATA,NO DATA,NO DATA,NO DATA,Town Library,NO DATA,NO DATA,25,1 - Rear End,East,004-95-330,000-42-738,NO DATA,NO DATA,NO DATA,State System (State Highways and Class I TH links),US-5,2.47,U005-1302S,LRS,Injury,"(42.85554126, -72.55979850)"
3179,VTVSP1000,12D201859,07/05/2012,US Route 5,Putney,NO DATA,NO DATA,5,NO DATA,Post Office,NO DATA,NO DATA,30,"10 - Left Turn and Thru, Angle Broadside -->v--",NO DATA,498176,52367,50,1313,61,State System (State Highways and Class I TH links),US-5,0.55,U005-1313,LRS,Property Damage Only,"(42.97311335, -72.52189928)"
3180,VT0130100,12BF02138,07/20/2012,US-5 (104 Atkinson Street),Rockingham,NO DATA,NO DATA,NO DATA,NO DATA,Williams Street,NO DATA,NO DATA,25,7 - Other - Explain in Narrative,North,NO DATA,NO DATA,NO DATA,NO DATA,NO DATA,State System (State Highways and Class I TH links),US-5,0.93,U005-1314,LRS,Property Damage Only,"(43.13604390, -72.45136946)"
3181,VT0140300,12HF00550,02/21/2012,US-4 (6800 Woodstock Road),Hartford,NO DATA,NO DATA,4,NO DATA,Quechee Hartland Road,1,Feet,40,"8 - No Turns, Thru moves only, Broadside ^<",West,506490,126969,NO DATA,NO DATA,NO DATA,State System (State Highways and Class I TH links),US-4,2.55,U004-1408,LRS,Property Damage Only,"(43.64293332, -72.41846661)"
3182,VTVSP1000,12D201392,05/19/2012,US Route 5,Putney,NO DATA,NO DATA,5,NO DATA,Post Office,100,Feet,30,7 - Other - Explain in Narrative,South,498182,52265,50,1313,20,State System (State Highways and Class I TH links),US-5,0.53,U005-1313,LRS,Property Damage Only,"(42.97281748, -72.52196377)"
3183,VTVSP0400,12D102229,07/20/2012,US-5 (5362 US Route 5),Westminster,NO DATA,NO DATA,5,NO DATA,NO DATA,NO DATA,NO DATA,35,6 - Single Vehicle Crash,NO DATA,504973,65448,NO DATA,NO DATA,NO DATA,State System (State Highways and Class I TH links),US-5,5.38,U005-1320,LRS,Property Damage Only,"(43.08874579, -72.43902084)"
3201,VT0130200,12BB07564,10/03/2012,US-5 Putney Rd,Brattleboro,NO DATA,NO DATA,NO DATA,NO DATA,629 Putney Rd,NO DATA,NO DATA,40,1 - Rear End,NO DATA,004-95-217,000-41-314,NO DATA,NO DATA,NO DATA,State System (State Highways and Class I TH links),US-5,3.65,U005-1302,LRS,Property Damage Only,"(42.87184295, -72.55823244)"
3202,VT0130200,12BB08771,11/19/2012,US-5 (629 Putney Rd),Brattleboro,NO DATA,NO DATA,NO DATA,NO DATA,Sherwin & WIlliams,NO DATA,NO DATA,35,NO DATA,NO DATA,NO DATA,NO DATA,NO DATA,NO DATA,NO DATA,State System (State Highways and Class I TH links),US-5,3.65,U005-1302,LRS,Property Damage Only,"(42.87184295, -72.55823244)"
3203,VT0130200,12BB03840,05/25/2012,US-5 (629 Putney Rd),Brattleboro,NO DATA,NO DATA,NO DATA,NO DATA,Chittenden Bank,NO DATA,NO DATA,30,1 - Rear End,West,004-95-258,000-41-301,NO DATA,NO DATA,NO DATA,State System (State Highways and Class I TH links),US-5,3.65,U005-1302,LRS,Property Damage Only,"(42.87184295, -72.55823244)"
3204,VT0130200,12BB07139,09/15/2012,US-5 Putney Rd,Brattleboro,NO DATA,NO DATA,NO DATA,NO DATA,Town Crier Drive,NO DATA,NO DATA,40,1 - Rear End,NO DATA,004-95-296,000-41-182,NO DATA,NO DATA,NO DATA,State System (State Highways and Class I TH links),US-5,3.57,U005-1302,LRS,Property Damage Only,"(42.87081264, -72.55751733)"
3205,VT0130200,12BB06909,09/07/2012,US-5 Chesterfield Rd; Route 9,Brattleboro,NO DATA,NO DATA,NO DATA,NO DATA,Roundabout,NO DATA,NO DATA,25,"8 - No Turns, Thru moves only, Broadside ^<",NO DATA,004-95-367,000-42-803,NO DATA,NO DATA,NO DATA,State System (State Highways and Class I TH links),US-5,4.62,U005-1302,LRS,Injury,"(42.88485912, -72.55647556)"
3206,VT0130200,12BB03671,05/20/2012,US-5 (584 Putney Rd),Brattleboro,NO DATA,NO DATA,NO DATA,NO DATA,Town Crier Drive,NO DATA,NO DATA,40,3 - Same Direction Sideswipe,NO DATA,004-95-296,000-41-182,NO DATA,NO DATA,NO DATA,State System (State Highways and Class I TH links),US-5,3.56,U005-1302,LRS,Property Damage Only,"(42.87068087, -72.55743670)"
3207,VT0140300,12HF03046,09/01/2012,US-4 (8828 Woodstock Road),Hartford,NO DATA,NO DATA,4,NO DATA,Scotland By The Yard,NO DATA,Feet,45,3 - Same Direction Sideswipe,NO DATA,504530,126428,NO DATA,NO DATA,NO DATA,State System (State Highways and Class I TH links),US-4,0.51,U004-1408,LRS,Property Damage Only,"(43.63491308, -72.45223855)"
3213,VT0130200,12BB02573,04/09/2012,US-5 (Putney Rd),Brattleboro,NO DATA,NO DATA,5,NO DATA,Spring Tree Rd,NO DATA,NO DATA,30,3 - Same Direction Sideswipe,NO DATA,004-95-359,000-40-820,NO DATA,NO DATA,NO DATA,State System (State Highways and Class I TH links),US-5,3.32,U005-1302,LRS,Injury,"(42.86729183, -72.55660780)"
3214,VT0130200,12BB03237,05/04/2012,US-5 Putney Rd,Brattleboro,NO DATA,NO DATA,NO DATA,NO DATA,Spring Tree Rd,NO DATA,NO DATA,25,1 - Rear End,NO DATA,004-95-359,000-40-820,NO DATA,NO DATA,NO DATA,State System (State Highways and Class I TH links),US-5,3.32,U005-1302,LRS,Property Damage Only,"(42.86729183, -72.55660780)"
3215,VT0140300,12HF01080,04/06/2012,US-5 Hartford Avenue,Hartford,NO DATA,NO DATA,5,NO DATA,Maple Street,NO DATA,NO DATA,30,"8 - No Turns, Thru moves only, Broadside ^<",NO DATA,514556,127996,NO DATA,NO DATA,NO DATA,State System (State Highways and Class I TH links),US-5,4.1,U005-1408,LRS,Property Damage Only,"(43.65206634, -72.31936816)"
3216,VT0130200,12BB02588,04/10/2012,US-5 (464 Putney Rd),Brattleboro,NO DATA,NO DATA,5,NO DATA,Spring Tree Rd,NO DATA,NO DATA,30,"8 - No Turns, Thru moves only, Broadside ^<",NO DATA,000-40-820,004-95-359,NO DATA,NO DATA,NO DATA,State System (State Highways and Class I TH links),US-5,3.32,U005-1302,LRS,Property Damage Only,"(42.86729183, -72.55660780)"
3217,VT0130200,12BB00629,01/24/2012,US-5┬á (Putney Road),Brattleboro,NO DATA,NO DATA,5,NO DATA,Marina Resturant,NO DATA,NO DATA,40,NO DATA,NO DATA,NO DATA,NO DATA,NO DATA,NO DATA,NO DATA,State System (State Highways and Class I TH links),US-5,3.32,U005-1302,LRS,Property Damage Only,"(42.86729183, -72.55660780)"
3218,VT0140300,12HF00274,01/23/2012,US-5 North Hartland Road,Hartford,NO DATA,NO DATA,NO DATA,NO DATA,1087 North Hartland Road,NO DATA,NO DATA,50,6 - Single Vehicle Crash,North,512216,126588,NO DATA,NO DATA,NO DATA,State System (State Highways and Class I TH links),US-5,1.98,U005-1408,LRS,Property Damage Only,"(43.63858049, -72.34884809)"
3219,VT0140000,12WNC0118,09/10/2012,US Route 4,Bridgewater,NO DATA,NO DATA,4,NO DATA,Robinson Road,150,Feet,40,3 - Same Direction Sideswipe,West,NO DATA,NO DATA,40,1405,620,State System (State Highways and Class I TH links),US-4,6.34,U004-1405,LRS,Property Damage Only,"(43.58860400, -72.64339912)"
3226,VT0130200,12BB00091,01/05/2012,US-5 Putney Rd,Brattleboro,NO DATA,NO DATA,NO DATA,NO DATA,Harris Ave,NO DATA,NO DATA,35,1 - Rear End,NO DATA,004-92-051,000-44-045,NO DATA,NO DATA,NO DATA,State System (State Highways and Class I TH links),US-5,2.93,U005-1302,LRS,Property Damage Only,"(42.86180591, -72.55745143)"
3227,VT0130200,12BB02071,03/21/2012,US-5 (214 Putney Rd),Brattleboro,NO DATA,NO DATA,5,NO DATA,Brattleboro,NO DATA,NO DATA,25,1 - Rear End,North,004-95-300,000-40-298,NO DATA,NO DATA,NO DATA,State System (State Highways and Class I TH links),US-5,2.89,U005-1302,LRS,Property Damage Only,"(42.86125015, -72.55769781)"
3228,VT0130200,12BB07589,01/04/2012,US-5 Putney Rd,Brattleboro,NO DATA,NO DATA,NO DATA,NO DATA,Bradley Ave,NO DATA,NO DATA,30,NO DATA,NO DATA,NO DATA,NO DATA,NO DATA,NO DATA,NO DATA,State System (State Highways and Class I TH links),US-5,2.77,U005-1302,LRS,Property Damage Only,"(42.85956852, -72.55837215)"
3229,VTVSP1000,12D201556,06/06/2012,US Route 5,Guilford,NO DATA,NO DATA,5,NO DATA,Guilford Center Road,100,Feet,35,"8 - No Turns, Thru moves only, Broadside ^<",South,493882,35165,50,1307,620,State System (State Highways and Class I TH links),US-5,6.25,U005-1307,LRS,Property Damage Only,"(42.81735300, -72.57511103)"