ID,Reporting Agency,Report Number,Date,Street Address,Town,Number,Number1,Number2,Number3,Intersection,Distance From Intersection,Distance Unit,Posted Speed,Direction of Collision,Direction from Intersection,Easting,Northing,Mile Marker,Mile Marker 1,Mile Marker 2,AOT Roadway,AOT Route,AOT Actual Mile,LRS Number,How Mapped,Crash Type,Location 1
3230,VT0130200,12BB08143,10/25/2012,US-5 Putney Rd,Brattleboro,NO DATA,NO DATA,NO DATA,NO DATA,Bradley Ave,NO DATA,NO DATA,25,NO DATA,NO DATA,NO DATA,NO DATA,NO DATA,NO DATA,NO DATA,State System (State Highways and Class I TH links),US-5,2.77,U005-1302,LRS,Injury,"(42.85956852, -72.55837215)"
3231,VT0130200,12BB04071,06/03/2012,US-5 (125 Putney Rd),Brattleboro,NO DATA,NO DATA,NO DATA,NO DATA,Brattleboro,NO DATA,NO DATA,25,1 - Rear End,NO DATA,004-95-210,000-39-872,NO DATA,NO DATA,NO DATA,State System (State Highways and Class I TH links),US-5,2.73,U005-1302,LRS,Property Damage Only,"(42.85901894, -72.55864272)"
3232,VT0130200,12BB09185,12/06/2012,US-5 Putney Rd,Brattleboro,NO DATA,NO DATA,NO DATA,NO DATA,North St,NO DATA,NO DATA,25,1 - Rear End,South,004-94-231,000-36-876,NO DATA,NO DATA,NO DATA,State System (State Highways and Class I TH links),US-5,2.69,U005-1302,LRS,Property Damage Only,"(42.85847030, -72.55891695)"
3239,VT0130200,12BB08857,11/23/2012,US-5 Putney Rd,Brattleboro,NO DATA,NO DATA,NO DATA,NO DATA,Subway Resturant,NO DATA,NO DATA,25,1 - Rear End,NO DATA,004-95-136,000-39-548,NO DATA,NO DATA,NO DATA,State System (State Highways and Class I TH links),US-5,2.5,U005-1302,LRS,Property Damage Only,"(42.85583824, -72.55988045)"
3240,VT0130200,12BB09406,12/14/2012,US-5 Main St,Brattleboro,NO DATA,NO DATA,NO DATA,NO DATA,Walnut St,NO DATA,NO DATA,25,3 - Same Direction Sideswipe,NO DATA,004-95-112,000-39-522,NO DATA,NO DATA,NO DATA,State System (State Highways and Class I TH links),US-5,2.5,U005-1302,LRS,Property Damage Only,"(42.85583824, -72.55988045)"
3241,VT0140300,12HF04173,12/03/2012,US-5 North Main Street,Hartford,NO DATA,NO DATA,5,NO DATA,Sykes Mt. Avenue,NO DATA,Feet,40,1 - Rear End,NO DATA,513269,127416,NO DATA,NO DATA,NO DATA,State System (State Highways and Class I TH links),US-5,3.07,U005-1408,LRS,Property Damage Only,"(43.64706589, -72.33545097)"
3242,VT0130200,12BB02606,04/11/2012,230 US-5 (Main Street),Brattleboro,NO DATA,NO DATA,5,NO DATA,Post Office,NO DATA,NO DATA,25,1 - Rear End,NO DATA,004-95-347,000-42-804,NO DATA,NO DATA,NO DATA,State System (State Highways and Class I TH links),US-5,2.5,U005-1302,LRS,Property Damage Only,"(42.85583824, -72.55988045)"
3243,VT0130200,12BB04428,06/17/2012,US-5 (224 Main St),Brattleboro,NO DATA,NO DATA,NO DATA,NO DATA,Walnut St,NO DATA,NO DATA,25,NO DATA,NO DATA,004-95-173,000-39-524,NO DATA,NO DATA,NO DATA,State System (State Highways and Class I TH links),US-5,2.46,U005-1302,LRS,Injury,"(42.85532332, -72.55951115)"
3244,VTVSP0400,12D103309,10/10/2012,US-5,Westminster,NO DATA,NO DATA,5,NO DATA,Potter Industrial Dr,NO DATA,NO DATA,50,"10 - Left Turn and Thru, Angle Broadside -->v--",South,504717,67654,NO DATA,NO DATA,NO DATA,State System (State Highways and Class I TH links),US-5,6.9,U005-1320,LRS,Injury,"(43.10869267, -72.44201960)"
3245,VTVSP1100,12D304162,09/17/2012,US-4,Bridgewater,NO DATA,NO DATA,4,NO DATA,100a And US Rte 4,NO DATA,NO DATA,50,1 - Rear End,West,487317,120925,NO DATA,NO DATA,NO DATA,State System (State Highways and Class I TH links),US-4,5.67,U004-1405,LRS,Property Damage Only,"(43.58823515, -72.65627238)"
3251,VT0130200,12BB06419,08/20/2012,US-5 (204 Main St),Brattleboro,NO DATA,NO DATA,NO DATA,NO DATA,US Post Office,NO DATA,NO DATA,25,NO DATA,NO DATA,004-95-171,000-39-402,NO DATA,NO DATA,NO DATA,State System (State Highways and Class I TH links),US-5,2.4,U005-1302,LRS,Property Damage Only,"(42.85454927, -72.55905492)"
3252,VT0130200,12BB06765,09/02/2012,US-5 (207 Main St),Brattleboro,NO DATA,NO DATA,NO DATA,NO DATA,Post Office,NO DATA,NO DATA,25,NO DATA,NO DATA,004-95-188,000-39-236,NO DATA,NO DATA,NO DATA,State System (State Highways and Class I TH links),US-5,2.39,U005-1302,LRS,Property Damage Only,"(42.85441417, -72.55899973)"
3253,VT0130200,12BB01158,02/14/2012,US-5 (Main Street),Brattleboro,NO DATA,NO DATA,5,NO DATA,Post Office,NO DATA,NO DATA,25,1 - Rear End,NO DATA,004-95-188,000-39-373,NO DATA,NO DATA,NO DATA,State System (State Highways and Class I TH links),US-5,2.39,U005-1302,LRS,Property Damage Only,"(42.85441417, -72.55899973)"
3254,VT0130200,12BB03775,05/23/2012,US-5 Main St,Brattleboro,NO DATA,NO DATA,NO DATA,NO DATA,Masonic Building,NO DATA,NO DATA,25,NO DATA,NO DATA,NO DATA,NO DATA,NO DATA,NO DATA,NO DATA,State System (State Highways and Class I TH links),US-5,2.37,U005-1302,LRS,Property Damage Only,"(42.85414398, -72.55888934)"
3255,VT0130200,12BB06418,08/20/2012,US-5 (182 Main Street),Brattleboro,NO DATA,NO DATA,NO DATA,NO DATA,Brown And Roberts Hardware,40,Feet,25,3 - Same Direction Sideswipe,South,004-95-188,000-39-236,NO DATA,NO DATA,NO DATA,State System (State Highways and Class I TH links),US-5,2.35,U005-1302,LRS,Property Damage Only,"(42.85387379, -72.55877895)"
3256,VT0130200,12BB08476,11/08/2012,US-5 Main St,Brattleboro,NO DATA,NO DATA,NO DATA,NO DATA,Brown & Roberts,NO DATA,NO DATA,25,3 - Same Direction Sideswipe,NO DATA,004-95-215,000-39-269,NO DATA,NO DATA,NO DATA,State System (State Highways and Class I TH links),US-5,2.34,U005-1302,LRS,Property Damage Only,"(42.85373870, -72.55872375)"
3257,VT0130200,12BB03192,04/24/2012,US-5 (182 Main St),Brattleboro,NO DATA,NO DATA,NO DATA,NO DATA,Brown & Roberts,NO DATA,NO DATA,25,NO DATA,NO DATA,NO DATA,NO DATA,NO DATA,NO DATA,NO DATA,State System (State Highways and Class I TH links),US-5,2.34,U005-1302,LRS,Property Damage Only,"(42.85373870, -72.55872375)"
3263,VT0130200,12BB02249,03/27/2012,US-5 (151 Main Street),Brattleboro,NO DATA,NO DATA,5,NO DATA,Renasaince Jewlers,NO DATA,NO DATA,25,NO DATA,NO DATA,NO DATA,NO DATA,NO DATA,NO DATA,NO DATA,State System (State Highways and Class I TH links),US-5,2.29,U005-1302,LRS,Property Damage Only,"(42.85305416, -72.55842456)"
3264,VT0140000,12WNC0085,07/15/2012,US-4 (4569 US Route 4),Bridgewater,NO DATA,NO DATA,4,NO DATA,Nearest: Bridgewater Center Road,NO DATA,Feet,50,"8 - No Turns, Thru moves only, Broadside ^<",West,486126,122046,NO DATA,NO DATA,NO DATA,State System (State Highways and Class I TH links),US-4,1.58,U004-1405,LRS,Injury,"(43.59968387, -72.72217868)"
3265,VT0130200,12BB01988,03/18/2012,US-5 (128 Main Street),Brattleboro,NO DATA,NO DATA,5,NO DATA,NO DATA,NO DATA,NO DATA,25,"14 - Left Turn and Thru, Broadside v<--",NO DATA,004-95-224,000-39-201,NO DATA,NO DATA,NO DATA,State System (State Highways and Class I TH links),US-5,2.28,U005-1302,LRS,Injury,"(42.85291341, -72.55835484)"
3266,VT0130200,12BB04917,07/01/2012,US-5 (118 Main St),Brattleboro,NO DATA,NO DATA,NO DATA,NO DATA,The Works,NO DATA,NO DATA,25,NO DATA,NO DATA,004-95-251,000-39-269,NO DATA,NO DATA,NO DATA,State System (State Highways and Class I TH links),US-5,2.26,U005-1302,LRS,Property Damage Only,"(42.85263233, -72.55821388)"
3267,VT0130200,12BB02233,03/27/2012,US-5 Main St,Brattleboro,NO DATA,NO DATA,NO DATA,NO DATA,Elliot St,10,Feet,25,3 - Same Direction Sideswipe,North,004-59-898,001-66-762,NO DATA,NO DATA,NO DATA,State System (State Highways and Class I TH links),US-5,2.23,U005-1302,LRS,Property Damage Only,"(42.85221596, -72.55798393)"
3268,VT0130200,12BB04427,06/15/2012,US-5 Main St,Brattleboro,NO DATA,NO DATA,NO DATA,NO DATA,Elliot St,NO DATA,NO DATA,25,NO DATA,NO DATA,NO DATA,NO DATA,NO DATA,NO DATA,NO DATA,State System (State Highways and Class I TH links),US-5,2.23,U005-1302,LRS,Property Damage Only,"(42.85221596, -72.55798393)"
3269,VT0130200,12BB05515,07/21/2012,US-5 Main St,Brattleboro,NO DATA,NO DATA,NO DATA,NO DATA,Elliot St,NO DATA,NO DATA,25,NO DATA,NO DATA,NO DATA,NO DATA,NO DATA,NO DATA,NO DATA,State System (State Highways and Class I TH links),US-5,2.23,U005-1302,LRS,Property Damage Only,"(42.85221596, -72.55798393)"
3276,VT0130200,12BB07716,10/09/2012,US-5 (50 Main St),Brattleboro,NO DATA,NO DATA,NO DATA,NO DATA,Flat St,NO DATA,NO DATA,25,6 - Single Vehicle Crash,NO DATA,004-95-304,000-39-033,NO DATA,NO DATA,NO DATA,State System (State Highways and Class I TH links),US-5,2.18,U005-1302,LRS,Property Damage Only,"(42.85153894, -72.55765268)"
3277,VT0130200,12BB04641,06/22/2012,US-5 Roundabout,Brattleboro,NO DATA,NO DATA,NO DATA,NO DATA,Route 9,NO DATA,NO DATA,25,1 - Rear End,NO DATA,004-95-367,000-42-803,NO DATA,NO DATA,NO DATA,State System (State Highways and Class I TH links),US-5,4.62,U005-1302,LRS,Property Damage Only,"(42.88485912, -72.55647556)"
3278,VT0130200,12BB06388,08/19/2012,US-5 Main St,Brattleboro,NO DATA,NO DATA,NO DATA,NO DATA,Evans James Limited,NO DATA,NO DATA,25,NO DATA,NO DATA,NO DATA,NO DATA,NO DATA,NO DATA,NO DATA,State System (State Highways and Class I TH links),US-5,2.17,U005-1302,LRS,Property Damage Only,"(42.85139784, -72.55761138)"
3279,VT0130200,12BB05286,07/13/2012,US-5 (41 Main St),Brattleboro,NO DATA,NO DATA,NO DATA,NO DATA,Knit Or Dye,NO DATA,NO DATA,25,NO DATA,NO DATA,004-95-298,000-39-037,NO DATA,NO DATA,NO DATA,State System (State Highways and Class I TH links),US-5,2.16,U005-1302,LRS,Property Damage Only,"(42.85125653, -72.55757140)"
3280,VT0130200,12BB06847,09/05/2012,US-5 Main St,Brattleboro,NO DATA,NO DATA,NO DATA,NO DATA,Bridge St,NO DATA,NO DATA,25,3 - Same Direction Sideswipe,NO DATA,004-95-310,000-38-993,NO DATA,NO DATA,NO DATA,State System (State Highways and Class I TH links),US-5,2.13,U005-1302,LRS,Property Damage Only,"(42.85083571, -72.55744339)"
3281,VT0130200,12BB00268,01/12/2012,US-5 Main St,Brattleboro,NO DATA,NO DATA,NO DATA,NO DATA,Bridge St,NO DATA,NO DATA,25,1 - Rear End,NO DATA,004-95-248,000-38-961,NO DATA,NO DATA,NO DATA,State System (State Highways and Class I TH links),US-5,2.13,U005-1302,LRS,Property Damage Only,"(42.85083571, -72.55744339)"
3282,VT0130200,12BB02727,04/15/2012,US-5 (Main Street),Brattleboro,NO DATA,NO DATA,5,NO DATA,Canal St,NO DATA,NO DATA,25,NO DATA,NO DATA,NO DATA,NO DATA,NO DATA,NO DATA,NO DATA,State System (State Highways and Class I TH links),US-5,2.12,U005-1302,LRS,Property Damage Only,"(42.85069946, -72.55749376)"
3288,VT0130200,12BB09801,12/29/2012,US-5 (10 Canal St),Brattleboro,NO DATA,NO DATA,NO DATA,NO DATA,NO DATA,NO DATA,NO DATA,25,3 - Same Direction Sideswipe,NO DATA,004-95-251,000-38-900,NO DATA,NO DATA,NO DATA,State System (State Highways and Class I TH links),US-5,2.07,U005-1302,LRS,Property Damage Only,"(42.85019994, -72.55815788)"
3289,VT0130200,12BB04106,05/30/2012,US-5 (10 Canal Street),Brattleboro,NO DATA,NO DATA,NO DATA,NO DATA,10 Canal St,NO DATA,NO DATA,20,NO DATA,NO DATA,NO DATA,NO DATA,NO DATA,NO DATA,NO DATA,State System (State Highways and Class I TH links),US-5,2.07,U005-1302,LRS,Property Damage Only,"(42.85019994, -72.55815788)"
3290,VT0130200,12BB07206,09/18/2012,US-5 (9 Canal St),Brattleboro,NO DATA,NO DATA,NO DATA,NO DATA,Brattleboro Food Co-op,NO DATA,NO DATA,25,"20 - Right Turn and Thru, Angle Broadside -->^--",NO DATA,004-95-251,000-38-900,NO DATA,NO DATA,NO DATA,State System (State Highways and Class I TH links),US-5,2.06,U005-1302,LRS,Property Damage Only,"(42.85012754, -72.55832730)"
3291,VT0130200,12BB05582,07/23/2012,US-5 (29 Canal St),Brattleboro,NO DATA,NO DATA,NO DATA,NO DATA,Clark St,NO DATA,NO DATA,25,3 - Same Direction Sideswipe,NO DATA,004-95-172,000-38-829,NO DATA,NO DATA,NO DATA,State System (State Highways and Class I TH links),US-5,2.03,U005-1302,LRS,Property Damage Only,"(42.84986007, -72.55878402)"
3292,VT0130200,12BB09775,12/28/2012,US-5 Main St,Brattleboro,NO DATA,NO DATA,NO DATA,NO DATA,Canal St,NO DATA,NO DATA,25,1 - Rear End,NO DATA,004-95-310,000-38-993,NO DATA,NO DATA,NO DATA,State System (State Highways and Class I TH links),US-5,2.01,U005-1302,LRS,Property Damage Only,"(42.84964245, -72.55904092)"
3293,VT0130100,12BF00951,04/15/2012,US-5 Atkinson Street,Rockingham,NO DATA,NO DATA,NO DATA,NO DATA,Westminster Street,10,Feet,25,NO DATA,South,NO DATA,NO DATA,NO DATA,NO DATA,NO DATA,State System (State Highways and Class I TH links),US-5,0.29,U005-1314,LRS,Property Damage Only,"(43.12856822, -72.44465721)"
3294,VTVSP1100,12D300227,01/15/2012,US-4 (586 USRT 4),Bridgewater,NO DATA,NO DATA,4,NO DATA,BLANCHE & BILLS PANCAKE HOUSE,NO DATA,NO DATA,50,2 - Head On,NO DATA,480658,122573,NO DATA,NO DATA,NO DATA,State System (State Highways and Class I TH links),US-4,0.58,U004-1405,LRS,Fatal,"(43.60300944, -72.73980427)"
3300,VT0130200,12BB01656,03/05/2012,USD-5 (125 Canal Street),Brattleboro,NO DATA,NO DATA,5,NO DATA,Elm St,NO DATA,NO DATA,25,3 - Same Direction Sideswipe,NO DATA,004-95-014,000-38-829,NO DATA,NO DATA,NO DATA,State System (State Highways and Class I TH links),US-5,1.84,U005-1302,LRS,Property Damage Only,"(42.84813184, -72.56147305)"
3301,VT0130200,12BB01649,03/05/2012,US-5 (Canal Street),Brattleboro,NO DATA,NO DATA,5,NO DATA,Horton Place,NO DATA,NO DATA,25,3 - Same Direction Sideswipe,West,004-64-908,000-38-551,NO DATA,NO DATA,NO DATA,State System (State Highways and Class I TH links),US-5,1.74,U005-1302,LRS,Property Damage Only,"(42.84686154, -72.56239938)"
3302,VT0130200,12BB05565,07/23/2012,US-5 Canal St,Brattleboro,NO DATA,NO DATA,NO DATA,NO DATA,192 Canal St,NO DATA,NO DATA,25,NO DATA,NO DATA,NO DATA,NO DATA,NO DATA,NO DATA,NO DATA,State System (State Highways and Class I TH links),US-5,1.72,U005-1302,LRS,Property Damage Only,"(42.84659492, -72.56254921)"
3303,VT0130200,12BB05784,07/30/2012,US-5 Canal St,Brattleboro,NO DATA,NO DATA,NO DATA,NO DATA,Washington St,NO DATA,NO DATA,25,"8 - No Turns, Thru moves only, Broadside ^<",NO DATA,004-94-843,000-38-420,NO DATA,NO DATA,NO DATA,State System (State Highways and Class I TH links),US-5,1.67,U005-1302,LRS,Injury,"(42.84593822, -72.56295411)"
3304,VT0130200,12BB04849,06/29/2012,US-5 Roundabout,Brattleboro,NO DATA,NO DATA,NO DATA,NO DATA,Putney Rd,NO DATA,NO DATA,25,3 - Same Direction Sideswipe,NO DATA,004-95-328,000-42-557,NO DATA,NO DATA,NO DATA,State System (State Highways and Class I TH links),US-5,4.62,U005-1302,LRS,Property Damage Only,"(42.88485912, -72.55647556)"
3305,VT0130200,12BB00273,01/12/2012,US-5 (217 Canal St),Brattleboro,NO DATA,NO DATA,NO DATA,NO DATA,B Irge St,NO DATA,NO DATA,35,NO DATA,NO DATA,NO DATA,NO DATA,NO DATA,NO DATA,NO DATA,State System (State Highways and Class I TH links),US-5,1.67,U005-1302,LRS,Property Damage Only,"(42.84593822, -72.56295411)"
3306,VTVSP1000,12D201013,04/11/2012,US-5 (1440 US Route 5),Guilford,NO DATA,NO DATA,5,NO DATA,"Butternut Hill Road, TH #30",0,Miles,40,6 - Single Vehicle Crash,South,494474,34133,50,1307,560,State System (State Highways and Class I TH links),US-5,5.29,U005-1307,LRS,Property Damage Only,"(42.80648847, -72.56705183)"
3312,VT0130200,12BB00531,01/21/2012,US-5 (419 Canal Street),Brattleboro,NO DATA,NO DATA,5,NO DATA,NO DATA,NO DATA,NO DATA,25,6 - Single Vehicle Crash,NO DATA,004-94-695,000-37-835,NO DATA,NO DATA,NO DATA,State System (State Highways and Class I TH links),US-5,1.29,U005-1302,LRS,Injury,"(42.84065116, -72.56454829)"
3313,VT0130200,12BB01648,03/05/2012,US-5 (419 Canal St),Brattleboro,NO DATA,NO DATA,NO DATA,NO DATA,Millennium Pizza,NO DATA,NO DATA,25,1 - Rear End,NO DATA,004-93-632,000-38-446,NO DATA,NO DATA,NO DATA,State System (State Highways and Class I TH links),US-5,1.29,U005-1302,LRS,Property Damage Only,"(42.84065116, -72.56454829)"
3314,VT0140300,12HF02650,07/31/2012,US-5 (1600 Hartford Avenue),Hartford,NO DATA,NO DATA,5,NO DATA,Horseshoe Avenue,10,Feet,30,"10 - Left Turn and Thru, Angle Broadside -->v--",South,515383,130169,NO DATA,NO DATA,NO DATA,State System (State Highways and Class I TH links),US-5,5.47,U005-1408,LRS,Injury,"(43.67058256, -72.30980457)"
3315,VT0130200,12BB00983,02/07/2012,US-5┬á (429 Canal Street),Brattleboro,NO DATA,NO DATA,5,NO DATA,Shell Station,NO DATA,NO DATA,25,1 - Rear End,NO DATA,004-94-673,000-37-728,NO DATA,NO DATA,NO DATA,State System (State Highways and Class I TH links),US-5,1.26,U005-1302,LRS,Property Damage Only,"(42.84023035, -72.56471724)"
3316,VT0130200,12BB08632,11/14/2012,US-5 Canal St,Brattleboro,NO DATA,NO DATA,NO DATA,NO DATA,Fairview St,NO DATA,NO DATA,25,"18 - Right Turn and Thru, Broadside ^<--",NO DATA,004-95-250,000-42-482,NO DATA,NO DATA,NO DATA,State System (State Highways and Class I TH links),US-5,1.23,U005-1302,LRS,Property Damage Only,"(42.83980438, -72.56486052)"
3317,VT0130200,12BB03582,05/17/2012,US-5 Canal St,Brattleboro,NO DATA,NO DATA,NO DATA,NO DATA,Fairview St,20,Feet,25,NO DATA,NO DATA,004-94-680,000-37-750,NO DATA,NO DATA,NO DATA,State System (State Highways and Class I TH links),US-5,1.22,U005-1302,LRS,Injury,"(42.83966351, -72.56490897)"
3318,VT0130200,12BB05840,08/01/2012,US-5 (499 Canal St),Brattleboro,NO DATA,NO DATA,NO DATA,NO DATA,Fairview St,NO DATA,NO DATA,25,7 - Other - Explain in Narrative,NO DATA,004-94-678,000-37-728,NO DATA,NO DATA,NO DATA,State System (State Highways and Class I TH links),US-5,1.22,U005-1302,LRS,Property Damage Only,"(42.83966351, -72.56490897)"
3324,VT0130200,12BB00049,01/03/2012,US-5 Canal St,Brattleboro,NO DATA,NO DATA,NO DATA,NO DATA,Walgreens,NO DATA,NO DATA,25,NO DATA,NO DATA,NO DATA,NO DATA,NO DATA,NO DATA,NO DATA,State System (State Highways and Class I TH links),US-5,1.19,U005-1302,LRS,Property Damage Only,"(42.83924874, -72.56505921)"
3325,VT0130200,12BB07282,09/21/2012,US-5 Canal St,Brattleboro,NO DATA,NO DATA,NO DATA,NO DATA,Fairground┬á Rd,NO DATA,NO DATA,25,"8 - No Turns, Thru moves only, Broadside ^<",NO DATA,004-94-652,000-37-628,NO DATA,NO DATA,NO DATA,State System (State Highways and Class I TH links),US-5,1.14,U005-1302,LRS,Injury,"(42.83855597, -72.56530208)"
3326,VT0130200,12BB01769,03/09/2012,US-5 Canal St,Brattleboro,NO DATA,NO DATA,NO DATA,NO DATA,Fairground Rd,NO DATA,NO DATA,25,"16 - Right Turn and Thru, Same Direction Sideswipe/Angle Crash ^^--",NO DATA,004-94-652,000-37-628,NO DATA,NO DATA,NO DATA,State System (State Highways and Class I TH links),US-5,1.14,U005-1302,LRS,Property Damage Only,"(42.83855597, -72.56530208)"
3327,VT0130200,12BB04206,06/08/2012,US-5 Canal St,Brattleboro,NO DATA,NO DATA,NO DATA,NO DATA,Fairground Rd,NO DATA,NO DATA,25,1 - Rear End,East,004-94-652,000-37-628,NO DATA,NO DATA,NO DATA,State System (State Highways and Class I TH links),US-5,1.14,U005-1302,LRS,Property Damage Only,"(42.83855597, -72.56530208)"
3328,VT0130200,12BB03368,05/09/2012,US-5 Canal St,Brattleboro,NO DATA,NO DATA,NO DATA,NO DATA,Fairground Rd,NO DATA,NO DATA,25,NO DATA,NO DATA,NO DATA,NO DATA,NO DATA,NO DATA,NO DATA,State System (State Highways and Class I TH links),US-5,1.14,U005-1302,LRS,Property Damage Only,"(42.83855597, -72.56530208)"
3329,VTVSP1000,12D201752,06/24/2012,US Route 5,Guilford,NO DATA,NO DATA,5,NO DATA,Kerber Farm/Mill (3550 US Route 5),50,Feet,50,6 - Single Vehicle Crash,North,494253,30895,50,1307,43,State System (State Highways and Class I TH links),US-5,3.45,U005-1307,LRS,Property Damage Only,"(42.77835704, -72.57023114)"
3330,VT0130200,12BB08352,11/02/2012,US-5 (515 Canal St),Brattleboro,NO DATA,NO DATA,NO DATA,NO DATA,Econo Lodge,20,Feet,25,1 - Rear End,NO DATA,004-94-653,000-37-519,NO DATA,NO DATA,NO DATA,State System (State Highways and Class I TH links),US-5,1.12,U005-1302,LRS,Injury,"(42.83827964, -72.56540789)"
3337,VT0130200,12BB00842,02/01/2012,US-5 (Canal Street),Brattleboro,NO DATA,NO DATA,5,NO DATA,Outlet Center,NO DATA,NO DATA,99,NO DATA,NO DATA,004-94-590,000-37-311,NO DATA,NO DATA,NO DATA,State System (State Highways and Class I TH links),US-5,0.98,U005-1302,LRS,Property Damage Only,"(42.83634401, -72.56620866)"
3338,VTVSP1100,12D301027,03/09/2012,US-5 N HARTLAND RD,Hartford,NO DATA,NO DATA,5,NO DATA,KLINE DR,1,Miles,50,6 - Single Vehicle Crash,South,512157,125947,NO DATA,NO DATA,NO DATA,State System (State Highways and Class I TH links),US-5,0.97,U005-1408,LRS,Injury,"(43.62444433, -72.35297574)"
3339,VTVSP1100,12D303696,08/19/2012,US RT 4,Bridgewater,NO DATA,NO DATA,4,NO DATA,VT RT 100,NO DATA,NO DATA,35,1 - Rear End,East,479852,122268,NO DATA,NO DATA,NO DATA,State System (State Highways and Class I TH links),US-4,0.06,U004-1405,LRS,Property Damage Only,"(43.60003788, -72.74892734)"
3340,VT0130200,12BB03406,05/10/2012,US-5 Canal St,Brattleboro,NO DATA,NO DATA,NO DATA,NO DATA,I-91 S/B Exit Ramp,NO DATA,NO DATA,35,1 - Rear End,NO DATA,004-94-560,000-37-292,NO DATA,NO DATA,NO DATA,State System (State Highways and Class I TH links),US-5,0.95,U005-1302,LRS,Property Damage Only,"(42.83593967, -72.56642513)"
3341,VT0130200,12BB08756,11/19/2012,789 US RT 5,Brattleboro,NO DATA,NO DATA,NO DATA,NO DATA,NO DATA,NO DATA,NO DATA,35,NO DATA,NO DATA,004-94-235,000-36-876,NO DATA,NO DATA,NO DATA,State System (State Highways and Class I TH links),US-5,0.6,U005-1302,LRS,Property Damage Only,"(42.83188036, -72.57034333)"
3342,VT0140300,12HF03031,08/30/2012,US-5 Hartford Ave,Hartford,NO DATA,NO DATA,5,NO DATA,Worcester Ave,50,Feet,30,1 - Rear End,South,514807,128465,NO DATA,NO DATA,NO DATA,State System (State Highways and Class I TH links),US-5,4.38,U005-1408,LRS,Property Damage Only,"(43.65576738, -72.31688904)"
3343,VT0140300,12HF01880,06/07/2012,US-5 North Hartland Road,Hartford,NO DATA,NO DATA,5,NO DATA,Arboretum Drive,NO DATA,NO DATA,40,NO DATA,NO DATA,512423,127063,NO DATA,NO DATA,NO DATA,State System (State Highways and Class I TH links),US-5,2.37,U005-1408,LRS,Property Damage Only,"(43.64400115, -72.34595264)"
3350,VT0130200,12BB09267,12/09/2012,US-5 Roundabout,Brattleboro,NO DATA,NO DATA,NO DATA,NO DATA,Putney Rd,NO DATA,NO DATA,25,NO DATA,NO DATA,004-95-367,000-42-803,NO DATA,NO DATA,NO DATA,State System (State Highways and Class I TH links),US-5,4.62,U005-1302,LRS,Property Damage Only,"(42.88485912, -72.55647556)"
3351,VTVSP1000,12D200260,01/23/2012,US-5,Dummerston,NO DATA,NO DATA,5,NO DATA,"Johnson Curve Road, TH #6",1100,Feet,50,6 - Single Vehicle Crash,South,497258,50727,50,1305,440,State System (State Highways and Class I TH links),US-5,4.44,U005-1305,LRS,Injury,"(42.95636543, -72.53382800)"
3352,VT0130200,12BB06814,09/04/2012,US-5 Roundabout,Brattleboro,NO DATA,NO DATA,NO DATA,NO DATA,Route 9,NO DATA,NO DATA,25,3 - Same Direction Sideswipe,NO DATA,004-95-370,000-42-723,NO DATA,NO DATA,NO DATA,State System (State Highways and Class I TH links),US-5,4.62,U005-1302,LRS,Property Damage Only,"(42.88485912, -72.55647556)"
3353,VTVSP1000,12D200796,03/17/2012,US Route 5,Putney,NO DATA,NO DATA,5,NO DATA,"S. Pine Banks Road, TH #19",NO DATA,NO DATA,50,6 - Single Vehicle Crash,NO DATA,501787,55245,50,1313,384,State System (State Highways and Class I TH links),US-5,3.8,U005-1313,LRS,Injury,"(42.99717221, -72.47813162)"
3354,VTVSP1000,12D202171,08/05/2012,US Route 5,Dummerston,NO DATA,NO DATA,5,NO DATA,Dummerston Station Road,NO DATA,NO DATA,40,"10 - Left Turn and Thru, Angle Broadside -->v--",NO DATA,496881,47084,50,1305,215,State System (State Highways and Class I TH links),US-5,2.17,U005-1305,LRS,Injury,"(42.92384504, -72.53813920)"
3355,VT0130200,12BB06325,08/17/2012,Roundabout,Brattleboro,NO DATA,NO DATA,NO DATA,NO DATA,Putney Rd,NO DATA,NO DATA,25,3 - Same Direction Sideswipe,NO DATA,004-95-370,000-42-723,NO DATA,NO DATA,NO DATA,State System (State Highways and Class I TH links),US-5,4.62,U005-1302,LRS,Property Damage Only,"(42.88485912, -72.55647556)"
3356,VTVSP1000,12D200045,01/04/2012,US Route 5,Dummerston,NO DATA,5,NO DATA,NO DATA,"Bennett Drive, TH #41",0,Miles,40,6 - Single Vehicle Crash,North,495846,44136,50,1305,0,State System (State Highways and Class I TH links),US-5,0.05,U005-1305,LRS,Property Damage Only,"(42.89740085, -72.55087982)"
3362,VT0140300,12HF02040,06/18/2012,US-5 Hartford Avenue,Hartford,NO DATA,NO DATA,5,NO DATA,Chandler Road,5,Feet,30,"10 - Left Turn and Thru, Angle Broadside -->v--",East,515210,129801,NO DATA,NO DATA,NO DATA,State System (State Highways and Class I TH links),US-5,5.64,U005-1408,LRS,Injury,"(43.67292776, -72.30923131)"
3363,VT0100100,12NP01148,06/12/2012,US-5 East Main Street,Newport City,NO DATA,NO DATA,NO DATA,NO DATA,Agway,500,Feet,35,1 - Rear End,East,005-25-421,002-71-838,NO DATA,NO DATA,NO DATA,State System (State Highways and Class I TH links),US-5,3.56,U005-1015,LRS,Property Damage Only,"(44.94649255, -72.17562577)"