ID,Reporting Agency,Report Number,Date,Street Address,Town,Number,Number1,Number2,Number3,Intersection,Distance From Intersection,Distance Unit,Posted Speed,Direction of Collision,Direction from Intersection,Easting,Northing,Mile Marker,Mile Marker 1,Mile Marker 2,AOT Roadway,AOT Route,AOT Actual Mile,LRS Number,How Mapped,Crash Type,Location 1
3364,VT0100100,12NP00320,02/20/2012,US-5 (East Main Street),Newport City,NO DATA,NO DATA,5,NO DATA,Delabruere Auto,500,Feet,35,1 - Rear End,East,005-22-990,002-70-320,NO DATA,NO DATA,NO DATA,State System (State Highways and Class I TH links),US-5,3.39,U005-1015,LRS,Property Damage Only,"(44.94617465, -72.17902541)"
3365,VT0100100,12NP01062,06/01/2012,US-5 East Main Street,Newport City,NO DATA,NO DATA,NO DATA,NO DATA,Industrial Drive,NO DATA,NO DATA,35,1 - Rear End,North,005-25-117,002-71-800,NO DATA,NO DATA,NO DATA,State System (State Highways and Class I TH links),US-5,3.25,U005-1015,LRS,Property Damage Only,"(44.94583344, -72.18181386)"
3366,VT0100100,12NP01319,07/02/2012,US-5 (601 East Main Street),Newport City,NO DATA,NO DATA,NO DATA,NO DATA,Blanchard Avenue,40,Feet,25,7 - Other - Explain in Narrative,West,005-24-347,002-71-479,NO DATA,NO DATA,NO DATA,State System (State Highways and Class I TH links),US-5,2.65,U005-1015,LRS,Injury,"(44.94313771, -72.19170999)"
3367,VT0100100,12NP02062,10/05/2012,US-5 East Main Street,Newport City,NO DATA,NO DATA,NO DATA,NO DATA,Western Ave,400,Feet,25,4 - Opp Direction Sideswipe,East,005-24-021,002-71-471,NO DATA,NO DATA,NO DATA,State System (State Highways and Class I TH links),US-5,2.63,U005-1015,LRS,Property Damage Only,"(44.94310854, -72.19211658)"
3368,VT0130200,12BB08524,11/09/2012,Roundabout,Brattleboro,NO DATA,NO DATA,NO DATA,NO DATA,Route 9 East,NO DATA,NO DATA,30,"18 - Right Turn and Thru, Broadside ^<--",NO DATA,004-95-432,000-42-686,NO DATA,NO DATA,NO DATA,State System (State Highways and Class I TH links),US-5,4.62,U005-1302,LRS,Property Damage Only,"(42.88485912, -72.55647556)"
3374,VT0100100,12NP01359,07/06/2012,US-5 East Main Street,Newport City,NO DATA,NO DATA,NO DATA,NO DATA,Western Ave,20,Feet,25,3 - Same Direction Sideswipe,West,005-24-135,002-71-473,NO DATA,NO DATA,NO DATA,State System (State Highways and Class I TH links),US-5,2.55,U005-1015,LRS,Property Damage Only,"(44.94307232, -72.19374915)"
3375,VT0100100,12NP00287,02/16/2012,US-5 East Main Street/Western Avenue,Newport City,NO DATA,NO DATA,NO DATA,NO DATA,East Main Street,NO DATA,NO DATA,25,"14 - Left Turn and Thru, Broadside v<--",South,005-24-229,002-71-505,NO DATA,NO DATA,NO DATA,State System (State Highways and Class I TH links),US-5,2.55,U005-1015,LRS,Property Damage Only,"(44.94307232, -72.19374915)"
3376,VT0100100,12NP00254,02/12/2012,US-5 East Main Street,Newport City,NO DATA,NO DATA,NO DATA,NO DATA,Sias Avenue,1000,Feet,35,6 - Single Vehicle Crash,West,005-20-755,002-71-638,NO DATA,NO DATA,NO DATA,State System (State Highways and Class I TH links),US-5,2.36,U005-1015,LRS,Injury,"(44.94301031, -72.19768083)"
3377,VT0100100,12NP01039,05/29/2012,US-5 East Main Street,Newport City,NO DATA,NO DATA,NO DATA,NO DATA,Concord Ave,10,Feet,25,1 - Rear End,West,005-23-955,002-71-483,NO DATA,NO DATA,NO DATA,State System (State Highways and Class I TH links),US-5,2.3,U005-1015,LRS,Property Damage Only,"(44.94297380, -72.19892164)"
3378,VTVSP0300,12C100595,02/02/2012,US-4 Exit 6 Ramp D,West Rutland,NO DATA,NO DATA,4,NO DATA,Exit 6,0,Miles,65,6 - Single Vehicle Crash,East,457686,121425,NO DATA,NO DATA,NO DATA,Ramp or Spur,US-4,0.06,U004-1128WR006D,LRS,Injury,"(43.58912878, -73.03817467)"
3379,VT0100100,12NP01541,07/30/2012,US-5 East Main Street,Newport City,NO DATA,NO DATA,NO DATA,NO DATA,Causeway,20,Feet,25,1 - Rear End,East,005-23-392,002-71-416,NO DATA,NO DATA,NO DATA,State System (State Highways and Class I TH links),US-5,2.06,U005-1015,LRS,Property Damage Only,"(44.94244209, -72.20381592)"
3380,VT0100100,12NP00821,05/02/2012,US-5 (25 East Main Street),Newport City,NO DATA,NO DATA,NO DATA,NO DATA,Causeway,25,Feet,25,7 - Other - Explain in Narrative,West,005-23-291,002-71-247,NO DATA,NO DATA,NO DATA,State System (State Highways and Class I TH links),US-5,2.06,U005-1015,LRS,Property Damage Only,"(44.94244209, -72.20381592)"
3386,VT0100100,12NP00502,03/20/2012,US-5 Causway,Newport City,NO DATA,NO DATA,NO DATA,NO DATA,Main Street,100,Feet,25,1 - Rear End,North,005-23-230,002-70-767,NO DATA,NO DATA,NO DATA,State System (State Highways and Class I TH links),US-5,1.64,U005-1015,LRS,Property Damage Only,"(44.93667971, -72.20577247)"
3387,VT0100100,12NP00175,01/31/2012,US-5 Main Street,Newport City,NO DATA,NO DATA,NO DATA,NO DATA,Mount Vernon Street,NO DATA,NO DATA,25,"8 - No Turns, Thru moves only, Broadside ^<",NO DATA,005-23-492,002-70-780,NO DATA,NO DATA,NO DATA,State System (State Highways and Class I TH links),US-5,1.63,U005-1015,LRS,Property Damage Only,"(44.93655127, -72.20584636)"
3388,VT0100100,12NP00938,05/16/2012,US-5 Railraod Square,Newport City,NO DATA,NO DATA,NO DATA,NO DATA,Causeway,NO DATA,NO DATA,25,"19 - Right Turn and Thru, Head On v^--",NO DATA,005-23-191,002-70-738,NO DATA,NO DATA,NO DATA,State System (State Highways and Class I TH links),US-5,1.63,U005-1015,LRS,Injury,"(44.93655127, -72.20584636)"
3389,VTVSP0800,12B203003,09/02/2012,US-5 Main Street,Newport City,NO DATA,NO DATA,NO DATA,NO DATA,Coventry Street,NO DATA,NO DATA,25,1 - Rear End,East,523042,270710,NO DATA,NO DATA,NO DATA,State System (State Highways and Class I TH links),US-5,1.51,U005-1015,LRS,Injury,"(44.93618572, -72.20810579)"
3390,VT0140300,12HF01499,05/07/2012,US-5 Hartford Avenue,Hartford,NO DATA,NO DATA,5,NO DATA,Manning Drive,10,Feet,30,1 - Rear End,East,NO DATA,NO DATA,NO DATA,NO DATA,NO DATA,State System (State Highways and Class I TH links),US-5,5.15,U005-1408,LRS,Property Damage Only,"(43.66641135, -72.31245940)"
3391,VT0100100,12NP01714,08/21/2012,US-5 Main Street,Newport City,NO DATA,NO DATA,NO DATA,NO DATA,Coventry Street,20,Feet,25,1 - Rear End,West,005-23-022,002-70-742,NO DATA,NO DATA,NO DATA,State System (State Highways and Class I TH links),US-5,1.51,U005-1015,LRS,Property Damage Only,"(44.93618572, -72.20810579)"
3392,VT0100100,12NP00830,05/03/2012,US-5 Pleasant Street,Newport City,NO DATA,NO DATA,NO DATA,NO DATA,Coventry Street,25,Feet,35,7 - Other - Explain in Narrative,South,005-21-639,002-69-616,NO DATA,NO DATA,NO DATA,State System (State Highways and Class I TH links),US-5,1.51,U005-1015,LRS,Property Damage Only,"(44.93618572, -72.20810579)"
3399,VTVSP1000,12D203315,12/01/2012,US Route 5,Putney,NO DATA,NO DATA,5,NO DATA,South Pine Banks Rd,NO DATA,NO DATA,50,4 - Opp Direction Sideswipe,NO DATA,501758,55226,50,1313,384,State System (State Highways and Class I TH links),US-5,3.8,U005-1313,LRS,Injury,"(42.99717221, -72.47813162)"
3400,VTVSP0300,12C100045,01/02/2012,US-4 (EB),West Rutland,NO DATA,NO DATA,4,NO DATA,Exit 6,100,Feet,65,6 - Single Vehicle Crash,East,456903,121185,NO DATA,NO DATA,NO DATA,State System (State Highways and Class I TH links),US-4,15.25,U004-1128,LRS,Injury,"(43.58955088, -73.03371244)"
3401,VT0100100,12NP00096,01/17/2012,US-5 Main Street,Newport City,NO DATA,NO DATA,NO DATA,NO DATA,Bayview Street,30,Feet,25,1 - Rear End,West,005-22-796,002-70-591,NO DATA,NO DATA,NO DATA,State System (State Highways and Class I TH links),US-5,1.35,U005-1015,LRS,Injury,"(44.93518423, -72.21112071)"
3402,VT0100100,12NP00186,02/02/2012,US-5 (267 Main Treet),Newport City,NO DATA,NO DATA,NO DATA,NO DATA,United Methodist Church,75,Feet,25,6 - Single Vehicle Crash,East,005-22-787,002-70-526,NO DATA,NO DATA,NO DATA,State System (State Highways and Class I TH links),US-5,1.34,U005-1015,LRS,Property Damage Only,"(44.93512146, -72.21130909)"
3403,VT0100100,12NP02172,10/20/2012,US-5 Main Street,Newport City,NO DATA,NO DATA,NO DATA,NO DATA,Third Street,15,Feet,25,1 - Rear End,North,005-22-719,002-70-586,NO DATA,NO DATA,NO DATA,State System (State Highways and Class I TH links),US-5,1.3,U005-1015,LRS,Property Damage Only,"(44.93484027, -72.21195081)"
3404,VT0100100,12NP01842,09/07/2012,US-5 Main Street,Newport City,NO DATA,NO DATA,NO DATA,NO DATA,Third Street,NO DATA,NO DATA,25,1 - Rear End,NO DATA,005-22-760,002-64-164,NO DATA,NO DATA,NO DATA,State System (State Highways and Class I TH links),US-5,1.3,U005-1015,LRS,Property Damage Only,"(44.93484027, -72.21195081)"
3405,VT0100100,12NP01568,08/02/2012,US-5 Pleasant Street,Newport City,NO DATA,NO DATA,NO DATA,NO DATA,Third Street,5,Feet,25,1 - Rear End,NO DATA,005-22-811,002-70-387,NO DATA,NO DATA,NO DATA,State System (State Highways and Class I TH links),US-5,1.2,U005-1015,LRS,Property Damage Only,"(44.93353338, -72.21126926)"
3412,VTVSP0800,12B200688,03/13/2012,US Route 5,Derby,NO DATA,NO DATA,5,NO DATA,IFO Caswell Ave,5,Feet,35,6 - Single Vehicle Crash,North,531554,278418,NO DATA,NO DATA,NO DATA,State System (State Highways and Class I TH links),US-5,5.9,U005-1007,LRS,Injury,"(45.00521318, -72.09983116)"
3413,VTVSP0800,12B200704,03/15/2012,US Route 5,Derby,NO DATA,NO DATA,5,NO DATA,US Customs,NO DATA,NO DATA,30,"20 - Right Turn and Thru, Angle Broadside -->^--",West,531546,278412,NO DATA,NO DATA,NO DATA,State System (State Highways and Class I TH links),US-5,5.89,U005-1007,LRS,Property Damage Only,"(45.00509115, -72.09991629)"
3414,VTVSP0800,12B200514,02/25/2012,US-5 829,Derby,NO DATA,NO DATA,5,NO DATA,Fish And Game Rd,200,Feet,50,6 - Single Vehicle Crash,South,530949,276127,NO DATA,NO DATA,NO DATA,State System (State Highways and Class I TH links),US-5,4.29,U005-1007,LRS,Property Damage Only,"(44.98344800, -72.10868018)"
3415,VTVSP0800,12B203182,09/16/2012,US RT 5,Derby,NO DATA,NO DATA,5,NO DATA,1683 US Route 5,20,Feet,50,6 - Single Vehicle Crash,South,530279,275053,NO DATA,NO DATA,NO DATA,State System (State Highways and Class I TH links),US-5,3.41,U005-1007,LRS,Injury,"(44.97289757, -72.11810807)"
3416,VTVSP0800,12B200773,03/21/2012,US-5 (3609),Derby,NO DATA,NO DATA,5,NO DATA,Sears,1,Miles,35,6 - Single Vehicle Crash,East,528345,272586,NO DATA,NO DATA,NO DATA,State System (State Highways and Class I TH links),US-5,2.02,U005-1007,LRS,Injury,"(44.95456018, -72.13032418)"
3417,VTVSP0800,12B203374,10/01/2012,US-5,Derby,NO DATA,NO DATA,5,NO DATA,VT Rt 105,NO DATA,NO DATA,35,7 - Other - Explain in Narrative,NO DATA,529270,272654,NO DATA,NO DATA,NO DATA,State System (State Highways and Class I TH links),US-5,2.01,U005-1007,LRS,Injury,"(44.95442341, -72.13039314)"
3418,VTVSP0800,12B201471,05/20/2012,US-5 (3165 US RT 5),Derby,NO DATA,5,NO DATA,NO DATA,Rt 105 Near Worth's Gutter,500,Feet,35,1 - Rear End,East,529099,272747,NO DATA,NO DATA,NO DATA,State System (State Highways and Class I TH links),US-5,1.94,U005-1007,LRS,Property Damage Only,"(44.95427453, -72.13179516)"
3425,VTVSP0800,12B204214,12/14/2012,US RT 5,Derby,NO DATA,NO DATA,5,NO DATA,Joseph Street,300,Feet,35,1 - Rear End,East,528169,272625,NO DATA,NO DATA,NO DATA,State System (State Highways and Class I TH links),US-5,1.31,U005-1007,LRS,Injury,"(44.95280668, -72.14453825)"
3426,VTVSP0800,12B202894,08/27/2012,US RT 5/VT RT 105,Derby,NO DATA,NO DATA,5,NO DATA,Joseph Street,25,Feet,35,3 - Same Direction Sideswipe,North,528154,272575,NO DATA,NO DATA,NO DATA,State System (State Highways and Class I TH links),US-5,1.3,U005-1007,LRS,Property Damage Only,"(44.95280732, -72.14474545)"
3427,VTVSP0800,12B203879,11/14/2012,US-5 (3923),Derby,NO DATA,NO DATA,5,NO DATA,NO DATA,NO DATA,NO DATA,99,1 - Rear End,NO DATA,527842,273106,NO DATA,NO DATA,NO DATA,State System (State Highways and Class I TH links),US-5,1.22,U005-1007,LRS,Property Damage Only,"(44.95279040, -72.14640287)"
3428,VT0130200,12BB07645,10/06/2012,Roundabout,Brattleboro,NO DATA,NO DATA,NO DATA,NO DATA,I-91 X3 Off Ramp,NO DATA,NO DATA,25,3 - Same Direction Sideswipe,NO DATA,004-95-370,000-42-723,NO DATA,NO DATA,NO DATA,State System (State Highways and Class I TH links),US-5,4.62,U005-1302,LRS,Property Damage Only,"(42.88485912, -72.55647556)"
3429,VTVSP0800,12B202619,08/10/2012,US-5,Derby,NO DATA,NO DATA,5,NO DATA,On Ramp NB Exit 28,NO DATA,NO DATA,35,1 - Rear End,NO DATA,527616,272542,NO DATA,NO DATA,NO DATA,State System (State Highways and Class I TH links),US-5,1.07,U005-1007,LRS,Property Damage Only,"(44.95253225, -72.14948284)"
3430,VTVSP1000,12D201542,06/05/2012,US Route 5 South,Putney,NO DATA,NO DATA,5,NO DATA,South Pine Banks Road,10,Feet,50,6 - Single Vehicle Crash,South,501812,55270,50,1313,440,State System (State Highways and Class I TH links),US-5,3.79,U005-1313,LRS,Injury,"(42.99706281, -72.47826398)"
3431,VTVSP0800,12B203405,10/03/2012,US-5,Derby,NO DATA,NO DATA,5,NO DATA,Crawford Rd,1,Miles,35,3 - Same Direction Sideswipe,North,526670,272423,NO DATA,NO DATA,NO DATA,State System (State Highways and Class I TH links),US-5,0.93,U005-1007,LRS,Property Damage Only,"(44.95200191, -72.15228263)"
3438,VTVSP0800,12B201335,05/09/2012,US-5,Derby,NO DATA,NO DATA,5,NO DATA,Community Dr,0,Miles,35,1 - Rear End,South,526306,272176,NO DATA,NO DATA,NO DATA,State System (State Highways and Class I TH links),US-5,0.1,U005-1007,LRS,Injury,"(44.94886167, -72.16783825)"
3439,VTVSP0800,12B202060,07/05/2012,RT 5,Coventry,NO DATA,NO DATA,5,NO DATA,Main Street,NO DATA,NO DATA,50,"8 - No Turns, Thru moves only, Broadside ^<",West,518862,262973,NO DATA,NO DATA,NO DATA,State System (State Highways and Class I TH links),US-5,0.6,U005-1005,LRS,Property Damage Only,"(44.86672438, -72.26124095)"
3440,VTVSP0800,12B204274,12/20/2012,US RT 5,Coventry,NO DATA,NO DATA,5,NO DATA,Main Street,0,Miles,50,1 - Rear End,East,518447,262487,NO DATA,NO DATA,NO DATA,State System (State Highways and Class I TH links),US-5,0.44,U005-1005,LRS,Injury,"(44.86485465, -72.26330331)"
3441,VTVSP0800,12B200779,03/21/2012,US-5,Barton,NO DATA,NO DATA,5,NO DATA,Lake Region Rd,10,Feet,50,6 - Single Vehicle Crash,North,522672,253721,NO DATA,NO DATA,NO DATA,State System (State Highways and Class I TH links),US-5,8.71,U005-1002,LRS,Property Damage Only,"(44.78310455, -72.21369134)"
3442,VTVSP0800,12B200711,03/15/2012,US Rt 5,Barton,NO DATA,NO DATA,5,NO DATA,Lake Region Road,NO DATA,NO DATA,50,3 - Same Direction Sideswipe,North,522635,253588,NO DATA,NO DATA,NO DATA,State System (State Highways and Class I TH links),US-5,8.71,U005-1002,LRS,Property Damage Only,"(44.78310455, -72.21369134)"
3443,VTVSP0800,12B200589,03/03/2012,US-5,Barton,NO DATA,NO DATA,5,NO DATA,Tanguay Ln,1,Miles,50,6 - Single Vehicle Crash,East,523308,251978,NO DATA,NO DATA,NO DATA,State System (State Highways and Class I TH links),US-5,8.57,U005-1002,LRS,Property Damage Only,"(44.78107873, -72.21357658)"
3444,VTVSP0800,12B203359,09/30/2012,US-5,Barton,NO DATA,5,NO DATA,NO DATA,Pine Crest Motel,0,Miles,50,6 - Single Vehicle Crash,South,523566,251319,NO DATA,NO DATA,NO DATA,State System (State Highways and Class I TH links),US-5,6.96,U005-1002,LRS,Injury,"(44.76209736, -72.19964221)"
3451,VTVSP1300,12B301915,08/28/2012,US-5 Main Street,Newbury,NO DATA,NO DATA,5,NO DATA,Jock Oil,NO DATA,NO DATA,30,3 - Same Direction Sideswipe,NO DATA,NO DATA,NO DATA,NO DATA,NO DATA,NO DATA,State System (State Highways and Class I TH links),US-5,9.47,U005-0907,LRS,Property Damage Only,"(44.15369691, -72.04690563)"
3452,VTVSP1300,12B302251,10/09/2012,US-5 Main Street,Newbury,NO DATA,NO DATA,5,NO DATA,US Route 302 W,250,Feet,30,1 - Rear End,South,536272,183726,50,907,920,State System (State Highways and Class I TH links),US-5,9.42,U005-0907,LRS,Injury,"(44.15300828, -72.04650323)"
3453,VTVSP0400,12D104041,12/16/2012,US Route 5,Westminster,NO DATA,NO DATA,5,NO DATA,#7804 Route 5,500,Feet,40,3 - Same Direction Sideswipe,South,505163,68825,NO DATA,NO DATA,NO DATA,State System (State Highways and Class I TH links),US-5,7.81,U005-1320,LRS,Injury,"(43.12061233, -72.43659550)"
3454,VTVSP0300,12C106259,11/16/2012,US Rt 4,West Rutland,NO DATA,NO DATA,4,NO DATA,West Rutland Twin Bridges,1,Miles,65,6 - Single Vehicle Crash,East,454590,122637,1128,40,13,State System (State Highways and Class I TH links),US-4,14.35,U004-1128,LRS,Property Damage Only,"(43.58993336, -73.04968984)"
3455,VTVSP1300,12B302733,12/17/2012,US RT 5,Newbury,NO DATA,NO DATA,5,NO DATA,Longmoore Drive,1,Miles,50,7 - Other - Explain in Narrative,South,535574,178512,50,907,580,State System (State Highways and Class I TH links),US-5,6.73,U005-0907,LRS,Injury,"(44.11724434, -72.05430521)"
3456,VTVSP1300,12B302007,09/07/2012,US RT 5,Newbury,NO DATA,NO DATA,5,NO DATA,Old US RT 5,200,Feet,50,6 - Single Vehicle Crash,North,532887,170587,NO DATA,NO DATA,NO DATA,State System (State Highways and Class I TH links),US-5,5.8,U005-0907,LRS,Property Damage Only,"(44.10442535, -72.05443605)"
3457,VTVSP1300,12B300490,03/14/2012,US-5 (5516 US RT5/Main Street),Newbury,NO DATA,NO DATA,5,NO DATA,Newbury Crossing Road,NO DATA,NO DATA,30,1 - Rear End,NO DATA,535460,174735,NO DATA,NO DATA,NO DATA,State System (State Highways and Class I TH links),US-5,3.24,U005-0907,LRS,Property Damage Only,"(44.07183551, -72.05723859)"
3464,VTVSP1300,12B301381,07/02/2012,US-5 (404 RT 5),Fairlee,NO DATA,NO DATA,5,NO DATA,NO DATA,NO DATA,NO DATA,30,"10 - Left Turn and Thru, Angle Broadside -->v--",NO DATA,528689,156409,50,906,312,State System (State Highways and Class I TH links),US-5,3.11,U005-0906,LRS,Property Damage Only,"(43.90745202, -72.14299432)"
3465,VTVSP1300,12B302737,12/18/2012,US-5,Fairlee,NO DATA,NO DATA,5,NO DATA,School Street,NO DATA,NO DATA,30,"10 - Left Turn and Thru, Angle Broadside -->v--",NO DATA,528378,156214,50,906,290,State System (State Highways and Class I TH links),US-5,2.9,U005-0906,LRS,Property Damage Only,"(43.90572998, -72.14646498)"
3466,VT0130200,12BB09841,12/31/2012,US-5 Roundabout,Brattleboro,NO DATA,NO DATA,NO DATA,NO DATA,Exit 3 Off Ramp,NO DATA,NO DATA,25,1 - Rear End,NO DATA,004-95-332,000-42-744,NO DATA,NO DATA,NO DATA,State System (State Highways and Class I TH links),US-5,4.62,U005-1302S,LRS,Property Damage Only,"(42.88512223, -72.55684741)"
3467,VTVSP1300,12B302694,12/12/2012,US RT 5,Fairlee,NO DATA,NO DATA,5,NO DATA,698 RT 5,10,Feet,50,7 - Other - Explain in Narrative,West,527218,155403,50,906,200,State System (State Highways and Class I TH links),US-5,2.02,U005-0906,LRS,Property Damage Only,"(43.89836210, -72.16128419)"
3468,VTVSP1300,12B300256,02/09/2012,US-5 (548 Upr Plain IFO Oxbow Hair Des),Bradford,NO DATA,NO DATA,5,NO DATA,556 Upper Plain,NO DATA,NO DATA,40,"10 - Left Turn and Thru, Angle Broadside -->v--",NO DATA,531155,167494,50,901,380,State System (State Highways and Class I TH links),US-5,3.73,U005-0901,LRS,Property Damage Only,"(44.00703649, -72.11162262)"
3469,VTVSP1300,12B302779,12/26/2012,US-5 Upper Plain,Bradford,NO DATA,NO DATA,5,NO DATA,Meadow Lane,1500,Feet,40,1 - Rear End,South,530745,167001,NO DATA,NO DATA,NO DATA,State System (State Highways and Class I TH links),US-5,3.59,U005-0901,LRS,Property Damage Only,"(44.00551924, -72.11341396)"
3470,VTVSP1300,12B300505,03/15/2012,US-5 Main Street,Bradford,NO DATA,NO DATA,5,NO DATA,Colatina Restaurant,NO DATA,NO DATA,25,NO DATA,NO DATA,529837,166103,50,901,260,State System (State Highways and Class I TH links),US-5,2.44,U005-0901,LRS,Property Damage Only,"(43.99435494, -72.12813001)"
3477,VTVSP1300,12B302515,11/17/2012,US-5 (1104 Lower Plain),Bradford,NO DATA,NO DATA,5,NO DATA,Vermont Country Home Antiques,NO DATA,NO DATA,50,NO DATA,NO DATA,530563,164275,50,901,100,State System (State Highways and Class I TH links),US-5,1.15,U005-0901,LRS,Injury,"(43.97801186, -72.11911694)"
3478,VTVSP0200,12B103951,11/30/2012,US-5 /5307 Underpass Rd,Sutton,NO DATA,NO DATA,5,NO DATA,US Rt 5outh,100,Feet,50,6 - Single Vehicle Crash,South,533555,243987,50,314,660,State System (State Highways and Class I TH links),US-5,6.36,U005-0314,LRS,Property Damage Only,"(44.69528348, -72.07704079)"
3479,VTVSP0200,12B102843,08/31/2012,US-5 (4806 US Rt 5),Sutton,NO DATA,NO DATA,5,NO DATA,Driveway,NO DATA,NO DATA,50,3 - Same Direction Sideswipe,South,535807,243186,NO DATA,NO DATA,NO DATA,State System (State Highways and Class I TH links),US-5,4.79,U005-0314,LRS,Property Damage Only,"(44.68810120, -72.04832584)"
3480,VT0130200,12BB02813,04/18/2012,Roundabout,Brattleboro,NO DATA,NO DATA,NO DATA,NO DATA,Route 9,NO DATA,NO DATA,25,3 - Same Direction Sideswipe,NO DATA,004-95-367,000-42-803,NO DATA,NO DATA,NO DATA,State System (State Highways and Class I TH links),US-5,4.62,U005-1302,LRS,Property Damage Only,"(42.88485912, -72.55647556)"
3481,VTVSP0200,12B100639,03/04/2012,US-5 (1522 US Route 5),Sutton,NO DATA,NO DATA,5,NO DATA,Depot St,2,Miles,50,6 - Single Vehicle Crash,North,538689,239439,NO DATA,NO DATA,NO DATA,State System (State Highways and Class I TH links),US-5,1.54,U005-0314,LRS,Property Damage Only,"(44.65219471, -72.01066451)"
3482,VT0130200,12BB07982,10/19/2012,US-5 Roundabout,Brattleboro,NO DATA,NO DATA,NO DATA,NO DATA,Putney Rd,NO DATA,NO DATA,25,3 - Same Direction Sideswipe,NO DATA,004-95-367,000-42-803,NO DATA,NO DATA,NO DATA,State System (State Highways and Class I TH links),US-5,4.62,U005-1302S,LRS,Property Damage Only,"(42.88512223, -72.55684741)"
3483,VTVSP0800,12B103971,12/02/2012,US-5 (452),Sutton,NO DATA,NO DATA,5,NO DATA,495 US Rt 5,NO DATA,NO DATA,50,6 - Single Vehicle Crash,South,540144,238291,NO DATA,NO DATA,NO DATA,State System (State Highways and Class I TH links),US-5,0.48,U005-0314,LRS,Property Damage Only,"(44.64359254, -71.99370613)"
3490,VT0130200,12BB07342,09/24/2012,Roundabout,Brattleboro,NO DATA,NO DATA,NO DATA,NO DATA,Putney Rd,NO DATA,NO DATA,25,3 - Same Direction Sideswipe,NO DATA,004-95-390,000-42-746,NO DATA,NO DATA,NO DATA,State System (State Highways and Class I TH links),US-5,4.62,U005-1302,LRS,Property Damage Only,"(42.88485912, -72.55647556)"
3491,VTVSP0200,12B102253,07/14/2012,US-5 Memorial Dr,St. Johnsbury,NO DATA,NO DATA,5,NO DATA,Mt. Pisgah Rd,NO DATA,NO DATA,35,6 - Single Vehicle Crash,NO DATA,538713,218341,50,311,480,State System (State Highways and Class I TH links),US-5,5.11,U005-0311,LRS,Injury,"(44.46430482, -72.01386648)"
3492,VTVSP0200,12B101099,04/11/2012,US-5 (1616 Memorial Dr),St. Johnsbury,NO DATA,NO DATA,5,NO DATA,Breezy Hill Rd,50,Feet,35,3 - Same Direction Sideswipe,South,538508,217398,NO DATA,NO DATA,NO DATA,State System (State Highways and Class I TH links),US-5,4.48,U005-0311,LRS,Property Damage Only,"(44.45562997, -72.01626141)"
3493,VTVSP0200,12B101816,06/11/2012,US-5 Memorial Dr,St. Johnsbury,NO DATA,NO DATA,5,NO DATA,"Roberts Brook Lane,┬á K&S Auto",30,Feet,35,"10 - Left Turn and Thru, Angle Broadside -->v--",South,538501,217250,NO DATA,NO DATA,NO DATA,State System (State Highways and Class I TH links),US-5,4.4,U005-0311,LRS,Property Damage Only,"(44.45449582, -72.01651234)"
3494,VTVSP0200,12B101158,04/15/2012,US-5 Memorial Drive,St. Johnsbury,NO DATA,NO DATA,5,NO DATA,Depot Hill Road,100,Feet,35,1 - Rear End,South,538480,217214,50,311,438,State System (State Highways and Class I TH links),US-5,4.37,U005-0311,LRS,Property Damage Only,"(44.45406503, -72.01648763)"
3495,VTVSP0200,12B103323,10/10/2012,US-5 Memorial Dr,St. Johnsbury,NO DATA,NO DATA,5,NO DATA,1448 Memorial Dr,10,Feet,35,1 - Rear End,North,538569,216213,50,311,420,State System (State Highways and Class I TH links),US-5,4.31,U005-0311,LRS,Injury,"(44.45320460, -72.01640689)"
3496,VTVSP0200,12B100403,02/08/2012,US Rt 5,St. Johnsbury,NO DATA,NO DATA,5,NO DATA,Depot Hill Road,0,Miles,35,1 - Rear End,South,538482,217198,NO DATA,NO DATA,NO DATA,State System (State Highways and Class I TH links),US-5,4.29,U005-0311,LRS,Property Damage Only,"(44.45291784, -72.01637885)"
3503,VTVSP0200,12B103801,11/17/2012,US-5 Memorial Dr,St. Johnsbury,NO DATA,NO DATA,5,NO DATA,Hospital Dr,NO DATA,NO DATA,35,1 - Rear End,NO DATA,538564,216239,NO DATA,NO DATA,NO DATA,State System (State Highways and Class I TH links),US-5,3.76,U005-0311,LRS,Property Damage Only,"(44.44540583, -72.01551463)"
3504,VTVSP0200,12B104257,12/24/2012,US-5 Memorial Drive,St. Johnsbury,NO DATA,NO DATA,5,NO DATA,Aubochon Hardware,NO DATA,NO DATA,35,1 - Rear End,South,538630,215875,NO DATA,NO DATA,NO DATA,State System (State Highways and Class I TH links),US-5,3.52,U005-0311,LRS,Property Damage Only,"(44.44203224, -72.01458940)"