ID,Reporting Agency,Report Number,Date,Street Address,Town,Number,Number1,Number2,Number3,Intersection,Distance From Intersection,Distance Unit,Posted Speed,Direction of Collision,Direction from Intersection,Easting,Northing,Mile Marker,Mile Marker 1,Mile Marker 2,AOT Roadway,AOT Route,AOT Actual Mile,LRS Number,How Mapped,Crash Type,Location 1
3505,VT0030300,12SJ05082,12/08/2012,US-2 (1216 Railroad St),St. Johnsbury,NO DATA,NO DATA,NO DATA,NO DATA,Ramuntos,30,Feet,30,6 - Single Vehicle Crash,South,005-39-175,002-11-965,NO DATA,NO DATA,NO DATA,State System (State Highways and Class I TH links),US-5,2.53,U005-0311,LRS,Property Damage Only,"(44.42873946, -72.01777293)"
3506,VTVSP1000,12D202426,08/29/2012,US-5 (213 Bellows Falls Road),Putney,NO DATA,NO DATA,5,NO DATA,East Town Farm Road,10,Feet,50,6 - Single Vehicle Crash,North,499765,54448,50,1313,180,State System (State Highways and Class I TH links),US-5,2.19,U005-1313,LRS,Property Damage Only,"(42.99068106, -72.50227556)"
3507,VTVSP0300,12C100354,01/20/2012,US Rt 4,Killington,NO DATA,NO DATA,4,NO DATA,Mission Farm Rd,50,Feet,50,1 - Rear End,East,479514,123628,NO DATA,NO DATA,NO DATA,State System (State Highways and Class I TH links),US-4,7.63,U004-1121,LRS,Injury,"(43.61258869, -72.75320486)"
3508,VT0030300,12SJ03576,08/31/2012,US-5 Railroad St./Portland St,St. Johnsbury,NO DATA,NO DATA,5,NO DATA,Hastings Hill,30,Feet,30,4 - Opp Direction Sideswipe,East,005-38-162,002-13-305,NO DATA,NO DATA,NO DATA,State System (State Highways and Class I TH links),US-5,2.53,U005-0311,LRS,Injury,"(44.42873946, -72.01777293)"
3509,VT0030300,12SJ01743,05/09/2012,US-5 (1066 Railroad St),St. Johnsbury,NO DATA,NO DATA,NO DATA,NO DATA,Mill St,150,Feet,30,3 - Same Direction Sideswipe,East,005-58-648,002-13-717,NO DATA,NO DATA,NO DATA,State System (State Highways and Class I TH links),US-5,2.41,U005-0311,LRS,Property Damage Only,"(44.42769043, -72.01582905)"
3516,VTVSP1300,12B301195,06/09/2012,US-5,Ryegate,NO DATA,NO DATA,5,NO DATA,East Road,0,Miles,50,6 - Single Vehicle Crash,North,534686,189178,50,310,340,State System (State Highways and Class I TH links),US-5,3.39,U005-0310,LRS,Property Damage Only,"(44.20095753, -72.06655094)"
3517,VT0140300,12HF03959,11/13/2012,US-5 Hartford Avenue,Hartford,NO DATA,NO DATA,5,NO DATA,Bugbee Street,1,Feet,30,"9 - Left and Right Turns, Simultaneous Turn Crash --vv--",NO DATA,515071,129253,NO DATA,NO DATA,NO DATA,State System (State Highways and Class I TH links),US-5,4.93,U005-1408,LRS,Injury,"(43.66325528, -72.31310118)"
3518,VTVSP1300,12B302624,12/01/2012,US-5,Ryegate,NO DATA,NO DATA,5,NO DATA,Mile Marker,150,Feet,50,6 - Single Vehicle Crash,North,535464,185658,50,310,100,State System (State Highways and Class I TH links),US-5,1.03,U005-0310,LRS,Injury,"(44.16960597, -72.05680255)"
3519,VT0030200,12LV00473,08/17/2012,US-5 Lynburke Rd.,Lyndon,NO DATA,NO DATA,5,NO DATA,Calendar Brook Rd.,NO DATA,NO DATA,50,7 - Other - Explain in Narrative,NO DATA,NO DATA,NO DATA,NO DATA,NO DATA,NO DATA,State System (State Highways and Class I TH links),US-5,6.41,U005-0307,LRS,Injury,"(44.57943993, -71.98561161)"
3520,VT0140300,12HF04372,12/21/2012,US-5 North Hartland Road,Hartford,NO DATA,NO DATA,5,NO DATA,521 North Hartland Road (Jake's Market),NO DATA,NO DATA,40,2 - Head On,NO DATA,512504,127333,NO DATA,NO DATA,NO DATA,State System (State Highways and Class I TH links),US-5,2.52,U005-1408,LRS,Property Damage Only,"(43.64599269, -72.34483278)"
3521,VTVSP0300,12C106829,12/14/2012,US-4,Killington,NO DATA,NO DATA,4,NO DATA,East Mountain Rd,0,Miles,50,2 - Head On,East,479522,123658,NO DATA,NO DATA,NO DATA,State System (State Highways and Class I TH links),US-4,7.58,U004-1121,LRS,Fatal,"(43.61306534, -72.75394043)"
3522,VTVSP0200,12B100634,03/04/2012,US-5 Memorial Drive,Lyndon,NO DATA,NO DATA,5,NO DATA,SandyLane,0,Miles,50,6 - Single Vehicle Crash,North,540618,230072,NO DATA,NO DATA,NO DATA,State System (State Highways and Class I TH links),US-5,5.66,U005-0307,LRS,Property Damage Only,"(44.56901848, -71.98897855)"
3529,VT0140300,12HF01702,05/24/2012,US-5 (1740 Hartford Avenue),Hartford,NO DATA,NO DATA,5,NO DATA,Ravenswood Terrace,20,Feet,30,6 - Single Vehicle Crash,South,515389,130280,NO DATA,NO DATA,NO DATA,State System (State Highways and Class I TH links),US-5,5.63,U005-1408,LRS,Property Damage Only,"(43.67278448, -72.30920926)"
3530,VTVSP0200,12B103541,10/29/2012,US-5 (590 Main St),Lyndon,NO DATA,NO DATA,5,NO DATA,590 Main St (Nick's Gas & Go),40,Feet,35,"12 - Left Turn and Thru, Same Direction Sideswipe/Angle Crash vv--",North,539684,226960,NO DATA,NO DATA,NO DATA,State System (State Highways and Class I TH links),US-5,3.49,U005-0307,LRS,Property Damage Only,"(44.54177678, -72.00095680)"
3531,VTVSP0200,12B103878,11/24/2012,Main St (US Route 5),Lyndon,NO DATA,NO DATA,5,NO DATA,590 Main St,NO DATA,NO DATA,35,"8 - No Turns, Thru moves only, Broadside ^<",NO DATA,539682,227009,NO DATA,NO DATA,NO DATA,State System (State Highways and Class I TH links),US-5,3.49,U005-0307,LRS,Property Damage Only,"(44.54177678, -72.00095680)"
3532,VTVSP0200,12B101418,05/11/2012,US-5 (467 Main St),Lyndon,NO DATA,NO DATA,5,NO DATA,NO DATA,NO DATA,NO DATA,35,6 - Single Vehicle Crash,NO DATA,539586,226779,NO DATA,NO DATA,NO DATA,State System (State Highways and Class I TH links),US-5,3.38,U005-0307,LRS,Property Damage Only,"(44.54032291, -72.00180170)"
3533,VTVSP0200,12B101750,06/07/2012,US-5 Main St,Lyndon,NO DATA,NO DATA,NO DATA,NO DATA,Lyndonville Fire Dept.,5,Feet,35,6 - Single Vehicle Crash,East,539489,226559,NO DATA,NO DATA,NO DATA,State System (State Highways and Class I TH links),US-5,3.24,U005-0307,LRS,Property Damage Only,"(44.53849567, -72.00295800)"
3534,VT0030200,12LV00115,03/19/2012,US-5 Main St.,Lyndon,NO DATA,NO DATA,5,NO DATA,Maple St.,0,Miles,35,"10 - Left Turn and Thru, Angle Broadside -->v--",North,NO DATA,NO DATA,NO DATA,NO DATA,NO DATA,State System (State Highways and Class I TH links),US-5,3.11,U005-0307,LRS,Property Damage Only,"(44.53680138, -72.00403809)"
3541,VTVSP0200,12B100156,01/14/2012,US-5 Main St,Lyndon,1,NO DATA,NO DATA,NO DATA,Center St,5,Feet,35,7 - Other - Explain in Narrative,South,460596,226109,NO DATA,NO DATA,NO DATA,State System (State Highways and Class I TH links),US-5,2.81,U005-0307,LRS,Property Damage Only,"(44.53359535, -72.00287487)"
3542,VT0030200,12LV00265,05/29/2012,US-5 Depot St.,Lyndon,NO DATA,NO DATA,NO DATA,NO DATA,Broad St.,0,Miles,35,7 - Other - Explain in Narrative,NO DATA,NO DATA,NO DATA,NO DATA,NO DATA,NO DATA,State System (State Highways and Class I TH links),US-5,2.78,U005-0307,LRS,Property Damage Only,"(44.53316276, -72.00292264)"
3543,VTVSP0200,12B104339,12/30/2012,US-5 (407 Broad St),Lyndon,NO DATA,NO DATA,5,NO DATA,Kinney Drug Str,NO DATA,NO DATA,99,NO DATA,South,539645,225224,NO DATA,NO DATA,NO DATA,State System (State Highways and Class I TH links),US-5,2.25,U005-0307,LRS,Property Damage Only,"(44.52587569, -72.00075328)"
3544,VTVSP0200,12B100518,02/19/2012,US-5 Memorial Dr,Lyndon,NO DATA,NO DATA,5,NO DATA,I91 SB On Ramp,200,Feet,35,6 - Single Vehicle Crash,South,539209,224182,NO DATA,NO DATA,NO DATA,State System (State Highways and Class I TH links),US-5,1.5,U005-0307,LRS,Property Damage Only,"(44.51683892, -72.00652896)"
3545,VT0130200,12BB01866,03/13/2012,US-5 Roundabout,Brattleboro,NO DATA,NO DATA,NO DATA,NO DATA,Putney Rd,NO DATA,NO DATA,25,7 - Other - Explain in Narrative,South,004-95-367,000-42-803,NO DATA,NO DATA,NO DATA,State System (State Highways and Class I TH links),US-5,4.62,U005-1302S,LRS,Property Damage Only,"(42.88512223, -72.55684741)"
3546,VTVSP0200,12B102628,08/13/2012,US Rt 5,Lyndon,NO DATA,NO DATA,5,NO DATA,Industrial Parkway,10,Feet,40,"14 - Left Turn and Thru, Broadside v<--",East,539387,221807,NO DATA,NO DATA,NO DATA,State System (State Highways and Class I TH links),US-5,0.84,U005-0307,LRS,Property Damage Only,"(44.50887681, -72.01130544)"
3547,VTVSP0200,12B100228,01/22/2012,US Route 5,Burke,NO DATA,NO DATA,5,NO DATA,Church St,NO DATA,NO DATA,35,"8 - No Turns, Thru moves only, Broadside ^<",NO DATA,541185,238067,NO DATA,NO DATA,NO DATA,State System (State Highways and Class I TH links),US-5,4.15,U005-0302,LRS,Property Damage Only,"(44.64158218, -71.98075850)"
3554,VTVSP0200,12B103398,10/18/2012,US Route 5,Burke,NO DATA,NO DATA,5,NO DATA,Big Mtn Estates,500,Feet,50,6 - Single Vehicle Crash,North,541839,234690,50,302,180,State System (State Highways and Class I TH links),US-5,1.84,U005-0302,LRS,Injury,"(44.61139835, -71.97295661)"
3555,VTVSP0200,12B100549,02/23/2012,US Rt 5,Burke,NO DATA,NO DATA,5,NO DATA,Bugbee Crossing,10,Feet,50,4 - Opp Direction Sideswipe,North,541963,233693,NO DATA,NO DATA,NO DATA,State System (State Highways and Class I TH links),US-5,1.17,U005-0302,LRS,Injury,"(44.60198249, -71.97162040)"
3556,VTVSP0200,12B101306,04/29/2012,US Route 5,Burke,NO DATA,NO DATA,5,NO DATA,Burke/Lyndon Town Line,0,Miles,50,6 - Single Vehicle Crash,North,541297,232338,50,302,20,State System (State Highways and Class I TH links),US-5,0.2,U005-0302,LRS,Injury,"(44.59025985, -71.98007995)"
3557,VT0130200,12BB04147,06/06/2012,US-5 Roundabout,Brattleboro,NO DATA,NO DATA,NO DATA,NO DATA,Putney Rd,NO DATA,NO DATA,25,3 - Same Direction Sideswipe,South,004-95-370,000-42-723,NO DATA,NO DATA,NO DATA,State System (State Highways and Class I TH links),US-5,4.62,U005-1302,LRS,Property Damage Only,"(42.88485912, -72.55647556)"
3558,VTVSP0200,12B101163,04/15/2012,US Route 5,Barnet,NO DATA,NO DATA,5,NO DATA,Robinsons Log Yard,NO DATA,NO DATA,50,6 - Single Vehicle Crash,North,536372,207166,50,301,860,State System (State Highways and Class I TH links),US-5,8.41,U005-0301,LRS,Fatal,"(44.36380374, -72.04375542)"
3559,VTVSP1000,12D203165,11/16/2012,US-5 Bellows Falls Road,Putney,NO DATA,NO DATA,5,NO DATA,Basketville Store/ #8 Bellows Falls Road,300,Feet,30,6 - Single Vehicle Crash,North,498530,53202,50,1313,113,State System (State Highways and Class I TH links),US-5,0.85,U005-1313,LRS,Property Damage Only,"(42.97730281, -72.52017095)"
3560,VTVSP0200,12B101164,04/15/2012,US-5,Barnet,NO DATA,NO DATA,5,NO DATA,Joe's Brook Road,NO DATA,NO DATA,50,3 - Same Direction Sideswipe,NO DATA,536402,204583,50,301,680,State System (State Highways and Class I TH links),US-5,6.73,U005-0301,LRS,Property Damage Only,"(44.34067472, -72.04351250)"
3567,VTVSP0300,12C105582,10/14/2012,US-4,Killington,NO DATA,NO DATA,4,NO DATA,River Rd,NO DATA,NO DATA,50,1 - Rear End,NO DATA,477918,118704,NO DATA,NO DATA,NO DATA,State System (State Highways and Class I TH links),US-4,4.33,U004-1121,LRS,Property Damage Only,"(43.65815813, -72.77318401)"
3568,VT0140500,12WK00948,06/08/2012,US-4 (66 PLEASANT STREET),Woodstock,NO DATA,NO DATA,4,NO DATA,MAPLEFIELDS MOBIL,25,Feet,25,3 - Same Direction Sideswipe,South,NO DATA,NO DATA,NO DATA,NO DATA,NO DATA,State System (State Highways and Class I TH links),US-4,6.84,U004-1424,LRS,Property Damage Only,"(43.62651846, -72.50723828)"
3569,VT0140500,12WK016617,09/08/2012,US-4,Woodstock,NO DATA,NO DATA,4,NO DATA,Mill ST,NO DATA,NO DATA,35,1 - Rear End,NO DATA,433657,723240,NO DATA,NO DATA,NO DATA,State System (State Highways and Class I TH links),US-4,6.82,U004-1424,LRS,Property Damage Only,"(43.62655456, -72.50766513)"
3570,VT0140500,12WK01069,06/26/2012,US-4 (66 Pleasant St),Woodstock,NO DATA,NO DATA,4,NO DATA,Hartland Hill,55,Feet,25,1 - Rear End,East,723026,433737,NO DATA,NO DATA,NO DATA,State System (State Highways and Class I TH links),US-4,6.82,U004-1424,LRS,Property Damage Only,"(43.62655456, -72.50766513)"
3571,VT0140500,12WK01122,07/04/2012,US-4 (47 PLEASANT STREET),Woodstock,NO DATA,NO DATA,4,NO DATA,WOODSTOCK ROAD; EAST,NO DATA,NO DATA,25,2 - Head On,West,NO DATA,NO DATA,NO DATA,NO DATA,NO DATA,State System (State Highways and Class I TH links),US-4,6.72,U004-1424,LRS,Injury,"(43.62673475, -72.50979969)"
3572,VT0140500,12WK0328,02/24/2012,US-4 (37 Pleasant St),Woodstock,NO DATA,NO DATA,4,NO DATA,Stanton St,150,Feet,25,1 - Rear End,West,NO DATA,NO DATA,NO DATA,NO DATA,NO DATA,State System (State Highways and Class I TH links),US-4,6.64,U004-1424,LRS,Property Damage Only,"(43.62677669, -72.51151875)"
3573,VT0140500,12WK00262,02/17/2012,US-4 Pleasant Street,Woodstock,NO DATA,NO DATA,4,NO DATA,Ottaquechee Health Center,NO DATA,NO DATA,25,NO DATA,NO DATA,498900,125186,NO DATA,NO DATA,NO DATA,State System (State Highways and Class I TH links),US-4,6.53,U004-1424,LRS,Property Damage Only,"(43.62683139, -72.51388253)"
3580,VT0140500,12WK00858,05/20/2012,US-4 (3 Church St),Woodstock,NO DATA,NO DATA,4,NO DATA,Prospect St,10,Feet,25,7 - Other - Explain in Narrative,East,722510,436227,NO DATA,NO DATA,NO DATA,State System (State Highways and Class I TH links),US-4,6,U004-1424,LRS,Injury,"(43.62267652, -72.52207361)"
3581,VTVSP0400,12D103244,10/04/2012,US Route 5,Westminster,NO DATA,NO DATA,5,NO DATA,6791 US Route 5,NO DATA,NO DATA,50,3 - Same Direction Sideswipe,NO DATA,504716,67412,50,1320,680,State System (State Highways and Class I TH links),US-5,6.8,U005-1320,LRS,Property Damage Only,"(43.10724572, -72.44208184)"
3582,VTVSP0300,12C106862,12/16/2012,US-4,Killington,NO DATA,NO DATA,4,NO DATA,TH 2,NO DATA,NO DATA,40,2 - Head On,NO DATA,475520,129802,40,1121,236,State System (State Highways and Class I TH links),US-4,2.37,U004-1121,LRS,Injury,"(43.66809172, -72.80362085)"
3583,VT0140500,12WK00402,03/09/2012,US-4 (9 Church ST),Woodstock,NO DATA,NO DATA,4,NO DATA,NO DATA,100,Feet,25,3 - Same Direction Sideswipe,East,725212,436231,NO DATA,NO DATA,NO DATA,State System (State Highways and Class I TH links),US-4,5.93,U004-1424,LRS,Property Damage Only,"(43.62220947, -72.52335002)"
3584,VT0140500,12WK01551,08/28/2012,US-4 (80 RIVER STREET),Woodstock,NO DATA,NO DATA,4,NO DATA,ROSE HILL ROAD,300,Feet,25,1 - Rear End,West,NO DATA,NO DATA,NO DATA,NO DATA,NO DATA,State System (State Highways and Class I TH links),US-4,5.66,U004-1424,LRS,Property Damage Only,"(43.62110703, -72.52882211)"
3585,VT0140500,12WK01343,08/01/2012,863 West Woodstock,Woodstock,NO DATA,NO DATA,4,NO DATA,White Cottage Snack Bar,400,Feet,35,NO DATA,East,NO DATA,NO DATA,NO DATA,NO DATA,NO DATA,State System (State Highways and Class I TH links),US-4,5.01,U004-1424,LRS,Injury,"(43.61744137, -72.54014055)"
3586,VT0130200,12BB03009,04/26/2012,US-5 Roundabout,Brattleboro,NO DATA,NO DATA,NO DATA,NO DATA,Putney Rd,NO DATA,NO DATA,25,1 - Rear End,NO DATA,004-95-328,000-42-557,NO DATA,NO DATA,NO DATA,State System (State Highways and Class I TH links),US-5,4.62,U005-1302,LRS,Property Damage Only,"(42.88485912, -72.55647556)"
3593,VT0140500,12WK01639,09/12/2012,US-4,Woodstock,NO DATA,NO DATA,4,NO DATA,Bridges Rd,NO DATA,NO DATA,50,1 - Rear End,NO DATA,433603,723406,NO DATA,NO DATA,NO DATA,State System (State Highways and Class I TH links),US-4,2.01,U004-1424,LRS,Property Damage Only,"(43.60013307, -72.58893661)"
3594,VT0140500,12WK02123,12/07/2012,US-4 WEST WOODSTOCK ROAD,Woodstock,NO DATA,NO DATA,4,NO DATA,ECHO LEDGE ROAD,500,Feet,50,6 - Single Vehicle Crash,East,723628,433535,NO DATA,NO DATA,NO DATA,State System (State Highways and Class I TH links),US-4,0.95,U004-1424,LRS,Property Damage Only,"(43.59386743, -72.60737840)"
3595,VT0140300,12HF03404,09/30/2012,US-4┬á (42 MAPLE STREET),Hartford,NO DATA,NO DATA,4,NO DATA,Listen Thrift Center,30,NO DATA,35,4 - Opp Direction Sideswipe,West,514838,127896,NO DATA,NO DATA,NO DATA,State System (State Highways and Class I TH links),US-4,9.55,U004-1408,LRS,Property Damage Only,"(43.65104729, -72.31570873)"
3596,VT0140300,12HF00724,03/08/2012,US-4 (87 MAPLE ST),Hartford,NO DATA,14,NO DATA,NO DATA,Prospect Street,NO DATA,NO DATA,25,1 - Rear End,NO DATA,514812,127810,NO DATA,NO DATA,NO DATA,State System (State Highways and Class I TH links),US-4,9.51,U004-1408,LRS,Property Damage Only,"(43.65127727, -72.31647246)"
3597,VT0140300,12HF01825,06/01/2012,US-4 Maple Street,Hartford,NO DATA,NO DATA,NO DATA,NO DATA,Bridge St.,100,Feet,30,7 - Other - Explain in Narrative,East,514833,127896,NO DATA,NO DATA,NO DATA,State System (State Highways and Class I TH links),US-4,9.47,U004-1408,LRS,Property Damage Only,"(43.65147865, -72.31725255)"
3598,VT0140300,12HF04227,12/10/2012,US-4 Maple Street,Hartford,NO DATA,NO DATA,NO DATA,NO DATA,Bridge Street,5,Feet,35,"10 - Left Turn and Thru, Angle Broadside -->v--",South,514707,127934,NO DATA,NO DATA,NO DATA,State System (State Highways and Class I TH links),US-4,9.45,U004-1408,LRS,Property Damage Only,"(43.65156815, -72.31764609)"
3599,VT0140300,12HF01958,06/13/2012,US-4 Maple Street,Hartford,NO DATA,NO DATA,4,NO DATA,Bridge Street,NO DATA,NO DATA,30,"10 - Left Turn and Thru, Angle Broadside -->v--",NO DATA,514716,127941,NO DATA,NO DATA,NO DATA,State System (State Highways and Class I TH links),US-4,9.45,U004-1408,LRS,Property Damage Only,"(43.65156815, -72.31764609)"
3605,VT0140300,12HF01229,04/17/2012,US-4 Maple Street,Hartford,NO DATA,NO DATA,4,NO DATA,Pine Street,10,Feet,35,1 - Rear End,East,514728,127939,NO DATA,NO DATA,NO DATA,State System (State Highways and Class I TH links),US-4,9.45,U004-1408,LRS,Property Damage Only,"(43.65156815, -72.31764609)"
3606,VT0140300,12HF01755,05/27/2012,US-4 Maple Street,Hartford,NO DATA,NO DATA,NO DATA,NO DATA,Bridge Street,4,Feet,35,"10 - Left Turn and Thru, Angle Broadside -->v--",South,514708,127927,NO DATA,NO DATA,NO DATA,State System (State Highways and Class I TH links),US-4,9.45,U004-1408,LRS,Property Damage Only,"(43.65156815, -72.31764609)"
3607,VT0140300,12HF00033,01/03/2012,US-4┬á (Maple Street),Hartford,NO DATA,NO DATA,4,NO DATA,Bridge Street,NO DATA,NO DATA,35,7 - Other - Explain in Narrative,NO DATA,514825,127897,NO DATA,NO DATA,NO DATA,State System (State Highways and Class I TH links),US-4,9.44,U004-1408,LRS,Property Damage Only,"(43.65162392, -72.31782241)"
3608,VTVSP0400,12D102806,08/31/2012,US-5 (5371 US Route 5),Westminster,NO DATA,NO DATA,5,NO DATA,NO DATA,NO DATA,NO DATA,35,1 - Rear End,NO DATA,504947,65407,NO DATA,NO DATA,NO DATA,State System (State Highways and Class I TH links),US-5,5.39,U005-1320,LRS,Injury,"(43.08889252, -72.43899444)"
3609,VT0140300,12HF00869,03/20/2012,US-4 (190 Maple Street),Hartford,NO DATA,14,NO DATA,NO DATA,US#5,NO DATA,NO DATA,35,1 - Rear End,NO DATA,514576,127961,NO DATA,NO DATA,NO DATA,State System (State Highways and Class I TH links),US-4,9.41,U004-1408,LRS,Property Damage Only,"(43.65178371, -72.31835578)"
3610,VT0140300,12HF00031,01/03/2012,US-4 (190 Maple Street),Hartford,NO DATA,NO DATA,4,NO DATA,People's Bank,NO DATA,NO DATA,30,1 - Rear End,NO DATA,514666,127954,NO DATA,NO DATA,NO DATA,State System (State Highways and Class I TH links),US-4,9.4,U004-1408,LRS,Property Damage Only,"(43.65183889, -72.31853248)"
3611,VT0140300,12HF03329,09/24/2012,US-4 (209 Maple Street),Hartford,NO DATA,NO DATA,4,NO DATA,Hartford Avenue,50,Feet,35,"14 - Left Turn and Thru, Broadside v<--",East,514621,127975,NO DATA,NO DATA,NO DATA,State System (State Highways and Class I TH links),US-4,9.39,U004-1408,LRS,Property Damage Only,"(43.65189504, -72.31870860)"
3618,VT0140300,12HF03207,09/14/2012,US-4 Woodstock Road,Hartford,NO DATA,NO DATA,4,NO DATA,Mill Road,30,Feet,40,"8 - No Turns, Thru moves only, Broadside ^<",East,513550,128246,NO DATA,NO DATA,NO DATA,State System (State Highways and Class I TH links),US-4,9.15,U004-1408,LRS,Injury,"(43.65431761, -72.33210153)"
3619,VT0140300,12HF04014,11/19/2012,US-4 Woodstock Road,Hartford,NO DATA,NO DATA,4,NO DATA,V.A. Cutoff Road,25,Feet,40,6 - Single Vehicle Crash,East,512660,128571,NO DATA,NO DATA,NO DATA,State System (State Highways and Class I TH links),US-4,8.54,U004-1408,LRS,Property Damage Only,"(43.65726240, -72.34328920)"
3620,VT0140300,12HF00609,02/27/2012,US-4 Woodstock Road,Hartford,NO DATA,NO DATA,4,NO DATA,Town Highway TH132,NO DATA,NO DATA,40,NO DATA,NO DATA,512650,128564,NO DATA,NO DATA,NO DATA,State System (State Highways and Class I TH links),US-4,8.51,U004-1408,LRS,Injury,"(43.65729676, -72.34399816)"
3621,VT0130200,12BB07300,09/22/2012,US-5 Park Place,Brattleboro,NO DATA,NO DATA,NO DATA,NO DATA,14 Park Place,NO DATA,NO DATA,25,1 - Rear End,NO DATA,004-95-206,000-39-702,NO DATA,NO DATA,NO DATA,State System (State Highways and Class I TH links),US-5,2.67,U005-1302S,LRS,Property Damage Only,"(42.85741807, -72.56056203)"
3622,VT0140300,12HF00570,02/23/2012,US-4 (1931 E WOODSTOCK RD),Hartford,NO DATA,NO DATA,NO DATA,NO DATA,NO DATA,NO DATA,NO DATA,45,6 - Single Vehicle Crash,NO DATA,510902,129255,NO DATA,NO DATA,NO DATA,State System (State Highways and Class I TH links),US-4,7.41,U004-1408,LRS,Property Damage Only,"(43.66333362, -72.36403174)"
3623,VT0140300,12HF01969,06/14/2012,1770 Hartford Avenue,Hartford,NO DATA,NO DATA,5,NO DATA,Depot Street,5,Feet,30,"8 - No Turns, Thru moves only, Broadside ^<",West,515385,130311,NO DATA,NO DATA,NO DATA,State System (State Highways and Class I TH links),US-5,5.65,U005-1408,LRS,Property Damage Only,"(43.67307337, -72.30923433)"
3624,VT0140300,12HFO0742,03/10/2012,Route 4,Hartford,NO DATA,4,NO DATA,NO DATA,I 89 Exit 1 Offramp,1,Miles,45,6 - Single Vehicle Crash,East,509547,129470,NO DATA,NO DATA,NO DATA,State System (State Highways and Class I TH links),US-4,6.91,U004-1408,LRS,Property Damage Only,"(43.66422823, -72.37386301)"
3631,VT0140300,12HF02956,08/24/2012,US-4 (3479 Woodstock Road),Hartford,NO DATA,NO DATA,4,NO DATA,Interstate 89 South Ramp,20,Feet,45,1 - Rear End,East,509007,129114,NO DATA,NO DATA,NO DATA,State System (State Highways and Class I TH links),US-4,5.87,U004-1408,LRS,Property Damage Only,"(43.66224464, -72.38762114)"
3632,VT0140300,12HF02267,07/04/2012,US-4 (3699 Woodstock Road),Hartford,NO DATA,NO DATA,4,NO DATA,KOA Campground,NO DATA,Feet,45,1 - Rear End,NO DATA,509077,128958,NO DATA,NO DATA,NO DATA,State System (State Highways and Class I TH links),US-4,5.65,U004-1408,LRS,Property Damage Only,"(43.65908231, -72.38755538)"
3633,VT0140300,12HF03362,09/26/2012,US-4 (3933 Woodstock Rd),Hartford,NO DATA,NO DATA,4,NO DATA,Center Of Town Rd,500,Feet,45,6 - Single Vehicle Crash,East,509028,128407,NO DATA,NO DATA,NO DATA,State System (State Highways and Class I TH links),US-4,5.42,U004-1408,LRS,Property Damage Only,"(43.65577132, -72.38800746)"
3634,VT0140300,12HF03295,09/21/2012,US-4 Woodstock Road,Hartford,NO DATA,NO DATA,4,NO DATA,Center Of Town Road,200,Feet,45,1 - Rear End,East,508999,128345,NO DATA,NO DATA,NO DATA,State System (State Highways and Class I TH links),US-4,5.38,U004-1408,LRS,Property Damage Only,"(43.65519651, -72.38809813)"
3635,VT0140300,12HF02969,08/24/2012,US-4 Woodstock Road,Hartford,NO DATA,NO DATA,4,NO DATA,1 Quechee Main Street,20,Feet,40,6 - Single Vehicle Crash,East,508787,127995,NO DATA,NO DATA,NO DATA,State System (State Highways and Class I TH links),US-4,5.13,U004-1408,LRS,Injury,"(43.65225564, -72.39081890)"
3636,VT0140300,12HF04428,12/27/2012,US-4 Woodstock Road,Hartford,NO DATA,NO DATA,4,NO DATA,Quechee Main Street,NO DATA,NO DATA,45,6 - Single Vehicle Crash,NO DATA,508769,127979,NO DATA,NO DATA,NO DATA,State System (State Highways and Class I TH links),US-4,5.11,U004-1408,LRS,Property Damage Only,"(43.65204723, -72.39110214)"
3637,VTVSP0300,12C107006,12/22/2012,US-4 (2046 US Rt 4),Killington,NO DATA,NO DATA,4,NO DATA,VT Rt 100,900,Feet,40,7 - Other - Explain in Narrative,West,475134,129706,NO DATA,NO DATA,NO DATA,State System (State Highways and Class I TH links),US-4,1.94,U004-1121,LRS,Injury,"(43.66654634, -72.80960580)"
3644,VT0130200,12BB04057,06/02/2012,US-5 Putney Rd,Brattleboro,NO DATA,NO DATA,NO DATA,NO DATA,The Common,NO DATA,NO DATA,25,NO DATA,NO DATA,NO DATA,NO DATA,NO DATA,NO DATA,NO DATA,State System (State Highways and Class I TH links),US-5,2.62,U005-1302S,LRS,Property Damage Only,"(42.85712610, -72.56149351)"
3645,VT0140300,12HF00639,03/01/2012,US-4 Woodstock Road,Hartford,NO DATA,NO DATA,4,NO DATA,Hathaway Road,NO DATA,NO DATA,40,6 - Single Vehicle Crash,NO DATA,508620,126379,NO DATA,NO DATA,NO DATA,State System (State Highways and Class I TH links),US-4,3.96,U004-1408,LRS,Property Damage Only,"(43.63725448, -72.39448863)"
3646,VTVSP0400,12D101267,04/25/2012,US-5 Rockingham Road,Rockingham,NO DATA,NO DATA,5,NO DATA,Industrial Drive,NO DATA,NO DATA,45,1 - Rear End,NO DATA,503504,73431,50,1314,280,State System (State Highways and Class I TH links),US-5,2.8,U005-1314,LRS,Property Damage Only,"(43.16102283, -72.45689404)"