ID,Reporting Agency,Report Number,Date,Street Address,Town,Number,Number1,Number2,Number3,Intersection,Distance From Intersection,Distance Unit,Posted Speed,Direction of Collision,Direction from Intersection,Easting,Northing,Mile Marker,Mile Marker 1,Mile Marker 2,AOT Roadway,AOT Route,AOT Actual Mile,LRS Number,How Mapped,Crash Type,Location 1
3647,VT0140300,12HF00018,01/02/2012,US-4 (5573 Woodstock Road),Hartford,NO DATA,NO DATA,4,NO DATA,Quechee Gorge Village,NO DATA,Miles,40,1 - Rear End,NO DATA,507931,126349,NO DATA,NO DATA,NO DATA,State System (State Highways and Class I TH links),US-4,3.77,U004-1408,LRS,Property Damage Only,"(43.63716204, -72.39818686)"
3648,VT0140300,12HF02004,06/16/2012,US-4 Woodstock Road,Hartford,NO DATA,NO DATA,4,NO DATA,Quechee Gorge Village,NO DATA,NO DATA,40,1 - Rear End,NO DATA,508153,126339,NO DATA,NO DATA,NO DATA,State System (State Highways and Class I TH links),US-4,3.73,U004-1408,LRS,Property Damage Only,"(43.63723168, -72.39897439)"
3649,VT0140300,12HF02959,08/24/2012,US-4 (5893 Woodstock Road),Hartford,NO DATA,NO DATA,4,NO DATA,Quechee Pizza Chef,30,Feet,35,1 - Rear End,North,507580,126315,NO DATA,NO DATA,NO DATA,State System (State Highways and Class I TH links),US-4,3.45,U004-1408,LRS,Injury,"(43.63706707, -72.40452582)"
3650,VT0140300,12HF03530,10/10/2012,US-4 (5968 Woodstock Road),Hartford,NO DATA,NO DATA,4,NO DATA,Quechee Gorge,100,Feet,35,1 - Rear End,East,507374,126339,NO DATA,NO DATA,NO DATA,State System (State Highways and Class I TH links),US-4,3.38,U004-1408,LRS,Property Damage Only,"(43.63703131, -72.40591415)"
3657,VT0130200,12BB05611,07/24/2012,Roundabout,Brattleboro,NO DATA,NO DATA,NO DATA,NO DATA,Rte 9,NO DATA,NO DATA,25,3 - Same Direction Sideswipe,NO DATA,004-94-608,000-37-284,NO DATA,NO DATA,NO DATA,State System (State Highways and Class I TH links),US-5,4.62,U005-1302,LRS,Property Damage Only,"(42.88485912, -72.55647556)"
3658,VT0140300,12HF02359,07/10/2012,US-4 Woodstock Road,Hartford,NO DATA,NO DATA,4,NO DATA,Quechee Gorge Bridge,0,Miles,35,1 - Rear End,West,507389,126333,NO DATA,NO DATA,NO DATA,State System (State Highways and Class I TH links),US-4,3.26,U004-1408,LRS,Property Damage Only,"(43.63732350, -72.40826721)"
3659,VTVSP0300,12C104059,08/04/2012,US 4,Killington,NO DATA,NO DATA,4,NO DATA,Winterberry Rd Ext,900,Feet,50,4 - Opp Direction Sideswipe,West,473639,129471,40,1121,115,State System (State Highways and Class I TH links),US-4,1.04,U004-1121,LRS,Injury,"(43.66507902, -72.82632292)"
3660,VT0130200,12BB02267,03/28/2012,US-5 Roundabout,Brattleboro,NO DATA,NO DATA,NO DATA,NO DATA,Route 5,NO DATA,NO DATA,25,3 - Same Direction Sideswipe,NO DATA,004-95-367,000-42-723,NO DATA,NO DATA,NO DATA,State System (State Highways and Class I TH links),US-5,4.62,U005-1302,LRS,Property Damage Only,"(42.88485912, -72.55647556)"
3661,VT0040500,12CC06455,09/18/2012,US-7 Roosevelt Highway,Colchester,NO DATA,NO DATA,7,NO DATA,Lower Mountain View Drive,300,Feet,40,1 - Rear End,NO DATA,004-45-869,002-23-136,NO DATA,NO DATA,NO DATA,State System (State Highways and Class I TH links),US-7,0.29,U007-0405,LRS,Property Damage Only,"(44.50656546, -73.18075783)"
3662,VT0040700,12SH02336,09/19/2012,US-7 (5657 Shelburne Road),Shelburne,NO DATA,NO DATA,NO DATA,NO DATA,Shelburne Museum Entrance,50,Feet,35,NO DATA,North,441865,208645,NO DATA,NO DATA,NO DATA,State System (State Highways and Class I TH links),US-7,1.59,U007-0413,LRS,Property Damage Only,"(44.37530105, -73.22956397)"
3663,VT0040300,12SB015080,11/09/2012,US-7 Shelburne Rd/ Holmes Rd.,South Burlington,NO DATA,NO DATA,NO DATA,NO DATA,Holmes Rd.,NO DATA,NO DATA,35,1 - Rear End,NO DATA,NO DATA,NO DATA,NO DATA,NO DATA,NO DATA,State System (State Highways and Class I TH links),US-7,0.87,U007-0414,LRS,Property Damage Only,"(44.43338203, -73.21077881)"
3670,VT0040600,12MT02477,06/26/2012,US-7 (158 River St),Milton,NO DATA,NO DATA,7,NO DATA,Pet Paradise/Rebecca Lander Drive,25,Feet,25,1 - Rear End,South,004-51-097,002-36-637,70,410,420,State System (State Highways and Class I TH links),US-7,4.22,U007-0410,LRS,Injury,"(44.62835639, -73.11658830)"
3671,VT0040500,12CC03900,06/13/2012,US-7 Roosevelt Hwy,Colchester,NO DATA,NO DATA,2 &,NO DATA,Interstate 89 Northbound Ramp Exit 16,NO DATA,NO DATA,35,1 - Rear End,NO DATA,445851,223095,NO DATA,NO DATA,NO DATA,State System (State Highways and Class I TH links),US-7,0.24,U007-0405,LRS,Property Damage Only,"(44.50586382, -73.18104582)"
3672,VT0040500,12CC04091,06/20/2012,US-7 Roosevelt Highway,Colchester,NO DATA,NO DATA,7,NO DATA,I89 N/B Ramp @ Exit 16,NO DATA,NO DATA,25,1 - Rear End,NO DATA,004-45-850,002-23-103,NO DATA,NO DATA,NO DATA,State System (State Highways and Class I TH links),US-7,0.24,U007-0405,LRS,Property Damage Only,"(44.50586382, -73.18104582)"
3673,VT0040400,12WS003570,07/20/2012,US-7 Main St,Winooski City,NO DATA,NO DATA,NO DATA,NO DATA,Union St,NO DATA,NO DATA,25,"10 - Left Turn and Thru, Angle Broadside -->v--",East,004-45-390,002-21-716,NO DATA,NO DATA,NO DATA,State System (State Highways and Class I TH links),US-7,0.32,U007-0418,LRS,Property Damage Only,"(44.49310672, -73.18653060)"
3674,VT0040600,12MT00570,02/13/2012,US Route 7,Milton,NO DATA,NO DATA,NO DATA,NO DATA,Southerberry Drive,20,Feet,35,6 - Single Vehicle Crash,North,004-49-842,002-36-080,70,410,325,State System (State Highways and Class I TH links),US-7,3.12,U007-0410,LRS,Injury,"(44.62360125, -73.13244505)"
3675,VT0040300,12SB02422,03/30/2012,US-7 Shelburne Road,South Burlington,NO DATA,NO DATA,NO DATA,NO DATA,Hannaford Drive,NO DATA,NO DATA,35,1 - Rear End,NO DATA,443488,215926,NO DATA,NO DATA,NO DATA,State System (State Highways and Class I TH links),US-7,1.44,U007-0414,LRS,Property Damage Only,"(44.44162158, -73.20994104)"
3676,VT0140200,12SF05169,12/14/2012,US-5 Vermont Route 11 E,Springfield,NO DATA,NO DATA,NO DATA,NO DATA,Exit 7 Southbound,10,Feet,40,3 - Same Direction Sideswipe,North,505316,85118,NO DATA,NO DATA,NO DATA,State System (State Highways and Class I TH links),US-5,2.44,U005-1418,LRS,Property Damage Only,"(43.26630663, -72.43431544)"
3682,VT0040500,12CC08437,12/13/2012,US-7 Roosevelt Highway,Colchester,NO DATA,NO DATA,7,NO DATA,Main Street (Rt 2A),50,Feet,35,2 - Head On,North,447246,228058,NO DATA,NO DATA,NO DATA,State System (State Highways and Class I TH links),US-7,1.29,U007-0405,LRS,Injury,"(44.51904146, -73.17388764)"
3683,VT0040500,12CC07223,10/19/2012,US-7 Roosevelt Highway,Colchester,NO DATA,NO DATA,7,NO DATA,I89 Exit 16 Sb Off Ramp,NO DATA,NO DATA,35,3 - Same Direction Sideswipe,NO DATA,445827,222989,NO DATA,NO DATA,NO DATA,State System (State Highways and Class I TH links),US-7,0.2,U007-0405,LRS,Property Damage Only,"(44.50530088, -73.18126833)"
3684,VT0040500,12CC04825,07/17/2012,US-7 Roosevelt Highway,Colchester,NO DATA,NO DATA,2,NO DATA,"I89, Exit 16, South Bound",NO DATA,NO DATA,35,NO DATA,NO DATA,004-45-816,002-22-998,NO DATA,NO DATA,NO DATA,State System (State Highways and Class I TH links),US-7,0.19,U007-0405,LRS,Property Damage Only,"(44.50516002, -73.18132343)"
3685,VT0040500,12CC01173,02/26/2012,US-7 (Roosevelt Highway),Colchester,NO DATA,NO DATA,7,NO DATA,I-89 South Bound,NO DATA,NO DATA,35,1 - Rear End,NO DATA,445821,222996,NO DATA,NO DATA,NO DATA,State System (State Highways and Class I TH links),US-7,0.19,U007-0405,LRS,Property Damage Only,"(44.50516002, -73.18132343)"
3686,VT0040500,12CC00235,01/13/2012,US-7┬á (Roosevelt Highway),Colchester,NO DATA,NO DATA,7,NO DATA,Interstate 89 Southbound Off Ramp Exit 16,NO DATA,NO DATA,35,3 - Same Direction Sideswipe,NO DATA,445809,222987,NO DATA,NO DATA,NO DATA,State System (State Highways and Class I TH links),US-7,0.18,U007-0405,LRS,Property Damage Only,"(44.50501943, -73.18137979)"
3687,VT0040300,12SB01410,02/22/2012,US-7 (1095 Shelburne Rd),South Burlington,NO DATA,7,NO DATA,NO DATA,Freedom Nissan,25,Feet,35,1 - Rear End,North,NO DATA,NO DATA,NO DATA,NO DATA,NO DATA,State System (State Highways and Class I TH links),US-7,1.23,U007-0414,LRS,Property Damage Only,"(44.43858608, -73.21025160)"
3688,VT0040500,12CC06544,09/22/2012,U.S. Route 7,Colchester,NO DATA,NO DATA,7,NO DATA,"I89 Southbound Ramp, Exit 16",75,Feet,35,1 - Rear End,South,445829,222871,NO DATA,NO DATA,NO DATA,State System (State Highways and Class I TH links),US-7,0.17,U007-0405,LRS,Property Damage Only,"(44.50487883, -73.18143614)"
3694,VT0040500,12CC01625,03/19/2012,US-7 (156 Roosevelt Highway),Colchester,NO DATA,NO DATA,7,NO DATA,Champlain Farms,NO DATA,NO DATA,30,"8 - No Turns, Thru moves only, Broadside ^<",NO DATA,445856,222851,NO DATA,NO DATA,NO DATA,State System (State Highways and Class I TH links),US-7,0.15,U007-0405,LRS,Injury,"(44.50459764, -73.18154886)"
3695,VT0040700,12SH02544,10/12/2012,US-7 Shelburne Road,Shelburne,NO DATA,7,NO DATA,NO DATA,Webster Road (South),20,Feet,40,6 - Single Vehicle Crash,North,442239,209951,NO DATA,NO DATA,NO DATA,State System (State Highways and Class I TH links),US-7,2.44,U007-0413,LRS,Property Damage Only,"(44.38720614, -73.22500924)"
3696,VT0040400,12WS003452,07/24/2012,US-7 (235 Main St),Winooski City,NO DATA,NO DATA,NO DATA,NO DATA,Stevens St,100,Feet,25,6 - Single Vehicle Crash,South,004-45-500,002-22-049,NO DATA,NO DATA,NO DATA,State System (State Highways and Class I TH links),US-7,0.54,U007-0418,LRS,Property Damage Only,"(44.49613247, -73.18547408)"
3697,VT0040300,12SB01061,02/09/2012,US-7 (922 Shelburne Road),South Burlington,NO DATA,NO DATA,7,NO DATA,Burlington Bagel Bakery,10,Feet,35,1 - Rear End,North,443493,215961,NO DATA,NO DATA,NO DATA,State System (State Highways and Class I TH links),US-7,1.58,U007-0414,LRS,Property Damage Only,"(44.44364286, -73.20968824)"
3698,VT0040500,12CC02834,05/03/2012,US-7 (156 Roosevelt Highway),Colchester,NO DATA,NO DATA,7,NO DATA,NO DATA,NO DATA,NO DATA,35,"10 - Left Turn and Thru, Angle Broadside -->v--",NO DATA,445813,222940,NO DATA,NO DATA,NO DATA,State System (State Highways and Class I TH links),US-7,0.15,U007-0405,LRS,Property Damage Only,"(44.50459764, -73.18154886)"
3699,VT0040500,12CC05650,08/20/2012,US-7 Roosevelt Highway,Colchester,NO DATA,NO DATA,NO DATA,NO DATA,156 Roosevelt Highway,NO DATA,NO DATA,30,"12 - Left Turn and Thru, Same Direction Sideswipe/Angle Crash vv--",NO DATA,004-45-794,002-22-905,NO DATA,NO DATA,NO DATA,State System (State Highways and Class I TH links),US-7,0.15,U007-0405,LRS,Injury,"(44.50459764, -73.18154886)"
3700,VT0040500,12CC08367,12/10/2012,US-7 (156 Roosevelt Highway),Colchester,NO DATA,NO DATA,7,NO DATA,Whitcomb Street,75,Feet,35,"20 - Right Turn and Thru, Angle Broadside -->^--",North,445812,222942,NO DATA,NO DATA,NO DATA,State System (State Highways and Class I TH links),US-7,0.15,U007-0405,LRS,Injury,"(44.50459764, -73.18154886)"
3707,VT0040300,12SB008845,07/13/2012,US-7 Shelburne Road,South Burlington,NO DATA,NO DATA,7,NO DATA,Lindenwood Dr,50,Feet,35,1 - Rear End,North,443523,216298,NO DATA,NO DATA,NO DATA,State System (State Highways and Class I TH links),US-7,1.64,U007-0414,LRS,Injury,"(44.44450934, -73.20958394)"
3708,VT0040700,12SH02918,11/26/2012,US-7 Shelburne Road,Shelburne,NO DATA,NO DATA,NO DATA,NO DATA,Shelburne Road / Bay Road,NO DATA,NO DATA,40,NO DATA,NO DATA,442927,212030,NO DATA,NO DATA,NO DATA,State System (State Highways and Class I TH links),US-7,3.81,U007-0413S,LRS,Property Damage Only,"(44.40611689, -73.21677844)"
3709,VT0040500,12CC06643,09/26/2012,US-7 ROOSEVELT HWY,Colchester,NO DATA,NO DATA,7,NO DATA,SUNDERLAND WOODS,NO DATA,NO DATA,50,6 - Single Vehicle Crash,NO DATA,446435,224551,NO DATA,NO DATA,NO DATA,State System (State Highways and Class I TH links),US-7,1.04,U007-0405,LRS,Property Damage Only,"(44.51709664, -73.17812284)"
3710,VT0040600,12MT01771,05/11/2012,250 US Route 7,Milton,NO DATA,NO DATA,7,NO DATA,NO DATA,NO DATA,Feet,35,1 - Rear End,NO DATA,NO DATA,NO DATA,NO DATA,NO DATA,NO DATA,State System (State Highways and Class I TH links),US-7,3.69,U007-0410,LRS,Property Damage Only,"(44.62245710, -73.12218383)"
3711,VT0040600,12MT02879,07/23/2012,US Route 7,Milton,NO DATA,NO DATA,7,NO DATA,Chrisemily Lane,NO DATA,Feet,35,1 - Rear End,NO DATA,449611,236234,NO DATA,NO DATA,NO DATA,State System (State Highways and Class I TH links),US-7,2.8,U007-0410,LRS,Property Damage Only,"(44.62592129, -73.13804440)"
3712,VT0040300,12SB00417,01/16/2012,US-7 (1016 Shelburne Rd),South Burlington,NO DATA,NO DATA,7,NO DATA,LAUREL HILL DR,100,Feet,35,7 - Other - Explain in Narrative,South,443475,215861,NO DATA,NO DATA,NO DATA,State System (State Highways and Class I TH links),US-7,1.4,U007-0414,LRS,Property Damage Only,"(44.44104279, -73.20998831)"
3713,VT0140200,12SF02659,07/13/2012,Route 5 (South) And 11,Springfield,NO DATA,11,NO DATA,NO DATA,Springfield Park And Ride,100,Feet,40,2 - Head On,West,505032,84944,NO DATA,NO DATA,NO DATA,State System (State Highways and Class I TH links),US-5,2.26,U005-1418,LRS,Unknown,"(43.26484952, -72.43712907)"
3720,VT0040700,12SH0659,03/23/2012,US-7 (5138 Shelburne Rd),Shelburne,NO DATA,NO DATA,7,NO DATA,Creamery,0,Miles,35,1 - Rear End,North,442063,209350,NO DATA,NO DATA,NO DATA,State System (State Highways and Class I TH links),US-7,2.11,U007-0413,LRS,Property Damage Only,"(44.38256430, -73.22682490)"
3721,VT0040400,12WS00221,01/22/2012,US-7 (187 Main Street),Winooski City,NO DATA,NO DATA,7,NO DATA,East Spring Street,20,Feet,25,"8 - No Turns, Thru moves only, Broadside ^<",North,445442,221500,NO DATA,NO DATA,NO DATA,State System (State Highways and Class I TH links),US-7,0.46,U007-0418,LRS,Property Damage Only,"(44.49506008, -73.18602617)"
3722,VT0040400,12WS01938,05/31/2012,US-7 (405 Main Street),Winooski City,NO DATA,NO DATA,NO DATA,NO DATA,Tigan Street,10,Feet,25,1 - Rear End,East,004-45-686,002-22-566,NO DATA,NO DATA,NO DATA,State System (State Highways and Class I TH links),US-7,0.91,U007-0418,LRS,Property Damage Only,"(44.50111230, -73.18299998)"
3723,VT0040300,12SB010145,08/06/2012,US-7 Shelburne Rd,South Burlington,NO DATA,NO DATA,NO DATA,NO DATA,Brewer Pkwy,NO DATA,NO DATA,35,"8 - No Turns, Thru moves only, Broadside ^<",NO DATA,443497,216093,NO DATA,NO DATA,NO DATA,State System (State Highways and Class I TH links),US-7,1.52,U007-0414,LRS,Injury,"(44.44277675, -73.20979889)"
3724,VT0040400,12WS006081,12/12/2012,US-7 (41 Main St),Winooski City,NO DATA,NO DATA,NO DATA,NO DATA,NO DATA,NO DATA,NO DATA,25,6 - Single Vehicle Crash,NO DATA,004-45-466,002-21-378,NO DATA,NO DATA,NO DATA,State System (State Highways and Class I TH links),US-7,0.17,U007-0418,LRS,Property Damage Only,"(44.49126616, -73.18587176)"
3725,VT0040300,2012SB633,01/24/2012,US-7 (1580 Shelburne Road),South Burlington,NO DATA,7,NO DATA,NO DATA,Ford,150,Feet,40,"14 - Left Turn and Thru, Broadside v<--",North,NO DATA,NO DATA,NO DATA,NO DATA,NO DATA,State System (State Highways and Class I TH links),US-7,0.65,U007-0414,LRS,Property Damage Only,"(44.43020133, -73.21109971)"
3732,VT0040300,12SB06963,06/08/2012,RT 7,South Burlington,NO DATA,NO DATA,NO DATA,NO DATA,MacIntosh Ave,NO DATA,NO DATA,35,1 - Rear End,NO DATA,443437,215424,NO DATA,NO DATA,NO DATA,State System (State Highways and Class I TH links),US-7,1.13,U007-0414,LRS,Property Damage Only,"(44.43714091, -73.21040681)"
3733,VT0040700,12SH02149-1,08/31/2012,US-7 Shelburne Road,Shelburne,NO DATA,NO DATA,7,NO DATA,Pinehaven Shores Road,300,Feet,40,3 - Same Direction Sideswipe,South,443219,213328,NO DATA,NO DATA,NO DATA,State System (State Highways and Class I TH links),US-7,4.68,U007-0413,LRS,Injury,"(44.41833569, -73.21263746)"
3734,VT0040500,12CC05016,07/23/2012,US-7 Roosevelt Highway,Colchester,NO DATA,NO DATA,7,NO DATA,Creek Farm Road,0,Miles,30,6 - Single Vehicle Crash,North,447324,228421,NO DATA,NO DATA,NO DATA,State System (State Highways and Class I TH links),US-7,3.77,U007-0405,LRS,Injury,"(44.55300824, -73.16318557)"
3735,VT0040600,12MT03861,09/21/2012,US Route 7,Milton,NO DATA,NO DATA,7,NO DATA,Lake Road,150,Feet,40,6 - Single Vehicle Crash,South,004-51-220,002-39-142,70,410,590,State System (State Highways and Class I TH links),US-7,5.91,U007-0410,LRS,Property Damage Only,"(44.65178789, -73.11491427)"
3736,VT0040700,12SH01531,06/30/2012,US-7 (5288 Shelburne Road),Shelburne,NO DATA,NO DATA,NO DATA,NO DATA,Harbor Road,100,Feet,35,1 - Rear End,South,442004,209148,NO DATA,NO DATA,NO DATA,State System (State Highways and Class I TH links),US-7,1.96,U007-0413,LRS,Injury,"(44.38044881, -73.22761572)"
3737,VT0040300,12SB016885,12/15/2012,US-7 (1125 Shelburne Road),South Burlington,NO DATA,NO DATA,NO DATA,NO DATA,Fayette Drive,100,Feet,35,1 - Rear End,South,443430,215465,NO DATA,NO DATA,NO DATA,State System (State Highways and Class I TH links),US-7,1.16,U007-0414,LRS,Property Damage Only,"(44.43757485, -73.21036750)"
3738,VT0040700,12SH01071,05/11/2012,US-7 Shelburne Rd,Shelburne,NO DATA,NO DATA,7,NO DATA,Webster Rd,NO DATA,NO DATA,40,1 - Rear End,NO DATA,442527,210422,NO DATA,NO DATA,NO DATA,State System (State Highways and Class I TH links),US-7,2.81,U007-0413S,LRS,Injury,"(44.39203320, -73.22121497)"
3745,VT0040500,12CC04135,06/22/2012,US-7 Roosevelt Highway,Colchester,NO DATA,NO DATA,NO DATA,NO DATA,South Park Drive,NO DATA,NO DATA,30,6 - Single Vehicle Crash,NO DATA,445808,222810,NO DATA,NO DATA,NO DATA,State System (State Highways and Class I TH links),US-7,0.1,U007-0405,LRS,Injury,"(44.50389665, -73.18184004)"
3746,VT0040400,12WS004704,09/27/2012,US-7 (1 Main St),Winooski City,NO DATA,NO DATA,NO DATA,NO DATA,W Canal St,NO DATA,NO DATA,25,6 - Single Vehicle Crash,NO DATA,004-45-396,002-21-390,NO DATA,NO DATA,NO DATA,State System (State Highways and Class I TH links),US-7,0.12,U007-0418,LRS,Injury,"(44.49056232, -73.18575445)"
3747,VT0040300,12SB009008,07/16/2012,US-7 Shelburne,South Burlington,NO DATA,NO DATA,NO DATA,NO DATA,Bartlett Bay Road,100,Feet,40,1 - Rear End,North,443375,214689,NO DATA,NO DATA,NO DATA,State System (State Highways and Class I TH links),US-7,0.55,U007-0414,LRS,Unknown,"(44.42875626, -73.21125794)"
3748,VT0040600,12MT01650,05/02/2012,US Route 7,Milton,NO DATA,NO DATA,7,NO DATA,Catamount Drive,NO DATA,NO DATA,50,NO DATA,South,447659,234023,NO DATA,NO DATA,NO DATA,State System (State Highways and Class I TH links),US-7,0.46,U007-0410,LRS,Property Damage Only,"(44.60167328, -73.16161478)"
3749,VT0140200,12SF03030,08/03/2012,US-5 Charlestown Road,Springfield,NO DATA,11,5,NO DATA,Missing Link Road,1,Feet,40,"10 - Left Turn and Thru, Angle Broadside -->v--",NO DATA,505079,84966,NO DATA,NO DATA,NO DATA,State System (State Highways and Class I TH links),US-5,2.24,U005-1418,LRS,Property Damage Only,"(43.26478865, -72.43750602)"
3750,VT0040500,12CC01345,03/07/2012,US-7 Roosevelt Hwy,Colchester,NO DATA,NO DATA,7,NO DATA,Rathe Road,500,Feet,50,3 - Same Direction Sideswipe,North,446484,232510,NO DATA,NO DATA,NO DATA,State System (State Highways and Class I TH links),US-7,0.84,U007-0405,LRS,Property Damage Only,"(44.51445261, -73.17925452)"
3751,VT0040500,12CC06777,10/02/2012,US-7 Roosevelt Highway,Colchester,NO DATA,NO DATA,7,NO DATA,Creek Farm Road,NO DATA,NO DATA,35,"10 - Left Turn and Thru, Angle Broadside -->v--",NO DATA,447262,228145,NO DATA,NO DATA,NO DATA,State System (State Highways and Class I TH links),US-7,3.67,U007-0405,LRS,Injury,"(44.55160006, -73.16366805)"
3757,VT0040600,12MT00039,01/03/2012,US Route 7,Milton,NO DATA,NO DATA,7,NO DATA,Willy's Lane,NO DATA,NO DATA,35,1 - Rear End,South,NO DATA,NO DATA,NO DATA,NO DATA,NO DATA,State System (State Highways and Class I TH links),US-7,3.38,U007-0410,LRS,Property Damage Only,"(44.62158852, -73.12800996)"
3758,VT0040300,12SB016550,12/08/2012,US-7 Shelburne Rd,South Burlington,NO DATA,NO DATA,NO DATA,NO DATA,Laurel Hill Dr,100,Feet,35,1 - Rear End,North,443484,215987,NO DATA,NO DATA,NO DATA,State System (State Highways and Class I TH links),US-7,1.45,U007-0414,LRS,Property Damage Only,"(44.44176597, -73.20992327)"
3759,VT0140200,12SF01718,05/14/2012,US-5 CHARLESTOWN RD,Springfield,NO DATA,NO DATA,5,NO DATA,MISSING LINK RD,NO DATA,NO DATA,40,"8 - No Turns, Thru moves only, Broadside ^<",NO DATA,505079,84958,NO DATA,NO DATA,NO DATA,State System (State Highways and Class I TH links),US-5,2.24,U005-1418,LRS,Property Damage Only,"(43.26478865, -72.43750602)"
3760,VT0040500,12CC07387,10/26/2012,US-7 Roosevelt Highway,Colchester,NO DATA,NO DATA,7,NO DATA,South Park Drive,NO DATA,NO DATA,25,1 - Rear End,NO DATA,445776,222856,NO DATA,NO DATA,NO DATA,State System (State Highways and Class I TH links),US-7,0.09,U007-0405,LRS,Property Damage Only,"(44.50375642, -73.18189819)"
3761,VT0040300,12SB011383,08/30/2012,US-7 Shelburne Rd,South Burlington,NO DATA,7,NO DATA,NO DATA,Queen City Park Rd,50,Feet,35,3 - Same Direction Sideswipe,North,NO DATA,NO DATA,NO DATA,NO DATA,NO DATA,State System (State Highways and Class I TH links),US-7,1.72,U007-0414,LRS,Property Damage Only,"(44.44566468, -73.20944575)"
3762,VT0040300,12SB6576,05/31/2012,US-7 Shelburne Road,South Burlington,NO DATA,NO DATA,NO DATA,NO DATA,Allen Road,NO DATA,NO DATA,40,3 - Same Direction Sideswipe,NO DATA,443308,213828,NO DATA,NO DATA,NO DATA,State System (State Highways and Class I TH links),US-7,0.1,U007-0414,LRS,Property Damage Only,"(44.42225143, -73.21192691)"
3763,VT0040500,12CC00407,01/20/2012,US-7 (Roosevelt Highway),Colchester,NO DATA,NO DATA,7,NO DATA,Champlain Dr,NO DATA,NO DATA,40,"10 - Left Turn and Thru, Angle Broadside -->v--",NO DATA,446012,224026,NO DATA,NO DATA,NO DATA,State System (State Highways and Class I TH links),US-7,0.84,U007-0405,LRS,Property Damage Only,"(44.51445261, -73.17925452)"
3770,VT0040400,12WS02383,06/28/2012,US-7 (155 Main Street),Winooski City,NO DATA,NO DATA,NO DATA,NO DATA,Main Street/Platt Street,25,Feet,25,1 - Rear End,North,004-45-389,002-21-734,NO DATA,NO DATA,NO DATA,State System (State Highways and Class I TH links),US-7,0.37,U007-0418,LRS,Injury,"(44.49382604, -73.18654580)"
3771,VT0040300,12SB009561,07/26/2012,US-7 Shelburne Road,South Burlington,NO DATA,7,NO DATA,NO DATA,Brewer Parkway,200,Feet,35,1 - Rear End,North,443521,216296,NO DATA,NO DATA,NO DATA,State System (State Highways and Class I TH links),US-7,1.48,U007-0414,LRS,Property Damage Only,"(44.44219916, -73.20986996)"
3772,VT0040500,12CC05375,08/08/2012,US-7 (38 Roosevelt Highway),Colchester,NO DATA,NO DATA,7,NO DATA,Lower Mountain View Drive,300,Feet,99,4 - Opp Direction Sideswipe,South,445950,223334,NO DATA,NO DATA,NO DATA,State System (State Highways and Class I TH links),US-7,0.04,U007-0405,LRS,Property Damage Only,"(44.50305474, -73.18218622)"
3773,VTVSP0100,12A102236,06/18/2012,Us Rt 7,Charlotte,NO DATA,NO DATA,7,NO DATA,Lime Kiln Rd,0,Miles,50,6 - Single Vehicle Crash,South,441094,204976,NO DATA,NO DATA,NO DATA,State System (State Highways and Class I TH links),US-7,5.63,U007-0404,LRS,Property Damage Only,"(44.34031336, -73.23820171)"
3774,VT0040400,12WS003056,07/03/2012,US-7 Winooski River Bridge,Winooski City,NO DATA,NO DATA,NO DATA,NO DATA,NO DATA,50,Feet,25,1 - Rear End,South,004-45-466,002-21-378,NO DATA,NO DATA,NO DATA,State System (State Highways and Class I TH links),US-7,0,U007-0418,LRS,Property Damage Only,"(44.48914504, -73.18658143)"
3775,VT0040300,12SB01673,03/02/2012,US-7 (Shelburne Road),South Burlington,NO DATA,NO DATA,7,NO DATA,Harbor View Road,5,Feet,35,1 - Rear End,South,443324,213995,NO DATA,NO DATA,NO DATA,State System (State Highways and Class I TH links),US-7,0.23,U007-0414,LRS,Property Damage Only,"(44.42413118, -73.21174754)"
3776,VT0040500,12CC04235,06/26/2012,US-7 Roosevelt Highway,Colchester,NO DATA,NO DATA,7,NO DATA,Hercules Drive,150,Feet,40,1 - Rear End,East,445986,223761,NO DATA,NO DATA,NO DATA,State System (State Highways and Class I TH links),US-7,0.64,U007-0405,LRS,Injury,"(44.51154371, -73.17926746)"
3783,VT0040700,12SH01690,07/15/2012,Us Route 7,Shelburne,NO DATA,NO DATA,NO DATA,NO DATA,#5867 Us Route 7,NO DATA,NO DATA,35,NO DATA,NO DATA,NO DATA,NO DATA,NO DATA,NO DATA,NO DATA,State System (State Highways and Class I TH links),US-7,1.38,U007-0413,LRS,Injury,"(44.37237533, -73.23064918)"