ID,Reporting Agency,Report Number,Date,Street Address,Town,Number,Number1,Number2,Number3,Intersection,Distance From Intersection,Distance Unit,Posted Speed,Direction of Collision,Direction from Intersection,Easting,Northing,Mile Marker,Mile Marker 1,Mile Marker 2,AOT Roadway,AOT Route,AOT Actual Mile,LRS Number,How Mapped,Crash Type,Location 1
3922,VT0040100,2012B002937,02/03/2012,US-7 (50 S Willard Street),Burlington,NO DATA,NO DATA,7,NO DATA,50 S Willard St,NO DATA,NO DATA,25,1 - Rear End,NO DATA,NO DATA,NO DATA,NO DATA,NO DATA,NO DATA,State System (State Highways and Class I TH links),US-7,2.33,U007-0403,LRS,Property Damage Only,"(44.47919254, -73.20562525)"
3923,VT0040500,12CC03530,05/29/2012,US-7 Roosevelt Highway,Colchester,NO DATA,NO DATA,7,NO DATA,Bay Rd,100,Feet,35,1 - Rear End,North,447183,227780,NO DATA,NO DATA,NO DATA,State System (State Highways and Class I TH links),US-7,3.46,U007-0405,LRS,Property Damage Only,"(44.54869786, -73.16470010)"
3930,VT0040700,12SH02853,11/17/2012,2785 SHELBURNE ROAD,Shelburne,NO DATA,NO DATA,NO DATA,NO DATA,MARTINDALE,500,Feet,40,NO DATA,South,443169,213056,NO DATA,NO DATA,NO DATA,State System (State Highways and Class I TH links),US-7,4.46,U007-0413,LRS,Property Damage Only,"(44.41524627, -73.21366933)"
3931,VT0040100,2012BU012838,05/29/2012,US-7 South Willard St,Burlington,NO DATA,NO DATA,NO DATA,NO DATA,Main St,20,Feet,25,1 - Rear End,North,NO DATA,NO DATA,NO DATA,NO DATA,NO DATA,State System (State Highways and Class I TH links),US-7,2.12,U007-0403,LRS,Property Damage Only,"(44.47619934, -73.20551600)"
3932,VT0040100,2012BU024266,09/20/2012,US-7 S Willard St,Burlington,NO DATA,NO DATA,NO DATA,NO DATA,Main St,1,Feet,25,1 - Rear End,South,NO DATA,NO DATA,NO DATA,NO DATA,NO DATA,State System (State Highways and Class I TH links),US-7,2.12,U007-0403,LRS,Property Damage Only,"(44.47619934, -73.20551600)"
3933,VT0040100,2012BU022997,09/08/2012,US-7 S Willard St,Burlington,NO DATA,NO DATA,NO DATA,NO DATA,Main St,NO DATA,NO DATA,25,1 - Rear End,NO DATA,NO DATA,NO DATA,NO DATA,NO DATA,NO DATA,State System (State Highways and Class I TH links),US-7,2.12,U007-0403,LRS,Property Damage Only,"(44.47619934, -73.20551600)"
3934,VT0040600,12MT02326,06/15/2012,US-7 (12 River Street),Milton,NO DATA,NO DATA,NO DATA,NO DATA,NO DATA,NO DATA,NO DATA,35,"18 - Right Turn and Thru, Broadside ^<--",NO DATA,004-51-335,002-37-821,NO DATA,NO DATA,NO DATA,State System (State Highways and Class I TH links),US-7,4.98,U007-0410,LRS,Property Damage Only,"(44.63904121, -73.11345622)"
3935,VT0040100,2012BU16631,07/07/2012,US-7 S Willard St,Burlington,NO DATA,NO DATA,NO DATA,NO DATA,Main St,NO DATA,Feet,25,1 - Rear End,NO DATA,NO DATA,NO DATA,NO DATA,NO DATA,NO DATA,State System (State Highways and Class I TH links),US-7,2.12,U007-0403,LRS,Injury,"(44.47619934, -73.20551600)"
3936,VT0040100,2012BU007218,03/26/2012,US-7 (S Willard Street),Burlington,NO DATA,NO DATA,7,NO DATA,Main St,NO DATA,NO DATA,25,1 - Rear End,NO DATA,NO DATA,NO DATA,NO DATA,NO DATA,NO DATA,State System (State Highways and Class I TH links),US-7,2.12,U007-0403,LRS,Property Damage Only,"(44.47619934, -73.20551600)"
3942,VT0040300,12SB2508,04/03/2012,US Shelburne Rd.,South Burlington,NO DATA,NO DATA,NO DATA,NO DATA,Allen Rd.,NO DATA,NO DATA,0,1 - Rear End,NO DATA,NO DATA,NO DATA,NO DATA,NO DATA,NO DATA,State System (State Highways and Class I TH links),US-7,0.11,U007-0414,LRS,Property Damage Only,"(44.42239596, -73.21191367)"
3943,VT0040500,12CC06961,10/09/2012,US-7 Roosevelt Highway,Colchester,NO DATA,7,NO DATA,NO DATA,Hercules Drive,NO DATA,NO DATA,40,"10 - Left Turn and Thru, Angle Broadside -->v--",NO DATA,445996,223654,NO DATA,NO DATA,NO DATA,State System (State Highways and Class I TH links),US-7,0.61,U007-0405,LRS,Property Damage Only,"(44.51110725, -73.17927114)"
3944,VT0040100,2012BU021996,08/30/2012,US-7 S Willard St,Burlington,NO DATA,NO DATA,NO DATA,NO DATA,Tower Ter,NO DATA,NO DATA,25,1 - Rear End,NO DATA,NO DATA,NO DATA,NO DATA,NO DATA,NO DATA,State System (State Highways and Class I TH links),US-7,1.83,U007-0403,LRS,Property Damage Only,"(44.47182422, -73.20518522)"
3945,VT0040100,2012BU000968,01/12/2012,US-7┬á (443 S Willard Street),Burlington,NO DATA,NO DATA,7,NO DATA,In Front Of Residence,NO DATA,NO DATA,25,1 - Rear End,NO DATA,NO DATA,NO DATA,NO DATA,NO DATA,NO DATA,State System (State Highways and Class I TH links),US-7,1.56,U007-0403,LRS,Property Damage Only,"(44.46782253, -73.20574257)"
3946,VT0040500,12CC03164,05/16/2012,US-7 (77 US Route 7),Colchester,NO DATA,NO DATA,7,NO DATA,US Route 7,NO DATA,NO DATA,99,"16 - Right Turn and Thru, Same Direction Sideswipe/Angle Crash ^^--",NO DATA,447089,232495,NO DATA,NO DATA,NO DATA,State System (State Highways and Class I TH links),US-7,6.59,U007-0405,LRS,Property Damage Only,"(44.59061092, -73.16631328)"
3947,VT0040100,2012BU013045,05/31/2012,US-7 South Willard Street,Burlington,NO DATA,NO DATA,NO DATA,NO DATA,Beech Street,NO DATA,NO DATA,30,1 - Rear End,South,NO DATA,NO DATA,NO DATA,NO DATA,NO DATA,State System (State Highways and Class I TH links),US-7,1.44,U007-0403,LRS,Injury,"(44.46608351, -73.20645911)"
3948,VT0040100,2012BU007340,03/27/2012,US-7 (537 S Willard St),Burlington,NO DATA,NO DATA,NO DATA,NO DATA,Driveway,NO DATA,NO DATA,30,3 - Same Direction Sideswipe,NO DATA,NO DATA,NO DATA,NO DATA,NO DATA,NO DATA,State System (State Highways and Class I TH links),US-7,1.39,U007-0403,LRS,Property Damage Only,"(44.46535771, -73.20675198)"
3954,VT0040100,2012BU0026775,10/17/2012,US-7 Shelburne Rd,Burlington,NO DATA,NO DATA,NO DATA,NO DATA,Ledge Rd,NO DATA,NO DATA,30,3 - Same Direction Sideswipe,NO DATA,NO DATA,NO DATA,NO DATA,NO DATA,NO DATA,State System (State Highways and Class I TH links),US-7,1.23,U007-0403,LRS,Injury,"(44.46307800, -73.20777850)"
3955,VT0040700,12SH01676,07/13/2012,US-7 (6000 Shelburne Road),Shelburne,NO DATA,NO DATA,NO DATA,NO DATA,Church St,200,Feet,35,1 - Rear End,South,441911,208771,NO DATA,NO DATA,NO DATA,State System (State Highways and Class I TH links),US-7,1.26,U007-0413,LRS,Property Damage Only,"(44.37070379, -73.23127092)"
3956,VT0040300,12SB00086,01/04/2012,US-7 (Shelburne Road),South Burlington,NO DATA,NO DATA,7,NO DATA,Holmes Road,NO DATA,NO DATA,35,6 - Single Vehicle Crash,NO DATA,443409,215026,NO DATA,NO DATA,NO DATA,State System (State Highways and Class I TH links),US-7,0.86,U007-0414,LRS,Property Damage Only,"(44.43323757, -73.21079529)"
3957,VT0040100,2012BU024099,09/18/2012,US-7 S WIllard St,Burlington,NO DATA,NO DATA,NO DATA,NO DATA,Shelburne Rd,1,Feet,25,1 - Rear End,North,NO DATA,NO DATA,NO DATA,NO DATA,NO DATA,State System (State Highways and Class I TH links),US-7,1.2,U007-0403,LRS,Property Damage Only,"(44.46266702, -73.20789142)"
3958,VT0040700,12SH00150,01/20/2012,Shelburne @ Webster Rd,Shelburne,NO DATA,NO DATA,NO DATA,NO DATA,Shelburne Rd,50,Feet,40,2 - Head On,West,442461,210315,NO DATA,NO DATA,NO DATA,State System (State Highways and Class I TH links),US-7,2.74,U007-0413,LRS,Property Damage Only,"(44.39090917, -73.22177342)"
3959,VT0040400,12WS00091,01/10/2012,US-7 (Main Street),Winooski City,NO DATA,NO DATA,7,NO DATA,Burling Street,200,Feet,25,1 - Rear End,South,004-45-654,002-22-199,NO DATA,NO DATA,NO DATA,State System (State Highways and Class I TH links),US-7,0.63,U007-0418,LRS,Property Damage Only,"(44.49733812, -73.18485009)"
3960,VT0040300,12SB011814,09/07/2012,US-7 (919 Shelburne Road),South Burlington,NO DATA,7,NO DATA,NO DATA,Tire Warehouse,50,NO DATA,35,1 - Rear End,South,443505,216215,NO DATA,NO DATA,NO DATA,State System (State Highways and Class I TH links),US-7,1.59,U007-0414,LRS,Property Damage Only,"(44.44378721, -73.20966972)"
3966,VT0040100,2012BU032143,12/21/2012,US-7 Shelburne Road,Burlington,NO DATA,NO DATA,NO DATA,NO DATA,Birchcliff Parkway,NO DATA,NO DATA,30,"8 - No Turns, Thru moves only, Broadside ^<",North,NO DATA,NO DATA,NO DATA,NO DATA,NO DATA,State System (State Highways and Class I TH links),US-7,0.9,U007-0403,LRS,Property Damage Only,"(44.45848260, -73.20830098)"
3967,VT0040600,12MT02390,06/20/2012,US Route 7,Milton,NO DATA,NO DATA,7,NO DATA,Sears,50,Feet,35,1 - Rear End,North,449523,236228,NO DATA,NO DATA,NO DATA,State System (State Highways and Class I TH links),US-7,2.9,U007-0410,LRS,Property Damage Only,"(44.62518835, -73.13630125)"
3968,VT0040300,12SB01973,03/14/2012,US-7 (Shelburne Road),South Burlington,NO DATA,NO DATA,7,NO DATA,Hannaford Drive,10,Feet,35,1 - Rear End,NO DATA,NO DATA,NO DATA,NO DATA,NO DATA,NO DATA,State System (State Highways and Class I TH links),US-7,1.43,U007-0414,LRS,Property Damage Only,"(44.44147703, -73.20995585)"
3969,VT0141000,12NW00050,01/12/2012,US-5 Church Street,Norwich,NO DATA,NO DATA,NO DATA,NO DATA,Upper Loveland Road,100,Feet,25,6 - Single Vehicle Crash,South,516566,135210,NO DATA,NO DATA,NO DATA,State System (State Highways and Class I TH links),US-5,2.15,U005-1411,LRS,Property Damage Only,"(43.71692031, -72.29477859)"
3970,VT0040100,2012BU027605,10/26/2012,US-7 Shelburne St,Burlington,NO DATA,NO DATA,NO DATA,NO DATA,Clymer St,NO DATA,NO DATA,30,1 - Rear End,South,NO DATA,NO DATA,NO DATA,NO DATA,NO DATA,State System (State Highways and Class I TH links),US-7,0.9,U007-0403,LRS,Property Damage Only,"(44.45848260, -73.20830098)"
3971,VT0040100,2012BU015532,06/26/2012,US-7 Shelburne Road,Burlington,NO DATA,NO DATA,NO DATA,NO DATA,Prospect Parkway,5,Feet,25,"8 - No Turns, Thru moves only, Broadside ^<",East,NO DATA,NO DATA,NO DATA,NO DATA,NO DATA,State System (State Highways and Class I TH links),US-7,0.82,U007-0403,LRS,Property Damage Only,"(44.45736574, -73.20838776)"
3972,VT0040300,12SB015693,11/21/2012,US-7 (794 Shelburne Road),South Burlington,NO DATA,NO DATA,NO DATA,NO DATA,Shelburne Road & Lindenwood Drive,NO DATA,NO DATA,35,1 - Rear End,NO DATA,443511,216261,NO DATA,NO DATA,NO DATA,State System (State Highways and Class I TH links),US-7,1.67,U007-0414,LRS,Property Damage Only,"(44.44494292, -73.20953791)"
3979,VT0040300,12SB06565,05/31/2012,US-7 Shelburne Road,South Burlington,NO DATA,NO DATA,NO DATA,NO DATA,1830 Shelburne Road,NO DATA,NO DATA,35,1 - Rear End,NO DATA,443318,213766,NO DATA,NO DATA,NO DATA,State System (State Highways and Class I TH links),US-7,0.08,U007-0414,LRS,Property Damage Only,"(44.42196216, -73.21194269)"
3980,VT0040500,12CC03141,05/15/2012,US-7 Roosevelt Highway,Colchester,NO DATA,7,2,NO DATA,Hercules Drive,NO DATA,NO DATA,40,7 - Other - Explain in Narrative,NO DATA,004-45-990,002-23-677,NO DATA,NO DATA,NO DATA,State System (State Highways and Class I TH links),US-7,0.61,U007-0405,LRS,Property Damage Only,"(44.51110725, -73.17927114)"
3981,VT0040500,12CC00792,02/08/2012,US-7┬á (44 US Route 7),Colchester,NO DATA,NO DATA,7,NO DATA,Roosevelt Highway,200,Feet,50,"10 - Left Turn and Thru, Angle Broadside -->v--",North,447096,232467,NO DATA,NO DATA,NO DATA,State System (State Highways and Class I TH links),US-7,6.58,U007-0405,LRS,Property Damage Only,"(44.59046534, -73.16633432)"
3982,VT0040300,12SB02664,04/09/2012,US-7 Shelburne Rd,South Burlington,NO DATA,NO DATA,NO DATA,NO DATA,Baldwin Ave,NO DATA,NO DATA,35,"10 - Left Turn and Thru, Angle Broadside -->v--",NO DATA,443458,215632,NO DATA,NO DATA,NO DATA,State System (State Highways and Class I TH links),US-7,1.24,U007-0414,LRS,Property Damage Only,"(44.43873036, -73.21023200)"
3983,VT0040500,12CC08533,12/19/2012,US-7 Roosevelt Highway,Colchester,NO DATA,NO DATA,7,NO DATA,Vermont Route 2A Extension,NO DATA,NO DATA,35,"8 - No Turns, Thru moves only, Broadside ^<",NO DATA,447151,227779,NO DATA,NO DATA,NO DATA,State System (State Highways and Class I TH links),US-7,3.45,U007-0405,LRS,Property Damage Only,"(44.54856233, -73.16475964)"
3984,VT0040700,12SH02000,08/16/2012,Us Route 7,Shelburne,NO DATA,NO DATA,NO DATA,NO DATA,Bostwick Road,NO DATA,NO DATA,40,1 - Rear End,NO DATA,NO DATA,NO DATA,NO DATA,NO DATA,NO DATA,State System (State Highways and Class I TH links),US-7,1.17,U007-0413,LRS,Property Damage Only,"(44.36945034, -73.23173809)"
4014,VT0040300,12SB02632,04/07/2012,US-7 Shelburne Rd,South Burlington,NO DATA,NO DATA,NO DATA,NO DATA,Fayette Rd,25,Feet,35,3 - Same Direction Sideswipe,South,443441,215445,NO DATA,NO DATA,NO DATA,State System (State Highways and Class I TH links),US-7,1.13,U007-0414,LRS,Property Damage Only,"(44.43714091, -73.21040681)"
4015,VT0040700,12SH01631,07/08/2012,US-7 Shelburne Rd,Shelburne,NO DATA,NO DATA,7,NO DATA,Pine Haven Shores Rd,NO DATA,NO DATA,40,2 - Head On,NO DATA,NO DATA,NO DATA,NO DATA,NO DATA,NO DATA,State System (State Highways and Class I TH links),US-7,4.74,U007-0413,LRS,Injury,"(44.41917845, -73.21235724)"
4016,VT0040100,2012BU026963,10/19/2012,US-7 Shelburne Rd,Burlington,NO DATA,NO DATA,NO DATA,NO DATA,Prospect Pkwy,NO DATA,NO DATA,30,"10 - Left Turn and Thru, Angle Broadside -->v--",NO DATA,NO DATA,NO DATA,NO DATA,NO DATA,NO DATA,State System (State Highways and Class I TH links),US-7,0.82,U007-0403,LRS,Injury,"(44.45736574, -73.20838776)"
4017,VT0040100,2012BU016302,07/03/2012,US-7 Shelburne Rd,Burlington,NO DATA,NO DATA,NO DATA,NO DATA,Prospect Pkwy,NO DATA,NO DATA,35,"10 - Left Turn and Thru, Angle Broadside -->v--",West,NO DATA,NO DATA,NO DATA,NO DATA,NO DATA,State System (State Highways and Class I TH links),US-7,0.82,U007-0403,LRS,Property Damage Only,"(44.45736574, -73.20838776)"
4018,VT0040500,12CC06430,09/17/2012,US-7 (3436 Roosevelt Highway),Colchester,NO DATA,NO DATA,7,NO DATA,NO DATA,NO DATA,NO DATA,35,1 - Rear End,NO DATA,447168,227772,NO DATA,NO DATA,NO DATA,State System (State Highways and Class I TH links),US-7,3.43,U007-0405,LRS,Injury,"(44.54828852, -73.16486565)"
4019,VT0040100,2012BU004655,02/25/2012,US-7 (Shelburne Rd),Burlington,NO DATA,NO DATA,7,NO DATA,Prospect Pkwy,NO DATA,NO DATA,99,NO DATA,NO DATA,NO DATA,NO DATA,NO DATA,NO DATA,NO DATA,State System (State Highways and Class I TH links),US-7,0.81,U007-0403,LRS,Property Damage Only,"(44.45722600, -73.20839489)"
4020,VT0040600,12MT04737,11/22/2012,US Route 7,Milton,NO DATA,NO DATA,7,NO DATA,Edgewater Terrace,0,Miles,50,6 - Single Vehicle Crash,North,004-51-487,002-40-411,70,410,680,State System (State Highways and Class I TH links),US-7,6.62,U007-0410,LRS,Property Damage Only,"(44.66178910, -73.11176327)"
4026,VT0040100,2012BU19827,08/09/2012,US-7 Shelburne St/Proctor Av,Burlington,NO DATA,NO DATA,NO DATA,NO DATA,Shelburne St,1,Feet,30,"8 - No Turns, Thru moves only, Broadside ^<",West,NO DATA,NO DATA,NO DATA,NO DATA,NO DATA,State System (State Highways and Class I TH links),US-7,0.63,U007-0403,LRS,Property Damage Only,"(44.45471612, -73.20865716)"
4027,VT0040100,2012BU023326,09/11/2012,US-7 Shelburne Road,Burlington,NO DATA,NO DATA,NO DATA,NO DATA,Flynn Avenue,NO DATA,NO DATA,30,"10 - Left Turn and Thru, Angle Broadside -->v--",NO DATA,NO DATA,NO DATA,NO DATA,NO DATA,NO DATA,State System (State Highways and Class I TH links),US-7,0.63,U007-0403,LRS,Property Damage Only,"(44.45471612, -73.20865716)"
4028,VT0040400,12WS003803,08/12/2012,US-7 Main St,Winooski City,NO DATA,NO DATA,NO DATA,NO DATA,Winooski Falls Way,NO DATA,NO DATA,25,1 - Rear End,NO DATA,004-45-466,002-21-378,NO DATA,NO DATA,NO DATA,State System (State Highways and Class I TH links),US-7,0.1,U007-0418,LRS,Property Damage Only,"(44.49030918, -73.18590527)"
4029,VT0040300,12SB00986,02/06/2012,US-7 (Shelburne Road),South Burlington,NO DATA,NO DATA,7,NO DATA,Harbor Road,NO DATA,Feet,40,1 - Rear End,NO DATA,443327,214002,NO DATA,NO DATA,NO DATA,State System (State Highways and Class I TH links),US-7,0.23,U007-0414,LRS,Property Damage Only,"(44.42413118, -73.21174754)"
4030,VT0040500,12CC00132,01/07/2012,US-7 (414 Roosevelt Highway),Colchester,NO DATA,7,NO DATA,NO DATA,Lower Mountain View Drive,0,Miles,40,"8 - No Turns, Thru moves only, Broadside ^<",North,445989,223305,NO DATA,NO DATA,NO DATA,State System (State Highways and Class I TH links),US-7,0.4,U007-0405,LRS,Injury,"(44.50810557, -73.18011354)"
4031,VT0040100,2012BU024578,09/22/2012,US-7 Shelburne Rd,Burlington,NO DATA,NO DATA,NO DATA,NO DATA,Flynn Ave,NO DATA,NO DATA,25,1 - Rear End,NO DATA,NO DATA,NO DATA,NO DATA,NO DATA,NO DATA,State System (State Highways and Class I TH links),US-7,0.63,U007-0403,LRS,Property Damage Only,"(44.45471612, -73.20865716)"
4032,VT0040100,2012BU026595,10/15/2012,US-7 Shelburne Road,Burlington,NO DATA,NO DATA,NO DATA,NO DATA,Flynn Avenue,NO DATA,NO DATA,25,1 - Rear End,NO DATA,NO DATA,NO DATA,NO DATA,NO DATA,NO DATA,State System (State Highways and Class I TH links),US-7,0.63,U007-0403,LRS,Property Damage Only,"(44.45471612, -73.20865716)"
4038,VT0040400,12WS006265,12/20/2012,US-7 (376 Main St),Winooski City,NO DATA,NO DATA,NO DATA,NO DATA,NO DATA,NO DATA,NO DATA,25,1 - Rear End,NO DATA,004-45-628,002-22-374,NO DATA,NO DATA,NO DATA,State System (State Highways and Class I TH links),US-7,0.83,U007-0418,LRS,Injury,"(44.50002801, -73.18350440)"
4039,VT0040300,12SB017113,12/20/2012,US-7 (977 Shelburne Rd.),South Burlington,NO DATA,NO DATA,NO DATA,NO DATA,Jolley Mobil Station,NO DATA,NO DATA,35,3 - Same Direction Sideswipe,NO DATA,NO DATA,NO DATA,NO DATA,NO DATA,NO DATA,State System (State Highways and Class I TH links),US-7,1.51,U007-0414,LRS,Property Damage Only,"(44.44263235, -73.20981666)"
4040,VT0040100,2012BU014137,06/11/2012,US-7 Shelburne Road,Burlington,NO DATA,NO DATA,NO DATA,NO DATA,Flynn Avenue,50,Feet,30,3 - Same Direction Sideswipe,South,NO DATA,NO DATA,NO DATA,NO DATA,NO DATA,State System (State Highways and Class I TH links),US-7,0.62,U007-0403,LRS,Property Damage Only,"(44.45457639, -73.20866497)"
4041,VT0040100,2012BU009148,04/17/2012,US-7 Shelburne Rd,Burlington,NO DATA,NO DATA,NO DATA,NO DATA,Proctor Ave,25,Feet,30,4 - Opp Direction Sideswipe,East,NO DATA,NO DATA,NO DATA,NO DATA,NO DATA,State System (State Highways and Class I TH links),US-7,0.61,U007-0403,LRS,Property Damage Only,"(44.45443667, -73.20867279)"
4042,VT0040100,12BU19827,08/09/2012,US-7 Shelburne St,Burlington,NO DATA,NO DATA,NO DATA,NO DATA,Proctor,10,Feet,30,"8 - No Turns, Thru moves only, Broadside ^<",East,NO DATA,NO DATA,NO DATA,NO DATA,NO DATA,State System (State Highways and Class I TH links),US-7,0.61,U007-0403,LRS,Property Damage Only,"(44.45443667, -73.20867279)"
4043,VT0040400,12WS004406,09/11/2012,US-7 (1 Main St),Winooski City,NO DATA,NO DATA,NO DATA,NO DATA,Rotary,NO DATA,NO DATA,25,3 - Same Direction Sideswipe,North,004-45-466,002-21-378,NO DATA,NO DATA,NO DATA,State System (State Highways and Class I TH links),US-7,0.12,U007-0418,LRS,Property Damage Only,"(44.49056232, -73.18575445)"
4044,VT0040300,12SB012211,09/14/2012,US-7 Shelburne Rd,South Burlington,NO DATA,NO DATA,NO DATA,NO DATA,Heritage Toyota,NO DATA,NO DATA,35,1 - Rear End,NO DATA,443378,214652,NO DATA,NO DATA,NO DATA,State System (State Highways and Class I TH links),US-7,0.55,U007-0414,LRS,Injury,"(44.42875626, -73.21125794)"
4051,VT0040100,2012BU031578,12/14/2012,US-7 Shelburne Road,Burlington,NO DATA,NO DATA,NO DATA,NO DATA,Scarff Avenue,20,Feet,30,1 - Rear End,North,NO DATA,NO DATA,NO DATA,NO DATA,NO DATA,State System (State Highways and Class I TH links),US-7,0.42,U007-0403,LRS,Property Damage Only,"(44.45178546, -73.20890799)"
4052,VT0040500,12CC08687,12/26/2012,US-7 Roosevelt Highway,Colchester,NO DATA,NO DATA,7,NO DATA,Orchard Drive,NO DATA,NO DATA,50,1 - Rear End,NO DATA,446993,227304,NO DATA,NO DATA,NO DATA,State System (State Highways and Class I TH links),US-7,3.11,U007-0405,LRS,Property Damage Only,"(44.54407131, -73.16743923)"
4053,VT0040100,2012BU001563,01/18/2012,US-7 (Shelburne Rd),Burlington,NO DATA,NO DATA,7,NO DATA,Scarff Ave,30,Feet,30,1 - Rear End,South,NO DATA,NO DATA,NO DATA,NO DATA,NO DATA,State System (State Highways and Class I TH links),US-7,0.42,U007-0403,LRS,Property Damage Only,"(44.45178546, -73.20890799)"
4054,VT0040700,12SH00542,03/12/2012,US-7 (5420 Shelburne Rd),Shelburne,NO DATA,NO DATA,7,NO DATA,Harbor Rd,400,Feet,35,1 - Rear End,South,441738,208952,NO DATA,NO DATA,NO DATA,State System (State Highways and Class I TH links),US-7,1.83,U007-0413,LRS,Property Damage Only,"(44.37864179, -73.22830843)"
4055,VT0040600,12MT05010,12/14/2012,US Route 7,Milton,NO DATA,NO DATA,7,NO DATA,NO DATA,NO DATA,Feet,50,"10 - Left Turn and Thru, Angle Broadside -->v--",North,451347,237884,70,410,149,State System (State Highways and Class I TH links),US-7,1.49,U007-0410,LRS,Injury,"(44.61481212, -73.15187169)"
4056,VT0040300,12SB017642,12/31/2012,US-7 (1301 Shleburne Road),South Burlington,NO DATA,NO DATA,NO DATA,NO DATA,Shearer Acura,100,Feet,35,"14 - Left Turn and Thru, Broadside v<--",NO DATA,443402,215094,NO DATA,NO DATA,NO DATA,State System (State Highways and Class I TH links),US-7,0.95,U007-0414,LRS,Property Damage Only,"(44.43453887, -73.21066912)"
4057,VT0040100,12BU020563,08/16/2012,US-7 (507 Shelburne Rd),Burlington,NO DATA,NO DATA,NO DATA,NO DATA,Home Ave,75,Feet,25,"10 - Left Turn and Thru, Angle Broadside -->v--",South,NO DATA,NO DATA,NO DATA,NO DATA,NO DATA,State System (State Highways and Class I TH links),US-7,0.39,U007-0403,LRS,Property Damage Only,"(44.45136633, -73.20893069)"
4063,VT0040100,2012BU026010,10/09/2012,US-7 Shelburne Rd,Burlington,NO DATA,NO DATA,NO DATA,NO DATA,Home Ave,NO DATA,NO DATA,30,"14 - Left Turn and Thru, Broadside v<--",NO DATA,NO DATA,NO DATA,NO DATA,NO DATA,NO DATA,State System (State Highways and Class I TH links),US-7,0.33,U007-0403,LRS,Injury,"(44.45052966, -73.20901491)"
4064,VT0040100,2012BU028024,10/30/2012,US-7 Shelburne Rd,Burlington,NO DATA,NO DATA,NO DATA,NO DATA,Home Ave,NO DATA,NO DATA,30,1 - Rear End,North,NO DATA,NO DATA,NO DATA,NO DATA,NO DATA,State System (State Highways and Class I TH links),US-7,0.33,U007-0403,LRS,Property Damage Only,"(44.45052966, -73.20901491)"
4065,VT0040400,12WS005963,12/04/2012,US-7 (125 Main St),Winooski City,NO DATA,NO DATA,7,NO DATA,Mansion St,100,Feet,25,4 - Opp Direction Sideswipe,North,004-45-390,002-21-640,NO DATA,NO DATA,NO DATA,State System (State Highways and Class I TH links),US-7,0.34,U007-0418,LRS,Property Damage Only,"(44.49339454, -73.18653747)"
4066,VT0040600,12MT04662,11/16/2012,US Route 7,Milton,NO DATA,NO DATA,NO DATA,NO DATA,Willy's Lane,NO DATA,Feet,35,4 - Opp Direction Sideswipe,NO DATA,NO DATA,NO DATA,NO DATA,NO DATA,NO DATA,State System (State Highways and Class I TH links),US-7,3.39,U007-0410,LRS,Property Damage Only,"(44.62151975, -73.12783207)"
4067,VT0040300,12SB02708,04/11/2012,US-7 (992 Shelburne Road),South Burlington,NO DATA,NO DATA,NO DATA,NO DATA,Bagel Bakery,NO DATA,NO DATA,35,1 - Rear End,NO DATA,443474,215928,NO DATA,NO DATA,NO DATA,State System (State Highways and Class I TH links),US-7,1.46,U007-0414,LRS,Property Damage Only,"(44.44191037, -73.20990550)"
4068,VT0141000,12NW00774,06/12/2012,US RT 5,Norwich,NO DATA,NO DATA,5,NO DATA,135 US RT 5 South,NO DATA,NO DATA,40,"10 - Left Turn and Thru, Angle Broadside -->v--",NO DATA,514792,133314,NO DATA,NO DATA,NO DATA,State System (State Highways and Class I TH links),US-5,0.55,U005-1411,LRS,Injury,"(43.70287492, -72.31318169)"
4069,VT0040100,2012BU013923,06/09/2012,US-7 Shelburne Rd,Burlington,NO DATA,NO DATA,NO DATA,NO DATA,Home Ave,NO DATA,NO DATA,30,1 - Rear End,North,NO DATA,NO DATA,NO DATA,NO DATA,NO DATA,State System (State Highways and Class I TH links),US-7,0.33,U007-0403,LRS,Property Damage Only,"(44.45052966, -73.20901491)"
4075,VT0040500,12CC04972,07/23/2012,US-7 Roosevelt Highway,Colchester,NO DATA,NO DATA,NO DATA,NO DATA,Route 2,50,Feet,50,1 - Rear End,South,447052,232310,NO DATA,NO DATA,NO DATA,State System (State Highways and Class I TH links),US-7,6.51,U007-0405,LRS,Injury,"(44.58944653, -73.16645883)"
4076,VT0141000,12NW00785,06/14/2012,US Route 5 S,Norwich,NO DATA,NO DATA,5,NO DATA,Kill Deer Farm Stand,10,Feet,40,1 - Rear End,NO DATA,515165,133749,NO DATA,NO DATA,NO DATA,State System (State Highways and Class I TH links),US-5,0.52,U005-1411,LRS,Property Damage Only,"(43.70257960, -72.31362789)"