ID,Reporting Agency,Report Number,Date,Street Address,Town,Number,Number1,Number2,Number3,Intersection,Distance From Intersection,Distance Unit,Posted Speed,Direction of Collision,Direction from Intersection,Easting,Northing,Mile Marker,Mile Marker 1,Mile Marker 2,AOT Roadway,AOT Route,AOT Actual Mile,LRS Number,How Mapped,Crash Type,Location 1
4077,VT0040100,2012BU011809,05/19/2012,US-7 Shelburne Rd,Burlington,NO DATA,NO DATA,NO DATA,NO DATA,Home Ave,NO DATA,NO DATA,25,3 - Same Direction Sideswipe,South,NO DATA,NO DATA,NO DATA,NO DATA,NO DATA,State System (State Highways and Class I TH links),US-7,0.33,U007-0403,LRS,Property Damage Only,"(44.45052966, -73.20901491)"
4078,VT0040100,2012BU00314,01/04/2012,US-7 (Shelburne Rd),Burlington,NO DATA,NO DATA,7,NO DATA,Home Ave,NO DATA,NO DATA,30,1 - Rear End,NO DATA,NO DATA,NO DATA,NO DATA,NO DATA,NO DATA,State System (State Highways and Class I TH links),US-7,0.33,U007-0403,LRS,Property Damage Only,"(44.45052966, -73.20901491)"
4079,VT0040100,2012BU04294,02/20/2012,US-7 (Shelburne Rd),Burlington,NO DATA,NO DATA,7,NO DATA,Home Ave,NO DATA,NO DATA,30,1 - Rear End,NO DATA,NO DATA,NO DATA,NO DATA,NO DATA,NO DATA,State System (State Highways and Class I TH links),US-7,0.33,U007-0403,LRS,Property Damage Only,"(44.45052966, -73.20901491)"
4080,VT0040300,12SB02482,04/02/2012,US-7 (1030 Shelburne Road),South Burlington,NO DATA,NO DATA,NO DATA,NO DATA,Shearer Volkswagen,50,Feet,35,1 - Rear End,South,443477,215870,NO DATA,NO DATA,NO DATA,State System (State Highways and Class I TH links),US-7,1.37,U007-0414,LRS,Property Damage Only,"(44.44060854, -73.21002077)"
4081,VT0040100,2012BU02778,02/01/2012,US-7 (Shelburne Rd),Burlington,NO DATA,NO DATA,7,NO DATA,Home Ave,NO DATA,NO DATA,25,"10 - Left Turn and Thru, Angle Broadside -->v--",NO DATA,NO DATA,NO DATA,NO DATA,NO DATA,NO DATA,State System (State Highways and Class I TH links),US-7,0.33,U007-0403,LRS,Property Damage Only,"(44.45052966, -73.20901491)"
4087,VT0141000,12NW01080,08/11/2012,US Route 5,Norwich,NO DATA,NO DATA,5,NO DATA,Norwich Farmer's Market,NO DATA,NO DATA,99,NO DATA,NO DATA,514848,133417,NO DATA,NO DATA,NO DATA,State System (State Highways and Class I TH links),US-5,0.51,U005-1411,LRS,Property Damage Only,"(43.70249229, -72.31378968)"
4088,VT0040100,2012BU008008,04/04/2012,US-7 (555 Shelburne Rd),Burlington,NO DATA,NO DATA,NO DATA,NO DATA,Home Ave,100,Feet,25,1 - Rear End,South,NO DATA,NO DATA,NO DATA,NO DATA,NO DATA,State System (State Highways and Class I TH links),US-7,0.27,U007-0403,LRS,Property Damage Only,"(44.44969246, -73.20909106)"
4089,VT0040100,2012BU005429,03/07/2012,US-7 (595 Shelburne Rd),Burlington,NO DATA,NO DATA,7,NO DATA,595 Shelburne Rd,NO DATA,NO DATA,99,1 - Rear End,NO DATA,NO DATA,NO DATA,NO DATA,NO DATA,NO DATA,State System (State Highways and Class I TH links),US-7,0.27,U007-0403,LRS,Property Damage Only,"(44.44969246, -73.20909106)"
4090,VT0040100,2012BU026998,10/19/2012,US-7 (595 Shelburne Rd),Burlington,NO DATA,NO DATA,NO DATA,NO DATA,Entrance To 595 Shelburne Rd,NO DATA,NO DATA,30,3 - Same Direction Sideswipe,South,NO DATA,NO DATA,NO DATA,NO DATA,NO DATA,State System (State Highways and Class I TH links),US-7,0.26,U007-0403,LRS,Property Damage Only,"(44.44955300, -73.20910551)"
4091,VT0040100,2012BU023131,09/09/2012,US-7 (595 Shelburne Rd),Burlington,NO DATA,NO DATA,NO DATA,NO DATA,Price Chopper,NO DATA,NO DATA,99,7 - Other - Explain in Narrative,South,NO DATA,NO DATA,NO DATA,NO DATA,NO DATA,State System (State Highways and Class I TH links),US-7,0.26,U007-0403,LRS,Property Damage Only,"(44.44955300, -73.20910551)"
4092,VT0040100,2012BU020780,08/18/2012,US-7 (595 Shelburne Rd),Burlington,NO DATA,NO DATA,NO DATA,NO DATA,Shelburne Rd,NO DATA,Feet,30,"8 - No Turns, Thru moves only, Broadside ^<",NO DATA,NO DATA,NO DATA,NO DATA,NO DATA,NO DATA,State System (State Highways and Class I TH links),US-7,0.26,U007-0403,LRS,Property Damage Only,"(44.44955300, -73.20910551)"
4093,VT0040700,12SH00012,01/02/2012,US-7 (5732 Shelburne Rd),Shelburne,NO DATA,NO DATA,7,NO DATA,Bostwick Rd,12,Feet,35,1 - Rear End,North,441683,207968,NO DATA,NO DATA,NO DATA,State System (State Highways and Class I TH links),US-7,1.51,U007-0413,LRS,Property Damage Only,"(44.37418632, -73.22997645)"
4099,VT0040100,2012BU016516,07/06/2012,US-7 (595 Shelburne Rd),Burlington,NO DATA,NO DATA,NO DATA,NO DATA,595 Shelburne Rd,NO DATA,Feet,99,1 - Rear End,West,NO DATA,NO DATA,NO DATA,NO DATA,NO DATA,State System (State Highways and Class I TH links),US-7,0.26,U007-0403,LRS,Property Damage Only,"(44.44955300, -73.20910551)"
4100,VT0040100,2012BU016925,07/10/2012,US-7 (595 Shelburne Rd),Burlington,NO DATA,NO DATA,NO DATA,NO DATA,Price Chopper Parking Lot,NO DATA,NO DATA,30,1 - Rear End,South,NO DATA,NO DATA,NO DATA,NO DATA,NO DATA,State System (State Highways and Class I TH links),US-7,0.26,U007-0403,LRS,Injury,"(44.44955300, -73.20910551)"
4101,VT0040600,12MT05100,12/20/2012,US Route 7,Milton,NO DATA,NO DATA,7,NO DATA,Villemaire Lane,100,Feet,25,1 - Rear End,South,451007,236483,70,410,420,State System (State Highways and Class I TH links),US-7,4.15,U007-0410,LRS,Property Damage Only,"(44.62737945, -73.11696239)"
4102,VT0040100,2012BU002275,01/26/2012,US-7 (595 Shelburne Rd),Burlington,NO DATA,NO DATA,7,NO DATA,I-89,10,Feet,30,"14 - Left Turn and Thru, Broadside v<--",East,NO DATA,NO DATA,NO DATA,NO DATA,NO DATA,State System (State Highways and Class I TH links),US-7,0.17,U007-0403,LRS,Property Damage Only,"(44.44829789, -73.20923019)"
4103,VT0040100,2012BU018044,07/21/2012,US-7 (595 Shelburne Rd),Burlington,NO DATA,NO DATA,NO DATA,NO DATA,I89,NO DATA,NO DATA,99,NO DATA,NO DATA,NO DATA,NO DATA,NO DATA,NO DATA,NO DATA,State System (State Highways and Class I TH links),US-7,0.17,U007-0403,LRS,Property Damage Only,"(44.44829789, -73.20923019)"
4104,VT0040400,12WS00586,02/24/2012,US-7 (Main Street),Winooski City,NO DATA,NO DATA,7,NO DATA,Mansion Street,NO DATA,NO DATA,25,1 - Rear End,NO DATA,004-45-390,002-21-840,NO DATA,NO DATA,NO DATA,State System (State Highways and Class I TH links),US-7,0.31,U007-0418,LRS,Property Damage Only,"(44.49296282, -73.18652716)"
4105,VT0040600,12MT01354,04/11/2012,US-7 (401 Route 7 South),Milton,NO DATA,NO DATA,NO DATA,NO DATA,Sears,NO DATA,NO DATA,35,1 - Rear End,North,449674,236190,NO DATA,NO DATA,NO DATA,State System (State Highways and Class I TH links),US-7,2.98,U007-0410,LRS,Injury,"(44.62461671, -73.13489453)"
4111,VT0040300,12SB13747,10/13/2012,US-7 (764 Shelburne Road),South Burlington,NO DATA,NO DATA,NO DATA,NO DATA,KOTO Japanese Steakhouse,25,Feet,35,3 - Same Direction Sideswipe,North,443523,216324,NO DATA,NO DATA,NO DATA,State System (State Highways and Class I TH links),US-7,1.7,U007-0414,LRS,Property Damage Only,"(44.44537588, -73.20948105)"
4112,VT0040300,12SB005478,05/09/2012,US-7 (793 Shelburne Road),South Burlington,NO DATA,7,NO DATA,NO DATA,1-189 Over Pass,50,Feet,35,1 - Rear End,North,443540,216609,NO DATA,NO DATA,NO DATA,State System (State Highways and Class I TH links),US-7,0.08,U007-0414,LRS,Property Damage Only,"(44.42196216, -73.21194269)"
4113,VT0040500,12CC06333,09/13/2012,US-7 Roosevelt Highway,Colchester,NO DATA,NO DATA,7,NO DATA,414 Roosevelt Highway,NO DATA,NO DATA,40,"8 - No Turns, Thru moves only, Broadside ^<",NO DATA,445925,223336,NO DATA,NO DATA,NO DATA,State System (State Highways and Class I TH links),US-7,0.39,U007-0405,LRS,Property Damage Only,"(44.50796555, -73.18017263)"
4114,VT0040100,2012BU006701,03/20/2012,US-7 (Shelburne Rd),Burlington,NO DATA,NO DATA,7,NO DATA,I189,NO DATA,NO DATA,30,1 - Rear End,NO DATA,NO DATA,NO DATA,NO DATA,NO DATA,NO DATA,State System (State Highways and Class I TH links),US-7,0.07,U007-0403,LRS,Property Damage Only,"(44.44690256, -73.20935495)"
4115,VT0040500,12CC03744,06/07/2012,US-7 Roosevelt Highway,Colchester,NO DATA,NO DATA,7,NO DATA,Route 2,1,Miles,50,6 - Single Vehicle Crash,South,447275,231608,NO DATA,NO DATA,NO DATA,State System (State Highways and Class I TH links),US-7,6.02,U007-0405,LRS,Property Damage Only,"(44.58277696, -73.16385597)"
4116,VT0040100,2012BU029160,11/13/2012,US-7 Shelburne Rd,Burlington,NO DATA,NO DATA,NO DATA,NO DATA,I-189,NO DATA,NO DATA,25,1 - Rear End,North,NO DATA,NO DATA,NO DATA,NO DATA,NO DATA,State System (State Highways and Class I TH links),US-7,0.05,U007-0403,LRS,Injury,"(44.44662308, -73.20936932)"
4117,VT0040100,2012BU011651,05/17/2012,US-7 Shelburne Rd,Burlington,NO DATA,NO DATA,NO DATA,NO DATA,I89 On Ramp,NO DATA,NO DATA,55,1 - Rear End,NO DATA,NO DATA,NO DATA,NO DATA,NO DATA,NO DATA,State System (State Highways and Class I TH links),US-7,0.04,U007-0403,LRS,Property Damage Only,"(44.44648334, -73.20937664)"
4124,VT0040100,2012BU00956,01/11/2012,US-7 (South Willard Street),Burlington,NO DATA,NO DATA,7,NO DATA,Shelburne Rd,NO DATA,NO DATA,25,1 - Rear End,NO DATA,NO DATA,NO DATA,NO DATA,NO DATA,NO DATA,State System (State Highways and Class I TH links),US-7,0,U007-0403,LRS,Property Damage Only,"(44.44592472, -73.20941582)"
4125,VT0040700,12SH02327,09/18/2012,U.S. Route 7,Shelburne,NO DATA,NO DATA,NO DATA,NO DATA,Marsett Road,75,Feet,40,1 - Rear End,South,441664,207902,NO DATA,NO DATA,NO DATA,State System (State Highways and Class I TH links),US-7,1.16,U007-0413,LRS,Property Damage Only,"(44.36931206, -73.23179179)"
4126,VTVSP0900,12C301187,05/04/2012,3000 Us Rt 7,Sunderland,NO DATA,NO DATA,7,NO DATA,Town Line,0,Feet,55,6 - Single Vehicle Crash,South,451906,67622,70,215,20,State System (State Highways and Class I TH links),US-7,6.95,U007-0215,LRS,Fatal,"(43.11654419, -73.08427267)"
4127,VT0040700,12SH01614,07/07/2012,US-7 Shelburne Road,Shelburne,NO DATA,7,NO DATA,NO DATA,Webstaer Road,150,Feet,40,1 - Rear End,South,442252,209916,NO DATA,NO DATA,NO DATA,State System (State Highways and Class I TH links),US-7,2.41,U007-0413,LRS,Property Damage Only,"(44.38679948, -73.22523873)"
4128,VT0040400,12WS01608,05/09/2012,US-7 (235 Main Street),Winooski City,NO DATA,NO DATA,NO DATA,NO DATA,Stevens Street,50,Feet,25,"10 - Left Turn and Thru, Angle Broadside -->v--",South,004-45-502,002-22-060,NO DATA,NO DATA,NO DATA,State System (State Highways and Class I TH links),US-7,0.54,U007-0418,LRS,Property Damage Only,"(44.49613247, -73.18547408)"
4129,VT0040300,12SB016620,12/10/2012,US-7 Shelburne Rd,South Burlington,NO DATA,NO DATA,NO DATA,NO DATA,Brewer Parkway,NO DATA,NO DATA,35,1 - Rear End,NO DATA,443507,216088,NO DATA,NO DATA,NO DATA,State System (State Highways and Class I TH links),US-7,1.53,U007-0414,LRS,Property Damage Only,"(44.44292113, -73.20978087)"
4130,VTVSP0900,12C303446,11/11/2012,6200 US Rt7,Sunderland,NO DATA,NO DATA,7,NO DATA,Exit #3,3,NO DATA,55,6 - Single Vehicle Crash,North,451828,67380,70,215,620,State System (State Highways and Class I TH links),US-7,6.18,U007-0215,LRS,Injury,"(43.10679559, -73.09080622)"
4137,VT0040700,12SH01296,06/05/2012,US-7 Shelburne Road,Shelburne,NO DATA,7,NO DATA,NO DATA,Bostwick Road,100,Feet,35,1 - Rear End,North,441647,207965,NO DATA,NO DATA,NO DATA,State System (State Highways and Class I TH links),US-7,1.19,U007-0413,LRS,Injury,"(44.36972821, -73.23163076)"
4138,VT0040300,12SB012990,09/28/2012,US-7 Shelburne Road,South Burlington,NO DATA,NO DATA,NO DATA,NO DATA,IDX Drive,NO DATA,NO DATA,35,1 - Rear End,North,443410,215105,NO DATA,NO DATA,NO DATA,State System (State Highways and Class I TH links),US-7,0.75,U007-0414,LRS,Property Damage Only,"(44.43164703, -73.21095243)"
4139,VTVSP0900,12C301977,07/09/2012,US-7 (115 Us Rt 7),Pownal,NO DATA,NO DATA,7,NO DATA,Searles Crossing Rd,100,Feet,50,6 - Single Vehicle Crash,North,442842,37542,70,208,785,State System (State Highways and Class I TH links),US-7,7.88,U007-0208,LRS,Property Damage Only,"(42.83607278, -73.19913204)"
4140,VT0040700,12SH00034,01/05/2012,US-7 Shelburne Road,Shelburne,NO DATA,NO DATA,NO DATA,NO DATA,Webster Road,200,Feet,40,1 - Rear End,North,442473,210285,NO DATA,NO DATA,NO DATA,State System (State Highways and Class I TH links),US-7,2.71,U007-0413,LRS,Injury,"(44.39053169, -73.22208492)"
4141,VT0040400,12WS01653,05/13/2012,US-7 (262 Main Street),Winooski City,NO DATA,NO DATA,7,NO DATA,Lafountain Street,75,Feet,25,1 - Rear End,North,004-45-521,002-22-070,NO DATA,NO DATA,NO DATA,State System (State Highways and Class I TH links),US-7,0.61,U007-0418,LRS,Property Damage Only,"(44.49706987, -73.18498755)"
4142,VT0040300,12SB013145,10/02/2012,US-7 (917 Shelburne Road),South Burlington,NO DATA,NO DATA,NO DATA,NO DATA,Country Curtain,NO DATA,NO DATA,35,1 - Rear End,NO DATA,443540,216212,NO DATA,NO DATA,NO DATA,State System (State Highways and Class I TH links),US-7,1.59,U007-0414,LRS,Property Damage Only,"(44.44378721, -73.20966972)"
4143,VTVSP0900,12C300259,01/27/2012,US-7 (614 US RT 7),Pownal,NO DATA,NO DATA,7,NO DATA,Peaks Pine Rd,0,Miles,50,6 - Single Vehicle Crash,North,441128,34111,70,208,720,State System (State Highways and Class I TH links),US-7,7.34,U007-0208,LRS,Injury,"(42.82899954, -73.20342372)"
4150,VT0040300,12SB015490,11/16/2012,US-7 (1016 Shelburne Rd),South Burlington,NO DATA,NO DATA,NO DATA,NO DATA,Travelodge,NO DATA,NO DATA,35,1 - Rear End,NO DATA,NO DATA,NO DATA,NO DATA,NO DATA,NO DATA,State System (State Highways and Class I TH links),US-7,1.4,U007-0414,LRS,Property Damage Only,"(44.44104279, -73.20998831)"
4151,VT0141000,12NW00524,04/27/2012,US-5 (319 Route 5 South),Norwich,NO DATA,NO DATA,5,NO DATA,NO DATA,NO DATA,NO DATA,99,6 - Single Vehicle Crash,NO DATA,514572,132975,NO DATA,NO DATA,NO DATA,State System (State Highways and Class I TH links),US-5,0.03,U005-1411,LRS,Property Damage Only,"(43.69659921, -72.31869452)"
4152,VTVSP0900,12C303099,10/09/2012,US-7 (1200 Us Rt 7),Pownal,NO DATA,NO DATA,7,NO DATA,Center Street┬á TH#23,500,Feet,40,6 - Single Vehicle Crash,South,441099,33760,70,208,11,State System (State Highways and Class I TH links),US-7,5.13,U007-0208,LRS,Property Damage Only,"(42.80005723, -73.22004595)"
4153,VTVSP0900,12C301732,06/21/2012,2350 Us Rt 7,Pownal,NO DATA,NO DATA,7,NO DATA,Oak Hill School Road,NO DATA,NO DATA,50,6 - Single Vehicle Crash,NO DATA,439770,30206,70,208,235,State System (State Highways and Class I TH links),US-7,2.35,U007-0208,LRS,Injury,"(42.76985273, -73.23578195)"
4154,VTVSP0900,12C303857,12/22/2012,US-7 (2100 US RT 7),Pownal,NO DATA,7,NO DATA,NO DATA,Ladd Road,0,Miles,55,6 - Single Vehicle Crash,South,439955,29916,NO DATA,NO DATA,NO DATA,State System (State Highways and Class I TH links),US-7,1.97,U007-0208,LRS,Property Damage Only,"(42.76497088, -73.23253229)"
4155,VT0040300,12SB00853,02/01/2012,US-7 (Shelburne Road),South Burlington,NO DATA,NO DATA,7,NO DATA,# 794,50,Feet,35,1 - Rear End,South,NO DATA,NO DATA,NO DATA,NO DATA,NO DATA,State System (State Highways and Class I TH links),US-7,1.66,U007-0414,LRS,Property Damage Only,"(44.44479857, -73.20955639)"
4156,VT0040700,12SH00176,01/24/2012,US-7 (2572 Shelburne Road),Shelburne,NO DATA,NO DATA,7,NO DATA,Pine Haven Shores Road,150,Feet,40,7 - Other - Explain in Narrative,South,443252,213432,NO DATA,NO DATA,NO DATA,State System (State Highways and Class I TH links),US-7,4.66,U007-0413S,LRS,Injury,"(44.41808581, -73.21287048)"
4162,VT0040300,12SB01665,03/02/2012,US-7 (1110 Shelburne Road),South Burlington,NO DATA,NO DATA,NO DATA,NO DATA,NO DATA,NO DATA,NO DATA,35,NO DATA,NO DATA,443465,215615,NO DATA,NO DATA,NO DATA,State System (State Highways and Class I TH links),US-7,1.2,U007-0414,LRS,Property Damage Only,"(44.43815305, -73.21030721)"
4163,VTVSP0900,12C303765,12/16/2012,800 US RT 7,Glastenbury,NO DATA,NO DATA,7,NO DATA,Town Line,1,Miles,55,6 - Single Vehicle Crash,South,447724,56085,70,204,80,State System (State Highways and Class I TH links),US-7,0.77,U007-0204,LRS,Property Damage Only,"(43.00316765, -73.14116828)"
4164,VTVSP0900,12C303776,12/16/2012,US-7 (4800 Us Rt 7),Dorset,NO DATA,NO DATA,7,NO DATA,Sweeney Lane,300,Feet,45,6 - Single Vehicle Crash,South,459148,86976,NO DATA,NO DATA,NO DATA,State System (State Highways and Class I TH links),US-7,5.15,U007-0203,LRS,Property Damage Only,"(43.28317982, -73.00252835)"
4165,VTVSP0900,12C303477,11/14/2012,3557 Us Rt 7,Dorset,NO DATA,NO DATA,7,NO DATA,Sweeney Lane`,0,Miles,50,6 - Single Vehicle Crash,South,458997,85981,70,203,1158,State System (State Highways and Class I TH links),US-7,3.6,U007-0203,LRS,Injury,"(43.26141012, -73.00793053)"
4166,VT0040500,12CC04939,07/22/2012,US-7 Roosevelt Highway,Colchester,NO DATA,NO DATA,7,NO DATA,Poor Farm Road,0,Miles,50,1 - Rear End,South,446922,226694,NO DATA,NO DATA,NO DATA,State System (State Highways and Class I TH links),US-7,2.73,U007-0405,LRS,Property Damage Only,"(44.53889037, -73.16792067)"
4167,VTVSP0900,12C302418,08/12/2012,US-7 (2971 US RT 7),Dorset,NO DATA,NO DATA,7,NO DATA,Mm,100,Feet,50,6 - Single Vehicle Crash,South,458720,83689,70,203,280,State System (State Highways and Class I TH links),US-7,3.02,U007-0203,LRS,Injury,"(43.25299510, -73.00791685)"
4168,VT0040700,12SH02312,09/16/2012,US-7 (6305 Shelburne Rd),Shelburne,NO DATA,NO DATA,7,NO DATA,NO DATA,NO DATA,NO DATA,35,1 - Rear End,NO DATA,NO DATA,NO DATA,NO DATA,NO DATA,NO DATA,State System (State Highways and Class I TH links),US-7,0.94,U007-0413,LRS,Property Damage Only,"(44.36628235, -73.23300315)"
4169,VTVSP0900,12C300705,03/14/2012,2971 Us Rt 7,Dorset,NO DATA,NO DATA,7,NO DATA,Bowen Hill Rd,1,Miles,50,6 - Single Vehicle Crash,North,458877,85570,70,203,281,State System (State Highways and Class I TH links),US-7,3.02,U007-0203,LRS,Property Damage Only,"(43.25299510, -73.00791685)"
4176,VTVSP0900,12C300676,03/11/2012,2045 US RT 7,Dorset,NO DATA,NO DATA,7,NO DATA,Squirrel Hollow,10,Feet,40,6 - Single Vehicle Crash,North,458548,82358,NO DATA,NO DATA,NO DATA,State System (State Highways and Class I TH links),US-7,2.1,U007-0203,LRS,Property Damage Only,"(43.23989784, -73.01018010)"
4177,VT0020100,12BN06827,09/25/2012,US Route 7,Bennington,NO DATA,7,NO DATA,NO DATA,NO DATA,NO DATA,NO DATA,55,6 - Single Vehicle Crash,NO DATA,442569,47488,NO DATA,NO DATA,NO DATA,State System (State Highways and Class I TH links),US-7,6.58,U007-0202S,LRS,Property Damage Only,"(42.92536625, -73.20345492)"
4178,VT0040400,12WS004717,09/28/2012,US-7 Main St,Winooski City,NO DATA,NO DATA,NO DATA,NO DATA,Rotary,NO DATA,NO DATA,25,1 - Rear End,NO DATA,004-45-451,002-21-463,NO DATA,NO DATA,NO DATA,State System (State Highways and Class I TH links),US-7,0.17,U007-0418,LRS,Property Damage Only,"(44.49126616, -73.18587176)"
4179,VT0040300,12SB-12975,09/28/2012,US-7 (370 Shelburne Rd),South Burlington,NO DATA,NO DATA,NO DATA,NO DATA,Proctor Ave.,NO DATA,NO DATA,10,NO DATA,East,NO DATA,NO DATA,NO DATA,NO DATA,NO DATA,State System (State Highways and Class I TH links),US-7,0.65,U007-0414,LRS,Property Damage Only,"(44.43020133, -73.21109971)"
4180,VT0020100,12BN04436,07/01/2012,US Rt 7,Bennington,NO DATA,NO DATA,7,NO DATA,Exit 2,1,Feet,55,6 - Single Vehicle Crash,North,442744,47659,NO DATA,NO DATA,NO DATA,State System (State Highways and Class I TH links),US-7,6.73,U007-0202,LRS,Property Damage Only,"(42.92641373, -73.20101590)"
4181,VT0020100,12BN00936,02/14/2012,US Route 7 North,Bennington,NO DATA,NO DATA,NO DATA,NO DATA,NO DATA,500,Feet,45,6 - Single Vehicle Crash,South,442618,45317,NO DATA,NO DATA,NO DATA,State System (State Highways and Class I TH links),US-7,4.96,U007-0202,LRS,Property Damage Only,"(42.90539736, -73.20223563)"
4182,VTVSP1100,12D300449,01/27/2012,US-5,Hartland,NO DATA,NO DATA,5,NO DATA,Vt 5 And Maxham Rd,NO DATA,NO DATA,50,1 - Rear End,NO DATA,511792,123378,NO DATA,NO DATA,NO DATA,State System (State Highways and Class I TH links),US-5,7.66,U005-1409,LRS,Property Damage Only,"(43.61063242, -72.35398976)"
4188,VT0040500,12CC01657,03/20/2012,US-7 (Roosevelt Highway),Colchester,NO DATA,NO DATA,7,NO DATA,Entrance To Maplefield's At Exit 16,150,Feet,40,"12 - Left Turn and Thru, Same Direction Sideswipe/Angle Crash vv--",West,445939,223380,NO DATA,NO DATA,NO DATA,State System (State Highways and Class I TH links),US-7,0.38,U007-0405,LRS,Property Damage Only,"(44.50782575, -73.18023273)"
4189,VT0020100,12BN00513,01/24/2012,US-7 (North Street),Bennington,NO DATA,NO DATA,7,NO DATA,County Street,NO DATA,NO DATA,30,1 - Rear End,NO DATA,443077,42915,NO DATA,NO DATA,NO DATA,State System (State Highways and Class I TH links),US-7,3.38,U007-0202,LRS,Property Damage Only,"(42.88435837, -73.19686001)"
4190,VT0040500,12CC01206,02/28/2012,US-7 (2497 Roosevlet Hwy),Colchester,NO DATA,NO DATA,7,NO DATA,Poor Farm Road,0,Miles,50,6 - Single Vehicle Crash,South,446846,227106,NO DATA,NO DATA,NO DATA,State System (State Highways and Class I TH links),US-7,2.48,U007-0405,LRS,Injury,"(44.53577615, -73.16998111)"
4191,VT0020100,12BN09119,12/29/2012,US-7 North Street,Bennington,NO DATA,NO DATA,NO DATA,NO DATA,County Street,NO DATA,NO DATA,30,"8 - No Turns, Thru moves only, Broadside ^<",NO DATA,443068,42934,NO DATA,NO DATA,NO DATA,State System (State Highways and Class I TH links),US-7,3.38,U007-0202,LRS,Property Damage Only,"(42.88435837, -73.19686001)"
4192,VT0020100,12BN01085,02/21/2012,US-7 (North Street),Bennington,NO DATA,7,NO DATA,NO DATA,County Street,NO DATA,NO DATA,30,1 - Rear End,NO DATA,443067,42921,NO DATA,NO DATA,NO DATA,State System (State Highways and Class I TH links),US-7,3.38,U007-0202,LRS,Property Damage Only,"(42.88435837, -73.19686001)"
4193,VT0040700,12SH00378,02/21/2012,US-7 (5420 Shelburne Rd),Shelburne,NO DATA,NO DATA,7,NO DATA,Church St.,12,Feet,35,7 - Other - Explain in Narrative,North,441957,208978,NO DATA,NO DATA,NO DATA,State System (State Highways and Class I TH links),US-7,1.83,U007-0413,LRS,Property Damage Only,"(44.37864179, -73.22830843)"
4194,VT0040600,12MT03220,08/16/2012,US Route 7,Milton,NO DATA,7,NO DATA,NO DATA,Andrea Lane (South Entrance),100,Feet,50,7 - Other - Explain in Narrative,North,448040,234760,70,410,120,State System (State Highways and Class I TH links),US-7,1.2,U007-0410,LRS,Injury,"(44.61110550, -73.15461399)"
4201,VT0040500,12CC06269,09/11/2012,US-7 Roosevelt Highway SB,Colchester,NO DATA,NO DATA,7,NO DATA,Mountain View Drive,150,Feet,40,3 - Same Direction Sideswipe,North,445896,223273,NO DATA,NO DATA,NO DATA,State System (State Highways and Class I TH links),US-7,0.37,U007-0405,LRS,Property Damage Only,"(44.50768667, -73.18029600)"
4202,VT0020100,12BN05968,08/24/2012,US-7 (205 North Street),Bennington,NO DATA,NO DATA,NO DATA,NO DATA,Gage Street,10,Feet,25,6 - Single Vehicle Crash,North,443067,42640,NO DATA,NO DATA,NO DATA,State System (State Highways and Class I TH links),US-7,3.21,U007-0202,LRS,Property Damage Only,"(42.88188512, -73.19696730)"
4203,VT0020100,12BN01574,03/14/2012,US-7 North Street,Bennington,NO DATA,NO DATA,7,NO DATA,Gage Street,NO DATA,NO DATA,30,3 - Same Direction Sideswipe,NO DATA,443040,42626,NO DATA,NO DATA,NO DATA,State System (State Highways and Class I TH links),US-7,3.2,U007-0202,LRS,Injury,"(42.88174008, -73.19698451)"
4204,VT0020100,12BN06754,09/23/2012,US-7 (194 North Street),Bennington,NO DATA,NO DATA,7,NO DATA,Gage Street,NO DATA,NO DATA,30,1 - Rear End,South,43044,42593,NO DATA,NO DATA,NO DATA,State System (State Highways and Class I TH links),US-7,3.17,U007-0202,LRS,Property Damage Only,"(42.88130361, -73.19699440)"
4205,VT0040700,12SH02102,08/26/2012,US-7 Shelburne Rd,Shelburne,NO DATA,NO DATA,NO DATA,NO DATA,Falls Rd,150,Feet,35,1 - Rear End,South,441950,208951,NO DATA,NO DATA,NO DATA,State System (State Highways and Class I TH links),US-7,1.95,U007-0413,LRS,Property Damage Only,"(44.38030954, -73.22766765)"
4206,VT0040300,12SB01670,03/02/2012,US-7 (Shelburne Rd),South Burlington,NO DATA,7,NO DATA,NO DATA,Fayette Drive,50,Feet,35,1 - Rear End,North,443439,215488,NO DATA,NO DATA,NO DATA,State System (State Highways and Class I TH links),US-7,1.14,U007-0414,LRS,Property Damage Only,"(44.43728565, -73.21039588)"
4207,VT0020100,12BN05564,08/10/2012,US-7 (194 North Street),Bennington,NO DATA,7,NO DATA,NO DATA,NO DATA,NO DATA,NO DATA,30,1 - Rear End,NO DATA,443031,42588,NO DATA,NO DATA,NO DATA,State System (State Highways and Class I TH links),US-7,3.17,U007-0202,LRS,Property Damage Only,"(42.88130361, -73.19699440)"
4213,VT0020100,12BN07339,10/17/2012,US-7 North Street,Bennington,NO DATA,NO DATA,NO DATA,NO DATA,Main Street,NO DATA,NO DATA,25,1 - Rear End,NO DATA,443085,42303,NO DATA,NO DATA,NO DATA,State System (State Highways and Class I TH links),US-7,2.96,U007-0202,LRS,Property Damage Only,"(42.87825075, -73.19714444)"