ID,Reporting Agency,Report Number,Date,Street Address,Town,Number,Number1,Number2,Number3,Intersection,Distance From Intersection,Distance Unit,Posted Speed,Direction of Collision,Direction from Intersection,Easting,Northing,Mile Marker,Mile Marker 1,Mile Marker 2,AOT Roadway,AOT Route,AOT Actual Mile,LRS Number,How Mapped,Crash Type,Location 1
4357,VT0040500,12CC07651,11/05/2012,US-7 Roosevelt Highway,Colchester,NO DATA,NO DATA,7,NO DATA,Severance Road,NO DATA,NO DATA,35,"10 - Left Turn and Thru, Angle Broadside -->v--",NO DATA,446591,225632,NO DATA,NO DATA,NO DATA,State System (State Highways and Class I TH links),US-7,1.99,U007-0405,LRS,Property Damage Only,"(44.52896411, -73.17192408)"
4358,VT0010200,12-225-AC,12/31/2012,US-7 N,Middlebury,NO DATA,NO DATA,NO DATA,NO DATA,Exchange St.,NO DATA,NO DATA,50,NO DATA,East,NO DATA,NO DATA,NO DATA,NO DATA,NO DATA,State System (State Highways and Class I TH links),US-7,6.66,U007-0111,LRS,Property Damage Only,"(44.03617554, -73.16197217)"
4359,VT0040700,12SH01108,05/15/2012,US-7 Shelburne Road,Shelburne,NO DATA,NO DATA,NO DATA,NO DATA,Bostwick Road,40,Feet,30,1 - Rear End,South,441667,207921,NO DATA,NO DATA,NO DATA,State System (State Highways and Class I TH links),US-7,1.16,U007-0413,LRS,Property Damage Only,"(44.36931206, -73.23179179)"
4360,VTVSP0600,12C203955,12/26/2012,Us Rt 7,Leicester,NO DATA,NO DATA,7,NO DATA,Fern Lake Road TH#2,0,Miles,50,1 - Rear End,North,451175,152111,70,109,160,State System (State Highways and Class I TH links),US-7,1.73,U007-0109,LRS,Property Damage Only,"(43.86922573, -73.10698164)"
4361,VT0040700,12SH01314,06/07/2012,US-7 (5059 U.S. Route 7),Shelburne,NO DATA,NO DATA,NO DATA,NO DATA,NO DATA,NO DATA,NO DATA,40,1 - Rear End,NO DATA,442109,209526,NO DATA,NO DATA,NO DATA,State System (State Highways and Class I TH links),US-7,2.19,U007-0413,LRS,Injury,"(44.38369566, -73.22641048)"
4362,VT0040400,12WS00497,02/16/2012,US-7 (198 Main Street),Winooski City,NO DATA,NO DATA,7,NO DATA,Spring Street,30,Feet,25,"10 - Left Turn and Thru, Angle Broadside -->v--",South,004-45-421,002-21-842,NO DATA,NO DATA,NO DATA,State System (State Highways and Class I TH links),US-7,0.47,U007-0418,LRS,Property Damage Only,"(44.49519419, -73.18595738)"
4369,VTVSP0600,12C203660,11/25/2012,US-7 (5073 US Rt 7),Ferrisburgh,NO DATA,NO DATA,7,NO DATA,Dakin Road TH #15,250,Feet,50,1 - Rear End,South,441530,193246,NO DATA,NO DATA,NO DATA,State System (State Highways and Class I TH links),US-7,5.41,U007-0105,LRS,Injury,"(44.23695347, -73.23174839)"
4370,VT0040600,12MT03467,08/30/2012,US-7 (484 US Route 7),Milton,NO DATA,NO DATA,7,NO DATA,Milton Beverage,NO DATA,Feet,35,3 - Same Direction Sideswipe,NO DATA,NO DATA,NO DATA,NO DATA,NO DATA,NO DATA,State System (State Highways and Class I TH links),US-7,2.53,U007-0410,LRS,Property Damage Only,"(44.62769439, -73.14283770)"
4371,VTVSP0600,12C203574,11/16/2012,US-7 (5243 US Rt 7),Ferrisburgh,NO DATA,NO DATA,7,NO DATA,Greenbush Road,1,Miles,50,6 - Single Vehicle Crash,North,441459,193017,NO DATA,NO DATA,NO DATA,State System (State Highways and Class I TH links),US-7,5.26,U007-0105,LRS,Property Damage Only,"(44.23487155, -73.23262898)"
4372,VTVSP0600,12C200041,01/05/2012,US-7,Ferrisburgh,NO DATA,NO DATA,7,NO DATA,Greenbush Rd┬á #6,100,Feet,50,6 - Single Vehicle Crash,NO DATA,441103,191999,7,105,453,State System (State Highways and Class I TH links),US-7,4.55,U007-0105,LRS,Property Damage Only,"(44.22532175, -73.23768426)"
4373,VTVSP0600,12C201427,05/25/2012,3000 US RT 7,Ferrisburgh,NO DATA,NO DATA,7,NO DATA,Greenbush Road,25,Feet,50,1 - Rear End,East,441053,191926,70,105,480,State System (State Highways and Class I TH links),US-7,4.54,U007-0105,LRS,Property Damage Only,"(44.22520382, -73.23780230)"
4374,VT0040300,12SB016283,12/03/2012,US-7 Shelburne Road,South Burlington,NO DATA,NO DATA,NO DATA,NO DATA,Front Of 919 Shelburne Road,NO DATA,NO DATA,35,1 - Rear End,NO DATA,443507,216162,NO DATA,NO DATA,NO DATA,State System (State Highways and Class I TH links),US-7,1.59,U007-0414,LRS,Property Damage Only,"(44.44378721, -73.20966972)"
4375,VT0040700,12SH00040,01/06/2012,US-7 (3761 Shelburne Road),Shelburne,NO DATA,NO DATA,NO DATA,NO DATA,Cheu Leu's Rest.,NO DATA,Feet,40,NO DATA,NO DATA,442777,211450,NO DATA,NO DATA,NO DATA,State System (State Highways and Class I TH links),US-7,3.47,U007-0413S,LRS,Property Damage Only,"(44.40132861, -73.21829768)"
4382,VT0040600,12MT02012,05/26/2012,US Route 7,Milton,NO DATA,NO DATA,NO DATA,NO DATA,Andrea Lane,NO DATA,NO DATA,50,2 - Head On,North,448005,234658,NO DATA,NO DATA,NO DATA,State System (State Highways and Class I TH links),US-7,1.18,U007-0410,LRS,Property Damage Only,"(44.61083700, -73.15476646)"
4383,VT0040300,12SB07287,06/15/2012,US-7 Shelburne Road,South Burlington,NO DATA,NO DATA,NO DATA,NO DATA,MacIntosh Ave,NO DATA,NO DATA,35,1 - Rear End,NO DATA,443445,215481,NO DATA,NO DATA,NO DATA,State System (State Highways and Class I TH links),US-7,1.13,U007-0414,LRS,Property Damage Only,"(44.43714091, -73.21040681)"
4384,VTVSP0600,12C202565,08/21/2012,US-7 (2470 US Route 7),Ferrisburgh,NO DATA,NO DATA,7,NO DATA,Tupper's Crossing TH #5,1,Miles,40,4 - Opp Direction Sideswipe,North,440163,189098,NO DATA,NO DATA,NO DATA,State System (State Highways and Class I TH links),US-7,2.61,U007-0105,LRS,Property Damage Only,"(44.19835254, -73.24874584)"
4385,VT0040700,12SH02570,10/15/2012,U.S. Route 7,Shelburne,NO DATA,NO DATA,NO DATA,NO DATA,Locust Hill,75,Feet,40,1 - Rear End,South,443254,213377,NO DATA,NO DATA,NO DATA,State System (State Highways and Class I TH links),US-7,4.74,U007-0413,LRS,Property Damage Only,"(44.41917845, -73.21235724)"
4386,VTVSP0600,12C202373,08/04/2012,US-7 (1759 US Rt 7),Ferrisburgh,NO DATA,NO DATA,7,NO DATA,VT Rt 22A,25,Feet,50,1 - Rear End,North,440414,187382,NO DATA,NO DATA,NO DATA,State System (State Highways and Class I TH links),US-7,1.73,U007-0105,LRS,Property Damage Only,"(44.18583019, -73.24664532)"
4387,VT0010300,12VG00196,02/08/2012,US Rt 7,Ferrisburgh,NO DATA,7,NO DATA,NO DATA,Rail Road Crossing,700,Feet,50,1 - Rear End,North,NO DATA,NO DATA,NO DATA,NO DATA,NO DATA,State System (State Highways and Class I TH links),US-7,0.94,U007-0105,LRS,Injury,"(44.17617168, -73.23873525)"
4388,VT0040500,12CC03490,05/28/2012,US-7 Roosevelt Highway,Colchester,NO DATA,7,2,NO DATA,Blakely Road,NO DATA,NO DATA,50,7 - Other - Explain in Narrative,NO DATA,004-46-585,002-25-608,NO DATA,NO DATA,NO DATA,State System (State Highways and Class I TH links),US-7,1.99,U007-0405,LRS,Property Damage Only,"(44.52896411, -73.17192408)"
4395,VT0140400,12WN00053,01/16/2012,Us Route 5 N,Windsor,NO DATA,NO DATA,NO DATA,NO DATA,Browns Auto,NO DATA,NO DATA,40,NO DATA,East,NO DATA,NO DATA,NO DATA,NO DATA,NO DATA,State System (State Highways and Class I TH links),US-5,5.71,U005-1423,LRS,Property Damage Only,"(43.50465044, -72.39899478)"
4396,VT0140400,12WN00271,03/16/2012,US Route 5 North,Windsor,NO DATA,NO DATA,NO DATA,NO DATA,J P Larkin Country Club,0,Miles,40,NO DATA,North,NO DATA,NO DATA,NO DATA,NO DATA,NO DATA,State System (State Highways and Class I TH links),US-5,5.41,U005-1423,LRS,Property Damage Only,"(43.50198244, -72.39457266)"
4397,VT0140400,12WN00078,01/26/2012,2725 US Route 5 N,Windsor,NO DATA,NO DATA,NO DATA,NO DATA,Price Chopper Lot,NO DATA,NO DATA,10,NO DATA,East,NO DATA,NO DATA,NO DATA,NO DATA,NO DATA,State System (State Highways and Class I TH links),US-5,4.14,U005-1423,LRS,Property Damage Only,"(43.48631065, -72.38546485)"
4398,VT0040400,12WS005354,11/01/2012,US-7 Main St,Winooski City,NO DATA,NO DATA,NO DATA,NO DATA,Winooski Falls Way,5,Feet,25,1 - Rear End,South,004-45-466,002-21-378,NO DATA,NO DATA,NO DATA,State System (State Highways and Class I TH links),US-7,0.1,U007-0418,LRS,Injury,"(44.49030918, -73.18590527)"
4399,VT0040300,12SB007460,06/19/2012,US-7 Shelburne Road,South Burlington,NO DATA,NO DATA,NO DATA,NO DATA,Baldwin Avenue,2,Feet,35,1 - Rear End,South,443462,215629,NO DATA,NO DATA,NO DATA,State System (State Highways and Class I TH links),US-7,0.24,U007-0414,LRS,Injury,"(44.42427546, -73.21172800)"
4400,VT0140400,12WN02018,12/08/2012,US-5 Main Street,Windsor,NO DATA,NO DATA,NO DATA,NO DATA,US ROute 5 And Maxwell Perkins Lane,NO DATA,NO DATA,25,NO DATA,South,NO DATA,NO DATA,NO DATA,NO DATA,NO DATA,State System (State Highways and Class I TH links),US-5,3.82,U005-1423,LRS,Property Damage Only,"(43.48168263, -72.38550508)"
4401,VT0140300,12HF02803,08/13/2012,US-5 Hartford Avenue,Hartford,NO DATA,NO DATA,5,NO DATA,Maple Street (VT14 And┬á US4),5,Feet,30,3 - Same Direction Sideswipe,North,514574,128027,NO DATA,NO DATA,NO DATA,State System (State Highways and Class I TH links),US-5,4.1,U005-1408S,LRS,Property Damage Only,"(43.65210178, -72.31947939)"
4408,VT0140400,12WN00913,07/02/2012,US-5 Main Street,Windsor,NO DATA,NO DATA,NO DATA,NO DATA,Durkee Street/Cumberland Farms,NO DATA,NO DATA,25,NO DATA,South,NO DATA,NO DATA,NO DATA,NO DATA,NO DATA,State System (State Highways and Class I TH links),US-5,3.4,U005-1423,LRS,Injury,"(43.47595661, -72.38822046)"
4409,VT0140400,12WN00048,01/14/2012,US-5 Main Street,Windsor,NO DATA,NO DATA,NO DATA,NO DATA,UNION STREET,NO DATA,NO DATA,25,NO DATA,North,NO DATA,NO DATA,NO DATA,NO DATA,NO DATA,State System (State Highways and Class I TH links),US-5,3.37,U005-1423,LRS,Property Damage Only,"(43.47555660, -72.38844856)"
4410,VT0140300,12HF00340,01/30/2012,US-5 Hartford Avenue,Hartford,NO DATA,NO DATA,5,NO DATA,Maple Street,50,Feet,30,3 - Same Direction Sideswipe,South,514523,127971,NO DATA,NO DATA,NO DATA,State System (State Highways and Class I TH links),US-5,4.09,U005-1408S,LRS,Property Damage Only,"(43.65198561, -72.31959617)"
4411,VT0140400,WINDSOR,11/29/2012,US-5 Main Street,Windsor,NO DATA,NO DATA,NO DATA,NO DATA,Union Street,NO DATA,NO DATA,25,NO DATA,East,NO DATA,NO DATA,NO DATA,NO DATA,NO DATA,State System (State Highways and Class I TH links),US-5,3.37,U005-1423,LRS,Property Damage Only,"(43.47555660, -72.38844856)"
4412,VT0140400,12WN01063,07/27/2012,US-5 Main And Bridge St,Windsor,NO DATA,NO DATA,NO DATA,NO DATA,Main St And Bridge St,NO DATA,NO DATA,25,NO DATA,North,NO DATA,NO DATA,NO DATA,NO DATA,NO DATA,State System (State Highways and Class I TH links),US-5,3.37,U005-1423,LRS,Property Damage Only,"(43.47555660, -72.38844856)"
4413,VT0140400,12WN00015,01/04/2012,1185 Us Route 5 S,Windsor,NO DATA,NO DATA,NO DATA,NO DATA,Orchard Lane,NO DATA,NO DATA,40,NO DATA,South,NO DATA,NO DATA,NO DATA,NO DATA,NO DATA,State System (State Highways and Class I TH links),US-5,2.05,U005-1423,LRS,Property Damage Only,"(43.45789349, -72.39425678)"
4414,VT0140400,12WN01515,09/29/2012,1526 US Route 5 S,Windsor,NO DATA,NO DATA,NO DATA,NO DATA,Gilman Residence Driveway,10,Feet,40,NO DATA,North,NO DATA,NO DATA,NO DATA,NO DATA,NO DATA,State System (State Highways and Class I TH links),US-5,1.78,U005-1423,LRS,Property Damage Only,"(43.45400876, -72.39476211)"
4421,VT0040600,12MT03722,09/13/2012,US Route 7 (near 812),Milton,NO DATA,NO DATA,7,NO DATA,Pettybrook Road,200,Feet,50,1 - Rear End,North,004-47-850,002-34-326,70,410,80,State System (State Highways and Class I TH links),US-7,0.98,U007-0410,LRS,Property Damage Only,"(44.60818838, -73.15633802)"
4422,VT0040300,12SB00135,01/05/2012,US-7 (1220 Shelburne Road),South Burlington,NO DATA,NO DATA,NO DATA,NO DATA,Advanced Auto Parts,NO DATA,NO DATA,35,"14 - Left Turn and Thru, Broadside v<--",NO DATA,443440,215344,NO DATA,NO DATA,NO DATA,State System (State Highways and Class I TH links),US-7,1.04,U007-0414,LRS,Injury,"(44.43583883, -73.21051771)"
4423,VTVSP0400,12D101646,05/31/2012,US Route 5/VT-131,Weathersfield,NO DATA,131,NO DATA,NO DATA,US Route 5,NO DATA,NO DATA,40,"10 - Left Turn and Thru, Angle Broadside -->v--",NO DATA,507507,100646,NO DATA,NO DATA,NO DATA,State System (State Highways and Class I TH links),US-5,5.15,U005-1420,LRS,Injury,"(43.40634187, -72.40740722)"
4424,VT0040700,12SH00999,05/03/2012,US-7 Shelburne Rd,Shelburne,NO DATA,NO DATA,7,NO DATA,Hullcrest,1,Feet,40,1 - Rear End,North,443073,212690,NO DATA,NO DATA,NO DATA,State System (State Highways and Class I TH links),US-7,4.25,U007-0413,LRS,Injury,"(44.41229300, -73.21462893)"
4425,VT0140800,12WF00220,06/11/2012,US Route 5,Weathersfield,NO DATA,NO DATA,5,NO DATA,Route 131,NO DATA,NO DATA,40,"14 - Left Turn and Thru, Broadside v<--",NO DATA,NO DATA,NO DATA,NO DATA,NO DATA,NO DATA,State System (State Highways and Class I TH links),US-5,5.15,U005-1420,LRS,Injury,"(43.40634187, -72.40740722)"
4426,VT0140800,12WF00351,08/23/2012,US Route 5,Weathersfield,NO DATA,NO DATA,5,NO DATA,VT RT 131,12,Feet,40,4 - Opp Direction Sideswipe,South,NO DATA,NO DATA,NO DATA,NO DATA,NO DATA,State System (State Highways and Class I TH links),US-5,5.14,U005-1420,LRS,Injury,"(43.40620740, -72.40735330)"
4427,VTVSP0400,12D102334,07/29/2012,US-5,Weathersfield,NO DATA,NO DATA,5,NO DATA,Hidden Glen Road,1,Miles,40,6 - Single Vehicle Crash,South,507683,99389,NO DATA,NO DATA,NO DATA,State System (State Highways and Class I TH links),US-5,4.34,U005-1420,LRS,Property Damage Only,"(43.39499133, -72.40503144)"
4434,VT0140200,12SF05213,12/17/2012,Vermont Route 5 North,Springfield,NO DATA,NO DATA,5,NO DATA,Putnam Road,0,Miles,50,6 - Single Vehicle Crash,North,507540,91386,NO DATA,NO DATA,NO DATA,State System (State Highways and Class I TH links),US-5,8.05,U005-1418,LRS,Property Damage Only,"(43.32449275, -72.40747806)"
4435,VT0140200,12SF05261,12/21/2012,U.S. Route 5,Springfield,NO DATA,NO DATA,5,NO DATA,In The Area Of 46 CT River Road,0,Miles,40,6 - Single Vehicle Crash,North,506133,84796,NO DATA,NO DATA,NO DATA,State System (State Highways and Class I TH links),US-5,3.29,U005-1418,LRS,Injury,"(43.26330046, -72.42444145)"
4436,VT0040300,12SB015899,11/25/2012,1795 Shelburne Road,South Burlington,NO DATA,NO DATA,NO DATA,NO DATA,Denny's Restaurant,100,Feet,35,1 - Rear End,West,443525,216453,NO DATA,NO DATA,NO DATA,State System (State Highways and Class I TH links),US-7,1.73,U007-0414,LRS,Property Damage Only,"(44.44580914, -73.20942912)"
4437,VT0040300,12SB015266,11/12/2012,US-7 Shelburne Road,South Burlington,NO DATA,7,NO DATA,NO DATA,Allen Road,15,Feet,40,1 - Rear End,South,443307,213785,NO DATA,NO DATA,NO DATA,State System (State Highways and Class I TH links),US-7,0.11,U007-0414,LRS,Property Damage Only,"(44.42239596, -73.21191367)"
4438,VT0040500,12CC03535,05/30/2012,US-7 Roosevelt Highway,Colchester,NO DATA,NO DATA,7,NO DATA,Mountain View Drive,150,Feet,30,1 - Rear End,South,445864,223129,NO DATA,NO DATA,NO DATA,State System (State Highways and Class I TH links),US-7,0.31,U007-0405,LRS,Injury,"(44.50684683, -73.18064638)"
4439,VT0140200,12SF01686,05/12/2012,Missing Link Road,Springfield,NO DATA,NO DATA,5,NO DATA,Vermont Route 11,1,Feet,40,1 - Rear End,South,NO DATA,NO DATA,NO DATA,NO DATA,NO DATA,State System (State Highways and Class I TH links),US-5,3.06,U005-1418,LRS,Property Damage Only,"(43.26137329, -72.42774269)"
4440,VT0140300,12HF02950,08/23/2012,US-5 North Main Street,Hartford,NO DATA,NO DATA,5,NO DATA,Woodstock Road,NO DATA,NO DATA,40,"8 - No Turns, Thru moves only, Broadside ^<",NO DATA,513738,128014,NO DATA,NO DATA,NO DATA,State System (State Highways and Class I TH links),US-5,3.54,U005-1408S,LRS,Injury,"(43.65212084, -72.32977996)"
4446,VT0040500,12CC04884,07/19/2012,US-7 Roosevelt Highway,Colchester,NO DATA,NO DATA,2,NO DATA,Lower Mountain View Drive,150,Feet,30,1 - Rear End,South,004-45-884,002-23-179,NO DATA,NO DATA,NO DATA,State System (State Highways and Class I TH links),US-7,0.31,U007-0405,LRS,Property Damage Only,"(44.50684683, -73.18064638)"
4447,VT0120100,12BA00056,01/03/2012,US-302 Washington St,Barre City,NO DATA,NO DATA,NO DATA,NO DATA,Hill St,20,Feet,25,"8 - No Turns, Thru moves only, Broadside ^<",West,005-00-406,001-88-164,NO DATA,NO DATA,NO DATA,State System (State Highways and Class I TH links),US-302,2.59,U302-1201,LRS,Property Damage Only,"(44.19335634, -72.49461680)"
4448,VTVSP0100,12A102418,07/01/2012,Route 2A,Williston,NO DATA,2A,NO DATA,NO DATA,I 89 Exit 12,0,Miles,35,1 - Rear End,South,451083,215702,NO DATA,NO DATA,NO DATA,State System (State Highways and Class I TH links),VT-2A,3.05,V002A0417,LRS,Property Damage Only,"(44.44038218, -73.11449897)"
4449,VT0120100,12BA01594,03/11/2012,US-302 (133 WASHINGTON┬á STREET),Barre City,NO DATA,NO DATA,NO DATA,NO DATA,HILL STREET,30,Feet,25,1 - Rear End,West,005-00-701,001-87-911,NO DATA,NO DATA,NO DATA,State System (State Highways and Class I TH links),US-302,2.56,U302-1201,LRS,Property Damage Only,"(44.19362645, -72.49508433)"
4450,VTVSP0300,12C101106,03/01/2012,Routr 4A,Ira,NO DATA,4A,NO DATA,NO DATA,Birdseye Rd,200,Feet,50,7 - Other - Explain in Narrative,West,449598,123529,NO DATA,NO DATA,NO DATA,State System (State Highways and Class I TH links),VT-4A,0.59,V004A1109,LRS,Property Damage Only,"(43.60962884, -73.10134814)"
4451,VT0120100,12BA08649,12/13/2012,US-302 Washington,Barre City,NO DATA,NO DATA,NO DATA,NO DATA,Mount Street,NO DATA,NO DATA,25,"8 - No Turns, Thru moves only, Broadside ^<",West,004-98-024,001-90-344,NO DATA,NO DATA,NO DATA,State System (State Highways and Class I TH links),US-302,2.37,U302-1201,LRS,Injury,"(44.19529141, -72.49809349)"
4452,VT0120100,12BA06961,09/28/2012,US-302 Washington Street,Barre City,NO DATA,NO DATA,NO DATA,NO DATA,Academy Street,NO DATA,NO DATA,25,4 - Opp Direction Sideswipe,West,004-98-644,001-90-087,NO DATA,NO DATA,NO DATA,State System (State Highways and Class I TH links),US-302,2.27,U302-1201,LRS,Injury,"(44.19635646, -72.49942431)"
4459,VT0041000,12WT04552,12/20/2012,VT-2A St George Road,Williston,NO DATA,2A,NO DATA,NO DATA,Conner Way,600,Feet,35,NO DATA,South,451350,216421,NO DATA,NO DATA,NO DATA,State System (State Highways and Class I TH links),VT-2A,3.43,V002A0417,LRS,Property Damage Only,"(44.44550436, -73.11172011)"
4460,VT0060100,12SA06308,11/29/2012,US-7 (256 S. Main St),St. Albans City,NO DATA,7,NO DATA,NO DATA,Amcare,NO DATA,NO DATA,35,"15 - Left Turns, Opposite Directions, Head On/Angle Crash --^v--",North,004-53-080E,002-55-361N,NO DATA,NO DATA,NO DATA,State System (State Highways and Class I TH links),US-7,0.19,U007-0612,LRS,Injury,"(44.79716821, -73.09239794)"
4461,VT0120100,12BA05785,08/13/2012,US-302 N Main St,Barre City,NO DATA,NO DATA,NO DATA,NO DATA,Washington St,NO DATA,NO DATA,25,3 - Same Direction Sideswipe,NO DATA,004-99-881,001-88-560,NO DATA,NO DATA,NO DATA,State System (State Highways and Class I TH links),US-302,2.15,U302-1201,LRS,Property Damage Only,"(44.19736017, -72.50135950)"
4462,VT0120100,12BA00976,02/14/2012,US-302 (Washington Street),Barre City,NO DATA,NO DATA,302,NO DATA,Elm St,NO DATA,NO DATA,25,3 - Same Direction Sideswipe,NO DATA,004-99-918,001-88-514,NO DATA,NO DATA,NO DATA,State System (State Highways and Class I TH links),US-302,2.15,U302-1201,LRS,Property Damage Only,"(44.19736017, -72.50135950)"
4463,VT0120100,12BA03333,05/19/2012,US-302 N Main St,Barre City,NO DATA,NO DATA,NO DATA,NO DATA,Washington St,20,Feet,25,3 - Same Direction Sideswipe,East,004-99-892,001-88-552,NO DATA,NO DATA,NO DATA,State System (State Highways and Class I TH links),US-302,2.12,U302-1201,LRS,Injury,"(44.19765490, -72.50179060)"
4464,VT0120600,12BL02591,10/20/2012,Us Route 302,Berlin,NO DATA,NO DATA,302,NO DATA,Twin City Plaza,10,Feet,40,"10 - Left Turn and Thru, Angle Broadside -->v--",South,NO DATA,NO DATA,NO DATA,NO DATA,NO DATA,State System (State Highways and Class I TH links),US-302,0.64,U302-1203,LRS,Injury,"(44.22620103, -72.55169166)"
4470,VT0120100,12BA08100,11/16/2012,US-302 N Main St,Barre City,NO DATA,NO DATA,NO DATA,NO DATA,Keith Ave,NO DATA,NO DATA,25,3 - Same Direction Sideswipe,NO DATA,004-99-791,001-88-583,NO DATA,NO DATA,NO DATA,State System (State Highways and Class I TH links),US-302,2.07,U302-1201,LRS,Injury,"(44.19818913, -72.50245802)"
4471,VT0120100,12BA07755,10/31/2012,US-302 (171 North Main St),Barre City,NO DATA,NO DATA,NO DATA,NO DATA,171 North Main St,1,Feet,25,1 - Rear End,North,004-99-746,001-88-716,NO DATA,NO DATA,NO DATA,State System (State Highways and Class I TH links),US-302,2.02,U302-1201,LRS,Property Damage Only,"(44.19871193, -72.50314303)"
4472,VT0040500,12CC07435,10/27/2012,VT-2A (899 MAIN ST),Colchester,NO DATA,NO DATA,NO DATA,NO DATA,EAST RD,70,Feet,35,6 - Single Vehicle Crash,West,452374,235741,NO DATA,NO DATA,NO DATA,State System (State Highways and Class I TH links),VT-2A,1.5,V002A0405,LRS,Property Damage Only,"(44.54404731, -73.14869828)"
4473,VT0120100,12BA08331,11/28/2012,US-302 North Main St,Barre City,NO DATA,NO DATA,NO DATA,NO DATA,Merchants St,NO DATA,NO DATA,25,1 - Rear End,NO DATA,004-99-670,001-88-802,NO DATA,NO DATA,NO DATA,State System (State Highways and Class I TH links),US-302,1.95,U302-1201,LRS,Injury,"(44.19944321, -72.50410259)"
4474,VT0041000,12WT01792,06/06/2012,VT-2A Saint George Road,Williston,NO DATA,2A,NO DATA,NO DATA,Lawes Drive,30,Feet,40,7 - Other - Explain in Narrative,South,450440,214157,NO DATA,NO DATA,NO DATA,State System (State Highways and Class I TH links),VT-2A,1.87,V002A0417,LRS,Property Damage Only,"(44.42459857, -73.12343939)"
4475,VT0120100,12BA06666,09/14/2012,US-302 N Main St,Barre City,NO DATA,NO DATA,NO DATA,NO DATA,Merchant St,NO DATA,NO DATA,25,4 - Opp Direction Sideswipe,NO DATA,004-99-684,001-88-781,NO DATA,NO DATA,NO DATA,State System (State Highways and Class I TH links),US-302,1.92,U302-1201,LRS,Property Damage Only,"(44.19976358, -72.50450349)"
4476,VT0110300,12CT00040,01/12/2012,Vt Rt 4A,Castleton,NO DATA,4A,NO DATA,NO DATA,Sand Hill Road,NO DATA,NO DATA,30,3 - Same Direction Sideswipe,NO DATA,444300,123421,NO DATA,NO DATA,NO DATA,State System (State Highways and Class I TH links),VT-4A,2.76,V004A1103,LRS,Property Damage Only,"(43.60899498, -73.18944598)"
4482,VT0120100,12BA08962,12/28/2012,US-302 North Main Street,Barre City,NO DATA,NO DATA,NO DATA,NO DATA,Beckley Street,NO DATA,NO DATA,25,1 - Rear End,NO DATA,004-99-062,001-89-533,NO DATA,NO DATA,NO DATA,State System (State Highways and Class I TH links),US-302,1.37,U302-1201,LRS,Injury,"(44.20584290, -72.51146482)"
4483,VT0040500,12CC05545,08/16/2012,VT-2A Main Street,Colchester,NO DATA,2A,NO DATA,NO DATA,Roosevelt Highway,NO DATA,NO DATA,35,1 - Rear End,NO DATA,447254,228056,NO DATA,NO DATA,NO DATA,State System (State Highways and Class I TH links),VT-2A,2.43,V002A0405,LRS,Property Damage Only,"(44.55099566, -73.16385527)"
4484,VT0040200,12ES05096,08/29/2012,VT-2A (52 PARK ST),Essex,NO DATA,NO DATA,NO DATA,NO DATA,NO DATA,NO DATA,NO DATA,25,1 - Rear End,NO DATA,451231,220913,NO DATA,NO DATA,NO DATA,State System (State Highways and Class I TH links),VT-2A,0.4,V002A0406,LRS,Property Damage Only,"(44.48693990, -73.11331090)"
4485,VT0060100,12SA00928,02/23/2012,278 S Main St,St. Albans City,NO DATA,7,NO DATA,NO DATA,HR Block,NO DATA,Feet,35,3 - Same Direction Sideswipe,East,004-53-046E,002-55-256N,NO DATA,NO DATA,NO DATA,State System (State Highways and Class I TH links),US-7,0.09,U007-0612,LRS,Property Damage Only,"(44.79591868, -73.09338297)"
4486,VT0120600,12BL00197,01/23/2012,US RT 302,Berlin,NO DATA,NO DATA,302,NO DATA,McDonalds,50,Feet,40,"12 - Left Turn and Thru, Same Direction Sideswipe/Angle Crash vv--",West,NO DATA,NO DATA,NO DATA,NO DATA,NO DATA,State System (State Highways and Class I TH links),US-302,0.55,U302-1203,LRS,Property Damage Only,"(44.22743640, -72.55223871)"
4487,VT0040200,12ES03412,06/16/2012,2a,Essex,NO DATA,NO DATA,NO DATA,NO DATA,Brownell Library,NO DATA,NO DATA,25,1 - Rear End,South,451387,221453,NO DATA,NO DATA,NO DATA,State System (State Highways and Class I TH links),VT-2A,0.73,V002A0406,LRS,Property Damage Only,"(44.49141084, -73.11102558)"
4488,VT0040200,12ES03582,06/23/2012,VT-2A (44 PARK ST),Essex,NO DATA,NO DATA,NO DATA,NO DATA,NO DATA,NO DATA,NO DATA,25,1 - Rear End,NO DATA,451269,220992,NO DATA,NO DATA,NO DATA,State System (State Highways and Class I TH links),VT-2A,0.45,V002A0406,LRS,Property Damage Only,"(44.48761256, -73.11292368)"