ID,Reporting Agency,Report Number,Date,Street Address,Town,Number,Number1,Number2,Number3,Intersection,Distance From Intersection,Distance Unit,Posted Speed,Direction of Collision,Direction from Intersection,Easting,Northing,Mile Marker,Mile Marker 1,Mile Marker 2,AOT Roadway,AOT Route,AOT Actual Mile,LRS Number,How Mapped,Crash Type,Location 1
4495,VT0041000,12WT02071,06/28/2012,VT-2A Essex Road,Williston,NO DATA,NO DATA,NO DATA,NO DATA,Beaudry Lane,NO DATA,NO DATA,40,1 - Rear End,NO DATA,451279,217853,NO DATA,NO DATA,NO DATA,State System (State Highways and Class I TH links),VT-2A,4.38,V002A0417,LRS,Property Damage Only,"(44.45908568, -73.11214541)"
4496,VT0040500,12CC03268,05/19/2012,VT-2A Main St,Colchester,NO DATA,2A,NO DATA,NO DATA,US Rt 7,10,Feet,35,1 - Rear End,East,447256,227993,NO DATA,NO DATA,NO DATA,State System (State Highways and Class I TH links),VT-2A,2.43,V002A0405,LRS,Property Damage Only,"(44.55099566, -73.16385527)"
4497,VT0060100,12SA05448,10/16/2012,US-7 (280 S Main St),St. Albans City,NO DATA,NO DATA,NO DATA,NO DATA,R.L. Valee,100,Feet,35,"8 - No Turns, Thru moves only, Broadside ^<",North,004-52-990E,002-55-144N,NO DATA,NO DATA,NO DATA,State System (State Highways and Class I TH links),US-7,0.08,U007-0612,LRS,Property Damage Only,"(44.79579380, -73.09348166)"
4498,VT0040500,12CC04322,06/30/2012,VT-2A (965 Main Street),Colchester,NO DATA,2A,NO DATA,NO DATA,East Road,20,Feet,35,1 - Rear End,West,448505,227255,NO DATA,NO DATA,NO DATA,State System (State Highways and Class I TH links),VT-2A,1.47,V002A0405,LRS,Property Damage Only,"(44.54375847, -73.14820037)"
4499,VT0041000,12WT03906,11/01/2012,VT-2A (2777 ST. GEORGE ROAD),Williston,NO DATA,NO DATA,NO DATA,NO DATA,NO DATA,NO DATA,NO DATA,35,1 - Rear End,NO DATA,451071,215697,NO DATA,NO DATA,NO DATA,State System (State Highways and Class I TH links),VT-2A,3.19,V002A0417,LRS,Property Damage Only,"(44.44226040, -73.11344398)"
4500,VT0040200,12ES05591,09/15/2012,VT-2A (70 PARK ST),Essex,NO DATA,NO DATA,NO DATA,NO DATA,NO DATA,NO DATA,NO DATA,25,1 - Rear End,NO DATA,450694,221806,NO DATA,NO DATA,NO DATA,State System (State Highways and Class I TH links),VT-2A,0.31,V002A0406,LRS,Property Damage Only,"(44.48571955, -73.11397376)"
4501,VT0040500,12CC08612,12/22/2012,VT-2A Main Street,Colchester,NO DATA,2A,NO DATA,NO DATA,Mill Pond Road,10,Feet,35,1 - Rear End,NO DATA,448489,227262,NO DATA,NO DATA,NO DATA,State System (State Highways and Class I TH links),VT-2A,1.47,V002A0405,LRS,Property Damage Only,"(44.54375847, -73.14820037)"
4508,VT0120100,12BA02748,04/26/2012,US 302 (North Main St),Barre City,NO DATA,NO DATA,302,NO DATA,Berlin St,1,Feet,25,"8 - No Turns, Thru moves only, Broadside ^<",North,004-99-08,001-89-545,NO DATA,NO DATA,NO DATA,State System (State Highways and Class I TH links),US-302,1.32,U302-1201,LRS,Property Damage Only,"(44.20636398, -72.51215013)"
4509,VT0040500,12CC02318,04/13/2012,VT-2A Main St,Colchester,NO DATA,2A,NO DATA,NO DATA,Roosevelt Highway,NO DATA,NO DATA,35,1 - Rear End,South,447243,228041,NO DATA,NO DATA,NO DATA,State System (State Highways and Class I TH links),VT-2A,2.43,V002A0405,LRS,Property Damage Only,"(44.55099566, -73.16385527)"
4510,VT0060100,12SA04587,08/31/2012,US-7 South Main Street,St. Albans City,NO DATA,NO DATA,NO DATA,NO DATA,Access Rd,1,Feet,35,7 - Other - Explain in Narrative,South,004-53-448E,002-55-861N,NO DATA,NO DATA,NO DATA,State System (State Highways and Class I TH links),US-7,0.05,U007-0612,LRS,Property Damage Only,"(44.79542122, -73.09378280)"
4511,VT0120600,12BL00166,01/19/2012,US Route 302,Berlin,NO DATA,NO DATA,NO DATA,NO DATA,Berlin State Highway,0,Miles,40,"10 - Left Turn and Thru, Angle Broadside -->v--",East,495798,192041,NO DATA,NO DATA,NO DATA,State System (State Highways and Class I TH links),US-302,0.47,U302-1203,LRS,Unknown,"(44.22852168, -72.55278136)"
4512,VT0040500,12CC05632,08/20/2012,VT-2A (1028 Main Street),Colchester,NO DATA,2A,NO DATA,NO DATA,NO DATA,NO DATA,NO DATA,35,5 - Rear-to-rear,NO DATA,448521,227218,NO DATA,NO DATA,NO DATA,State System (State Highways and Class I TH links),VT-2A,1.39,V002A0405,LRS,Property Damage Only,"(44.54279138, -73.14730369)"
4513,VT0041000,12WT04275,11/30/2012,VT-2A (2939 St. George Road),Williston,NO DATA,NO DATA,NO DATA,NO DATA,NO DATA,NO DATA,NO DATA,35,1 - Rear End,NO DATA,451141,215897,NO DATA,NO DATA,NO DATA,State System (State Highways and Class I TH links),VT-2A,3.07,V002A0417,LRS,Property Damage Only,"(44.44064796, -73.11433963)"
4514,VT0040200,12ES06303,10/20/2012,VT-2A (136 COLCHESTER RD),Essex,NO DATA,2A,NO DATA,NO DATA,PINECREST DR,NO DATA,NO DATA,25,6 - Single Vehicle Crash,NO DATA,450954,223194,NO DATA,NO DATA,NO DATA,State System (State Highways and Class I TH links),VT-2A,1.93,V002A0406,LRS,Property Damage Only,"(44.50800836, -73.11740649)"
4521,VT0120100,12BA01586,03/11/2012,US-302 N Main St,Barre City,NO DATA,NO DATA,NO DATA,NO DATA,Berlin St,NO DATA,NO DATA,25,1 - Rear End,West,004-99-301,001-89-086,NO DATA,NO DATA,NO DATA,State System (State Highways and Class I TH links),US-302,1.31,U302-1201,LRS,Property Damage Only,"(44.20647673, -72.51227362)"
4522,VT0040500,12CC04862,07/18/2012,VT-2A Main Street,Colchester,NO DATA,2A,NO DATA,NO DATA,Roosevelt Highway,NO DATA,NO DATA,35,1 - Rear End,NO DATA,447256,228059,NO DATA,NO DATA,NO DATA,State System (State Highways and Class I TH links),VT-2A,2.43,V002A0405,LRS,Property Damage Only,"(44.55099566, -73.16385527)"
4523,VTVSP0700,12A200247,01/18/2012,7050 Rt. 7,Georgia,NO DATA,7,NO DATA,NO DATA,NO DATA,NO DATA,NO DATA,50,"8 - No Turns, Thru moves only, Broadside ^<",NO DATA,453069,252020,NO DATA,NO DATA,NO DATA,State System (State Highways and Class I TH links),US-7,7.05,U007-0608,LRS,Property Damage Only,"(44.77253763, -73.10736706)"
4524,VT0120100,12BA08882,12/24/2012,US-302 North┬á Main Street,Barre City,NO DATA,NO DATA,NO DATA,NO DATA,NO DATA,NO DATA,NO DATA,40,6 - Single Vehicle Crash,West,004-99-014,001-89-589,NO DATA,NO DATA,NO DATA,State System (State Highways and Class I TH links),US-302,1.3,U302-1201,LRS,Injury,"(44.20659570, -72.51238504)"
4525,VT0120100,12BA03778,06/02/2012,US-302 North Main St,Barre City,NO DATA,NO DATA,NO DATA,NO DATA,Berlin St,20,Feet,25,6 - Single Vehicle Crash,East,005-00-028,001-89-525,NO DATA,NO DATA,NO DATA,State System (State Highways and Class I TH links),US-302,1.28,U302-1201,LRS,Injury,"(44.20683378, -72.51260757)"
4526,VT0120100,12BA02865,05/01/2012,US-302 North Main St,Barre City,NO DATA,NO DATA,NO DATA,NO DATA,Hawes Place,1,Feet,25,1 - Rear End,North,004-98-990,001-89-631,NO DATA,NO DATA,NO DATA,State System (State Highways and Class I TH links),US-302,1.27,U302-1201,LRS,Property Damage Only,"(44.20695288, -72.51271870)"
4527,VT0041000,12WT01521,05/17/2012,VT-2A (669 Essex Road),Williston,NO DATA,2A,NO DATA,NO DATA,NO DATA,20,Feet,40,1 - Rear End,North,451209,219353,NO DATA,NO DATA,NO DATA,State System (State Highways and Class I TH links),VT-2A,5.32,V002A0417,LRS,Property Damage Only,"(44.47264200, -73.11323322)"
4533,VTVSP0700,12A203471,08/03/2012,US-7,Georgia,NO DATA,NO DATA,7,NO DATA,Ballard And US 7,NO DATA,NO DATA,50,6 - Single Vehicle Crash,NO DATA,451730,243565,NO DATA,NO DATA,NO DATA,State System (State Highways and Class I TH links),US-7,3.64,U007-0608,LRS,Injury,"(44.72382218, -73.11848853)"
4534,VT0120100,12BA06835,09/21/2012,US-302 N Mai Nst,Barre City,NO DATA,NO DATA,NO DATA,NO DATA,Fourth St,NO DATA,NO DATA,25,3 - Same Direction Sideswipe,NO DATA,004-98-950,001-89-698,NO DATA,NO DATA,NO DATA,State System (State Highways and Class I TH links),US-302,1.14,U302-1201,LRS,Injury,"(44.20850804, -72.51414927)"
4535,VT0120100,12BA06898,09/24/2012,US-302 North Main St,Barre City,NO DATA,NO DATA,NO DATA,NO DATA,Salvation Army Thrift Store,1,Feet,25,6 - Single Vehicle Crash,North,004-98-644,001-90-087,NO DATA,NO DATA,NO DATA,State System (State Highways and Class I TH links),US-302,1.14,U302-1201,LRS,Property Damage Only,"(44.20850804, -72.51414927)"
4536,VT0120100,12BA01458,03/06/2012,US 302 (North Main Street),Barre City,NO DATA,NO DATA,302,NO DATA,Fifth St,1,Feet,25,1 - Rear End,North,005-00-133,001-88-595,NO DATA,NO DATA,NO DATA,State System (State Highways and Class I TH links),US-302,1.1,U302-1201,LRS,Property Damage Only,"(44.20899163, -72.51457845)"
4537,VT0120100,12BA00356,01/17/2012,US-302 (573 N Main Street) @Budget Inn,Barre City,NO DATA,NO DATA,302,NO DATA,9 6th S,200,Feet,25,7 - Other - Explain in Narrative,North,004-99-894,001-88-499,NO DATA,NO DATA,NO DATA,State System (State Highways and Class I TH links),US-302,1.09,U302-1201,LRS,Property Damage Only,"(44.20911489, -72.51468044)"
4538,VT0041000,12WT01277,04/24/2012,VT-2A St. George Road,Williston,NO DATA,NO DATA,NO DATA,NO DATA,I-89 Over Pass,NO DATA,NO DATA,40,1 - Rear End,NO DATA,451009,215621,NO DATA,NO DATA,NO DATA,State System (State Highways and Class I TH links),VT-2A,2.96,V002A0417,LRS,Property Damage Only,"(44.43916986, -73.11515938)"
4539,VT0110400,12FH00547,04/28/2012,VT-4A (55 Main St),Fair Haven,NO DATA,NO DATA,NO DATA,NO DATA,S Park Place,NO DATA,NO DATA,30,"8 - No Turns, Thru moves only, Broadside ^<",NO DATA,438211,121701,NO DATA,NO DATA,NO DATA,State System (State Highways and Class I TH links),VT-4A,1.71,V004A1107,LRS,Property Damage Only,"(43.59284872, -73.26534193)"
4546,VT0041000,12WT03678,10/17/2012,VT-2A Essex Rd,Williston,NO DATA,2A,NO DATA,NO DATA,Mountain View Rd,100,Feet,40,1 - Rear End,North,451227,218519,NO DATA,NO DATA,NO DATA,State System (State Highways and Class I TH links),VT-2A,4.81,V002A0417,LRS,Property Damage Only,"(44.46526900, -73.11290646)"
4547,VT0040200,12ES06399,10/24/2012,VT-2A (27 PARK ST),Essex,NO DATA,2A,NO DATA,NO DATA,NO DATA,NO DATA,NO DATA,25,1 - Rear End,NO DATA,451249,221115,NO DATA,NO DATA,NO DATA,State System (State Highways and Class I TH links),VT-2A,0.52,V002A0406,LRS,Property Damage Only,"(44.48856053, -73.11240357)"
4548,VT0041000,12WT03177,09/10/2012,VT-2A St George Rd,Williston,NO DATA,2A,NO DATA,NO DATA,Marshall Ave,200,Feet,35,1 - Rear End,North,451275,216254,NO DATA,NO DATA,NO DATA,State System (State Highways and Class I TH links),VT-2A,3.37,V002A0417,LRS,Property Damage Only,"(44.44469305, -73.11214991)"
4549,VTVSP0700,12A202996,07/09/2012,US-7 Ethan Allen Highway,Georgia,NO DATA,NO DATA,7,NO DATA,Residence #3393,10,Feet,50,4 - Opp Direction Sideswipe,North,451222,246993,NO DATA,NO DATA,NO DATA,State System (State Highways and Class I TH links),US-7,3.4,U007-0608,LRS,Property Damage Only,"(44.72110320, -73.11537150)"
4550,VTVSP1200,12A302814,06/30/2012,US-302 (441 US Route 302),Orange,NO DATA,NO DATA,302,NO DATA,George ST,900,Feet,50,"14 - Left Turn and Thru, Broadside v<--",East,508353,183034,3020,908,200,State System (State Highways and Class I TH links),US-302,2.21,U302-0908,LRS,Property Damage Only,"(44.14754058, -72.39539196)"
4551,VTVSP1200,12A302212,05/28/2012,US Route 302,Orange,NO DATA,NO DATA,302,NO DATA,Tucker Road,0,Miles,50,6 - Single Vehicle Crash,East,507335,183356,3020,908,160,State System (State Highways and Class I TH links),US-302,1.49,U302-0908,LRS,Injury,"(44.14990458, -72.40929736)"
4552,VT0120500,12BT00916,04/15/2012,US-302 E Barre Rd,Barre Town,NO DATA,NO DATA,302,NO DATA,Washington Rd,NO DATA,NO DATA,40,1 - Rear End,NO DATA,NO DATA,NO DATA,NO DATA,NO DATA,NO DATA,State System (State Highways and Class I TH links),US-302,2.52,U302-1202,LRS,Property Damage Only,"(44.16131036, -72.44877515)"
4559,VT0040500,12CC07704,11/07/2012,VT-2A MAIN ST,Colchester,NO DATA,2A,NO DATA,NO DATA,EAST RD,0,Miles,35,1 - Rear End,West,448309,227375,NO DATA,NO DATA,NO DATA,State System (State Highways and Class I TH links),VT-2A,1.37,V002A0405,LRS,Property Damage Only,"(44.54254817, -73.14708236)"
4560,VTVSP1300,12B302550,11/22/2012,US RT 302,Newbury,NO DATA,NO DATA,302,NO DATA,Butson Trail,1,Miles,50,6 - Single Vehicle Crash,East,535199,183222,302,907,380,State System (State Highways and Class I TH links),US-302,4.05,U302-0907,LRS,Property Damage Only,"(44.14970834, -72.05641383)"
4561,VT0041000,12WT02362,07/17/2012,VT-2A Essex Rd./Ind. Av7928 Williston Rd,Williston,NO DATA,NO DATA,NO DATA,NO DATA,Essex Road/industrial Avenue,NO DATA,NO DATA,35,1 - Rear End,NO DATA,451223,218589,NO DATA,NO DATA,NO DATA,State System (State Highways and Class I TH links),VT-2A,1.43,V002A0417,LRS,Property Damage Only,"(44.41827182, -73.12403137)"
4562,VTVSP1300,12B302809,12/29/2012,US RT302,Newbury,NO DATA,NO DATA,302,NO DATA,US Route 5,1,Miles,50,6 - Single Vehicle Crash,West,535182,183248,302,407,420,State System (State Highways and Class I TH links),US-302,3.83,U302-0907,LRS,Property Damage Only,"(44.14834219, -72.06039516)"
4563,VT0110300,12CT00092,01/25/2012,Vt Rt 4A,Castleton,NO DATA,4A,NO DATA,NO DATA,Vt Rt 30,NO DATA,NO DATA,40,"8 - No Turns, Thru moves only, Broadside ^<",NO DATA,442803,123393,NO DATA,NO DATA,NO DATA,State System (State Highways and Class I TH links),VT-4A,1.81,V004A1103,LRS,Injury,"(43.60847186, -73.20833358)"
4564,VTVSP1300,12B301418,07/05/2012,US RT 302,Newbury,NO DATA,NO DATA,302,NO DATA,Leete Hill Road,NO DATA,NO DATA,65,6 - Single Vehicle Crash,East,532490,184876,910,906,140,State System (State Highways and Class I TH links),US-302,1.53,U302-0907,LRS,Property Damage Only,"(44.16360217, -72.09347166)"
4565,VTVSP1300,12B300124,01/17/2012,US Route 302,Ryegate,NO DATA,NO DATA,302,NO DATA,Creamery Road,0,Miles,50,7 - Other - Explain in Narrative,South,529885,187195,3020,310,300,State System (State Highways and Class I TH links),US-302,2.82,U302-0310,LRS,Property Damage Only,"(44.18439095, -72.12628025)"
4572,VT0041000,12WT02978,08/29/2012,VT-2A Essex Road,Williston,NO DATA,NO DATA,NO DATA,NO DATA,Industrial Avenue,NO DATA,NO DATA,35,1 - Rear End,NO DATA,451224,218564,NO DATA,NO DATA,NO DATA,State System (State Highways and Class I TH links),VT-2A,4.79,V002A0417,LRS,Property Damage Only,"(44.46498011, -73.11289303)"
4573,VTVSP1300,12B301962,08/31/2012,4775 Scott Highway,Groton,NO DATA,NO DATA,302,NO DATA,Fuller Hill Road,1500,Feet,50,6 - Single Vehicle Crash,West,519506,190382,3020,304,280,State System (State Highways and Class I TH links),US-302,3.02,U302-0304,LRS,Injury,"(44.21333451, -72.25602300)"
4574,VTVSP1300,12B300583,03/26/2012,US-302 Scott Highway,Groton,NO DATA,NO DATA,302,NO DATA,6363 Scott Highway,NO DATA,NO DATA,50,6 - Single Vehicle Crash,West,517877,188764,302,304,145,State System (State Highways and Class I TH links),US-302,1.56,U302-0304,LRS,Injury,"(44.19901357, -72.27614103)"
4575,VTVSP1300,12B301364,06/30/2012,US RT 302,Groton,NO DATA,NO DATA,302,NO DATA,Heath Brook Road,1,Miles,50,6 - Single Vehicle Crash,West,516813,187750,3020,304,80,State System (State Highways and Class I TH links),US-302,0.95,U302-0304,LRS,Property Damage Only,"(44.19324689, -72.28510103)"
4576,VT0040200,12ES04797,08/17/2012,VT-2A 5 Corners,Essex,NO DATA,NO DATA,NO DATA,NO DATA,Td Bank,NO DATA,NO DATA,99,1 - Rear End,East,450349,221315,NO DATA,NO DATA,NO DATA,State System (State Highways and Class I TH links),VT-2A,0.67,V002A0406,LRS,Property Damage Only,"(44.49057069, -73.11121549)"
4577,VT0110000,12RUC0106,01/19/2012,Us Rt 7,Wallingford,NO DATA,7,NO DATA,NO DATA,Us Rt 7b,300,Feet,45,6 - Single Vehicle Crash,North,NO DATA,NO DATA,NO DATA,NO DATA,NO DATA,State System (State Highways and Class I TH links),US-7,6.52,U007-1125,LRS,Property Damage Only,"(43.48661641, -72.97161944)"
4578,VTVSP0300,12C101257,03/10/2012,US-7,Wallingford,NO DATA,NO DATA,7,NO DATA,Clarendon Rd,NO DATA,NO DATA,45,1 - Rear End,NO DATA,461728,109463,NO DATA,NO DATA,NO DATA,State System (State Highways and Class I TH links),US-7,6.32,U007-1125,LRS,Property Damage Only,"(43.48416365, -72.97318352)"
4585,VT0120500,12BT00334,02/09/2012,US-302 E Barre Rd,Barre Town,NO DATA,NO DATA,302,NO DATA,Old Route 302,100,Feet,50,6 - Single Vehicle Crash,West,NO DATA,NO DATA,NO DATA,NO DATA,NO DATA,State System (State Highways and Class I TH links),US-302,2.08,U302-1202,LRS,Property Damage Only,"(44.16563504, -72.45486024)"
4586,VTVSP0300,12C104613,08/30/2012,US-7,Wallingford,NO DATA,NO DATA,7,NO DATA,VT Rte 140,NO DATA,NO DATA,30,"8 - No Turns, Thru moves only, Broadside ^<",NO DATA,461387,108055,NO DATA,NO DATA,NO DATA,State System (State Highways and Class I TH links),US-7,5.44,U007-1125,LRS,Property Damage Only,"(43.47181577, -72.97721504)"
4587,VTVSP0300,12C106359,11/20/2012,US-7,Wallingford,NO DATA,NO DATA,7,NO DATA,Depot St,10,Feet,30,6 - Single Vehicle Crash,North,461390,108058,NO DATA,NO DATA,NO DATA,State System (State Highways and Class I TH links),US-7,5.43,U007-1125,LRS,Injury,"(43.47167196, -72.97723656)"
4588,VTVSP0300,12C103804,07/22/2012,US-7,Wallingford,NO DATA,NO DATA,7,NO DATA,VT┬á┬á Rte 140,100,Feet,30,7 - Other - Explain in Narrative,South,461366,107924,NO DATA,NO DATA,NO DATA,State System (State Highways and Class I TH links),US-7,5.41,U007-1125,LRS,Property Damage Only,"(43.47138316, -72.97727501)"
4589,VTVSP0300,12C103219,06/23/2012,US-7,Wallingford,NO DATA,NO DATA,7,NO DATA,Dugway┬á Rd,1,Miles,50,6 - Single Vehicle Crash,North,460438,102963,NO DATA,NO DATA,NO DATA,State System (State Highways and Class I TH links),US-7,2.01,U007-1125,LRS,Property Damage Only,"(43.42497432, -72.98881097)"
4590,VTVSP0300,12C104393,08/19/2012,Us Rt 7,Wallingford,NO DATA,NO DATA,7,NO DATA,Dugway Road,421,Feet,40,6 - Single Vehicle Crash,South,460092,101994,70,1125,129,State System (State Highways and Class I TH links),US-7,1.43,U007-1125,LRS,Injury,"(43.41730964, -72.99277713)"
4591,VTVSP0300,12C100501,01/27/2012,US Rt 7,Rutland Town,NO DATA,NO DATA,7,NO DATA,Pinnacle Ridge Rd,100,Feet,50,6 - Single Vehicle Crash,South,460460,129059,NO DATA,NO DATA,NO DATA,State System (State Highways and Class I TH links),US-7,3.49,U007-1120,LRS,Property Damage Only,"(43.66069707, -72.99022732)"
4598,VTVSP0300,12C101520,03/22/2012,US-7,Rutland Town,NO DATA,NO DATA,4,NO DATA,Post Rd (TH 30),200,Feet,45,6 - Single Vehicle Crash,West,464153,125652,70,1120,40,State System (State Highways and Class I TH links),US-7,1.42,U007-1120,LRS,Property Damage Only,"(43.63408040, -72.97621386)"
4599,VTVSP0300,12C102245,05/03/2012,US-7,Rutland Town,NO DATA,NO DATA,7,NO DATA,Cold River Rd,100,Feet,35,1 - Rear End,South,462172,121131,NO DATA,NO DATA,NO DATA,State System (State Highways and Class I TH links),US-7,1.12,U007-1120,LRS,Property Damage Only,"(43.58945728, -72.96873030)"
4600,VTVSP0300,12C105367,10/05/2012,US-7,Rutland Town,NO DATA,NO DATA,7,NO DATA,Post Rd,0,Miles,50,4 - Opp Direction Sideswipe,South,460917,127264,NO DATA,NO DATA,NO DATA,State System (State Highways and Class I TH links),US-7,1.08,U007-1120,LRS,Injury,"(43.58888311, -72.96864422)"
4601,VTVSP0300,12C100242,01/13/2012,US Rt 7,Rutland Town,NO DATA,NO DATA,7,NO DATA,Cold River Rd,0,Miles,40,"10 - Left Turn and Thru, Angle Broadside -->v--",South,462144,121107,NO DATA,NO DATA,NO DATA,State System (State Highways and Class I TH links),US-7,1.04,U007-1120,LRS,Injury,"(43.58830971, -72.96854884)"
4602,VTVSP0300,12C101778,04/05/2012,US-7,Rutland Town,NO DATA,NO DATA,7,NO DATA,Randbury Rd,20,Feet,40,"8 - No Turns, Thru moves only, Broadside ^<",South,462157,121225,NO DATA,NO DATA,NO DATA,State System (State Highways and Class I TH links),US-7,1.03,U007-1120,LRS,Property Damage Only,"(43.58816636, -72.96852500)"
4603,VTVSP0700,12A203573,08/08/2012,US 7,Georgia,NO DATA,NO DATA,7,NO DATA,Exit 18 Off Ramp,NO DATA,NO DATA,35,1 - Rear End,NO DATA,452024,244768,NO DATA,NO DATA,NO DATA,State System (State Highways and Class I TH links),US-7,1.58,U007-0608,LRS,Property Damage Only,"(44.70149049, -73.10545081)"
4604,VTVSP0300,12C102843,06/03/2012,US-7,Rutland Town,NO DATA,NO DATA,7,NO DATA,Seward Rd,100,Feet,40,1 - Rear End,North,462216,120639,NO DATA,NO DATA,NO DATA,State System (State Highways and Class I TH links),US-7,0.86,U007-1120,LRS,Injury,"(43.58573010, -72.96811459)"
4622,VT0110200,12RL05571,06/16/2012,US-7 (North Main Street),Rutland City,NO DATA,NO DATA,7,NO DATA,North Street Extension,NO DATA,NO DATA,35,3 - Same Direction Sideswipe,South,462073,121607,NO DATA,NO DATA,NO DATA,State System (State Highways and Class I TH links),US-7,1.96,U007-1119,LRS,Property Damage Only,"(43.61840065, -72.97411709)"
4623,VT0110200,12RL11857,11/20/2012,US-7 North Main Street,Rutland City,NO DATA,NO DATA,NO DATA,NO DATA,North Street Extension,NO DATA,NO DATA,35,"10 - Left Turn and Thru, Angle Broadside -->v--",NO DATA,461734,124354,NO DATA,NO DATA,NO DATA,State System (State Highways and Class I TH links),US-7,1.96,U007-1119,LRS,Property Damage Only,"(43.61840065, -72.97411709)"
4624,VT0110200,12RL01686,03/01/2012,US-7 North Main Street,Rutland City,NO DATA,NO DATA,NO DATA,NO DATA,Video World,NO DATA,NO DATA,35,"10 - Left Turn and Thru, Angle Broadside -->v--",NO DATA,461919,123429,NO DATA,NO DATA,NO DATA,State System (State Highways and Class I TH links),US-7,1.95,U007-1119,LRS,Property Damage Only,"(43.61825740, -72.97408971)"
4625,VT0110200,12RL09064,09/05/2012,US-7 North Main Street,Rutland City,NO DATA,NO DATA,NO DATA,NO DATA,Melrose,NO DATA,NO DATA,35,"11 - Left Turn and Thru, Head On ^v--",NO DATA,461654,124879,NO DATA,NO DATA,NO DATA,State System (State Highways and Class I TH links),US-7,1.89,U007-1119,LRS,Property Damage Only,"(43.61739741, -72.97393039)"
4626,VT0040200,12ES06240,10/16/2012,VT-2A (204 COLCHESTER RD),Essex,NO DATA,2A,NO DATA,NO DATA,SIMONS,NO DATA,NO DATA,40,"8 - No Turns, Thru moves only, Broadside ^<",NO DATA,450478,224488,NO DATA,NO DATA,NO DATA,State System (State Highways and Class I TH links),VT-2A,2.59,V002A0406,LRS,Property Damage Only,"(44.51663884, -73.12318635)"
4627,VT0110200,12RL01739,03/03/2012,US-7 (North Main Street),Rutland City,NO DATA,NO DATA,7,NO DATA,Melrose Street,NO DATA,NO DATA,35,1 - Rear End,North,NO DATA,NO DATA,NO DATA,NO DATA,NO DATA,State System (State Highways and Class I TH links),US-7,1.88,U007-1119,LRS,Injury,"(43.61725402, -72.97390449)"
4628,VT0110200,12RL01708,03/02/2012,US-7 (North Main Street),Rutland City,NO DATA,NO DATA,7,NO DATA,Crescent Street,NO DATA,NO DATA,35,6 - Single Vehicle Crash,NO DATA,461753,124105,NO DATA,NO DATA,NO DATA,State System (State Highways and Class I TH links),US-7,1.82,U007-1119,LRS,Property Damage Only,"(43.61639395, -72.97374595)"
4634,VT0110200,12RL01170,02/11/2012,US-7 North Main Street,Rutland City,NO DATA,NO DATA,NO DATA,NO DATA,Crescent Street,1,Feet,35,"10 - Left Turn and Thru, Angle Broadside -->v--",NO DATA,461753,124105,NO DATA,NO DATA,NO DATA,State System (State Highways and Class I TH links),US-7,1.82,U007-1119,LRS,Property Damage Only,"(43.61639395, -72.97374595)"
4635,VT0110200,12RL06104,06/28/2012,US-7 North Main Street,Rutland City,NO DATA,NO DATA,NO DATA,NO DATA,Crescent Street,50,Feet,35,1 - Rear End,South,461770,124089,NO DATA,NO DATA,NO DATA,State System (State Highways and Class I TH links),US-7,1.81,U007-1119,LRS,Property Damage Only,"(43.61625040, -72.97371996)"
4636,VT0040500,12CC01214,02/28/2012,VT 2A (Main Street),Colchester,NO DATA,2A,NO DATA,NO DATA,Roosevelt Highway,NO DATA,NO DATA,35,1 - Rear End,NO DATA,004-47-257,002-28-042,NO DATA,NO DATA,NO DATA,State System (State Highways and Class I TH links),VT-2A,2.43,V002A0405,LRS,Property Damage Only,"(44.55099566, -73.16385527)"
4637,VTVSP0700,12A202194,05/25/2012,US7,Georgia,NO DATA,NO DATA,7,NO DATA,I89 North On Ramp,1000,Feet,40,"13 - Left Turns, Same Direction, Rear End v--v--",North,451797,244345,NO DATA,NO DATA,NO DATA,State System (State Highways and Class I TH links),US-7,1.47,U007-0608,LRS,Property Damage Only,"(44.69999882, -73.10606575)"
4638,VT0110200,12RL02106,03/14/2012,US-7 (North Main Street),Rutland City,NO DATA,NO DATA,7,NO DATA,Crescent Street,NO DATA,NO DATA,35,"10 - Left Turn and Thru, Angle Broadside -->v--",NO DATA,461753,124105,NO DATA,NO DATA,NO DATA,State System (State Highways and Class I TH links),US-7,1.81,U007-1119,LRS,Property Damage Only,"(43.61625040, -72.97371996)"
4639,VT0110200,12RL01862,03/07/2012,US-7 (North Main Street),Rutland City,NO DATA,NO DATA,7,NO DATA,Crescent Street,NO DATA,NO DATA,35,1 - Rear End,NO DATA,461753,124105,NO DATA,NO DATA,NO DATA,State System (State Highways and Class I TH links),US-7,1.81,U007-1119,LRS,Property Damage Only,"(43.61625040, -72.97371996)"