ID,Reporting Agency,Report Number,Date,Street Address,Town,Number,Number1,Number2,Number3,Intersection,Distance From Intersection,Distance Unit,Posted Speed,Direction of Collision,Direction from Intersection,Easting,Northing,Mile Marker,Mile Marker 1,Mile Marker 2,AOT Roadway,AOT Route,AOT Actual Mile,LRS Number,How Mapped,Crash Type,Location 1
4772,VT0110200,12RL00909,02/02/2012,US-7 South Main Street,Rutland City,NO DATA,NO DATA,NO DATA,NO DATA,Clover Street,NO DATA,NO DATA,35,3 - Same Direction Sideswipe,NO DATA,461686,122135,NO DATA,NO DATA,NO DATA,State System (State Highways and Class I TH links),US-7,0.71,U007-1119,LRS,Property Damage Only,"(43.60042447, -72.97076469)"
4773,VT0110200,12RL03544,04/23/2012,US-7 (South Main Street),Rutland City,NO DATA,NO DATA,7,NO DATA,KIA Dealership,NO DATA,NO DATA,35,1 - Rear End,NO DATA,461686,122135,NO DATA,NO DATA,NO DATA,State System (State Highways and Class I TH links),US-7,0.7,U007-1119,LRS,Property Damage Only,"(43.60027911, -72.97073819)"
4774,VT0110200,12RL13134,12/30/2012,US-7 South Main Street,Rutland City,NO DATA,NO DATA,NO DATA,NO DATA,Midway Mobil,NO DATA,NO DATA,35,3 - Same Direction Sideswipe,NO DATA,461686,122135,NO DATA,NO DATA,NO DATA,State System (State Highways and Class I TH links),US-7,0.7,U007-1119,LRS,Property Damage Only,"(43.60027911, -72.97073819)"
4780,VT0040400,12WS01729,05/19/2012,US-7 Main Street,Winooski City,NO DATA,NO DATA,NO DATA,NO DATA,West Allen Street,20,Feet,25,1 - Rear End,West,004-45-385,002-21-470,NO DATA,NO DATA,NO DATA,State System (State Highways and Class I TH links),US-7,0.2,U007-0418S,LRS,Property Damage Only,"(44.49139061, -73.18652288)"
4781,VT0110200,12RL09469,09/15/2012,US 7 South Main Street,Rutland City,NO DATA,NO DATA,NO DATA,NO DATA,Strongs Avenue,NO DATA,NO DATA,35,3 - Same Direction Sideswipe,NO DATA,462035,122153,NO DATA,NO DATA,NO DATA,State System (State Highways and Class I TH links),US-7,0.59,U007-1119,LRS,Property Damage Only,"(43.59868207, -72.97042913)"
4782,VT0110200,12RL00231,01/09/2012,US-7 South Main Street,Rutland City,NO DATA,NO DATA,NO DATA,NO DATA,Strongs Avenue,30,Feet,35,"16 - Right Turn and Thru, Same Direction Sideswipe/Angle Crash ^^--",North,462035,122153,NO DATA,NO DATA,NO DATA,State System (State Highways and Class I TH links),US-7,0.59,U007-1119,LRS,Property Damage Only,"(43.59868207, -72.97042913)"
4783,VT0110200,12RL00402,01/15/2012,US-7 (South Main Street),Rutland City,NO DATA,NO DATA,7,NO DATA,Strongs Avenue,NO DATA,NO DATA,35,1 - Rear End,NO DATA,462035,122523,NO DATA,NO DATA,NO DATA,State System (State Highways and Class I TH links),US-7,0.59,U007-1119,LRS,Property Damage Only,"(43.59868207, -72.97042913)"
4784,VT0110200,12RL00814,01/30/2012,US-7 (South Main Street),Rutland City,NO DATA,NO DATA,7,NO DATA,Strongs Avenue,80,Feet,35,1 - Rear End,South,462035,122153,NO DATA,NO DATA,NO DATA,State System (State Highways and Class I TH links),US-7,0.57,U007-1119,LRS,Property Damage Only,"(43.59840346, -72.97037438)"
4785,VT0110200,12RL06699,07/12/2012,US-7 South Main Street,Rutland City,NO DATA,NO DATA,NO DATA,NO DATA,Strongs Avenue,NO DATA,NO DATA,35,3 - Same Direction Sideswipe,NO DATA,462035,122153,NO DATA,NO DATA,NO DATA,State System (State Highways and Class I TH links),US-7,0.57,U007-1119,LRS,Property Damage Only,"(43.59840346, -72.97037438)"
4786,VT0041000,12WT04375,12/07/2012,VT-2A St. George Road,Williston,NO DATA,NO DATA,NO DATA,NO DATA,I-89 North Off Ramp,NO DATA,NO DATA,35,1 - Rear End,NO DATA,451072,215751,NO DATA,NO DATA,NO DATA,State System (State Highways and Class I TH links),VT-2A,3.02,V002A0417,LRS,Property Damage Only,"(44.43998028, -73.11472638)"
4792,VT0040200,12ES04183,07/20/2012,VT-2A (54 LINCOLN ST),Essex,NO DATA,NO DATA,NO DATA,NO DATA,NO DATA,NO DATA,NO DATA,25,1 - Rear End,NO DATA,451333,221834,NO DATA,NO DATA,NO DATA,State System (State Highways and Class I TH links),VT-2A,0.99,V002A0406,LRS,Property Damage Only,"(44.49516632, -73.11164945)"
4793,VT0110200,12RL103404,04/19/2012,US-7 South Main Street,Rutland City,NO DATA,NO DATA,NO DATA,NO DATA,Park Street,NO DATA,NO DATA,35,1 - Rear End,South,462003,122182,NO DATA,NO DATA,NO DATA,State System (State Highways and Class I TH links),US-7,0.47,U007-1119,LRS,Injury,"(43.59701197, -72.97011606)"
4794,VT0110200,12RL12679,12/16/2012,US-7 South Main Street,Rutland City,NO DATA,NO DATA,NO DATA,NO DATA,Park Street,5,Feet,35,"8 - No Turns, Thru moves only, Broadside ^<",West,462003,122182,NO DATA,NO DATA,NO DATA,State System (State Highways and Class I TH links),US-7,0.47,U007-1119,LRS,Property Damage Only,"(43.59701197, -72.97011606)"
4795,VT0041000,12WT04399,12/09/2012,VT-2A (1169 Essex Road),Williston,NO DATA,2A,NO DATA,NO DATA,Route 2a @ Industrial Avenue,50,Feet,35,1 - Rear End,North,451222,218500,NO DATA,NO DATA,NO DATA,State System (State Highways and Class I TH links),VT-2A,4.82,V002A0417,LRS,Property Damage Only,"(44.46541363, -73.11291019)"
4796,VT0040200,12ES02499,05/07/2012,VT-2A (34 PARK ST),Essex,NO DATA,NO DATA,NO DATA,NO DATA,NO DATA,NO DATA,NO DATA,25,1 - Rear End,NO DATA,451295,221136,NO DATA,NO DATA,NO DATA,State System (State Highways and Class I TH links),VT-2A,0.54,V002A0406,LRS,Property Damage Only,"(44.48882855, -73.11224510)"
4797,VT0040800,12RM01160,12/19/2012,VT-2A St George Road,Williston,NO DATA,NO DATA,NO DATA,NO DATA,Marshall Ave,300,Feet,35,1 - Rear End,North,451245,216185,NO DATA,NO DATA,NO DATA,State System (State Highways and Class I TH links),VT-2A,3.39,V002A0417,LRS,Injury,"(44.44496349, -73.11200664)"
4798,VT0040400,12WS01530,05/04/2012,US-7 (40 Main Street),Winooski City,NO DATA,NO DATA,NO DATA,NO DATA,West Allen Street & Main Street,NO DATA,NO DATA,25,"16 - Right Turn and Thru, Same Direction Sideswipe/Angle Crash ^^--",West,004-45-385,002-21-470,NO DATA,NO DATA,NO DATA,State System (State Highways and Class I TH links),US-7,0.17,U007-0418S,LRS,Property Damage Only,"(44.49099023, -73.18640636)"
4804,VT0040500,12CC03890,06/13/2012,VT-2A (374 Main St),Colchester,NO DATA,2A,NO DATA,NO DATA,Cup N Cone Parking Lot,NO DATA,NO DATA,35,7 - Other - Explain in Narrative,NO DATA,446582,225640,NO DATA,NO DATA,NO DATA,State System (State Highways and Class I TH links),VT-2A,2.01,V002A0405,LRS,Property Damage Only,"(44.54779793, -73.15845442)"
4805,VT0110200,12RL01713,03/02/2012,US-7 (South Main Street),Rutland City,NO DATA,NO DATA,7,NO DATA,Allen Street,NO DATA,NO DATA,35,1 - Rear End,NO DATA,462044,121850,NO DATA,NO DATA,NO DATA,State System (State Highways and Class I TH links),US-7,0.39,U007-1119,LRS,Property Damage Only,"(43.59583405, -72.96990096)"
4806,VT0110200,12RL12707,12/17/2012,US-7 South Main Street,Rutland City,NO DATA,NO DATA,NO DATA,NO DATA,182 South Main Street,NO DATA,NO DATA,35,1 - Rear End,NO DATA,462044,121850,NO DATA,NO DATA,NO DATA,State System (State Highways and Class I TH links),US-7,0.39,U007-1119,LRS,Property Damage Only,"(43.59583405, -72.96990096)"
4807,VT0110200,12RL11892,11/21/2012,US-7 South Main Street,Rutland City,NO DATA,NO DATA,NO DATA,NO DATA,Allen Street,NO DATA,NO DATA,35,"11 - Left Turn and Thru, Head On ^v--",NO DATA,462068,121855,NO DATA,NO DATA,NO DATA,State System (State Highways and Class I TH links),US-7,0.39,U007-1119,LRS,Property Damage Only,"(43.59583405, -72.96990096)"
4808,VT0110200,12RL06755,07/14/2012,US-7 South Main Street,Rutland City,NO DATA,NO DATA,NO DATA,NO DATA,Allen Street,5,Feet,35,"8 - No Turns, Thru moves only, Broadside ^<",NO DATA,462044,121850,NO DATA,NO DATA,NO DATA,State System (State Highways and Class I TH links),US-7,0.39,U007-1119,LRS,Injury,"(43.59583405, -72.96990096)"
4809,VT0110200,12RL09389,09/13/2012,US-7 South Main Street,Rutland City,NO DATA,NO DATA,NO DATA,NO DATA,Sirloin Saloon,NO DATA,NO DATA,35,1 - Rear End,NO DATA,462044,121850,NO DATA,NO DATA,NO DATA,State System (State Highways and Class I TH links),US-7,0.33,U007-1119,LRS,Property Damage Only,"(43.59498509, -72.96974962)"
4810,VT0110200,12RL05279,06/10/2012,US-7 South Main Street,Rutland City,NO DATA,NO DATA,NO DATA,NO DATA,Cumberland Farms,NO DATA,NO DATA,35,1 - Rear End,South,462058,121796,NO DATA,NO DATA,NO DATA,State System (State Highways and Class I TH links),US-7,0.24,U007-1119,LRS,Property Damage Only,"(43.59371249, -72.96951401)"
4816,VT0041000,12WT04433,12/11/2012,VT-2A (1200 Essex Road),Williston,NO DATA,2A,NO DATA,NO DATA,Essex Road @ Hickory Hill Road,75,Feet,35,1 - Rear End,South,451241,218432,NO DATA,NO DATA,NO DATA,State System (State Highways and Class I TH links),VT-2A,4.75,V002A0417,LRS,Property Damage Only,"(44.46440583, -73.11280841)"
4817,VT0110200,12RL01231,02/14/2012,US-7┬á (South Main Street),Rutland City,NO DATA,NO DATA,7,NO DATA,Dana Avenue,30,Feet,35,"8 - No Turns, Thru moves only, Broadside ^<",North,462083,121567,NO DATA,NO DATA,NO DATA,State System (State Highways and Class I TH links),US-7,0.2,U007-1119,LRS,Property Damage Only,"(43.59314619, -72.96941657)"
4818,VT0110200,12RL04635,05/23/2012,US-7 South Main Street,Rutland City,NO DATA,NO DATA,NO DATA,NO DATA,Marble Avenue,NO DATA,NO DATA,35,3 - Same Direction Sideswipe,NO DATA,462092,121437,NO DATA,NO DATA,NO DATA,State System (State Highways and Class I TH links),US-7,0.14,U007-1119,LRS,Property Damage Only,"(43.59229782, -72.96925897)"
4819,VT0110200,12RL00034,01/01/2012,US-7 South Main Street,Rutland City,NO DATA,NO DATA,NO DATA,NO DATA,Economy Inn,NO DATA,NO DATA,35,"8 - No Turns, Thru moves only, Broadside ^<",NO DATA,NO DATA,NO DATA,NO DATA,NO DATA,NO DATA,State System (State Highways and Class I TH links),US-7,0.14,U007-1119,LRS,Fatal,"(43.59229782, -72.96925897)"
4820,VT0110200,12RL11636,11/12/2012,US-7 South Main Street,Rutland City,NO DATA,NO DATA,NO DATA,NO DATA,Curtis Avenue,200,Feet,35,1 - Rear End,North,462126,121247,NO DATA,NO DATA,NO DATA,State System (State Highways and Class I TH links),US-7,0.14,U007-1119,LRS,Property Damage Only,"(43.59229782, -72.96925897)"
4821,VT0110200,12RL11572,11/11/2012,South Main Street,Rutland City,NO DATA,NO DATA,NO DATA,NO DATA,Marble Avenue,NO DATA,NO DATA,35,1 - Rear End,North,462092,121437,NO DATA,NO DATA,NO DATA,State System (State Highways and Class I TH links),US-7,0.14,U007-1119,LRS,Injury,"(43.59229782, -72.96925897)"
4822,VT0040200,12ES02371,05/02/2012,VT-2A (56 Park St),Essex,NO DATA,NO DATA,NO DATA,NO DATA,NO DATA,NO DATA,NO DATA,25,1 - Rear End,NO DATA,451185,220881,NO DATA,NO DATA,NO DATA,State System (State Highways and Class I TH links),VT-2A,0.37,V002A0406,LRS,Injury,"(44.48653515, -73.11353942)"
4828,VT0110200,12RL01404,02/21/2012,US-7 South Main Street,Rutland City,NO DATA,NO DATA,NO DATA,NO DATA,Panera Bread,30,Feet,35,1 - Rear End,North,462111,121355,NO DATA,NO DATA,NO DATA,State System (State Highways and Class I TH links),US-7,0.1,U007-1119,LRS,Injury,"(43.59173325, -72.96914427)"
4829,VT0110200,12RL01143,02/10/2012,US-7 South Main Street,Rutland City,NO DATA,NO DATA,NO DATA,NO DATA,Ramada Hotel,200,Feet,35,"8 - No Turns, Thru moves only, Broadside ^<",North,462146,121260,NO DATA,NO DATA,NO DATA,State System (State Highways and Class I TH links),US-7,0.09,U007-1119,LRS,Injury,"(43.59159185, -72.96911803)"
4830,VT0040200,12ES03514,06/20/2012,VT-2a,Essex,NO DATA,NO DATA,NO DATA,NO DATA,Village Offices,NO DATA,NO DATA,25,1 - Rear End,South,451401,221439,NO DATA,NO DATA,NO DATA,State System (State Highways and Class I TH links),VT-2A,0.7,V002A0406,LRS,Property Damage Only,"(44.49097850, -73.11099874)"
4831,VT0110200,12RL08293,08/17/2012,US-7 South Main Street,Rutland City,NO DATA,NO DATA,NO DATA,NO DATA,258 South Main Street,NO DATA,NO DATA,35,"14 - Left Turn and Thru, Broadside v<--",NO DATA,462146,121260,NO DATA,NO DATA,NO DATA,State System (State Highways and Class I TH links),US-7,0.04,U007-1119,LRS,Property Damage Only,"(43.59088486, -72.96898680)"
4832,VTVSP0300,12C103403,07/03/2012,US-7,Pittsford,NO DATA,NO DATA,7,NO DATA,Chapel Hill Rd (pvt),0,Miles,50,6 - Single Vehicle Crash,North,455930,138599,70,1116,700,State System (State Highways and Class I TH links),US-7,6.95,U007-1116,LRS,Property Damage Only,"(43.74637321, -73.04715688)"
4833,VT0040200,12ES06031,10/05/2012,VT-2A PARK ST,Essex,NO DATA,NO DATA,NO DATA,NO DATA,IROQUOIS AVE,NO DATA,NO DATA,25,1 - Rear End,South,451238,220989,NO DATA,NO DATA,NO DATA,State System (State Highways and Class I TH links),VT-2A,0.44,V002A0406,LRS,Property Damage Only,"(44.48747718, -73.11299811)"
4834,VT0041000,12WT03241,09/15/2012,VT-2A St. George Road,Williston,NO DATA,2A,NO DATA,NO DATA,Maple Tree Place Road,NO DATA,NO DATA,35,2 - Head On,NO DATA,451249,216162,NO DATA,NO DATA,NO DATA,State System (State Highways and Class I TH links),VT-2A,3.33,V002A0417,LRS,Injury,"(44.44415220, -73.11243652)"
4841,VT0040500,12CC04254,06/27/2012,VT-2A (404 Main St),Colchester,NO DATA,2A,NO DATA,NO DATA,NO DATA,NO DATA,NO DATA,35,1 - Rear End,NO DATA,447705,227699,NO DATA,NO DATA,NO DATA,State System (State Highways and Class I TH links),VT-2A,1.98,V002A0405,LRS,Property Damage Only,"(44.54757924, -73.15787906)"
4842,OTHER,12PC00387,09/16/2012,US-7,Pittsford,NO DATA,NO DATA,NO DATA,NO DATA,Depot Hill Rd.,10,Feet,35,"10 - Left Turn and Thru, Angle Broadside -->v--",South,NO DATA,NO DATA,NO DATA,NO DATA,NO DATA,State System (State Highways and Class I TH links),US-7,4.1,U007-1116,LRS,Property Damage Only,"(43.70892044, -73.03058987)"
4843,OTHER,12PC00295,07/22/2012,US-7┬á (3714 US Rt. 7),Pittsford,NO DATA,NO DATA,7,NO DATA,Champlain Farms,5,Feet,35,2 - Head On,North,NO DATA,NO DATA,NO DATA,NO DATA,NO DATA,State System (State Highways and Class I TH links),US-7,3.72,U007-1116,LRS,Property Damage Only,"(43.70655380, -73.02461743)"
4844,VTVSP0300,12C101306,03/12/2012,US-7,Pittsford,NO DATA,NO DATA,7,NO DATA,Pleasant St,NO DATA,NO DATA,25,1 - Rear End,NO DATA,458095,134197,NO DATA,NO DATA,NO DATA,State System (State Highways and Class I TH links),US-7,3.49,U007-1116,LRS,Property Damage Only,"(43.70680333, -73.02012981)"
4845,VTVSP0300,12C100642,02/04/2012,US-7,Pittsford,NO DATA,NO DATA,7,NO DATA,Oxbow Rd,200,Feet,35,1 - Rear End,South,458854,133508,NO DATA,NO DATA,NO DATA,State System (State Highways and Class I TH links),US-7,2.76,U007-1116,LRS,Property Damage Only,"(43.70059196, -73.01007194)"
4846,VTVSP0300,12C102572,05/21/2012,US-7,Pittsford,NO DATA,NO DATA,7,NO DATA,Harvie Lane,300,Feet,50,1 - Rear End,South,459493,132911,70,1116,220,State System (State Highways and Class I TH links),US-7,2.18,U007-1116,LRS,Injury,"(43.69459177, -73.00235114)"
4847,VT0120600,12BL01338,06/02/2012,US-302 Barre-Montpelier Road,Berlin,NO DATA,NO DATA,302,NO DATA,Dunkin Donuts,312,Feet,40,"8 - No Turns, Thru moves only, Broadside ^<",East,496612,191015,NO DATA,NO DATA,NO DATA,State System (State Highways and Class I TH links),US-302,1.38,U302-1203,LRS,Property Damage Only,"(44.21900294, -72.54148253)"
4854,VTVSP0300,12C105320,10/03/2012,US-7,Pittsford,NO DATA,NO DATA,7,NO DATA,TH 45,100,Feet,50,6 - Single Vehicle Crash,North,460085,132112,NO DATA,NO DATA,NO DATA,State System (State Highways and Class I TH links),US-7,1.57,U007-1116,LRS,Property Damage Only,"(43.68805591, -72.99418281)"
4855,OTHER,12-PC-00122,06/14/2012,US-7/Leonard Dr./3 Rt.7,Pittsford,NO DATA,NO DATA,NO DATA,NO DATA,Rt. 7 & Leonard Dr.,3,Miles,50,"11 - Left Turn and Thru, Head On ^v--",South,NO DATA,NO DATA,NO DATA,NO DATA,NO DATA,State System (State Highways and Class I TH links),US-7,0.88,U007-1116,LRS,Property Damage Only,"(43.67872598, -72.99152780)"
4856,VTVSP0300,12C105924,10/30/2012,US-7,Mt. Tabor,NO DATA,NO DATA,7,NO DATA,TH 1,NO DATA,NO DATA,40,"8 - No Turns, Thru moves only, Broadside ^<",NO DATA,460049,94238,70,1106,293,State System (State Highways and Class I TH links),US-7,2.93,U007-1113,LRS,Property Damage Only,"(43.34730107, -72.99277113)"
4857,VTVSP0300,12C100029,01/02/2012,US-7,Danby,NO DATA,NO DATA,7,NO DATA,Pike Industries,5,Feet,50,6 - Single Vehicle Crash,North,459570,99495,NO DATA,NO DATA,NO DATA,State System (State Highways and Class I TH links),US-7,2.25,U007-1106,LRS,Injury,"(43.39452356, -72.99888377)"
4858,VTVSP0300,12C103164,06/21/2012,US Rt 7,Danby,NO DATA,NO DATA,7,NO DATA,Cascade Rd (TH 19),1,Miles,50,6 - Single Vehicle Crash,South,459461,97363,70,1106,60,State System (State Highways and Class I TH links),US-7,0.57,U007-1106,LRS,Property Damage Only,"(43.37047982, -73.00174244)"
4859,VT0040400,12WS02284,06/21/2012,1 Main Street,Winooski City,NO DATA,NO DATA,NO DATA,NO DATA,West Center Street/Main Street,NO DATA,NO DATA,25,1 - Rear End,South,004-45-385,002-21-470,NO DATA,NO DATA,NO DATA,State System (State Highways and Class I TH links),US-7,0.15,U007-0418S,LRS,Property Damage Only,"(44.49070490, -73.18640493)"
4860,VTVSP0300,12C101631,03/27/2012,US-7,Clarendon,NO DATA,NO DATA,7,NO DATA,TH 4,10,Feet,50,"8 - No Turns, Thru moves only, Broadside ^<",East,462577,118645,NO DATA,NO DATA,NO DATA,State System (State Highways and Class I TH links),US-7,5.19,U007-1105,LRS,Property Damage Only,"(43.56691689, -72.96351213)"
4867,VT0110100,12BD02061,08/21/2012,US-7 (1786 Grove Street),Brandon,NO DATA,NO DATA,NO DATA,NO DATA,Cattails Restaurant,500,Feet,50,6 - Single Vehicle Crash,South,NO DATA,NO DATA,NO DATA,NO DATA,NO DATA,State System (State Highways and Class I TH links),US-7,6,U007-1102,LRS,Injury,"(43.82367606, -73.10416101)"
4868,VT0110100,12BD01611,07/07/2012,US-7 GROVE STREET,Brandon,NO DATA,7,NO DATA,NO DATA,ARNOLD DISTRICT ROAD,500,Feet,50,1 - Rear End,South,451462,146138,NO DATA,NO DATA,NO DATA,State System (State Highways and Class I TH links),US-7,5.29,U007-1102,LRS,Injury,"(43.81357480, -73.10316912)"
4869,VT0041000,12WT02376,07/18/2012,VT-2A (2777 St. George Road),Williston,NO DATA,NO DATA,NO DATA,NO DATA,NO DATA,NO DATA,NO DATA,40,1 - Rear End,NO DATA,451127,215886,NO DATA,NO DATA,NO DATA,State System (State Highways and Class I TH links),VT-2A,3.19,V002A0417,LRS,Property Damage Only,"(44.44226040, -73.11344398)"
4870,VT0040500,12CC01874,03/27/2012,VT 2A (Main Street),Colchester,NO DATA,2A,NO DATA,NO DATA,Roosevelt Highway,NO DATA,NO DATA,35,1 - Rear End,NO DATA,004-47-253,002-28-062,NO DATA,NO DATA,NO DATA,State System (State Highways and Class I TH links),VT-2A,2.43,V002A0405,LRS,Property Damage Only,"(44.55099566, -73.16385527)"
4871,VT0040400,12WS005174,10/24/2012,US-7 Main St,Winooski City,NO DATA,NO DATA,NO DATA,NO DATA,W Canal St,NO DATA,NO DATA,25,"10 - Left Turn and Thru, Angle Broadside -->v--",NO DATA,004-45-391,002-21-340,NO DATA,NO DATA,NO DATA,State System (State Highways and Class I TH links),US-7,0.12,U007-0418S,LRS,Property Damage Only,"(44.49028697, -73.18645421)"
4872,VT0110100,12BD01890,08/04/2012,US-7 (385 Grove St.),Brandon,NO DATA,NO DATA,NO DATA,NO DATA,The Brandon Medical Center,100,Feet,40,1 - Rear End,South,451911,145057,NO DATA,NO DATA,NO DATA,State System (State Highways and Class I TH links),US-7,4.58,U007-1102,LRS,Injury,"(43.80451246, -73.09771303)"
4873,VT0110100,12BD00795,04/10/2012,US-7 (41 CONANT SQUARE),Brandon,NO DATA,7,NO DATA,NO DATA,PEARL STREET,10,Feet,25,"8 - No Turns, Thru moves only, Broadside ^<",North,452283,144596,NO DATA,NO DATA,NO DATA,State System (State Highways and Class I TH links),US-7,4.2,U007-1102,LRS,Property Damage Only,"(43.80008029, -73.09279162)"
4880,VT0110100,12BD01476,06/23/2012,US-7 Park Street,Brandon,NO DATA,NO DATA,7,NO DATA,Carver Street,NO DATA,NO DATA,25,"10 - Left Turn and Thru, Angle Broadside -->v--",NO DATA,452709,144381,NO DATA,NO DATA,NO DATA,State System (State Highways and Class I TH links),US-7,3.87,U007-1102,LRS,Property Damage Only,"(43.79820995, -73.08816558)"
4881,VT0110100,12BD02218,09/06/2012,US-7 (6 Park St.,Brandon,1,NO DATA,NO DATA,NO DATA,Franklin St.,151,Feet,25,NO DATA,West,452744,144394,NO DATA,NO DATA,NO DATA,State System (State Highways and Class I TH links),US-7,3.85,U007-1102,LRS,Injury,"(43.79823209, -73.08774918)"
4882,VT0110100,12BD01452,06/21/2012,US-7 Park St,Brandon,NO DATA,NO DATA,NO DATA,NO DATA,Carver St,100,Feet,25,2 - Head On,South,NO DATA,NO DATA,NO DATA,NO DATA,NO DATA,State System (State Highways and Class I TH links),US-7,3.85,U007-1102,LRS,Property Damage Only,"(43.79823209, -73.08774918)"
4883,VT0110100,12BD00099,01/14/2012,US-7 Center Street,Brandon,NO DATA,NO DATA,7,NO DATA,Park Street,NO DATA,NO DATA,25,1 - Rear End,NO DATA,NO DATA,NO DATA,NO DATA,NO DATA,NO DATA,State System (State Highways and Class I TH links),US-7,3.81,U007-1102,LRS,Property Damage Only,"(43.79828787, -73.08691133)"
4884,VT0040200,12ES05125,08/29/2012,VT RT 2A,Essex,NO DATA,2A,NO DATA,NO DATA,VT 289 EXIT 7 OFF RAMP,NO DATA,NO DATA,40,"8 - No Turns, Thru moves only, Broadside ^<",NO DATA,450447,224397,NO DATA,NO DATA,NO DATA,State System (State Highways and Class I TH links),VT-2A,2.71,V002A0406,LRS,Property Damage Only,"(44.51835813, -73.12327680)"
4885,VT0110100,12BD00219,01/28/2012,US-7 (Center Street),Brandon,NO DATA,NO DATA,7,NO DATA,Park Street,75,Feet,25,7 - Other - Explain in Narrative,NO DATA,NO DATA,NO DATA,NO DATA,NO DATA,NO DATA,State System (State Highways and Class I TH links),US-7,3.79,U007-1102,LRS,Property Damage Only,"(43.79818586, -73.08663466)"
4886,VT0110100,12BD01421,06/17/2012,US-7 (16 Franklin Street),Brandon,1,7,NO DATA,NO DATA,Park Street,100,Feet,25,6 - Single Vehicle Crash,South,452985,144278,NO DATA,NO DATA,NO DATA,State System (State Highways and Class I TH links),US-7,3.67,U007-1102,LRS,Property Damage Only,"(43.79730971, -73.08449425)"
4893,VT0110100,12BD03066,12/10/2012,US-7 Franklin Street,Brandon,NO DATA,NO DATA,NO DATA,NO DATA,McConnell Road,100,Feet,50,1 - Rear End,South,455507,141562,NO DATA,NO DATA,NO DATA,State System (State Highways and Class I TH links),US-7,1.31,U007-1102,LRS,Property Damage Only,"(43.77403019, -73.05310083)"
4894,VT0040500,12CC07338,10/24/2012,VT-2A Main Street,Colchester,NO DATA,2A,NO DATA,NO DATA,Village Drive,10,Feet,35,1 - Rear End,West,448013,227525,NO DATA,NO DATA,NO DATA,State System (State Highways and Class I TH links),VT-2A,1.78,V002A0405,LRS,Injury,"(44.54610467, -73.15405569)"
4895,VT0040400,12WS01136,04/09/2012,US-7 Main Street,Winooski City,NO DATA,NO DATA,NO DATA,NO DATA,West Canal Street,NO DATA,NO DATA,25,3 - Same Direction Sideswipe,East,004-45-205,002-21-337,NO DATA,NO DATA,NO DATA,State System (State Highways and Class I TH links),US-7,0.12,U007-0418S,LRS,Property Damage Only,"(44.49028697, -73.18645421)"
4896,VT0110100,12BD02901,11/19/2012,US-7 Franklin Street,Brandon,NO DATA,NO DATA,7,NO DATA,Otter Valley High School,300,Feet,50,1 - Rear End,North,455869,138763,NO DATA,NO DATA,NO DATA,State System (State Highways and Class I TH links),US-7,0.86,U007-1102,LRS,Injury,"(43.76784939, -73.05058851)"
4897,VT0110100,12BD01541,06/30/2012,US-7 Franklin Street,Brandon,NO DATA,NO DATA,7,NO DATA,Otter Valley High School,NO DATA,NO DATA,50,7 - Other - Explain in Narrative,NO DATA,455707,140438,NO DATA,NO DATA,NO DATA,State System (State Highways and Class I TH links),US-7,0.81,U007-1102,LRS,Injury,"(43.76713418, -73.05048108)"
4898,VT0110100,12BD00904,04/23/2012,US-7 (2997 FRANKLIN STREET),Brandon,NO DATA,NO DATA,7,NO DATA,HAWK VIEW ROAD,300,Feet,50,"11 - Left Turn and Thru, Head On ^v--",South,455677,140866,NO DATA,NO DATA,NO DATA,State System (State Highways and Class I TH links),US-7,0.81,U007-1102,LRS,Injury,"(43.76713418, -73.05048108)"
4899,VT0110100,12BD00148,01/19/2012,US-7┬á (2997 Franklin Street),Brandon,NO DATA,7,NO DATA,NO DATA,Otter Valley Union High School,NO DATA,NO DATA,10,3 - Same Direction Sideswipe,NO DATA,NO DATA,NO DATA,NO DATA,NO DATA,NO DATA,State System (State Highways and Class I TH links),US-7,0.78,U007-1102,LRS,Property Damage Only,"(43.76670477, -73.05042035)"
4906,VT0040200,12ES06373,10/23/2012,VT-2A COLCHESTER RD,Essex,NO DATA,2A,NO DATA,NO DATA,PINECREST DR,NO DATA,NO DATA,40,3 - Same Direction Sideswipe,South,450940,223175,NO DATA,NO DATA,NO DATA,State System (State Highways and Class I TH links),VT-2A,1.87,V002A0406,LRS,Property Damage Only,"(44.50717965, -73.11703335)"
4907,VTVSP0700,12A204656,10/04/2012,US-7,Swanton,NO DATA,NO DATA,7,NO DATA,Woods Hill Rd,50,Feet,50,1 - Rear End,South,453195,266213,NO DATA,NO DATA,NO DATA,State System (State Highways and Class I TH links),US-7,3.4,U007-0615,LRS,Injury,"(44.89473608, -73.09275895)"