ID,Reporting Agency,Report Number,Date,Street Address,Town,Number,Number1,Number2,Number3,Intersection,Distance From Intersection,Distance Unit,Posted Speed,Direction of Collision,Direction from Intersection,Easting,Northing,Mile Marker,Mile Marker 1,Mile Marker 2,AOT Roadway,AOT Route,AOT Actual Mile,LRS Number,How Mapped,Crash Type,Location 1
5031,VT0060100,12SA06405,12/04/2012,US-7 (8 North Main St),St. Albans City,NO DATA,NO DATA,NO DATA,NO DATA,Lake St,50,Feet,25,5 - Rear-to-rear,North,004-53-860E,002-56-916N,NO DATA,NO DATA,NO DATA,State System (State Highways and Class I TH links),US-7,1.25,U007-0612,LRS,Property Damage Only,"(44.81087150, -73.08345636)"
5032,VT0060100,12SA03248,06/29/2012,US-7 (1 North Main Street),St. Albans City,NO DATA,NO DATA,NO DATA,NO DATA,Lake Street,10,Feet,25,1 - Rear End,North,004-53-808E,002-56-909N,NO DATA,NO DATA,NO DATA,State System (State Highways and Class I TH links),US-7,1.25,U007-0612,LRS,Property Damage Only,"(44.81087150, -73.08345636)"
5033,VT0041000,12WT03176,09/10/2012,VT-2A Essex Rd,Williston,NO DATA,2A,NO DATA,NO DATA,Morgan Parkway,10,Feet,40,1 - Rear End,North,451196,219572,NO DATA,NO DATA,NO DATA,State System (State Highways and Class I TH links),VT-2A,5.46,V002A0417,LRS,Property Damage Only,"(44.47466595, -73.11331850)"
5039,VT0040400,12WS01598,05/08/2012,US-7 (24 Main Street),Winooski City,NO DATA,NO DATA,7,NO DATA,West Canal Street,20,NO DATA,25,"8 - No Turns, Thru moves only, Broadside ^<",North,004-45-265,002-21-337,NO DATA,NO DATA,NO DATA,State System (State Highways and Class I TH links),US-7,0.12,U007-0418S,LRS,Property Damage Only,"(44.49028697, -73.18645421)"
5040,VT0060100,12SA04933,09/17/2012,US-7 (8 South Main Street),St. Albans City,NO DATA,7,NO DATA,NO DATA,Rail City Market,10,Feet,25,3 - Same Direction Sideswipe,South,004-53-830E,002-56-882N,NO DATA,NO DATA,NO DATA,State System (State Highways and Class I TH links),US-7,1.24,U007-0612,LRS,Injury,"(44.81072568, -73.08348533)"
5041,VT0060100,12SA03688,07/20/2012,US-7 (8 N Main St),St. Albans City,NO DATA,NO DATA,NO DATA,NO DATA,Kingman St,300,Feet,25,5 - Rear-to-rear,East,004-53-870E,002-57-037N,NO DATA,NO DATA,NO DATA,State System (State Highways and Class I TH links),US-7,1.24,U007-0612,LRS,Property Damage Only,"(44.81072568, -73.08348533)"
5042,VT0060100,12SA02715,06/01/2012,US-7 (36 North Main St),St. Albans City,NO DATA,NO DATA,7,NO DATA,Lake Street,25,Feet,25,"8 - No Turns, Thru moves only, Broadside ^<",North,004-53-834E,002-57-005N,NO DATA,NO DATA,NO DATA,State System (State Highways and Class I TH links),US-7,1.24,U007-0612,LRS,Property Damage Only,"(44.81072568, -73.08348533)"
5043,VT0060100,12SA02931,06/14/2012,US-7 (8 South Main St),St. Albans City,NO DATA,NO DATA,NO DATA,NO DATA,Fairfield St,NO DATA,Feet,25,1 - Rear End,East,004-53-860E,002-56-940N,NO DATA,NO DATA,NO DATA,State System (State Highways and Class I TH links),US-7,1.22,U007-0612,LRS,Property Damage Only,"(44.81043269, -73.08355001)"
5044,VT0060100,12SA03377,07/05/2012,US-7 S Main,St. Albans City,NO DATA,NO DATA,NO DATA,NO DATA,Fairfield,NO DATA,NO DATA,25,1 - Rear End,South,004-53-834E,002-56-801N,NO DATA,NO DATA,NO DATA,State System (State Highways and Class I TH links),US-7,1.22,U007-0612,LRS,Property Damage Only,"(44.81043269, -73.08355001)"
5045,VT0060100,12SA04115,08/08/2012,US-7 (30 South Main St),St. Albans City,NO DATA,7,NO DATA,NO DATA,Cosmic Bakery And Cafe,50,Feet,25,1 - Rear End,South,004-53-829E,002-56-830N,NO DATA,NO DATA,NO DATA,State System (State Highways and Class I TH links),US-7,1.21,U007-0612,LRS,Property Damage Only,"(44.81028814, -73.08357990)"
5051,VT0120100,12BA00055,01/03/2012,US-302 Washington St,Barre City,NO DATA,NO DATA,NO DATA,NO DATA,Hill St,1,Feet,25,"8 - No Turns, Thru moves only, Broadside ^<",North,001-88-164,005-00-406,NO DATA,NO DATA,NO DATA,State System (State Highways and Class I TH links),US-302,2.59,U302-1201,LRS,Property Damage Only,"(44.19335634, -72.49461680)"
5052,VT0060100,12SA01878,04/16/2012,US-7 (71 South Main Street),St. Albans City,NO DATA,NO DATA,7,NO DATA,Ferris Street,100,Feet,25,3 - Same Direction Sideswipe,South,004-53-826E,004-53-600N,NO DATA,NO DATA,NO DATA,State System (State Highways and Class I TH links),US-7,1.07,U007-0612,LRS,Property Damage Only,"(44.80828352, -73.08398284)"
5053,VT0120600,12BL00168,01/20/2012,US-302 (1193 VT Rte. 302),Berlin,NO DATA,302,NO DATA,NO DATA,VT┬á Rte. 302,1,Feet,40,"8 - No Turns, Thru moves only, Broadside ^<",North,004-95-886E,001-91-683N,NO DATA,NO DATA,NO DATA,State System (State Highways and Class I TH links),US-302,0.7,U302-1203,LRS,Property Damage Only,"(44.22535616, -72.55143370)"
5054,VT0060100,12SA06691,12/20/2012,US-7 (71 S Main St),St. Albans City,NO DATA,NO DATA,7,NO DATA,BFA,50,Feet,25,1 - Rear End,North,004-53-795E,002-56-573N,NO DATA,NO DATA,NO DATA,State System (State Highways and Class I TH links),US-7,1.07,U007-0612,LRS,Property Damage Only,"(44.80828352, -73.08398284)"
5055,VT0041000,12WT00703,03/07/2012,VT-2A Saint George Road,Williston,NO DATA,2A,NO DATA,NO DATA,Clark's Sunoco,40,Feet,35,"12 - Left Turn and Thru, Same Direction Sideswipe/Angle Crash vv--",North,451074,215728,NO DATA,NO DATA,NO DATA,State System (State Highways and Class I TH links),VT-2A,3.09,V002A0417,LRS,Property Damage Only,"(44.44091379, -73.11418048)"
5056,VT0040500,12CC05564,08/17/2012,VT-2A Main Street,Colchester,NO DATA,2A,NO DATA,NO DATA,Roosevelt Highway,NO DATA,NO DATA,35,1 - Rear End,NO DATA,447271,228111,NO DATA,NO DATA,NO DATA,State System (State Highways and Class I TH links),VT-2A,2.43,V002A0405,LRS,Property Damage Only,"(44.55099566, -73.16385527)"
5057,VT0060100,12SA05793,11/02/2012,US-7 (86 South Main St),St. Albans City,NO DATA,NO DATA,NO DATA,NO DATA,Lower Weldon St,60,Feet,25,1 - Rear End,North,004-53-747E,002-56-529N,NO DATA,NO DATA,NO DATA,State System (State Highways and Class I TH links),US-7,1.02,U007-0612,LRS,Property Damage Only,"(44.80756986, -73.08414399)"
5063,VT0060100,12SA03027,06/18/2012,US-7 (122 South Main Street),St. Albans City,NO DATA,NO DATA,NO DATA,NO DATA,CCV,300,Feet,25,7 - Other - Explain in Narrative,West,004-53-475E,002-56-175N,NO DATA,NO DATA,NO DATA,State System (State Highways and Class I TH links),US-7,0.84,U007-0612,LRS,Property Damage Only,"(44.80527707, -73.08585246)"
5064,VT0041000,12WT01589,05/21/2012,VT-2A Essex Road /7928 Williston Road,Williston,NO DATA,NO DATA,NO DATA,NO DATA,Essex Road Hillside Avenue,NO DATA,NO DATA,40,1 - Rear End,NO DATA,451211,218868,NO DATA,NO DATA,NO DATA,State System (State Highways and Class I TH links),VT-2A,5.02,V002A0417,LRS,Property Damage Only,"(44.46830550, -73.11302406)"
5065,VT0041000,12WT01372,05/04/2012,VT-2A ST. George Road,Williston,NO DATA,2A,NO DATA,NO DATA,Williston Road,10,Feet,35,"10 - Left Turn and Thru, Angle Broadside -->v--",South,451369,216776,NO DATA,NO DATA,NO DATA,State System (State Highways and Class I TH links),VT-2A,3.72,V002A0417,LRS,Property Damage Only,"(44.44959481, -73.11097145)"
5066,VT0040400,12WS00388,02/07/2012,US-7 (Main Street),Winooski City,NO DATA,NO DATA,7,NO DATA,Rotary/W Allen St,100,Feet,25,1 - Rear End,South,004-45-392,002-21-476,NO DATA,NO DATA,NO DATA,State System (State Highways and Class I TH links),US-7,0.12,U007-0418S,LRS,Property Damage Only,"(44.49028697, -73.18645421)"
5067,VT0060100,12SA05188,09/30/2012,US-7 (152 South Main Street),St. Albans City,NO DATA,7,NO DATA,NO DATA,Citizens Bank/Locke Terrace,150,Feet,35,3 - Same Direction Sideswipe,North,004-53-538E,002-56-109N,NO DATA,NO DATA,NO DATA,State System (State Highways and Class I TH links),US-7,0.7,U007-0612,LRS,Injury,"(44.80352220, -73.08727167)"
5068,VT0060100,12SA01640,04/04/2012,US-7 (171 S Main St),St. Albans City,NO DATA,NO DATA,NO DATA,NO DATA,Nason St,80,Feet,25,"18 - Right Turn and Thru, Broadside ^<--",South,004-53-461,002-55-937,NO DATA,NO DATA,NO DATA,State System (State Highways and Class I TH links),US-7,0.61,U007-0612,LRS,Property Damage Only,"(44.80239695, -73.08819114)"
5069,VT0120100,12BA08618,12/12/2012,US-302 Washington St,Barre City,NO DATA,NO DATA,NO DATA,NO DATA,Hill St,1,Feet,25,"8 - No Turns, Thru moves only, Broadside ^<",North,005-00-354,001-83-095,NO DATA,NO DATA,NO DATA,State System (State Highways and Class I TH links),US-302,2.59,U302-1201,LRS,Property Damage Only,"(44.19335634, -72.49461680)"
5075,VT0020100,12BN05123,07/27/2012,VT-7A Harwood Hill Road,Bennington,NO DATA,7A,NO DATA,NO DATA,Orchard Road,NO DATA,NO DATA,35,"10 - Left Turn and Thru, Angle Broadside -->v--",NO DATA,441889,45247,NO DATA,NO DATA,NO DATA,State System (State Highways and Class I TH links),VT-7A,1.07,V007A0202,LRS,Property Damage Only,"(42.90505785, -73.21170761)"
5076,VT0020100,12BN05267,07/31/2012,VT-7A Harwood Hilol,Bennington,NO DATA,NO DATA,NO DATA,NO DATA,Rail Road Trestle,NO DATA,NO DATA,35,6 - Single Vehicle Crash,NO DATA,441866,45154,NO DATA,NO DATA,NO DATA,State System (State Highways and Class I TH links),VT-7A,1.02,V007A0202,LRS,Property Damage Only,"(42.90433542, -73.21180825)"
5077,VT0020100,12BN05597,08/11/2012,VT-7A (216 Northside Drive),Bennington,NO DATA,NO DATA,NO DATA,NO DATA,NO DATA,NO DATA,NO DATA,35,1 - Rear End,NO DATA,441980,44642,NO DATA,NO DATA,NO DATA,State System (State Highways and Class I TH links),VT-7A,0.64,V007A0202,LRS,Property Damage Only,"(42.89964327, -73.21014533)"
5078,VT0020100,12BN06065,08/28/2012,VT-7A Northside Drive,Bennington,NO DATA,NO DATA,NO DATA,NO DATA,Pizza Hut/Hicks Avenue,50,Feet,35,1 - Rear End,NO DATA,442149,44493,NO DATA,NO DATA,NO DATA,State System (State Highways and Class I TH links),VT-7A,0.6,V007A0202,LRS,Property Damage Only,"(42.89925074, -73.20955872)"
5079,VT0020100,12BN03427,05/25/2012,VT-7A Northside Drive,Bennington,NO DATA,67A,NO DATA,NO DATA,Hicks Avenue,NO DATA,NO DATA,35,"8 - No Turns, Thru moves only, Broadside ^<",NO DATA,442166,44527,NO DATA,NO DATA,NO DATA,State System (State Highways and Class I TH links),VT-7A,0.54,V007A0202,LRS,Injury,"(42.89867473, -73.20866324)"
5080,VT0020100,12BN06715,09/21/2012,VT-7A Northside Drive,Bennington,NO DATA,NO DATA,NO DATA,NO DATA,Texaco,NO DATA,NO DATA,35,1 - Rear End,NO DATA,442348,44317,NO DATA,NO DATA,NO DATA,State System (State Highways and Class I TH links),VT-7A,0.38,V007A0202,LRS,Property Damage Only,"(42.89713804, -73.20627690)"
5081,VT0020100,12BN05536,08/09/2012,VT-7A (121 Northside Drive),Bennington,NO DATA,NO DATA,NO DATA,NO DATA,NO DATA,NO DATA,NO DATA,30,1 - Rear End,NO DATA,442491,44215,NO DATA,NO DATA,NO DATA,State System (State Highways and Class I TH links),VT-7A,0.35,V007A0202,LRS,Property Damage Only,"(42.89684926, -73.20583007)"
5088,VT0080100,12MR00405,02/23/2012,VT-12 (3062 Elmore Rd.),Morristown,NO DATA,NO DATA,NO DATA,NO DATA,NO DATA,NO DATA,NO DATA,50,2 - Head On,NO DATA,NO DATA,NO DATA,NO DATA,NO DATA,NO DATA,State System (State Highways and Class I TH links),VT-12,0.34,V012-0807,LRS,Property Damage Only,"(44.55384709, -72.54677797)"
5089,VTVSP0100,12A103503,09/08/2012,VT-12 (4448 VT RT 12),Elmore,NO DATA,12,NO DATA,NO DATA,Cross Road,0,Miles,50,6 - Single Vehicle Crash,North,498528,221564,120,804,340,State System (State Highways and Class I TH links),VT-12,3.52,V012-0804,LRS,Injury,"(44.49614091, -72.51873015)"
5090,VT0140200,12SF02373,06/26/2012,VT-11 (539 Charlestown Road),Springfield,NO DATA,NO DATA,NO DATA,NO DATA,Driveway,NO DATA,NO DATA,99,6 - Single Vehicle Crash,NO DATA,504225,85460,NO DATA,NO DATA,NO DATA,State System (State Highways and Class I TH links),VT-11,7.54,V011-1418,LRS,Property Damage Only,"(43.26967751, -72.44751912)"
5091,VT0140200,12SF03283,08/16/2012,VT-11 Clinton Street,Springfield,NO DATA,11,NO DATA,NO DATA,Water Treatment Plant,NO DATA,Feet,40,6 - Single Vehicle Crash,NO DATA,502474,86749,NO DATA,NO DATA,NO DATA,State System (State Highways and Class I TH links),VT-11,6.1,V011-1418,LRS,Property Damage Only,"(43.28091196, -72.46949707)"
5092,VT0140200,12SF02896,07/27/2012,VT-11 (307 Clinton St),Springfield,NO DATA,11,NO DATA,NO DATA,Nortrax,NO DATA,NO DATA,35,"10 - Left Turn and Thru, Angle Broadside -->v--",NO DATA,502328,86987,NO DATA,NO DATA,NO DATA,State System (State Highways and Class I TH links),VT-11,5.91,V011-1418,LRS,Property Damage Only,"(43.28323916, -72.47132435)"
5093,VT0140200,12SF01092,03/30/2012,VT-11 Clinton Street,Springfield,NO DATA,11,NO DATA,NO DATA,Bridge Street,10,Feet,35,1 - Rear End,NO DATA,502195,87829,NO DATA,NO DATA,NO DATA,State System (State Highways and Class I TH links),VT-11,5.37,V011-1418,LRS,Property Damage Only,"(43.29084614, -72.47306105)"
5094,VT0140200,12SF04875,11/20/2012,VT-11 Main Street,Springfield,NO DATA,NO DATA,NO DATA,NO DATA,96 Main Street,1,Feet,25,NO DATA,North,501491,88518,NO DATA,NO DATA,NO DATA,State System (State Highways and Class I TH links),VT-11,5.26,V011-1418,LRS,Property Damage Only,"(43.29195658, -72.47471976)"
5101,VT0140200,12SF02855,07/25/2012,VT-11 (56 Main Street),Springfield,1,NO DATA,NO DATA,NO DATA,56 Main Street,200,Feet,25,1 - Rear End,East,501474,88630,NO DATA,NO DATA,NO DATA,State System (State Highways and Class I TH links),VT-11,4.71,V011-1418,LRS,Property Damage Only,"(43.29748031, -72.48182951)"
5102,VT0140200,12SF05286,12/23/2012,VT-11 (80 Main Street),Springfield,NO DATA,NO DATA,NO DATA,NO DATA,Town Hall,500,Feet,25,1 - Rear End,East,501483,88544,NO DATA,NO DATA,NO DATA,State System (State Highways and Class I TH links),VT-11,4.71,V011-1418,LRS,Injury,"(43.29748031, -72.48182951)"
5103,VT0140200,12SF04172,10/05/2012,VT-11 (80 Main Street),Springfield,NO DATA,11,NO DATA,NO DATA,Summer Street,533,Feet,25,3 - Same Direction Sideswipe,East,501480,88568,NO DATA,NO DATA,NO DATA,State System (State Highways and Class I TH links),VT-11,4.71,V011-1418,LRS,Property Damage Only,"(43.29748031, -72.48182951)"
5104,VT0020100,12BN05918,08/23/2012,VT-7A (112 Northside Drive),Bennington,NO DATA,NO DATA,NO DATA,NO DATA,McDonald's Restaurant,10,Feet,99,"10 - Left Turn and Thru, Angle Broadside -->v--",East,442419,44175,NO DATA,NO DATA,NO DATA,State System (State Highways and Class I TH links),VT-7A,0.26,V007A0202,LRS,Property Damage Only,"(42.89598553, -73.20448658)"
5105,VT0140200,12SF01632,05/07/2012,VT-11 (80 Main St.),Springfield,NO DATA,11,NO DATA,NO DATA,Huber Building,NO DATA,NO DATA,25,1 - Rear End,NO DATA,501475,88594,NO DATA,NO DATA,NO DATA,State System (State Highways and Class I TH links),VT-11,4.71,V011-1418,LRS,Property Damage Only,"(43.29748031, -72.48182951)"
5106,VT0140200,12SF02899,07/27/2012,VT-11 (80 Main Street),Springfield,1,NO DATA,NO DATA,NO DATA,80 Main Street,100,Feet,25,1 - Rear End,East,501463,88619,NO DATA,NO DATA,NO DATA,State System (State Highways and Class I TH links),VT-11,4.71,V011-1418,LRS,Property Damage Only,"(43.29748031, -72.48182951)"
5107,VT0140200,12SF02815,07/23/2012,56 Main Street,Springfield,NO DATA,11,NO DATA,NO DATA,56 Main Street,10,Feet,25,3 - Same Direction Sideswipe,South,501471,88648,NO DATA,NO DATA,NO DATA,State System (State Highways and Class I TH links),VT-11,4.67,V011-1418,LRS,Property Damage Only,"(43.29803921, -72.48191938)"
5114,VT0140200,12SF01758,05/17/2012,VT-11 PARK STREET,Springfield,340,NO DATA,NO DATA,NO DATA,MAIN STREET,1,Feet,25,3 - Same Direction Sideswipe,West,501445,88718,NO DATA,NO DATA,NO DATA,State System (State Highways and Class I TH links),VT-11,4.61,V011-1418,LRS,Property Damage Only,"(43.29887652, -72.48193181)"
5115,VT0140200,12SF04769,11/12/2012,VT-11 Main Street,Springfield,NO DATA,11,NO DATA,NO DATA,Summer Street,200,Feet,25,1 - Rear End,South,501467,88611,NO DATA,NO DATA,NO DATA,State System (State Highways and Class I TH links),VT-11,4.58,V011-1418,LRS,Property Damage Only,"(43.29929397, -72.48200334)"
5116,VT0140200,12SF01740,05/16/2012,VT-11 (9 Main Street),Springfield,NO DATA,NO DATA,NO DATA,NO DATA,Near Good Buy Store,NO DATA,NO DATA,25,3 - Same Direction Sideswipe,NO DATA,501456,88777,NO DATA,NO DATA,NO DATA,State System (State Highways and Class I TH links),VT-11,4.57,V011-1418,LRS,Property Damage Only,"(43.29942733, -72.48206477)"
5117,VT0140200,12SF03051,08/04/2012,VT-11 (9 Main Street),Springfield,NO DATA,11,NO DATA,NO DATA,Valley Street,65,Feet,25,1 - Rear End,East,501451,88799,NO DATA,NO DATA,NO DATA,State System (State Highways and Class I TH links),VT-11,4.57,V011-1418,LRS,Property Damage Only,"(43.29942733, -72.48206477)"
5118,VT0140200,12SF05126,12/10/2012,VT-11 Main ST,Springfield,NO DATA,NO DATA,NO DATA,NO DATA,96 Main ST,0,Miles,25,NO DATA,South,501494,88515,NO DATA,NO DATA,NO DATA,State System (State Highways and Class I TH links),VT-11,4.46,V011-1418,LRS,Property Damage Only,"(43.30072604, -72.48342766)"
5119,VT0140200,12SF01963,05/30/2012,Rte 11/North Main Street,Springfield,NO DATA,11,NO DATA,NO DATA,Rte 11,NO DATA,Feet,25,1 - Rear End,NO DATA,501258,89027,NO DATA,NO DATA,NO DATA,State System (State Highways and Class I TH links),VT-11,4.35,V011-1418,LRS,Injury,"(43.30191443, -72.48501217)"
5120,VT0140200,12SF00080,01/05/2012,VT-11 RIVER STREET,Springfield,NO DATA,NO DATA,NO DATA,NO DATA,MAIN STREET,0,Feet,40,7 - Other - Explain in Narrative,West,498999,92075,NO DATA,NO DATA,NO DATA,State System (State Highways and Class I TH links),VT-11,4.28,V011-1418,LRS,Property Damage Only,"(43.30244317, -72.48605471)"
5127,VT0140200,12SF01630,05/08/2012,VT-11 Clinton Street,Springfield,NO DATA,NO DATA,NO DATA,NO DATA,South Street,50,Feet,35,1 - Rear End,East,501660,88219,NO DATA,NO DATA,NO DATA,State System (State Highways and Class I TH links),VT-11,3.95,V011-1418,LRS,Property Damage Only,"(43.30387315, -72.49160271)"
5128,VT0140200,12SF04515,10/26/2012,VT-11 Chester Road,Springfield,NO DATA,11,NO DATA,NO DATA,Plaza Entrance,NO DATA,NO DATA,35,1 - Rear End,NO DATA,500593,89276,NO DATA,NO DATA,NO DATA,State System (State Highways and Class I TH links),VT-11,3.91,V011-1418,LRS,Injury,"(43.30374647, -72.49254986)"
5129,VT0140200,12SF04748,11/10/2012,VT-11 Chester Road,Springfield,NO DATA,11,NO DATA,NO DATA,McDonald's,NO DATA,NO DATA,25,1 - Rear End,NO DATA,500602,89283,NO DATA,NO DATA,NO DATA,State System (State Highways and Class I TH links),VT-11,3.91,V011-1418,LRS,Injury,"(43.30374647, -72.49254986)"
5130,VT0140200,12SF02056,06/06/2012,VT-11 (2 Chester Road),Springfield,NO DATA,NO DATA,NO DATA,NO DATA,Plaza,NO DATA,NO DATA,99,1 - Rear End,NO DATA,500642,89259,NO DATA,NO DATA,NO DATA,State System (State Highways and Class I TH links),VT-11,3.91,V011-1418,LRS,Injury,"(43.30374647, -72.49254986)"
5131,VT0140200,12SF02058,06/06/2012,VT-11 (2 Chester Road),Springfield,NO DATA,11,NO DATA,NO DATA,Plaza Intersection,NO DATA,NO DATA,35,1 - Rear End,NO DATA,500584,89274,NO DATA,NO DATA,NO DATA,State System (State Highways and Class I TH links),VT-11,3.91,V011-1418,LRS,Injury,"(43.30374647, -72.49254986)"
5132,VT0140200,12SF00993,03/24/2012,VT-11 Chester Road,Springfield,1,NO DATA,NO DATA,NO DATA,McDonalds Restaurant,100,Feet,99,1 - Rear End,South,500559,89297,NO DATA,NO DATA,NO DATA,State System (State Highways and Class I TH links),VT-11,3.9,V011-1418,LRS,Property Damage Only,"(43.30369665, -72.49277515)"
5133,VT0140200,12SF00679,03/02/2012,VT 11 (CHESTER ROAD),Springfield,NO DATA,11,NO DATA,NO DATA,MCDONALDS ACCESS ROAD,100,Feet,99,1 - Rear End,North,500595,89322,NO DATA,NO DATA,NO DATA,State System (State Highways and Class I TH links),VT-11,3.9,V011-1418,LRS,Property Damage Only,"(43.30369665, -72.49277515)"
5140,VT0140200,12SF02072,06/07/2012,VT RT 11,Springfield,NO DATA,11,NO DATA,NO DATA,Bellows Road,260,Feet,40,4 - Opp Direction Sideswipe,West,498853,88846,NO DATA,NO DATA,NO DATA,State System (State Highways and Class I TH links),VT-11,2.47,V011-1418,LRS,Property Damage Only,"(43.29970550, -72.51418333)"
5141,VT0140200,12SF04126,10/01/2012,VT-11 Chester Road,Springfield,NO DATA,11,NO DATA,NO DATA,Stellafane Road,NO DATA,NO DATA,50,6 - Single Vehicle Crash,NO DATA,498246,87885,NO DATA,NO DATA,NO DATA,State System (State Highways and Class I TH links),VT-11,1.77,V011-1418,LRS,Injury,"(43.29118335, -72.52167511)"
5142,VT0140200,12SF00129,01/11/2012,VT-11 (383 River Street),Springfield,NO DATA,106,NO DATA,NO DATA,Windsor County South Credit Union,100,NO DATA,40,NO DATA,East,499355,91430,NO DATA,NO DATA,NO DATA,State System (State Highways and Class I TH links),VT-11,1.61,V011-1418,LRS,Property Damage Only,"(43.28964172, -72.52397883)"
5143,VT0140600,12CH01231,12/17/2012,VT RT 11,Chester,NO DATA,11,NO DATA,NO DATA,Green Mountain Turnpike,25,Feet,40,"12 - Left Turn and Thru, Same Direction Sideswipe/Angle Crash vv--",West,NO DATA,NO DATA,NO DATA,NO DATA,NO DATA,State System (State Highways and Class I TH links),VT-11,5.73,V011-1407,LRS,Property Damage Only,"(43.26307619, -72.58016138)"
5144,VT0140600,12CH00131,01/31/2012,VT RT 11 East,Chester,NO DATA,11,NO DATA,NO DATA,Elm Street,NO DATA,NO DATA,40,"10 - Left Turn and Thru, Angle Broadside -->v--",NO DATA,NO DATA,NO DATA,NO DATA,NO DATA,NO DATA,State System (State Highways and Class I TH links),VT-11,5.58,V011-1407,LRS,Injury,"(43.26200836, -72.58278073)"
5145,VT0140600,12CH00498,05/21/2012,VT-11 (18 Main Street),Chester,NO DATA,11,NO DATA,NO DATA,VT RT 35,100,Feet,25,1 - Rear End,West,NO DATA,NO DATA,NO DATA,NO DATA,NO DATA,State System (State Highways and Class I TH links),VT-11,5.13,V011-1407,LRS,Injury,"(43.26290536, -72.59469515)"
5146,VT0140600,12CH00859,08/19/2012,VT RT 11 East,Chester,NO DATA,11,NO DATA,NO DATA,VT RT 103 South,NO DATA,NO DATA,25,1 - Rear End,NO DATA,NO DATA,NO DATA,NO DATA,NO DATA,NO DATA,State System (State Highways and Class I TH links),VT-11,5.11,V011-1407,LRS,Property Damage Only,"(43.26308551, -72.59506987)"
5153,VT0140600,12CH00393,04/19/2012,VT RT 11 West,Chester,NO DATA,11,NO DATA,NO DATA,"Fenton Road, Chester, VT 05143",50,Feet,50,"8 - No Turns, Thru moves only, Broadside ^<",West,NO DATA,NO DATA,NO DATA,NO DATA,NO DATA,State System (State Highways and Class I TH links),VT-11,1.4,V011-1407,LRS,Property Damage Only,"(43.26184710, -72.65842121)"
5154,VT0140600,12CH00219,02/23/2012,4351 VT RT 11 West,Chester,NO DATA,11,NO DATA,NO DATA,NO DATA,NO DATA,NO DATA,50,6 - Single Vehicle Crash,NO DATA,NO DATA,NO DATA,NO DATA,NO DATA,NO DATA,State System (State Highways and Class I TH links),VT-11,0.02,V011-1407,LRS,Injury,"(43.25743569, -72.68367164)"
5155,VTVSP0400,12D103951,12/08/2012,VT-11 Simonsville Road,Andover,NO DATA,11,NO DATA,NO DATA,Gates Rd,1,Miles,50,1 - Rear End,West,481809,82411,NO DATA,NO DATA,NO DATA,State System (State Highways and Class I TH links),VT-11,0.43,V011-1401,LRS,Injury,"(43.23876281, -72.72571032)"
5156,VTVSP0400,12D100495,02/13/2012,VT 11,Londonderry,NO DATA,11,NO DATA,NO DATA,Horsenail Hill Rd,0,Miles,50,6 - Single Vehicle Crash,West,481489,80728,NO DATA,NO DATA,NO DATA,State System (State Highways and Class I TH links),VT-11,7.42,V011-1310,LRS,Fatal,"(43.22552107, -72.72941501)"
5157,VTVSP0400,12D100673,02/28/2012,VT-11,Londonderry,NO DATA,11,NO DATA,NO DATA,VT Route 121,NO DATA,NO DATA,50,"12 - Left Turn and Thru, Same Direction Sideswipe/Angle Crash vv--",NO DATA,480474,79745,NO DATA,NO DATA,NO DATA,State System (State Highways and Class I TH links),VT-11,6.59,V011-1310,LRS,Property Damage Only,"(43.21766813, -72.74028359)"
5158,VTVSP0400,12D102100,07/08/2012,VT-11,Londonderry,NO DATA,11,NO DATA,NO DATA,Cromack Lane,0,Miles,50,NO DATA,West,478538,79009,NO DATA,NO DATA,NO DATA,State System (State Highways and Class I TH links),VT-11,5.22,V011-1310,LRS,Property Damage Only,"(43.21102255, -72.76379545)"
5159,VTVSP0400,12D100844,03/15/2012,VT-11,Londonderry,NO DATA,11,NO DATA,NO DATA,Magic Mtn Access Road,200,Feet,50,6 - Single Vehicle Crash,West,477889,78370,NO DATA,NO DATA,NO DATA,State System (State Highways and Class I TH links),VT-11,4.66,V011-1310,LRS,Injury,"(43.20894990, -72.77445552)"
5166,VT0020800,12WH01336,09/22/2012,Vermont Route 11,Winhall,NO DATA,NO DATA,NO DATA,NO DATA,Woods And Water Road,100,Feet,50,6 - Single Vehicle Crash,East,NO DATA,NO DATA,NO DATA,NO DATA,NO DATA,State System (State Highways and Class I TH links),VT-11,4.04,V011-0216,LRS,Property Damage Only,"(43.20692303, -72.94340035)"
5167,VT0020800,12WH00957,07/05/2012,Vermont Route 11/30,Winhall,NO DATA,NO DATA,NO DATA,NO DATA,Scenic Overlook,175,Feet,50,7 - Other - Explain in Narrative,East,NO DATA,NO DATA,NO DATA,NO DATA,NO DATA,State System (State Highways and Class I TH links),VT-11,2.32,V011-0216,LRS,Property Damage Only,"(43.20522771, -72.97671736)"