ID,Reporting Agency,Report Number,Date,Street Address,Town,Number,Number1,Number2,Number3,Intersection,Distance From Intersection,Distance Unit,Posted Speed,Direction of Collision,Direction from Intersection,Easting,Northing,Mile Marker,Mile Marker 1,Mile Marker 2,AOT Roadway,AOT Route,AOT Actual Mile,LRS Number,How Mapped,Crash Type,Location 1
5168,VT0020800,12WH01534,11/12/2012,Vermont Route 11 & 30,Winhall,NO DATA,NO DATA,NO DATA,NO DATA,Vermont Haunts,50,Feet,50,7 - Other - Explain in Narrative,East,NO DATA,NO DATA,NO DATA,NO DATA,NO DATA,State System (State Highways and Class I TH links),VT-11,1.57,V011-0216,LRS,Injury,"(43.20620869, -72.99029246)"
5169,VT0020800,12WH01667,12/16/2012,Vermont Route 11 & 30,Winhall,NO DATA,NO DATA,NO DATA,NO DATA,Bromley Forrest Road,1,Miles,50,6 - Single Vehicle Crash,West,NO DATA,NO DATA,NO DATA,NO DATA,NO DATA,State System (State Highways and Class I TH links),VT-11,1.12,V011-0216,LRS,Property Damage Only,"(43.19991556, -72.99103699)"
5170,VT0020800,12WH00842,06/05/2012,Vermont Route 11/30,Winhall,NO DATA,NO DATA,NO DATA,NO DATA,Tollgate Road,300,Feet,50,6 - Single Vehicle Crash,East,NO DATA,NO DATA,NO DATA,NO DATA,NO DATA,State System (State Highways and Class I TH links),VT-11,0.69,V011-0216,LRS,Property Damage Only,"(43.19453197, -72.99420966)"
5171,VT0020800,12WH00097,01/13/2012,Vermont Route 11 30,Winhall,NO DATA,NO DATA,NO DATA,NO DATA,Tollgate Road,0,Miles,50,"17 - Right Turn, Same Direction, Rear End ^--^--",North,NO DATA,NO DATA,NO DATA,NO DATA,NO DATA,State System (State Highways and Class I TH links),VT-11,0.63,V011-0216,LRS,Property Damage Only,"(43.19401504, -72.99509829)"
5172,VT0020400,12MC00086,01/13/2012,VT RT 11/30,Winhall,NO DATA,1130,NO DATA,NO DATA,Toll Gate Rd,0,Miles,50,6 - Single Vehicle Crash,West,459303,68159,NO DATA,NO DATA,NO DATA,State System (State Highways and Class I TH links),VT-11,0.38,V011-0216,LRS,Property Damage Only,"(43.19169365, -72.99877111)"
5179,VTVSP0400,12D102159,07/13/2012,VT-11,Peru,NO DATA,11,NO DATA,NO DATA,South Road,NO DATA,NO DATA,50,"8 - No Turns, Thru moves only, Broadside ^<",NO DATA,467615,81020,NO DATA,NO DATA,NO DATA,State System (State Highways and Class I TH links),VT-11,2.74,V011-0207,LRS,Injury,"(43.22871221, -72.89834192)"
5180,VTVSP0400,12D104073,12/18/2012,VT-11,Peru,NO DATA,11,NO DATA,NO DATA,Pierce Road,150,Feet,50,6 - Single Vehicle Crash,West,466787,80654,NO DATA,NO DATA,NO DATA,State System (State Highways and Class I TH links),VT-11,2.19,V011-0207,LRS,Property Damage Only,"(43.22572968, -72.90826797)"
5181,VTVSP0400,12D100064,01/06/2012,VT Route 11,Peru,NO DATA,11,NO DATA,NO DATA,Ethan Allen Trail,100,Feet,50,6 - Single Vehicle Crash,East,464174,78876,NO DATA,NO DATA,NO DATA,State System (State Highways and Class I TH links),VT-11,0.05,V011-0207,LRS,Property Damage Only,"(43.20855852, -72.94178182)"
5182,VT0020400,12MC01326,07/08/2012,VT-11 (2279 Depot St),Manchester,NO DATA,NO DATA,NO DATA,NO DATA,Bob's Diner Driveway,NO DATA,NO DATA,45,1 - Rear End,NO DATA,458006,75420,NO DATA,NO DATA,NO DATA,State System (State Highways and Class I TH links),VT-11,2.27,V011-0206,LRS,Property Damage Only,"(43.17774433, -73.01654548)"
5183,VT0020400,12MC00928,05/20/2012,VT-11 Depot St,Manchester,NO DATA,1130,NO DATA,NO DATA,East Manchester Rd,NO DATA,NO DATA,50,1 - Rear End,East,NO DATA,NO DATA,NO DATA,NO DATA,NO DATA,State System (State Highways and Class I TH links),VT-11,1.91,V011-0206,LRS,Injury,"(43.17411083, -73.02151248)"
5184,VT0020100,12BN03429,05/25/2012,VT-7A Northside Drive,Bennington,NO DATA,67A,NO DATA,NO DATA,Cumberland Farms,NO DATA,NO DATA,35,1 - Rear End,East,442618,44101,NO DATA,NO DATA,NO DATA,State System (State Highways and Class I TH links),VT-7A,0.21,V007A0202,LRS,Property Damage Only,"(42.89550204, -73.20374451)"
5185,VT0020400,12MC00568,03/25/2012,VT-11 (1240 Depot St),Manchester,NO DATA,1130,NO DATA,NO DATA,NO DATA,NO DATA,NO DATA,35,1 - Rear End,East,456531,75013,NO DATA,NO DATA,NO DATA,State System (State Highways and Class I TH links),VT-11,1.25,V011-0206,LRS,Property Damage Only,"(43.17409765, -73.03455207)"
5191,VT0020400,12MC01807,09/08/2012,VT-11 Depot Street,Manchester,NO DATA,NO DATA,NO DATA,NO DATA,Richville Road,NO DATA,NO DATA,25,"12 - Left Turn and Thru, Same Direction Sideswipe/Angle Crash vv--",NO DATA,455398,74924,NO DATA,NO DATA,NO DATA,State System (State Highways and Class I TH links),VT-11,0.5,V011-0206,LRS,Property Damage Only,"(43.17313423, -73.04852744)"
5192,VT0020400,12MC01985,09/28/2012,VT-11 Depot Street,Manchester,NO DATA,NO DATA,NO DATA,NO DATA,Center Hill,50,Feet,25,"14 - Left Turn and Thru, Broadside v<--",West,455320,74969,NO DATA,NO DATA,NO DATA,State System (State Highways and Class I TH links),VT-11,0.44,V011-0206,LRS,Property Damage Only,"(43.17353006, -73.04956984)"
5193,VT0020400,12MC01589,08/11/2012,VT-11 Depot St,Manchester,NO DATA,NO DATA,NO DATA,NO DATA,Richville Road,500,Feet,25,"12 - Left Turn and Thru, Same Direction Sideswipe/Angle Crash vv--",West,455212,75077,NO DATA,NO DATA,NO DATA,State System (State Highways and Class I TH links),VT-11,0.4,V011-0206,LRS,Property Damage Only,"(43.17380099, -73.05027215)"
5194,VT0020400,12MC02323,11/23/2012,VT-11 Depot Street,Manchester,NO DATA,NO DATA,NO DATA,NO DATA,Riverside Heights,NO DATA,NO DATA,25,"10 - Left Turn and Thru, Angle Broadside -->v--",NO DATA,455005,75128,NO DATA,NO DATA,NO DATA,State System (State Highways and Class I TH links),VT-11,0.23,V011-0206,LRS,Property Damage Only,"(43.17494460, -73.05326216)"
5195,VT0020400,12MC01224-A,06/26/2012,VT-11 Depot St,Manchester,NO DATA,NO DATA,NO DATA,NO DATA,NO DATA,NO DATA,NO DATA,25,"18 - Right Turn and Thru, Broadside ^<--",NO DATA,454975,75147,NO DATA,NO DATA,NO DATA,State System (State Highways and Class I TH links),VT-11,0.19,V011-0206,LRS,Injury,"(43.17518521, -73.05398411)"
5196,VT0020400,12MC01209,06/23/2012,VT-11 Depot Street,Manchester,NO DATA,NO DATA,NO DATA,NO DATA,Main Street,NO DATA,NO DATA,25,1 - Rear End,NO DATA,454697,75279,NO DATA,NO DATA,NO DATA,State System (State Highways and Class I TH links),VT-11,0,V011-0206,LRS,Property Damage Only,"(43.17633349, -73.05740139)"
5197,VTVSP0400,12D102035,07/02/2012,VT-11,Landgrove,NO DATA,11,NO DATA,NO DATA,Landgrove Hollow Road,0,Miles,50,6 - Single Vehicle Crash,West,470675,81823,110,205,49,State System (State Highways and Class I TH links),VT-11,0.24,V011-0205,LRS,Property Damage Only,"(43.23601235, -72.86076092)"
5204,VT0141000,12NW00418,04/05/2012,VT Route 10A,Norwich,NO DATA,10A,NO DATA,NO DATA,I-91 SB On Ramp,NO DATA,NO DATA,30,NO DATA,East,515566,134198,NO DATA,NO DATA,NO DATA,State System (State Highways and Class I TH links),VT-10A,0,V010A1411,LRS,Property Damage Only,"(43.70800551, -72.30722527)"
5205,VT0140200,12SF05263,12/21/2012,Route 10,Springfield,NO DATA,10,NO DATA,NO DATA,Baltimore Road,NO DATA,Feet,50,6 - Single Vehicle Crash,NO DATA,NO DATA,NO DATA,NO DATA,NO DATA,NO DATA,State System (State Highways and Class I TH links),VT-10,0.66,V010-1418,LRS,Property Damage Only,"(43.33633805, -72.53431738)"
5206,VT0020100,12BN00066,01/04/2012,VT-7A Northside Drive,Bennington,NO DATA,NO DATA,NO DATA,NO DATA,Benmont Avenue Ramp,NO DATA,NO DATA,35,"14 - Left Turn and Thru, Broadside v<--",NO DATA,442650,44059,NO DATA,NO DATA,NO DATA,State System (State Highways and Class I TH links),VT-7A,0.12,V007A0202,LRS,Property Damage Only,"(42.89467620, -73.20236136)"
5207,VT0140200,12SF04570,10/30/2012,Route 10,Springfield,NO DATA,10,NO DATA,NO DATA,County Road,NO DATA,NO DATA,50,3 - Same Direction Sideswipe,NO DATA,497224,92894,NO DATA,NO DATA,NO DATA,State System (State Highways and Class I TH links),VT-10,0.66,V010-1418,LRS,Property Damage Only,"(43.33633805, -72.53431738)"
5208,VT0140600,12CH00834,08/14/2012,VT-10 (3361 VT RT 10),Chester,NO DATA,10,NO DATA,NO DATA,3361 VT RT 10,NO DATA,Feet,50,6 - Single Vehicle Crash,East,NO DATA,NO DATA,NO DATA,NO DATA,NO DATA,State System (State Highways and Class I TH links),VT-10,3.38,V010-1407,LRS,Injury,"(43.33454737, -72.54958569)"
5209,VT0140600,12CH00957,09/13/2012,VT-10 (1626 VT RT 10),Chester,NO DATA,10,NO DATA,NO DATA,Across Street From #1626 VT RT 10,NO DATA,NO DATA,40,6 - Single Vehicle Crash,NO DATA,NO DATA,NO DATA,NO DATA,NO DATA,NO DATA,State System (State Highways and Class I TH links),VT-10,1.63,V010-1407,LRS,Injury,"(43.32648411, -72.57591505)"
5210,VT0140600,12CH00528,05/29/2012,VT-10 (1626 VT RT 10),Chester,NO DATA,10,NO DATA,NO DATA,NO DATA,NO DATA,NO DATA,50,6 - Single Vehicle Crash,NO DATA,NO DATA,NO DATA,NO DATA,NO DATA,NO DATA,State System (State Highways and Class I TH links),VT-10,1.63,V010-1407,LRS,Property Damage Only,"(43.32648411, -72.57591505)"
5229,VT0130300,12WM01210,10/03/2012,VT-9 East Main Street,Wilmington,NO DATA,9,NO DATA,NO DATA,Vermont Route 100,NO DATA,NO DATA,25,1 - Rear End,East,004-69-707,000-40-987,NO DATA,NO DATA,NO DATA,State System (State Highways and Class I TH links),VT-9,3.01,V009-1322,LRS,Property Damage Only,"(42.86844405, -72.87111564)"
5230,VT0130300,12WM00071,01/12/2012,Vermont Route 9; West,Wilmington,NO DATA,9,NO DATA,NO DATA,Vermont Route 100; North,100,Feet,25,4 - Opp Direction Sideswipe,West,004-69-608,000-41-053,NO DATA,NO DATA,NO DATA,State System (State Highways and Class I TH links),VT-9,2.99,V009-1322,LRS,Property Damage Only,"(42.86864613, -72.87141889)"
5231,VT0020100,12BN07632,10/28/2012,VT-7A Kocher Drive,Bennington,NO DATA,NO DATA,NO DATA,NO DATA,NO DATA,NO DATA,NO DATA,30,1 - Rear End,NO DATA,442795,44039,NO DATA,NO DATA,NO DATA,State System (State Highways and Class I TH links),VT-7A,0,V007A0202,LRS,Property Damage Only,"(42.89426097, -73.20007063)"
5232,VT0130300,12WM00701,06/08/2012,10 Vermont Route 9; West,Wilmington,NO DATA,9,NO DATA,NO DATA,Crafts Inn,10,Feet,25,1 - Rear End,East,004-69-600,000-41-054,90,1322,280,State System (State Highways and Class I TH links),VT-9,2.97,V009-1322,LRS,Property Damage Only,"(42.86881943, -72.87173888)"
5233,VT0130300,12WM00707,06/09/2012,VT-9 (15 West Main Street),Wilmington,NO DATA,9,NO DATA,NO DATA,NO DATA,NO DATA,NO DATA,25,2 - Head On,NO DATA,004-69-588,000-41-063,90,1322,300,State System (State Highways and Class I TH links),VT-9,2.94,V009-1322,LRS,Property Damage Only,"(42.86906326, -72.87222954)"
5234,VT0130300,12WM01554,12/27/2012,RT 9 East,Wilmington,NO DATA,9,NO DATA,NO DATA,Rt 100 North,500,Feet,25,"8 - No Turns, Thru moves only, Broadside ^<",West,470272,40663,NO DATA,NO DATA,NO DATA,State System (State Highways and Class I TH links),VT-9,2.91,V009-1322,LRS,Property Damage Only,"(42.86929369, -72.87273209)"
5235,VT0130300,12WM01279,10/19/2012,Vermont Route 9; East,Wilmington,NO DATA,9,NO DATA,NO DATA,Tallulah's Antiques,NO DATA,NO DATA,40,1 - Rear End,West,004-71-264,000-40-095,NO DATA,NO DATA,NO DATA,State System (State Highways and Class I TH links),VT-9,2.46,V009-1322,LRS,Property Damage Only,"(42.87119159, -72.88099011)"
5242,VTVSP1000,12D202038,07/23/2012,VT-9 (1127 Vermont Route 9),Marlboro,NO DATA,9,NO DATA,NO DATA,North Pond Road,2200,Feet,50,6 - Single Vehicle Crash,South,483882,42142,90,1311,680,State System (State Highways and Class I TH links),VT-9,7.18,V009-1311,LRS,Property Damage Only,"(42.87913212, -72.69697760)"
5243,VT0020100,12BN08211,11/21/2012,VT-7A Northside Drive,Bennington,NO DATA,NO DATA,NO DATA,NO DATA,US Route 7,NO DATA,NO DATA,35,1 - Rear End,NO DATA,442789,44046,NO DATA,NO DATA,NO DATA,State System (State Highways and Class I TH links),VT-7A,0,V007A0202,LRS,Property Damage Only,"(42.89426097, -73.20007063)"
5244,VTVSP1000,12D203025,09/08/2012,VT-9 (1855 VT Route 9),Marlboro,NO DATA,9,NO DATA,NO DATA,Sweeties Gas & Store,200,Feet,50,6 - Single Vehicle Crash,West,483044,42114,90,1311,650,State System (State Highways and Class I TH links),VT-9,6.46,V009-1311,LRS,Property Damage Only,"(42.87738499, -72.70960378)"
5245,VTVSP1000,12D202520,09/08/2012,VT-9 (1855 VT Route 9),Marlboro,NO DATA,9,NO DATA,NO DATA,Sweeties General Store & Gas,200,Feet,50,6 - Single Vehicle Crash,West,483044,42114,90,1311,650,State System (State Highways and Class I TH links),VT-9,6.45,V009-1311,LRS,Injury,"(42.87725761, -72.70968297)"
5246,VTVSP1000,12D200894,03/27/2012,VT-9 (2669 VT Route 9),Marlboro,NO DATA,9,NO DATA,NO DATA,South Road,0,Miles,50,"14 - Left Turn and Thru, Broadside v<--",East,482029,40978,90,1311,560,State System (State Highways and Class I TH links),VT-9,5.63,V009-1311,LRS,Property Damage Only,"(42.86891439, -72.72015258)"
5247,VTVSP1000,12D201194,04/27/2012,VT-9 (2817 Vermont Route 9),Marlboro,NO DATA,9,NO DATA,NO DATA,South Road,500,Feet,40,6 - Single Vehicle Crash,East,482039,40999,90,1311,560,State System (State Highways and Class I TH links),VT-9,5.48,V009-1311,LRS,Injury,"(42.86698725, -72.72158321)"
5248,VTVSP1000,12D200612,02/27/2012,VT Route 9 West,Marlboro,NO DATA,9,NO DATA,NO DATA,South Road,15,Feet,50,1 - Rear End,North,481816,40712,90,1311,543,State System (State Highways and Class I TH links),VT-9,5.43,V009-1311,LRS,Injury,"(42.86638787, -72.72214407)"
5255,VTVSP1000,12D202185,08/06/2012,VT-9,Marlboro,NO DATA,9,NO DATA,NO DATA,Butterfield Road,0,Miles,50,5 - Rear-to-rear,NO DATA,477349,40228,NO DATA,NO DATA,NO DATA,State System (State Highways and Class I TH links),VT-9,2.19,V009-1311,LRS,Property Damage Only,"(42.86140694, -72.77686765)"
5256,VTVSP1000,12D203143,11/14/2012,VT-9 (4997 Rt 9),Marlboro,NO DATA,9,NO DATA,NO DATA,Hughes Rd,0,Miles,50,6 - Single Vehicle Crash,North,477271,40444,90,1311,6320,State System (State Highways and Class I TH links),VT-9,2.16,V009-1311,LRS,Property Damage Only,"(42.86182776, -72.77704506)"
5257,VTVSP1000,12D200834,03/20/2012,Vermont Route 9,Marlboro,NO DATA,9,NO DATA,NO DATA,"Hughes Road, TH31",100,Feet,50,6 - Single Vehicle Crash,West,477286,40591,90,1311,188,State System (State Highways and Class I TH links),VT-9,1.89,V009-1311,LRS,Property Damage Only,"(42.86539438, -72.77895691)"
5258,VTVSP1000,12D201075,04/17/2012,Vermont Route 9,Marlboro,NO DATA,9,NO DATA,NO DATA,Butterfield Road,0,Miles,50,6 - Single Vehicle Crash,West,477249,40564,90,1311,220,State System (State Highways and Class I TH links),VT-9,1.61,V009-1311,LRS,Property Damage Only,"(42.86384968, -72.78343485)"
5259,VTVSP1000,12D203058,11/03/2012,VT Route 9,Marlboro,NO DATA,9,NO DATA,NO DATA,Hogback #7627,NO DATA,NO DATA,50,1 - Rear End,NO DATA,475946,39231,90,1311,60,State System (State Highways and Class I TH links),VT-9,0.67,V009-1311,LRS,Injury,"(42.85303215, -72.79326583)"
5260,VT0130200,12BB01044,02/09/2012,VT 9 (High Street),Brattleboro,NO DATA,9,NO DATA,NO DATA,Main St,NO DATA,NO DATA,25,"14 - Left Turn and Thru, Broadside v<--",NO DATA,004-95-215,000-39-269,NO DATA,NO DATA,NO DATA,State System (State Highways and Class I TH links),VT-9,6.96,V009-1302,LRS,Injury,"(42.85324355, -72.55872317)"
5261,VT0130200,12BB09275,12/10/2012,VT-9 (59 High St),Brattleboro,NO DATA,NO DATA,NO DATA,NO DATA,59 High St,NO DATA,NO DATA,25,7 - Other - Explain in Narrative,NO DATA,004-95-023,000-39-255,NO DATA,NO DATA,NO DATA,State System (State Highways and Class I TH links),VT-9,6.85,V009-1302,LRS,Injury,"(42.85346369, -72.56081101)"
5267,VTVSP0900,12C300231,01/24/2012,1100 VT RT 7A,Arlington,NO DATA,7A,NO DATA,NO DATA,Gingerbread Hill,0,Miles,50,6 - Single Vehicle Crash,North,444256,60797,71,201,110,State System (State Highways and Class I TH links),VT-7A,0.79,V007A0201,LRS,Property Damage Only,"(43.03527779, -73.17722645)"
5268,VT0130200,12BB03200,05/03/2012,VT-9 Western Ave./Union Hill,Brattleboro,NO DATA,NO DATA,NO DATA,NO DATA,Western Ave,NO DATA,NO DATA,25,1 - Rear End,East,004-93-164,000-38-890,NO DATA,NO DATA,NO DATA,State System (State Highways and Class I TH links),VT-9,6.45,V009-1302,LRS,Property Damage Only,"(42.85230973, -72.56838552)"
5269,VT0130200,12BB00295,01/12/2012,VT-9 (70 Western Ave),Brattleboro,NO DATA,NO DATA,NO DATA,NO DATA,NO DATA,NO DATA,NO DATA,25,3 - Same Direction Sideswipe,NO DATA,004-94-694,000-37-834,NO DATA,NO DATA,NO DATA,State System (State Highways and Class I TH links),VT-9,6.4,V009-1302,LRS,Property Damage Only,"(42.85231823, -72.56938092)"
5270,VT0130200,12BB00444,01/17/2012,VT-9 Western Ave,Brattleboro,NO DATA,NO DATA,NO DATA,NO DATA,70 Western Ave,NO DATA,NO DATA,30,NO DATA,NO DATA,NO DATA,NO DATA,NO DATA,NO DATA,NO DATA,State System (State Highways and Class I TH links),VT-9,6.4,V009-1302,LRS,Property Damage Only,"(42.85231823, -72.56938092)"
5271,VT0130200,12BB00162,01/07/2012,VT-9 (119 Western Ave),Brattleboro,NO DATA,NO DATA,NO DATA,NO DATA,Spruce St,NO DATA,NO DATA,30,NO DATA,NO DATA,004-94-198,000-39-100,NO DATA,NO DATA,NO DATA,State System (State Highways and Class I TH links),VT-9,6.31,V009-1302,LRS,Property Damage Only,"(42.85199287, -72.57109477)"
5272,VT0130200,12BB04096,06/04/2012,VT-9 Western Ave,Brattleboro,NO DATA,NO DATA,NO DATA,NO DATA,175 Western Ave,NO DATA,NO DATA,30,1 - Rear End,NO DATA,004-93-028,000-39-035,NO DATA,NO DATA,NO DATA,State System (State Highways and Class I TH links),VT-9,6.21,V009-1302,LRS,Property Damage Only,"(42.85160429, -72.57296278)"
5273,VT0130200,12BB01752,03/09/2012,VT-9 Western Ave,Brattleboro,NO DATA,NO DATA,NO DATA,NO DATA,I-91 Exit 2,NO DATA,NO DATA,30,"8 - No Turns, Thru moves only, Broadside ^<",NO DATA,004-94-321,000-40-913,NO DATA,NO DATA,NO DATA,State System (State Highways and Class I TH links),VT-9,5.9,V009-1302,LRS,Property Damage Only,"(42.85072906, -72.57886883)"
5279,VT0130200,12BB07258,09/20/2012,VT-9 (364 Western Ave),Brattleboro,NO DATA,NO DATA,NO DATA,NO DATA,Exit 2 On Ramp,NO DATA,NO DATA,30,NO DATA,NO DATA,004-94-538,000-37-256,NO DATA,NO DATA,NO DATA,State System (State Highways and Class I TH links),VT-9,5.84,V009-1302,LRS,Property Damage Only,"(42.85057093, -72.58001474)"
5280,VT0130200,12BB09389,12/13/2012,VT-9 Western Ave,Brattleboro,NO DATA,NO DATA,NO DATA,NO DATA,Shell Station,NO DATA,NO DATA,30,1 - Rear End,NO DATA,NO DATA,NO DATA,NO DATA,NO DATA,NO DATA,State System (State Highways and Class I TH links),VT-9,5.68,V009-1302,LRS,Property Damage Only,"(42.85017903, -72.58307604)"
5281,VT0130200,12BB00761,01/30/2012,VT 9 (Western Ave),Brattleboro,NO DATA,9,NO DATA,NO DATA,Williams Street,NO DATA,NO DATA,30,1 - Rear End,NO DATA,004-93-204,000-38-888,NO DATA,NO DATA,NO DATA,State System (State Highways and Class I TH links),VT-9,5.68,V009-1302,LRS,Injury,"(42.85017903, -72.58307604)"
5282,VT0130200,12BB04212,06/08/2012,VT-9 (480 Western Ave),Brattleboro,NO DATA,NO DATA,NO DATA,NO DATA,Orchard St,150,Feet,30,1 - Rear End,West,NO DATA,NO DATA,NO DATA,NO DATA,NO DATA,State System (State Highways and Class I TH links),VT-9,5.62,V009-1302,LRS,Property Damage Only,"(42.85011378, -72.58426587)"
5283,VT0130200,12BB01700,03/07/2012,VT-9 Western Ave,Brattleboro,NO DATA,NO DATA,NO DATA,NO DATA,Guilford St,NO DATA,NO DATA,30,"10 - Left Turn and Thru, Angle Broadside -->v--",NO DATA,004-92-007,000-39-137,NO DATA,NO DATA,NO DATA,State System (State Highways and Class I TH links),VT-9,5.54,V009-1302,LRS,Property Damage Only,"(42.85013725, -72.58584492)"
5284,VT0130200,12BB01403,02/04/2012,VT 9 (Western Ave),Brattleboro,NO DATA,9,NO DATA,NO DATA,Guilford St,NO DATA,NO DATA,25,1 - Rear End,East,004-92-977,000-38-889,NO DATA,NO DATA,NO DATA,State System (State Highways and Class I TH links),VT-9,5.53,V009-1302,LRS,Property Damage Only,"(42.85017448, -72.58603714)"
5285,VTVSP0800,12B203881,11/14/2012,VT-5A,Westmore,NO DATA,5A,NO DATA,NO DATA,VT RT 16,0,Miles,35,6 - Single Vehicle Crash,South,486604,253320,NO DATA,NO DATA,NO DATA,State System (State Highways and Class I TH links),VT-5A,6.57,V005A1019,LRS,Property Damage Only,"(44.77982261, -72.06847619)"
5292,VT0130200,12BB06686,08/30/2012,VT-9 Western Ave,Brattleboro,NO DATA,NO DATA,NO DATA,NO DATA,736 Western Ave,NO DATA,NO DATA,30,NO DATA,NO DATA,004-59-898,001-66-762,NO DATA,NO DATA,NO DATA,State System (State Highways and Class I TH links),VT-9,5.15,V009-1302,LRS,Property Damage Only,"(42.85114908, -72.59339927)"
5293,VTVSP0800,12B200052,01/07/2012,1051 VT RTE 5A,Westmore,NO DATA,5A,NO DATA,NO DATA,Route 16,2,Miles,35,6 - Single Vehicle Crash,South,534562,253201,NO DATA,NO DATA,NO DATA,State System (State Highways and Class I TH links),VT-5A,6.19,V005A1019,LRS,Injury,"(44.77729602, -72.06200159)"
5294,VT0130200,12BB07148,09/15/2012,VT-9 (790 Western Ave),Brattleboro,NO DATA,NO DATA,NO DATA,NO DATA,Melrose St,NO DATA,NO DATA,30,1 - Rear End,NO DATA,004-92-296,000-39-021,NO DATA,NO DATA,NO DATA,State System (State Highways and Class I TH links),VT-9,5.04,V009-1302,LRS,Property Damage Only,"(42.85157453, -72.59550855)"
5295,VT0130200,12BB03427,05/11/2012,VT-9 (860 Western Ave),Brattleboro,NO DATA,NO DATA,NO DATA,NO DATA,NO DATA,NO DATA,NO DATA,30,1 - Rear End,NO DATA,004-92-091,000-39-089,NO DATA,NO DATA,NO DATA,State System (State Highways and Class I TH links),VT-9,4.94,V009-1302,LRS,Injury,"(42.85211331, -72.59735531)"
5296,VT0130200,12BB01611,03/03/2012,VT 9┬á (870 Western Ave),Brattleboro,NO DATA,9,NO DATA,NO DATA,Academy School,15,Feet,30,3 - Same Direction Sideswipe,NO DATA,004-91-991,000-39-146,NO DATA,NO DATA,NO DATA,State System (State Highways and Class I TH links),VT-9,4.91,V009-1302,LRS,Property Damage Only,"(42.85231553, -72.59788443)"
5297,VT0130200,12BB03525,05/15/2012,VT-9 Western Ave,Brattleboro,NO DATA,NO DATA,NO DATA,NO DATA,South Street,NO DATA,NO DATA,35,1 - Rear End,NO DATA,004-95-327,000-42-559,NO DATA,NO DATA,NO DATA,State System (State Highways and Class I TH links),VT-9,4.75,V009-1302,LRS,Property Damage Only,"(42.85367260, -72.60045023)"
5298,VT0130200,12BB07657,10/06/2012,VT-9 (1020 Western Ave),Brattleboro,NO DATA,NO DATA,NO DATA,NO DATA,Greenleaf St,NO DATA,NO DATA,30,7 - Other - Explain in Narrative,NO DATA,004-91-682,000-39-550,NO DATA,NO DATA,NO DATA,State System (State Highways and Class I TH links),VT-9,4.61,V009-1302,LRS,Injury,"(42.85547124, -72.60169979)"
5304,VT0130200,12BB06728,08/31/2012,VT-9 Western Ave,Brattleboro,NO DATA,NO DATA,NO DATA,NO DATA,Stockwell Drive,NO DATA,NO DATA,30,NO DATA,West,004-91-510,000-39-876,NO DATA,NO DATA,NO DATA,State System (State Highways and Class I TH links),VT-9,4.35,V009-1302,LRS,Property Damage Only,"(42.85889262, -72.60376653)"
5305,VT0130200,12BB02164,03/24/2012,VT 9 (Western Ave),Brattleboro,NO DATA,9,NO DATA,NO DATA,Stockwell Drive,NO DATA,NO DATA,30,1 - Rear End,NO DATA,004-91-581,000-39-867,NO DATA,NO DATA,NO DATA,State System (State Highways and Class I TH links),VT-9,4.34,V009-1302,LRS,Property Damage Only,"(42.85902636, -72.60384013)"
5306,VT0130200,12BB01767,03/09/2012,VT-9 Marlboro Rd,Brattleboro,NO DATA,NO DATA,NO DATA,NO DATA,Edwards Heights,NO DATA,NO DATA,40,NO DATA,West,004-91-334,000-40-093,NO DATA,NO DATA,NO DATA,State System (State Highways and Class I TH links),VT-9,4.18,V009-1302,LRS,Property Damage Only,"(42.86073242, -72.60589482)"
5307,VT0130200,12BB03269,05/05/2012,VT-9 Marlboro Rd,Brattleboro,NO DATA,NO DATA,NO DATA,NO DATA,Edward Heights,NO DATA,NO DATA,35,7 - Other - Explain in Narrative,NO DATA,004-95-328,000-42-557,NO DATA,NO DATA,NO DATA,State System (State Highways and Class I TH links),VT-9,4.18,V009-1302,LRS,Property Damage Only,"(42.86073242, -72.60589482)"
5308,VT0130200,12BB01660,03/05/2012,VT 9 (861 Western Ave),Brattleboro,NO DATA,9,NO DATA,NO DATA,Academy School,NO DATA,NO DATA,30,1 - Rear End,NO DATA,004-92-007,000-39-137,NO DATA,NO DATA,NO DATA,State System (State Highways and Class I TH links),VT-9,4.16,V009-1302,LRS,Injury,"(42.86093722, -72.60617428)"
5309,VT0130200,12BB09464,12/16/2012,VT-9 (112 Marlboro Rd),Brattleboro,NO DATA,NO DATA,NO DATA,NO DATA,NO DATA,NO DATA,NO DATA,30,4 - Opp Direction Sideswipe,NO DATA,004-91-129,000-40-376,NO DATA,NO DATA,NO DATA,State System (State Highways and Class I TH links),VT-9,4.01,V009-1302,LRS,Property Damage Only,"(42.86280549, -72.60767378)"
5310,VT0130200,12BB08769,11/19/2012,VT-9 (157 Marlboro Rd),Brattleboro,NO DATA,NO DATA,NO DATA,NO DATA,Discount Liquors,NO DATA,NO DATA,40,1 - Rear End,NO DATA,004-91-350,000-40-069,NO DATA,NO DATA,NO DATA,State System (State Highways and Class I TH links),VT-9,3.87,V009-1302,LRS,Injury,"(42.86406637, -72.60983850)"