ID,Reporting Agency,Report Number,Date,Street Address,Town,Number,Number1,Number2,Number3,Intersection,Distance From Intersection,Distance Unit,Posted Speed,Direction of Collision,Direction from Intersection,Easting,Northing,Mile Marker,Mile Marker 1,Mile Marker 2,AOT Roadway,AOT Route,AOT Actual Mile,LRS Number,How Mapped,Crash Type,Location 1
5316,VT0130200,12BB03317,05/07/2012,VT-9 (852 Marlboro Rd),Brattleboro,NO DATA,NO DATA,NO DATA,NO DATA,Brattleboro Vet Clinic,NO DATA,NO DATA,40,1 - Rear End,NO DATA,004-88-300,004-41-268,NO DATA,NO DATA,NO DATA,State System (State Highways and Class I TH links),VT-9,2.55,V009-1302,LRS,Injury,"(42.86772873, -72.63471814)"
5317,VT0130200,12BB07151,09/15/2012,VT-9 Marlboro Rd,Brattleboro,NO DATA,9,NO DATA,NO DATA,Town Line Near Cider Mill Hill,1,Miles,50,3 - Same Direction Sideswipe,West,004-88-399,000-41-268,NO DATA,NO DATA,NO DATA,State System (State Highways and Class I TH links),VT-9,2.13,V009-1302,LRS,Property Damage Only,"(42.87116746, -72.64152969)"
5318,VT0130200,12BB00302,01/13/2012,VT-9 Marlboro Rd,Brattleboro,NO DATA,NO DATA,NO DATA,NO DATA,Stark Rd,NO DATA,NO DATA,50,1 - Rear End,NO DATA,004-87-391,000-41-285,NO DATA,NO DATA,NO DATA,State System (State Highways and Class I TH links),VT-9,1.41,V009-1302,LRS,Property Damage Only,"(42.87065960, -72.65530769)"
5319,VT0130200,12BB00680,01/27/2012,VT-9 Marlboro Rd,Brattleboro,NO DATA,NO DATA,NO DATA,NO DATA,Stark Rd,NO DATA,NO DATA,50,6 - Single Vehicle Crash,NO DATA,004-87-019,000-41-385,NO DATA,NO DATA,NO DATA,State System (State Highways and Class I TH links),VT-9,1.41,V009-1302,LRS,Property Damage Only,"(42.87065960, -72.65530769)"
5320,VTVSP0900,12C303834,12/21/2012,VT-9 (6692 VT Rt 9),Woodford,NO DATA,9,NO DATA,NO DATA,Honeysuckle Lane,100,Feet,50,6 - Single Vehicle Crash,West,454208,43848,90,217,680,State System (State Highways and Class I TH links),VT-9,6.49,V009-0217,LRS,Property Damage Only,"(42.89321188, -73.06102341)"
5321,VTVSP0900,12C302758,09/10/2012,VT-9 (4951 Vt Rt 9),Woodford,NO DATA,9,NO DATA,NO DATA,4951 Vt Rt 9,30,Feet,50,3 - Same Direction Sideswipe,East,452479,41922,90,217,525,State System (State Highways and Class I TH links),VT-9,4.76,V009-0217,LRS,Property Damage Only,"(42.87473931, -73.08232055)"
5322,VTVSP0900,12C300260,01/27/2012,VT-9 (4701 VT RT 9),Woodford,NO DATA,9,NO DATA,NO DATA,City Stream Rd,200,Feet,50,6 - Single Vehicle Crash,West,452218,41687,NO DATA,NO DATA,NO DATA,State System (State Highways and Class I TH links),VT-9,4.61,V009-0217,LRS,Property Damage Only,"(42.87431833, -73.08516244)"
5329,VTVSP0900,12C302339,08/04/2012,VT-9 (1543 VT RT 9),Woodford,NO DATA,9,NO DATA,NO DATA,Old Harbor Rd,1000,Feet,50,6 - Single Vehicle Crash,East,448703,44189,90,1543,217,State System (State Highways and Class I TH links),VT-9,1.56,V009-0217,LRS,Property Damage Only,"(42.89569632, -73.12736343)"
5330,VTVSP0900,12C302557,08/23/2012,VT-9 (1448 Vt Rt 9),Woodford,NO DATA,9,NO DATA,NO DATA,Harbour Road,50,Feet,30,6 - Single Vehicle Crash,East,448641,44193,90,217,80,State System (State Highways and Class I TH links),VT-9,1.44,V009-0217,LRS,Property Damage Only,"(42.89645743, -73.12931796)"
5331,VTVSP0900,12C303775,12/16/2012,3000 Vt Rt 9,Searsburg,NO DATA,NO DATA,9,NO DATA,Lind Lane,50,Feet,50,6 - Single Vehicle Crash,East,463555,42264,90,213,300,State System (State Highways and Class I TH links),VT-9,4.48,V009-0212,LRS,Property Damage Only,"(42.87477620, -72.94531167)"
5332,VTVSP0900,12C300517,02/24/2012,1358 VT RT 9,Searsburg,NO DATA,9,NO DATA,NO DATA,Somerset Rd,1,Miles,50,3 - Same Direction Sideswipe,West,462977,43490,90,212,320,State System (State Highways and Class I TH links),VT-9,3.35,V009-0212,LRS,Property Damage Only,"(42.88970785, -72.95232451)"
5333,VTVSP0900,12C300518,02/24/2012,1358 VT RT 9,Searsburg,NO DATA,9,NO DATA,NO DATA,Somerset Rd,1,Miles,50,3 - Same Direction Sideswipe,West,462992,43490,90,212,320,State System (State Highways and Class I TH links),VT-9,3.35,V009-0212,LRS,Property Damage Only,"(42.88970785, -72.95232451)"
5334,VTVSP0900,12C300519,02/24/2012,1358 Vt Rt 9,Searsburg,NO DATA,9,NO DATA,NO DATA,Somerset Rd,1,Miles,50,6 - Single Vehicle Crash,West,462992,43490,90,212,320,State System (State Highways and Class I TH links),VT-9,3.35,V009-0212,LRS,Property Damage Only,"(42.88970785, -72.95232451)"
5335,VTVSP0900,12C300006,01/01/2012,1446 VT RT 9,Searsburg,NO DATA,9,NO DATA,NO DATA,VT RT 8,1,Miles,50,6 - Single Vehicle Crash,East,462073,44184,90,212,1108,State System (State Highways and Class I TH links),VT-9,2.57,V009-0212,LRS,Property Damage Only,"(42.89706785, -72.96273866)"
5336,VTVSP0900,12C300329,02/03/2012,1400 VT RT 9,Searsburg,NO DATA,9,NO DATA,NO DATA,VT RT 8,0,Miles,50,6 - Single Vehicle Crash,East,461483,43933,90,212,178,State System (State Highways and Class I TH links),VT-9,2.15,V009-0212,LRS,Property Damage Only,"(42.89493418, -72.97040888)"
5343,VT0020100,12BN08792,12/15/2012,VT-9 (815 Main Street),Bennington,NO DATA,NO DATA,NO DATA,NO DATA,Driveway,NO DATA,NO DATA,99,4 - Opp Direction Sideswipe,NO DATA,444270,42338,NO DATA,NO DATA,NO DATA,State System (State Highways and Class I TH links),VT-9,5.17,V009-0202,LRS,Property Damage Only,"(42.87936064, -73.18193530)"
5344,VT0020100,12BN08084,11/16/2012,VT-9 (806 Main Street),Bennington,NO DATA,NO DATA,NO DATA,NO DATA,Bradford Street,100,Feet,30,5 - Rear-to-rear,East,444212,42361,NO DATA,NO DATA,NO DATA,State System (State Highways and Class I TH links),VT-9,5.15,V009-0202,LRS,Property Damage Only,"(42.87931723, -73.18235582)"
5345,VT0020100,12BN07370,10/18/2012,VT-9 Main Street,Bennington,NO DATA,NO DATA,NO DATA,NO DATA,807 Main Street,NO DATA,NO DATA,25,1 - Rear End,NO DATA,444263,42361,NO DATA,NO DATA,NO DATA,State System (State Highways and Class I TH links),VT-9,5.14,V009-0202,LRS,Property Damage Only,"(42.87929544, -73.18256607)"
5346,VT0020100,12BN05045,07/24/2012,VT-9 Main Street,Bennington,NO DATA,9,NO DATA,NO DATA,Bradford Street,NO DATA,NO DATA,30,"10 - Left Turn and Thru, Angle Broadside -->v--",NO DATA,444164,42361,NO DATA,NO DATA,NO DATA,State System (State Highways and Class I TH links),VT-9,5.08,V009-0202,LRS,Property Damage Only,"(42.87916306, -73.18382721)"
5347,VT0020100,12BN04896,07/19/2012,VT-9 Main Street,Bennington,NO DATA,9,NO DATA,NO DATA,Bradford Street,NO DATA,NO DATA,25,"12 - Left Turn and Thru, Same Direction Sideswipe/Angle Crash vv--",NO DATA,444178,42350,NO DATA,NO DATA,NO DATA,State System (State Highways and Class I TH links),VT-9,5.08,V009-0202,LRS,Property Damage Only,"(42.87916306, -73.18382721)"
5348,VT0020100,12BN06184,09/01/2012,VT-9 (735 Main Street),Bennington,NO DATA,9,NO DATA,NO DATA,NO DATA,NO DATA,NO DATA,30,3 - Same Direction Sideswipe,NO DATA,444006,42321,NO DATA,NO DATA,NO DATA,State System (State Highways and Class I TH links),VT-9,5.01,V009-0202,LRS,Property Damage Only,"(42.87901100, -73.18529891)"
5349,VT0020100,12BN08588,12/06/2012,VT-9 Main Street,Bennington,NO DATA,9,NO DATA,NO DATA,Morgan Street,NO DATA,NO DATA,30,1 - Rear End,NO DATA,443880,42294,NO DATA,NO DATA,NO DATA,State System (State Highways and Class I TH links),VT-9,4.94,V009-0202,LRS,Property Damage Only,"(42.87880315, -73.18667759)"
5367,VT0020100,12BN05733,08/16/2012,VT-9 Main Street,Bennington,NO DATA,NO DATA,NO DATA,NO DATA,Hoisington Realty,75,Feet,99,"8 - No Turns, Thru moves only, Broadside ^<",North,443266,42234,NO DATA,NO DATA,NO DATA,State System (State Highways and Class I TH links),VT-9,4.54,V009-0202,LRS,Property Damage Only,"(42.87810508, -73.19413807)"
5368,VT0020100,12BN07118,10/07/2012,VT-9 (500 Main Street),Bennington,NO DATA,NO DATA,NO DATA,NO DATA,NO DATA,NO DATA,NO DATA,25,"18 - Right Turn and Thru, Broadside ^<--",NO DATA,443222,42246,NO DATA,NO DATA,NO DATA,State System (State Highways and Class I TH links),VT-9,4.51,V009-0202,LRS,Property Damage Only,"(42.87814847, -73.19477008)"
5369,VT0020100,12BN06984,10/02/2012,VT-9 (500 Main Street),Bennington,NO DATA,9,NO DATA,NO DATA,Near Bank North,NO DATA,NO DATA,25,3 - Same Direction Sideswipe,NO DATA,443207,42252,NO DATA,NO DATA,NO DATA,State System (State Highways and Class I TH links),VT-9,4.51,V009-0202,LRS,Property Damage Only,"(42.87814847, -73.19477008)"
5370,VT0020100,12BN05383,08/04/2012,VT-9 (467 Main Street),Bennington,NO DATA,NO DATA,NO DATA,NO DATA,School Street,15,Feet,25,1 - Rear End,East,443255,42253,NO DATA,NO DATA,NO DATA,State System (State Highways and Class I TH links),VT-9,4.5,V009-0202,LRS,Property Damage Only,"(42.87816531, -73.19498045)"
5371,VTVSP0800,12B204016,11/26/2012,VT RT 5A,Brownington,NO DATA,NO DATA,5A,NO DATA,VT RT 58,1,Feet,50,3 - Same Direction Sideswipe,North,532974,255142,NO DATA,NO DATA,NO DATA,State System (State Highways and Class I TH links),VT-5A,0.72,V005A1003,LRS,Property Damage Only,"(44.79572311, -72.08335456)"
5372,VT0020100,12BN03958,06/14/2012,VT-9 Main Street,Bennington,NO DATA,9,NO DATA,NO DATA,North Street,125,Feet,25,3 - Same Direction Sideswipe,East,443080,42262,NO DATA,NO DATA,NO DATA,State System (State Highways and Class I TH links),VT-9,4.42,V009-0202,LRS,Property Damage Only,"(42.87829341, -73.19666308)"
5373,VT0020100,12BN01770,03/21/2012,VT-9 Main Street,Bennington,NO DATA,NO DATA,NO DATA,NO DATA,North Street,NO DATA,NO DATA,25,3 - Same Direction Sideswipe,NO DATA,443052,42299,NO DATA,NO DATA,NO DATA,State System (State Highways and Class I TH links),VT-9,4.4,V009-0202,LRS,Property Damage Only,"(42.87836806, -73.19707386)"
5380,VT0020100,12BN03107,05/14/2012,VT-9 Main Street,Bennington,NO DATA,NO DATA,NO DATA,NO DATA,Depot Street,NO DATA,Feet,25,"8 - No Turns, Thru moves only, Broadside ^<",NO DATA,442889,42379,NO DATA,NO DATA,NO DATA,State System (State Highways and Class I TH links),VT-9,4.27,V009-0202,LRS,Property Damage Only,"(42.87942572, -73.19913394)"
5381,VT0020100,12BN00345,01/16/2012,VT-9 Main Street,Bennington,NO DATA,NO DATA,NO DATA,NO DATA,Washington Avenue,10,Feet,25,"18 - Right Turn and Thru, Broadside ^<--",East,443894,42366,NO DATA,NO DATA,NO DATA,State System (State Highways and Class I TH links),VT-9,4.27,V009-0202,LRS,Property Damage Only,"(42.87942572, -73.19913394)"
5382,VT0020100,12BN06558,09/14/2012,VT-9 Main Street,Bennington,NO DATA,NO DATA,NO DATA,NO DATA,Depot Street,NO DATA,NO DATA,25,3 - Same Direction Sideswipe,NO DATA,442890,42360,NO DATA,NO DATA,NO DATA,State System (State Highways and Class I TH links),VT-9,4.27,V009-0202,LRS,Property Damage Only,"(42.87942572, -73.19913394)"
5383,VT0020100,12BN04055,06/18/2012,VT-9 Main Street,Bennington,NO DATA,9,NO DATA,NO DATA,Benmont Avenue,NO DATA,NO DATA,30,"8 - No Turns, Thru moves only, Broadside ^<",NO DATA,442643,42510,NO DATA,NO DATA,NO DATA,State System (State Highways and Class I TH links),VT-9,4.07,V009-0202,LRS,Injury,"(42.88075500, -73.20254574)"
5384,VT0020100,12BN02419,04/17/2012,VT 9 (Main Street),Bennington,NO DATA,9,NO DATA,NO DATA,Benmont Avenue,NO DATA,NO DATA,30,1 - Rear End,NO DATA,442620,42530,NO DATA,NO DATA,NO DATA,State System (State Highways and Class I TH links),VT-9,4.07,V009-0202,LRS,Property Damage Only,"(42.88075500, -73.20254574)"
5385,VT0020100,12BN08743,12/13/2012,VT-9 Main Street,Bennington,NO DATA,NO DATA,NO DATA,NO DATA,Harrison Avenue,NO DATA,NO DATA,30,"20 - Right Turn and Thru, Angle Broadside -->^--",NO DATA,442559,42548,NO DATA,NO DATA,NO DATA,State System (State Highways and Class I TH links),VT-9,4.02,V009-0202,LRS,Property Damage Only,"(42.88108400, -73.20340216)"
5392,VT0020100,12BN05305,08/01/2012,VT-9 West Road,Bennington,NO DATA,NO DATA,NO DATA,NO DATA,Jewitt Drive,150,Feet,50,6 - Single Vehicle Crash,West,438405,42210,NO DATA,NO DATA,NO DATA,State System (State Highways and Class I TH links),VT-9,1.21,V009-0202,LRS,Property Damage Only,"(42.87749839, -73.25470678)"
5393,VT0020100,12BN01166,02/24/2012,Route 9,Bennington,NO DATA,9,NO DATA,NO DATA,Woodford Line,45,Feet,50,1 - Rear End,East,446670,42728,NO DATA,NO DATA,NO DATA,State System (State Highways and Class I TH links),VT-9,0.01,V009-0202,LRS,Injury,"(42.87395187, -73.27686148)"
5394,VTVSP0900,12C302639,08/30/2012,200 VT RT 8,Searsburg,NO DATA,8,NO DATA,NO DATA,VT RT 9,0,Miles,50,6 - Single Vehicle Crash,South,461214,43682,80,212,210,State System (State Highways and Class I TH links),VT-8,2.2,V008-0212,LRS,Property Damage Only,"(42.88838791, -72.97310404)"
5395,VTVSP0900,12C303014,09/30/2012,6328 Vt Rt 7a,Sunderland,NO DATA,7A,NO DATA,NO DATA,Hill Farm Rd,NO DATA,NO DATA,45,1 - Rear End,North,449485,68598,71,215,127,State System (State Highways and Class I TH links),VT-7A,1.28,V007A0215,LRS,Injury,"(43.11606690, -73.12021874)"
5396,VTVSP0900,12C302257,07/30/2012,VT-7A (5055 VT RT 7A),Shaftsbury,NO DATA,7A,NO DATA,NO DATA,Hidden Valley Rd,25,Feet,50,1 - Rear End,North,443200,56106,NO DATA,NO DATA,NO DATA,State System (State Highways and Class I TH links),VT-7A,5.06,V007A0213,LRS,Property Damage Only,"(43.00337102, -73.19631486)"
5397,VTVSP0900,12C300656,03/10/2012,VT-7A (3400 VT RT 7A),Shaftsbury,NO DATA,7A,NO DATA,NO DATA,West Mountain Rd,100,Feet,50,6 - Single Vehicle Crash,South,442331,53762,71,213,340,State System (State Highways and Class I TH links),VT-7A,3.45,V007A0213,LRS,Property Damage Only,"(42.98183179, -73.20689813)"
5398,VTVSP0900,12C301723,06/21/2012,VT 7A (3342 VT RT 7A),Shaftsbury,NO DATA,7A,NO DATA,NO DATA,West Mountain Rd,900,Feet,50,6 - Single Vehicle Crash,South,442321,53503,71,213,353,State System (State Highways and Class I TH links),VT-7A,3.35,V007A0213,LRS,Injury,"(42.98037726, -73.20698486)"
5406,VT0020400,12MC02076,10/10/2012,VT-7A (5293 Main St),Manchester,NO DATA,7A,NO DATA,NO DATA,Barnumville Rd,500,Feet,25,1 - Rear End,South,455345,75524,NO DATA,NO DATA,NO DATA,State System (State Highways and Class I TH links),VT-7A,5.26,V007A0206,LRS,Property Damage Only,"(43.17857216, -73.04920293)"
5407,VT0020400,12MC01516,08/02/2012,VT-7A Main Street,Manchester,NO DATA,7A,NO DATA,NO DATA,Park Place,10,Feet,25,1 - Rear End,North,455106,75449,NO DATA,NO DATA,NO DATA,State System (State Highways and Class I TH links),VT-7A,5.1,V007A0206,LRS,Property Damage Only,"(43.17785021, -73.05238006)"
5408,VT0020400,12MC01752,08/31/2012,VT-7A (5036 Main St),Manchester,NO DATA,7A,NO DATA,NO DATA,Memorial Avenue,50,Feet,25,"20 - Right Turn and Thru, Angle Broadside -->^--",East,NO DATA,NO DATA,NO DATA,NO DATA,NO DATA,State System (State Highways and Class I TH links),VT-7A,5.02,V007A0206,LRS,Property Damage Only,"(43.17754402, -73.05398086)"
5409,VT0020400,12MC02112,10/14/2012,VT-7A (4940 Main Street),Manchester,NO DATA,NO DATA,NO DATA,NO DATA,Bonnet Street,NO DATA,NO DATA,25,3 - Same Direction Sideswipe,South,454800,75376,NO DATA,NO DATA,NO DATA,State System (State Highways and Class I TH links),VT-7A,4.93,V007A0206,LRS,Property Damage Only,"(43.17724784, -73.05571509)"
5410,VT0020400,12MC00198,01/30/2012,VT-7A Main Street & Depot Street,Manchester,NO DATA,NO DATA,NO DATA,NO DATA,NO DATA,50,Feet,25,6 - Single Vehicle Crash,East,456644,67170,NO DATA,NO DATA,NO DATA,State System (State Highways and Class I TH links),VT-7A,4.83,V007A0206,LRS,Property Damage Only,"(43.17637741, -73.05735769)"
5411,VTVSP0200,12B102216,07/12/2012,VT-5A/North Ridge Rd,Burke,NO DATA,5A,NO DATA,NO DATA,NO DATA,NO DATA,NO DATA,35,6 - Single Vehicle Crash,South,541095,238657,51,302,40,State System (State Highways and Class I TH links),VT-5A,0.39,V005A0302,LRS,Injury,"(44.64679967, -71.98210238)"
5418,VTVSP0300,12C100804,02/13/2012,VT-4A Main St,West Rutland,NO DATA,NO DATA,4A,NO DATA,Rt 4 Jug Handle/Entrance Ramp,NO DATA,NO DATA,40,"8 - No Turns, Thru moves only, Broadside ^<",NO DATA,456260,121636,NO DATA,NO DATA,NO DATA,State System (State Highways and Class I TH links),VT-4A,2.68,V004A1128,LRS,Injury,"(43.59376511, -73.04142914)"
5419,VT0020400,12MC02385,12/04/2012,VT-7A (4455 MAIN STREET),Manchester,NO DATA,7A,NO DATA,NO DATA,WAYS LANE,20,Feet,25,4 - Opp Direction Sideswipe,North,454211,74839,NO DATA,NO DATA,NO DATA,State System (State Highways and Class I TH links),VT-7A,4.46,V007A0206,LRS,Property Damage Only,"(43.17247829, -73.06284478)"
5420,VT0020400,12MC01371,07/13/2012,VT-7A (3088 Main Street),Manchester,NO DATA,NO DATA,NO DATA,NO DATA,Dellwood Cemetary,NO DATA,NO DATA,25,6 - Single Vehicle Crash,NO DATA,453382,72995,NO DATA,NO DATA,NO DATA,State System (State Highways and Class I TH links),VT-7A,3.1,V007A0206,LRS,Property Damage Only,"(43.15534270, -73.07352133)"
5421,VT0020400,12MC00175,01/26/2012,VT-7A Main Street,Manchester,NO DATA,NO DATA,NO DATA,NO DATA,Rocking Stone Lane,250,Feet,40,6 - Single Vehicle Crash,North,452111,72018,NO DATA,NO DATA,NO DATA,State System (State Highways and Class I TH links),VT-7A,2.05,V007A0206,LRS,Injury,"(43.14599450, -73.08900823)"
5422,VT0020400,12MC02028,10/02/2012,Vermont Route 7A,Manchester,NO DATA,NO DATA,NO DATA,NO DATA,Equinox Valley Nursery,NO DATA,NO DATA,45,1 - Rear End,NO DATA,451741,70627,NO DATA,NO DATA,NO DATA,State System (State Highways and Class I TH links),VT-7A,1.15,V007A0206,LRS,Property Damage Only,"(43.13355149, -73.09314751)"
5423,VT0020400,12MC02511,12/27/2012,VT-7A MAIN STREET,Manchester,NO DATA,7A,NO DATA,NO DATA,LIJOI TERRACE,55,Feet,50,2 - Head On,West,451195,69495,NO DATA,NO DATA,NO DATA,State System (State Highways and Class I TH links),VT-7A,0.4,V007A0206,LRS,Injury,"(43.12393012, -73.09979382)"
5424,VTVSP0900,12C300248,01/26/2012,200 VT RT 7A,Dorset,NO DATA,7A,NO DATA,NO DATA,Harmony Lane,NO DATA,NO DATA,50,1 - Rear End,NO DATA,457973,79437,71,203,20,State System (State Highways and Class I TH links),VT-7A,1.25,V007A0203,LRS,Property Damage Only,"(43.22750758, -73.01129862)"
5430,VT0020100,12BN02275,04/11/2012,VT 7A (Harwood Hill),Bennington,NO DATA,7A,NO DATA,NO DATA,Rice Lane,NO DATA,NO DATA,40,"8 - No Turns, Thru moves only, Broadside ^<",NO DATA,441936,46289,NO DATA,NO DATA,NO DATA,State System (State Highways and Class I TH links),VT-7A,1.71,V007A0202,LRS,Property Damage Only,"(42.91434267, -73.21115302)"
5431,VTVSP0300,12C106688,12/07/2012,VT-4A MAIN ST,West Rutland,1,NO DATA,NO DATA,NO DATA,WESTWAY MALL INTERSECTION,NO DATA,NO DATA,40,"16 - Right Turn and Thru, Same Direction Sideswipe/Angle Crash ^^--",NO DATA,456125,121615,NO DATA,NO DATA,NO DATA,State System (State Highways and Class I TH links),VT-4A,2.58,V004A1128,LRS,Property Damage Only,"(43.59346571, -73.04343887)"
5432,VT0020100,12BN08956,12/22/2012,VT-7A Harwood HIll Road,Bennington,NO DATA,7-A,NO DATA,NO DATA,Houghton Lane/Rice Lane,NO DATA,NO DATA,50,"12 - Left Turn and Thru, Same Direction Sideswipe/Angle Crash vv--",NO DATA,441927,46264,71,202,171,State System (State Highways and Class I TH links),VT-7A,1.71,V007A0202,LRS,Injury,"(42.91434267, -73.21115302)"
5433,VT0020100,12BN05559,08/10/2012,VT-7A Harwood HIll,Bennington,NO DATA,NO DATA,NO DATA,NO DATA,Houghton Lane,NO DATA,NO DATA,50,"8 - No Turns, Thru moves only, Broadside ^<",NO DATA,441932,45250,NO DATA,NO DATA,NO DATA,State System (State Highways and Class I TH links),VT-7A,1.71,V007A0202,LRS,Property Damage Only,"(42.91434267, -73.21115302)"
5434,VT0020100,12BN04780,07/14/2012,VT-7A (584 Harwood Hill),Bennington,NO DATA,7A,NO DATA,NO DATA,NO DATA,NO DATA,NO DATA,50,1 - Rear End,NO DATA,441848,45689,NO DATA,NO DATA,NO DATA,State System (State Highways and Class I TH links),VT-7A,1.4,V007A0202,LRS,Injury,"(42.90984558, -73.21142166)"
5435,VTVSP0300,12C102306,05/08/2012,VT-4A Main St.,West Rutland,1,NO DATA,NO DATA,NO DATA,Ross St,20,Feet,35,"14 - Left Turn and Thru, Broadside v<--",West,455915,121611,NO DATA,NO DATA,NO DATA,State System (State Highways and Class I TH links),VT-4A,2.46,V004A1128,LRS,Property Damage Only,"(43.59330720, -73.04580766)"
5436,VTVSP0200,12B100769,03/15/2012,VT-15 (1141 VT Route 15),Danville,NO DATA,15,NO DATA,NO DATA,1141 VT Route 15 Driveway,20,Feet,50,6 - Single Vehicle Crash,West,522576,212566,NO DATA,NO DATA,NO DATA,State System (State Highways and Class I TH links),VT-15,0.7,V015-0303,LRS,Injury,"(44.41294174, -72.21625086)"
5444,VTVSP1100,12D303066,07/17/2012,VT-14 (4160 VT14),Royalton,NO DATA,14,NO DATA,NO DATA,Bridge St,100,Feet,35,6 - Single Vehicle Crash,East,496344,146304,NO DATA,NO DATA,NO DATA,State System (State Highways and Class I TH links),VT-14,4.13,V014-1416,LRS,Injury,"(43.81750429, -72.54494778)"
5445,VTVSP1100,12D303042,07/15/2012,Vermont Route 14,Royalton,NO DATA,14,NO DATA,NO DATA,Gee Hill Rd & VT RT 14,NO DATA,Feet,35,1 - Rear End,East,496499,146707,NO DATA,NO DATA,NO DATA,State System (State Highways and Class I TH links),VT-14,3.91,V014-1416,LRS,Property Damage Only,"(43.82042162, -72.54373088)"
5446,VT0141100,12RY00576,05/31/2012,VT-14,Royalton,NO DATA,14,NO DATA,NO DATA,3590 VT Route 14,50,Feet,50,2 - Head On,North,496685,147150,NO DATA,NO DATA,NO DATA,State System (State Highways and Class I TH links),VT-14,3.58,V014-1416,LRS,Injury,"(43.82465976, -72.54113142)"
5447,VT0141100,12RY01161,11/09/2012,VT-14,Royalton,NO DATA,14,NO DATA,NO DATA,Avery Lane,100,Feet,50,1 - Rear End,South,499900,145181,NO DATA,NO DATA,NO DATA,State System (State Highways and Class I TH links),VT-14,0.89,V014-1416,LRS,Property Damage Only,"(43.80726437, -72.50151634)"
5448,VT0140300,12HF01603,05/16/2012,Vermont Route 14,Hartford,NO DATA,14,NO DATA,NO DATA,2591 Route 14,0,Miles,40,4 - Opp Direction Sideswipe,East,508548,131265,NO DATA,NO DATA,NO DATA,State System (State Highways and Class I TH links),VT-14,4.63,V014-1408,LRS,Property Damage Only,"(43.68436428, -72.39740088)"
5449,VT0140300,12HF00162,01/13/2012,Vermont Route 14,Hartford,NO DATA,14,NO DATA,NO DATA,Oakes Salvage,NO DATA,NO DATA,50,6 - Single Vehicle Crash,NO DATA,508524,131324,NO DATA,NO DATA,NO DATA,State System (State Highways and Class I TH links),VT-14,4.38,V014-1408,LRS,Property Damage Only,"(43.68172605, -72.39404655)"
5450,VT0140300,12HF02584,07/27/2012,Vermont Route 14,Hartford,NO DATA,14,NO DATA,NO DATA,Byron Hill Road,5,Feet,50,"8 - No Turns, Thru moves only, Broadside ^<",South,509965,130112,NO DATA,NO DATA,NO DATA,State System (State Highways and Class I TH links),VT-14,3.23,V014-1408,LRS,Injury,"(43.67111577, -72.37638050)"
5457,VTVSP1200,12A305043,11/24/2012,2830 VT 14N,East Montpelier,NO DATA,14,NO DATA,NO DATA,Factory ST,500,Feet,35,6 - Single Vehicle Crash,South,504022,200065,140,1207,556,State System (State Highways and Class I TH links),VT-14,5.26,V014-1207,LRS,Injury,"(44.30058553, -72.44971915)"
5458,VTVSP1200,12A304019,09/10/2012,RT 14 North,East Montpelier,NO DATA,14,NO DATA,NO DATA,Coburn RD,NO DATA,NO DATA,50,"14 - Left Turn and Thru, Broadside v<--",NO DATA,518175,185952,140,1207,465,State System (State Highways and Class I TH links),VT-14,4.65,V014-1207,LRS,Property Damage Only,"(44.29386263, -72.45721174)"
5459,VTVSP1200,12A301136,03/12/2012,VT 14,East Montpelier,NO DATA,14,NO DATA,NO DATA,Bragg Hill Road,300,Feet,50,1 - Rear End,North,502125,197833,140,1205,340,State System (State Highways and Class I TH links),VT-14,3.45,V014-1207,LRS,Property Damage Only,"(44.28110395, -72.47274310)"
5460,VTVSP1200,12A300194,01/12/2012,VT 14S,East Montpelier,NO DATA,14,NO DATA,NO DATA,US Route 2,NO DATA,NO DATA,35,1 - Rear End,NO DATA,500887,196449,140,1207,238,State System (State Highways and Class I TH links),VT-14,2.46,V014-1207,LRS,Property Damage Only,"(44.26824711, -72.48888458)"
5461,VTVSP1200,12A300391,01/23/2012,Vermont Route 14 S,East Montpelier,NO DATA,14,NO DATA,NO DATA,Fassett Road,175,Feet,50,6 - Single Vehicle Crash,South,501066,194644,140,1207,140,State System (State Highways and Class I TH links),VT-14,1.21,V014-1207,LRS,Injury,"(44.25241229, -72.48694597)"
5462,VT0120500,12BT01232,05/18/2012,VT-14 E Montpelier Rd,Barre Town,NO DATA,14,NO DATA,NO DATA,Sunbay Rd,20,Feet,50,6 - Single Vehicle Crash,South,005-00-882E,001-92-465N,NO DATA,NO DATA,NO DATA,State System (State Highways and Class I TH links),VT-14,3.83,V014-1202,LRS,Property Damage Only,"(44.23259513, -72.48885797)"
5463,VT0120500,12BT03346,12/18/2012,VT-14 E Montpelier Rd,Barre Town,NO DATA,14,NO DATA,NO DATA,Clark Rd,0,Miles,40,6 - Single Vehicle Crash,North,005-00-855E,001-91-904N,NO DATA,NO DATA,NO DATA,State System (State Highways and Class I TH links),VT-14,3.52,V014-1202,LRS,Injury,"(44.22821298, -72.48956040)"