ID,Reporting Agency,Report Number,Date,Street Address,Town,Number,Number1,Number2,Number3,Intersection,Distance From Intersection,Distance Unit,Posted Speed,Direction of Collision,Direction from Intersection,Easting,Northing,Mile Marker,Mile Marker 1,Mile Marker 2,AOT Roadway,AOT Route,AOT Actual Mile,LRS Number,How Mapped,Crash Type,Location 1
5470,VT0120500,12BT02409,08/31/2012,VT-14 S Barre Rd,Barre Town,NO DATA,14,NO DATA,NO DATA,Sterling Hill Rd,132,Feet,35,1 - Rear End,North,004-99-645E,001-86-355N,NO DATA,NO DATA,NO DATA,State System (State Highways and Class I TH links),VT-14,2.01,V014-1202,LRS,Injury,"(44.17753788, -72.50452170)"
5471,VT0120500,12BT03063,11/12/2012,VT-14 S Barre Rd,Barre Town,NO DATA,14,NO DATA,NO DATA,Bridge St,165,Feet,35,1 - Rear End,North,004-99-640E,001-86-373N,NO DATA,NO DATA,NO DATA,State System (State Highways and Class I TH links),VT-14,2,V014-1202,LRS,Property Damage Only,"(44.17741677, -72.50462973)"
5505,VT0120100,12BA00070,01/03/2012,VT 14 (S Main Street),Barre City,NO DATA,14,NO DATA,NO DATA,Dollar General,NO DATA,NO DATA,25,1 - Rear End,North,004-99-984,001-88-651,NO DATA,NO DATA,NO DATA,State System (State Highways and Class I TH links),VT-14,0.86,V014-1201,LRS,Property Damage Only,"(44.19272172, -72.50054913)"
5472,VT0120500,12BT02396,08/30/2012,VT-14 S Barre Rd,Barre Town,NO DATA,14,NO DATA,NO DATA,Sterling Hill Rd,NO DATA,NO DATA,35,"15 - Left Turns, Opposite Directions, Head On/Angle Crash --^v--",NO DATA,004-99-610E,001-86-303N,NO DATA,NO DATA,NO DATA,State System (State Highways and Class I TH links),VT-14,1.98,V014-1202,LRS,Injury,"(44.17717526, -72.50484734)"
5473,VT0120500,12BT01300,05/25/2012,VT-14 S Barre Rd,Barre Town,NO DATA,14,NO DATA,NO DATA,379 S Barre Rd,NO DATA,NO DATA,35,"14 - Left Turn and Thru, Broadside v<--",NO DATA,004-99-599E,001-86-306N,NO DATA,NO DATA,NO DATA,State System (State Highways and Class I TH links),VT-14,1.98,V014-1202,LRS,Property Damage Only,"(44.17717526, -72.50484734)"
5474,VT0120500,12BT02546,09/15/2012,VT-14 S Barre Rd,Barre Town,NO DATA,14,NO DATA,NO DATA,Bridge St,NO DATA,NO DATA,35,"10 - Left Turn and Thru, Angle Broadside -->v--",NO DATA,004-99-646E,001-86-363N,NO DATA,NO DATA,NO DATA,State System (State Highways and Class I TH links),VT-14,1.98,V014-1202,LRS,Property Damage Only,"(44.17717526, -72.50484734)"
5475,VT0120500,12BT00707,03/22/2012,VT-14 S Barre RD,Barre Town,NO DATA,14,NO DATA,NO DATA,Bridge St,NO DATA,NO DATA,35,1 - Rear End,NO DATA,004-99-594E,001-86-320N,NO DATA,NO DATA,NO DATA,State System (State Highways and Class I TH links),VT-14,1.98,V014-1202,LRS,Property Damage Only,"(44.17717526, -72.50484734)"
5481,VT0120500,12BT00057,01/07/2012,VT-14 S Barre Rd,Barre Town,NO DATA,14,NO DATA,NO DATA,Vt Rt 63/Middle Rd,5,Feet,35,3 - Same Direction Sideswipe,North,NO DATA,NO DATA,NO DATA,NO DATA,NO DATA,State System (State Highways and Class I TH links),VT-14,1.69,V014-1202,LRS,Property Damage Only,"(44.17342073, -72.50744328)"
5482,VT0120500,12BT02786,10/12/2012,VT-14 S Barre Rd,Barre Town,NO DATA,14,NO DATA,NO DATA,Middle Rd,NO DATA,NO DATA,35,1 - Rear End,NO DATA,NO DATA,NO DATA,NO DATA,NO DATA,NO DATA,State System (State Highways and Class I TH links),VT-14,1.68,V014-1202,LRS,Property Damage Only,"(44.17328524, -72.50751556)"
5483,VT0120500,12BT02635,09/25/2012,VT-14 S Barre Rd,Barre Town,NO DATA,14,NO DATA,NO DATA,Middle Rd,NO DATA,NO DATA,35,"10 - Left Turn and Thru, Angle Broadside -->v--",NO DATA,NO DATA,NO DATA,NO DATA,NO DATA,NO DATA,State System (State Highways and Class I TH links),VT-14,1.68,V014-1202,LRS,Property Damage Only,"(44.17328524, -72.50751556)"
5484,VT0120500,12BT02207,08/13/2012,VT-14 S Barre Rd,Barre Town,NO DATA,14,NO DATA,NO DATA,VT RT 63,300,Feet,35,6 - Single Vehicle Crash,South,NO DATA,NO DATA,NO DATA,NO DATA,NO DATA,State System (State Highways and Class I TH links),VT-14,1.63,V014-1202,LRS,Injury,"(44.17260551, -72.50786889)"
5485,VT0120500,12BT02292,08/21/2012,VT-14 S Barre Rd,Barre Town,NO DATA,14,NO DATA,NO DATA,Bond Auto,NO DATA,Miles,35,1 - Rear End,NO DATA,004-99-345E,001-85-788N,NO DATA,NO DATA,NO DATA,State System (State Highways and Class I TH links),VT-14,1.59,V014-1202,LRS,Property Damage Only,"(44.17206236, -72.50815386)"
5486,VT0120500,12BT02728,10/05/2012,VT-14 S Barre Rd,Barre Town,NO DATA,14,NO DATA,NO DATA,885 S Barre Rd,NO DATA,NO DATA,40,"14 - Left Turn and Thru, Broadside v<--",NO DATA,004-98-962E,001-84-458N,NO DATA,NO DATA,NO DATA,State System (State Highways and Class I TH links),VT-14,0.77,V014-1202,LRS,Injury,"(44.16064373, -72.51276402)"
5487,VT0120500,12BT02976,11/02/2012,VT-14 S Barre Rd,Barre Town,NO DATA,14,NO DATA,NO DATA,Leo Dr,NO DATA,NO DATA,40,1 - Rear End,NO DATA,004-98-479E,001-83-720N,NO DATA,NO DATA,NO DATA,State System (State Highways and Class I TH links),VT-14,0.17,V014-1202,LRS,Property Damage Only,"(44.15367402, -72.51896188)"
5493,VT0120100,12BA07466,10/19/2012,VT-14 (9 Maple Ave),Barre City,NO DATA,NO DATA,NO DATA,NO DATA,NO DATA,NO DATA,NO DATA,25,"8 - No Turns, Thru moves only, Broadside ^<",NO DATA,004-99-419,001-89-170,NO DATA,NO DATA,NO DATA,State System (State Highways and Class I TH links),VT-14,1.23,V014-1201,LRS,Property Damage Only,"(44.20289087, -72.50715041)"
5494,VT0120100,12BA04283,06/21/2012,VT-14 Maple Ave,Barre City,NO DATA,NO DATA,NO DATA,NO DATA,N Main St,50,Feet,25,1 - Rear End,South,004-99-251,001-89-187,NO DATA,NO DATA,NO DATA,State System (State Highways and Class I TH links),VT-14,1.19,V014-1201,LRS,Property Damage Only,"(44.19732870, -72.50139346)"
5495,VT0120100,12BA00115,01/05/2012,VT-14 Maple Ave,Barre City,NO DATA,NO DATA,NO DATA,NO DATA,North Main St,1,Feet,25,7 - Other - Explain in Narrative,North,001-89-180,004-99-411,NO DATA,NO DATA,NO DATA,State System (State Highways and Class I TH links),VT-14,1.19,V014-1201,LRS,Injury,"(44.19732870, -72.50139346)"
5496,VT0120100,12BA03266,05/17/2012,VT-14 N MAIN ST,Barre City,NO DATA,NO DATA,NO DATA,NO DATA,PROSPECT ST,100,Feet,25,7 - Other - Explain in Narrative,North,004-99-950,001-88-506,NO DATA,NO DATA,NO DATA,State System (State Highways and Class I TH links),VT-14,1.15,V014-1201,LRS,Injury,"(44.19682815, -72.50146460)"
5497,VT0120100,12BA03893,06/07/2012,VT-14 S Main St,Barre City,NO DATA,NO DATA,NO DATA,NO DATA,Prospect St,50,Feet,25,1 - Rear End,West,004-99-905,001-88-436,NO DATA,NO DATA,NO DATA,State System (State Highways and Class I TH links),VT-14,1.13,V014-1201,LRS,Property Damage Only,"(44.19656563, -72.50139292)"
5498,VT0120100,12BA05591,08/06/2012,VT-14 S MAin St,Barre City,NO DATA,NO DATA,NO DATA,NO DATA,Prospect St,NO DATA,NO DATA,25,1 - Rear End,NO DATA,004-99-907,001-88-440,NO DATA,NO DATA,NO DATA,State System (State Highways and Class I TH links),VT-14,1.13,V014-1201,LRS,Property Damage Only,"(44.19656563, -72.50139292)"
5499,VT0120100,12BA00573,01/27/2012,VT-14 N Main St,Barre City,NO DATA,NO DATA,NO DATA,NO DATA,Prospect St,NO DATA,NO DATA,25,"14 - Left Turn and Thru, Broadside v<--",NO DATA,004-99-900,072-50-133,NO DATA,NO DATA,NO DATA,State System (State Highways and Class I TH links),VT-14,1.13,V014-1201,LRS,Property Damage Only,"(44.19656563, -72.50139292)"
5506,VT0120100,12BA01558,03/10/2012,VT-14 (107 South Main St),Barre City,NO DATA,NO DATA,NO DATA,NO DATA,Soap Opera Laundromat,1,Feet,25,3 - Same Direction Sideswipe,East,001-87-804,005-00-112,NO DATA,NO DATA,NO DATA,State System (State Highways and Class I TH links),VT-14,0.72,V014-1201,LRS,Property Damage Only,"(44.19102917, -72.49900599)"
5507,VT0120100,12BA04484,06/28/2012,115 South Main Street,Barre City,NO DATA,NO DATA,NO DATA,NO DATA,NO DATA,NO DATA,NO DATA,25,1 - Rear End,NO DATA,005-00-110,001-87-811,NO DATA,NO DATA,NO DATA,State System (State Highways and Class I TH links),VT-14,0.68,V014-1201,LRS,Property Damage Only,"(44.19055166, -72.49855574)"
5508,VT0120100,12BA03193,05/14/2012,VT-14 S Main St,Barre City,NO DATA,NO DATA,NO DATA,NO DATA,Mill St,150,Feet,25,1 - Rear End,North,005-00-083,001-87-629,NO DATA,NO DATA,NO DATA,State System (State Highways and Class I TH links),VT-14,0.62,V014-1201,LRS,Property Damage Only,"(44.18971508, -72.49831262)"
5509,VT0120100,12BA08886,12/24/2012,VT-14 S Main Street,Barre City,NO DATA,NO DATA,NO DATA,NO DATA,S Cumberland Farms,20,Feet,25,1 - Rear End,South,005-00-120,001-87-715,NO DATA,NO DATA,NO DATA,State System (State Highways and Class I TH links),VT-14,0.61,V014-1201,LRS,Property Damage Only,"(44.18957051, -72.49832468)"
5510,VT0120100,12BA07269,10/10/2012,VT-14 S Main Street,Barre City,NO DATA,NO DATA,NO DATA,NO DATA,South End Cumberland,NO DATA,NO DATA,25,1 - Rear End,NO DATA,005-00-141,001-87-729,NO DATA,NO DATA,NO DATA,State System (State Highways and Class I TH links),VT-14,0.61,V014-1201,LRS,Property Damage Only,"(44.18957051, -72.49832468)"
5511,VT0120100,12BA06592,09/11/2012,VT-14 (132 S Main Street),Barre City,NO DATA,NO DATA,NO DATA,NO DATA,Boynton Street,75,Feet,25,"18 - Right Turn and Thru, Broadside ^<--",NO DATA,005-00-141,001-87-729,NO DATA,NO DATA,NO DATA,State System (State Highways and Class I TH links),VT-14,0.61,V014-1201,LRS,Property Damage Only,"(44.18957051, -72.49832468)"
5518,VT0120100,12BA03154,05/13/2012,VT-14 South Main Street,Barre City,NO DATA,NO DATA,NO DATA,NO DATA,Quarry Hill Road,NO DATA,NO DATA,25,1 - Rear End,South,005-00-110,001-87-202,NO DATA,NO DATA,NO DATA,State System (State Highways and Class I TH links),VT-14,0.29,V014-1201,LRS,Injury,"(44.18497143, -72.49868083)"
5519,VT0120100,12BA06661,09/14/2012,VT-14 S. MAin St,Barre City,NO DATA,NO DATA,NO DATA,NO DATA,Parkside Terrace,300,Feet,25,1 - Rear End,North,005-00-064,001-86-992,NO DATA,NO DATA,NO DATA,State System (State Highways and Class I TH links),VT-14,0.19,V014-1201,LRS,Property Damage Only,"(44.18358912, -72.49924582)"
5520,VT0120100,12BA04721,07/06/2012,VT-14 South Main St,Barre City,NO DATA,NO DATA,NO DATA,NO DATA,Parkside Terrace,NO DATA,NO DATA,25,1 - Rear End,NO DATA,004-99-983,001-86-931,NO DATA,NO DATA,NO DATA,State System (State Highways and Class I TH links),VT-14,0.13,V014-1201,LRS,Property Damage Only,"(44.18290016, -72.49998109)"
5521,VT0120100,12BA02873,05/01/2012,VT-14 S Main St,Barre City,NO DATA,NO DATA,NO DATA,NO DATA,Parkside Terrace,NO DATA,NO DATA,25,1 - Rear End,NO DATA,005-00-035,001-87-003,NO DATA,NO DATA,NO DATA,State System (State Highways and Class I TH links),VT-14,0.13,V014-1201,LRS,Injury,"(44.18290016, -72.49998109)"
5522,VTVSP0800,12B201932,06/24/2012,VT-14,Irasburg,NO DATA,14,NO DATA,NO DATA,VT Rt 58,100,Feet,50,6 - Single Vehicle Crash,South,517459,255847,NO DATA,NO DATA,NO DATA,State System (State Highways and Class I TH links),VT-14,2.66,V014-1011,LRS,Injury,"(44.80318547, -72.27953048)"
5523,VTVSP0800,12B202184,07/14/2012,VT RT 14,Irasburg,NO DATA,14,NO DATA,NO DATA,4922 VT RT 14,NO DATA,NO DATA,40,"11 - Left Turn and Thru, Head On ^v--",North,517224,255567,NO DATA,NO DATA,NO DATA,State System (State Highways and Class I TH links),VT-14,2.43,V014-1011,LRS,Injury,"(44.80033338, -72.28200081)"
5524,VTVSP0800,12B201873,06/20/2012,RT 14,Craftsbury,NO DATA,14,NO DATA,NO DATA,West Hill Road,NO DATA,NO DATA,50,7 - Other - Explain in Narrative,West,509024,236239,NO DATA,NO DATA,NO DATA,State System (State Highways and Class I TH links),VT-14,2.19,V014-1006,LRS,Injury,"(44.62638116, -72.38620623)"
5531,VTVSP0800,12B201255,05/01/2012,VT-14,Albany,NO DATA,14,NO DATA,NO DATA,803 Main St,NO DATA,NO DATA,35,6 - Single Vehicle Crash,NO DATA,509564,247976,NO DATA,NO DATA,NO DATA,State System (State Highways and Class I TH links),VT-14,2.11,V014-1001,LRS,Property Damage Only,"(44.73146388, -72.37953661)"
5532,VTVSP0800,12B201604,05/30/2012,VT-14 (1206 Main Street),Albany,NO DATA,14,NO DATA,NO DATA,NO DATA,NO DATA,NO DATA,50,4 - Opp Direction Sideswipe,North,509204,247011,NO DATA,NO DATA,NO DATA,State System (State Highways and Class I TH links),VT-14,1.53,V014-1001,LRS,Injury,"(44.72361177, -72.38366557)"
5533,VTVSP1200,12A300317,01/18/2012,VT-14 (2557 VT 14),Williamstown,NO DATA,14,NO DATA,NO DATA,Pleasant ST,30,Feet,35,6 - Single Vehicle Crash,South,496685,179877,140,917,429,State System (State Highways and Class I TH links),VT-14,4.28,V014-0917,LRS,Injury,"(44.11931999, -72.54124254)"
5534,VTVSP1100,12D302231,06/04/2012,Vt 14 Bridge 38,Randolph,NO DATA,14,NO DATA,NO DATA,VT RT 14 At Bridge 38,NO DATA,Feet,50,6 - Single Vehicle Crash,North,495833,162301,NO DATA,NO DATA,NO DATA,State System (State Highways and Class I TH links),VT-14,6.36,V014-0909,LRS,Injury,"(43.96010977, -72.55160222)"
5535,VTVSP1100,12D300253,01/17/2012,VT-14/Chelsea Mnt Rd,Randolph,NO DATA,14,NO DATA,NO DATA,Vt Rt 14,NO DATA,NO DATA,35,6 - Single Vehicle Crash,NO DATA,495758,159634,NO DATA,NO DATA,NO DATA,State System (State Highways and Class I TH links),VT-14,4.66,V014-0909,LRS,Injury,"(43.93664943, -72.55265751)"
5536,VTVSP1100,12D300273,01/18/2012,VT-14 East Randolph,Randolph,NO DATA,14,NO DATA,NO DATA,NO DATA,NO DATA,NO DATA,50,6 - Single Vehicle Crash,NO DATA,495678,158216,140,909,380,State System (State Highways and Class I TH links),VT-14,4,V014-0909,LRS,Property Damage Only,"(43.92705507, -72.55311559)"
5537,VTVSP1100,12D305570,12/25/2012,Vt Rt 14,Randolph,NO DATA,14,NO DATA,NO DATA,Davis Road,150,Feet,50,2 - Head On,North,494602,155701,NO DATA,NO DATA,NO DATA,State System (State Highways and Class I TH links),VT-14,2.11,V014-0909,LRS,Property Damage Only,"(43.90214389, -72.56616291)"
5544,VT0030100,12HW01702,12/08/2012,VT-14 Craftsbury Rd,Hardwick,NO DATA,NO DATA,NO DATA,NO DATA,Vt Rt 15,500,Feet,35,6 - Single Vehicle Crash,North,509803,224426,NO DATA,NO DATA,NO DATA,State System (State Highways and Class I TH links),VT-14,0.61,V014-0305,LRS,Property Damage Only,"(44.49353109, -72.37591051)"
5545,VTVSP1200,12A305614,12/30/2012,VT-12A (5664 Roxbury RD),Roxbury,NO DATA,12A,NO DATA,NO DATA,5664 Roxbury Road,0,Miles,50,2 - Head On,North,480254,171200,121,1215,60,State System (State Highways and Class I TH links),VT-12A,0.56,V012A1215,LRS,Property Damage Only,"(44.04026129, -72.74985101)"
5546,VT0120300,12NF01999,11/24/2012,VT RT 12A,Northfield,NO DATA,12A,NO DATA,NO DATA,Beaudette Road,NO DATA,NO DATA,50,6 - Single Vehicle Crash,NO DATA,482220,179470,NO DATA,NO DATA,NO DATA,State System (State Highways and Class I TH links),VT-12A,0.16,V012A1213,LRS,Injury,"(44.11538926, -72.72199206)"
5547,VTVSP1100,12D305075,11/17/2012,Vt Rte 12a,Braintree,NO DATA,12A,NO DATA,NO DATA,Braintree Mountain Road,600,Feet,50,6 - Single Vehicle Crash,North,479733,165161,NO DATA,NO DATA,NO DATA,State System (State Highways and Class I TH links),VT-12A,5.57,V012A0902,LRS,Property Damage Only,"(43.98774534, -72.75250075)"
5548,VT0140500,12WK00194,02/03/2012,VT-12 Barnard Road,Woodstock,NO DATA,12,NO DATA,NO DATA,Pomfret Road,NO DATA,NO DATA,35,1 - Rear End,NO DATA,497951,126517,NO DATA,NO DATA,NO DATA,State System (State Highways and Class I TH links),VT-12,1.12,V012-1424,LRS,Property Damage Only,"(43.63832921, -72.52522175)"
5549,VT0140500,12WK00274,02/17/2012,VT-12 BARNARD ROAD,Woodstock,NO DATA,12,NO DATA,NO DATA,POMFRET ROAD; BASSETT FARM,500,Feet,35,1 - Rear End,South,436379,725755,NO DATA,NO DATA,NO DATA,State System (State Highways and Class I TH links),VT-12,1.01,V012-1424,LRS,Property Damage Only,"(43.63679869, -72.52440688)"
5550,VT0140500,12WK02006,11/18/2012,VT-12 Elm St/454 Woodstock Rd,Woodstock,NO DATA,NO DATA,NO DATA,NO DATA,Elm St And Old River Rd,10,Feet,25,1 - Rear End,East,NO DATA,NO DATA,NO DATA,NO DATA,NO DATA,State System (State Highways and Class I TH links),VT-12,0.56,V012-1424,LRS,Injury,"(43.63262880, -72.51748419)"
5557,VTVSP1100,12D303545,08/10/2012,"VT107, VT 12",Bethel,NO DATA,12,NO DATA,NO DATA,VT 107,75,Feet,25,"14 - Left Turn and Thru, Broadside v<--",West,489462,147558,NO DATA,NO DATA,NO DATA,State System (State Highways and Class I TH links),VT-12,1.42,V012-1404,LRS,Property Damage Only,"(43.82860555, -72.63079558)"
5558,VTVSP1100,12D300705,02/17/2012,RT 12,Barnard,NO DATA,12,NO DATA,NO DATA,RT 12 & Masterson Rd,50,Feet,50,2 - Head On,North,488741,142643,NO DATA,NO DATA,NO DATA,State System (State Highways and Class I TH links),VT-12,8.91,V012-1403,LRS,Injury,"(43.78361834, -72.63936038)"
5559,VTVSP1100,12D303426,08/04/2012,VT-12 (6134 Vermont Route 12),Barnard,NO DATA,12,NO DATA,NO DATA,Stage Rd/RT 12,100,Feet,30,6 - Single Vehicle Crash,South,490414,136431,NO DATA,NO DATA,NO DATA,State System (State Highways and Class I TH links),VT-12,4.76,V012-1403,LRS,Property Damage Only,"(43.72842661, -72.61893393)"
5560,VTVSP1100,12D300801,02/22/2012,Vt Rt 12,Barnard,NO DATA,12,NO DATA,NO DATA,Gulf Rd,NO DATA,NO DATA,50,6 - Single Vehicle Crash,North,490204,134528,NO DATA,NO DATA,NO DATA,State System (State Highways and Class I TH links),VT-12,3.69,V012-1403,LRS,Injury,"(43.71304427, -72.62331040)"
5561,VTVSP1200,12A302163,05/25/2012,VT-12 (1063 Elmore RD),Worcester,NO DATA,12,NO DATA,NO DATA,1063 Elmore Road,200,Feet,50,6 - Single Vehicle Crash,South,497342,214246,NO DATA,NO DATA,NO DATA,State System (State Highways and Class I TH links),VT-12,6.73,V012-1220,LRS,Injury,"(44.43663882, -72.53595182)"
5562,VTVSP1200,12A300770,02/20/2012,Vermont Route 12,Worcester,NO DATA,12,NO DATA,NO DATA,Calais Road,100,Feet,30,1 - Rear End,South,495990,208036,120,1120,180,State System (State Highways and Class I TH links),VT-12,1.65,V012-1220,LRS,Injury,"(44.37278921, -72.55036050)"
5563,VTVSP1200,12A304201,09/24/2012,VT-12 (177 Worcester Village RD),Worcester,NO DATA,NO DATA,NO DATA,NO DATA,Residence 177,0,Miles,50,6 - Single Vehicle Crash,North,495379,207073,120,1220,100,State System (State Highways and Class I TH links),VT-12,0.93,V012-1220,LRS,Injury,"(44.36417553, -72.55751592)"
5570,VT0120300,12NF02021,11/28/2012,VT-12 (233 N Main St),Northfield,NO DATA,NO DATA,NO DATA,NO DATA,Vine Street,NO DATA,NO DATA,30,3 - Same Direction Sideswipe,North,487539,183524,NO DATA,NO DATA,NO DATA,State System (State Highways and Class I TH links),VT-12,4.4,V012-1213,LRS,Injury,"(44.15209508, -72.65555098)"
5571,VT0120300,12NF01267,07/31/2012,VT-12 S Main Street,Northfield,NO DATA,NO DATA,NO DATA,NO DATA,Wall Street,50,Feet,30,1 - Rear End,North,004-87-491E,001-83-130N,NO DATA,NO DATA,NO DATA,State System (State Highways and Class I TH links),VT-12,4.17,V012-1213,LRS,Property Damage Only,"(44.14869107, -72.65618628)"
5572,VTVSP1200,12A300180,01/14/2012,VT-12 Main ST,Northfield,1,NO DATA,NO DATA,NO DATA,Kent Street,20,Feet,30,1 - Rear End,West,487500,183098,NO DATA,NO DATA,NO DATA,State System (State Highways and Class I TH links),VT-12,4.13,V012-1213,LRS,Property Damage Only,"(44.14810742, -72.65630245)"
5573,VT0120300,12NF01612,09/17/2012,VT-12 (246 S Main Street),Northfield,NO DATA,12,NO DATA,NO DATA,NO DATA,NO DATA,NO DATA,30,6 - Single Vehicle Crash,South,487469,182792,NO DATA,NO DATA,NO DATA,State System (State Highways and Class I TH links),VT-12,3.93,V012-1213,LRS,Property Damage Only,"(44.14521811, -72.65643895)"
5574,VT0120300,12NF00247,02/20/2012,VT-12 S Main St,Northfield,NO DATA,12,NO DATA,NO DATA,NO DATA,NO DATA,NO DATA,30,1 - Rear End,NO DATA,004-87-294E,001-81-910N,NO DATA,NO DATA,NO DATA,State System (State Highways and Class I TH links),VT-12,3.38,V012-1213,LRS,Property Damage Only,"(44.13740096, -72.65887325)"
5575,VT0120300,12NF02016,11/28/2012,VT-12 South Main St,Northfield,NO DATA,NO DATA,NO DATA,NO DATA,VT RT 12A,200,Feet,30,1 - Rear End,South,004-87-324E,001-81-666N,NO DATA,NO DATA,NO DATA,State System (State Highways and Class I TH links),VT-12,3.12,V012-1213,LRS,Property Damage Only,"(44.13378951, -72.65954670)"
5576,VT0120300,12NF00810,05/16/2012,VT-12 South Main St,Northfield,NO DATA,12,NO DATA,NO DATA,Winch View,NO DATA,NO DATA,40,"10 - Left Turn and Thru, Angle Broadside -->v--",North,004-87-295E,001-81-909N,NO DATA,NO DATA,NO DATA,State System (State Highways and Class I TH links),VT-12,2.89,V012-1213,LRS,Property Damage Only,"(44.13071494, -72.65834949)"
5583,VT0120200,418268,01/26/2012,VT-12 (493 Elm St.),Montpelier,NO DATA,NO DATA,NO DATA,NO DATA,NO DATA,NO DATA,NO DATA,0,"8 - No Turns, Thru moves only, Broadside ^<",NO DATA,NO DATA,NO DATA,NO DATA,NO DATA,NO DATA,State System (State Highways and Class I TH links),VT-12,2.14,V012-1211,LRS,Property Damage Only,"(44.27395126, -72.57307732)"
5584,VT0120200,1211-12-437481,12/21/2012,VT-12 Elm St.,Montpelier,NO DATA,12,NO DATA,NO DATA,Summer St.,NO DATA,NO DATA,25,"8 - No Turns, Thru moves only, Broadside ^<",NO DATA,494468,196348,NO DATA,NO DATA,NO DATA,State System (State Highways and Class I TH links),VT-12,1.65,V012-1211,LRS,Property Damage Only,"(44.26755482, -72.56901998)"
5585,VT0120200,1211-12-422420,04/11/2012,VT-12 (231 Elm St.),Montpelier,NO DATA,NO DATA,NO DATA,NO DATA,Winter St./231 Elm St.,100,Feet,25,7 - Other - Explain in Narrative,South,494376,196076,NO DATA,NO DATA,NO DATA,State System (State Highways and Class I TH links),VT-12,1.44,V012-1211,LRS,Property Damage Only,"(44.26501092, -72.57042432)"
5586,VT0120200,1211-12-433091,10/03/2012,VT-12 Elm St.,Montpelier,NO DATA,12,NO DATA,NO DATA,242 Elm St.,0,Miles,25,3 - Same Direction Sideswipe,South,494409,196110,NO DATA,NO DATA,NO DATA,State System (State Highways and Class I TH links),VT-12,1.37,V012-1211,LRS,Property Damage Only,"(44.26438049, -72.57152705)"
5587,VT0120200,1211-12-429690,08/08/2012,VT-12 Spring St.,Montpelier,NO DATA,NO DATA,NO DATA,NO DATA,Roundabout,60,Feet,25,3 - Same Direction Sideswipe,West,NO DATA,NO DATA,NO DATA,NO DATA,NO DATA,State System (State Highways and Class I TH links),VT-12,1.26,V012-1211,LRS,Property Damage Only,"(44.26330250, -72.57207652)"
5588,VT0120200,434500,10/27/2012,VT-12 (139 Main St.),Montpelier,NO DATA,NO DATA,NO DATA,NO DATA,NO DATA,NO DATA,NO DATA,25,3 - Same Direction Sideswipe,NO DATA,NO DATA,NO DATA,NO DATA,NO DATA,NO DATA,State System (State Highways and Class I TH links),VT-12,1.11,V012-1211,LRS,Property Damage Only,"(44.26181373, -72.57342268)"
5595,VT0120600,12BL00054,01/06/2012,VT RT 12,Berlin,NO DATA,12,NO DATA,NO DATA,M'S RV / 4913 VT RT 12,200,Feet,50,2 - Head On,North,NO DATA,NO DATA,NO DATA,NO DATA,NO DATA,State System (State Highways and Class I TH links),VT-12,4.91,V012-1203,LRS,Injury,"(44.22853247, -72.60790691)"
5596,VT0120600,12BL03130,12/18/2012,VT RT 12,Berlin,NO DATA,NO DATA,NO DATA,NO DATA,Rowel Hill Road,500,Feet,50,6 - Single Vehicle Crash,South,490042,191137,NO DATA,NO DATA,NO DATA,State System (State Highways and Class I TH links),VT-12,3.71,V012-1203,LRS,Property Damage Only,"(44.22023621, -72.62476002)"
5597,VT0120600,12BL01290,05/28/2012,VT Rte. 12,Berlin,NO DATA,12,NO DATA,NO DATA,Chase Brook Road,1,Miles,50,6 - Single Vehicle Crash,South,004-89-550E,001-89-972N,NO DATA,NO DATA,NO DATA,State System (State Highways and Class I TH links),VT-12,3.05,V012-1203,LRS,Property Damage Only,"(44.21158290, -72.62952652)"
5598,VT0120600,12BL02191,09/03/2012,VT-12 (2664 Vt Rt 12),Berlin,NO DATA,12,NO DATA,NO DATA,VT RT 12 & Chase Road,0,Miles,40,7 - Other - Explain in Narrative,North,NO DATA,NO DATA,NO DATA,NO DATA,NO DATA,State System (State Highways and Class I TH links),VT-12,2.65,V012-1203,LRS,Property Damage Only,"(44.20706074, -72.63435638)"
5599,VTVSP1100,12D300569,01/11/2012,Rt 12,Randolph,NO DATA,12,NO DATA,NO DATA,Peth Rd,300,Feet,50,6 - Single Vehicle Crash,South,487971,162121,120,909,480,State System (State Highways and Class I TH links),VT-12,4.95,V012-0909,LRS,Property Damage Only,"(43.95934243, -72.64992541)"
5600,VT0090100,12RD00039,01/12/2012,VT-12,Randolph,NO DATA,12,NO DATA,NO DATA,Windover Road,100,NO DATA,40,2 - Head On,North,NO DATA,NO DATA,NO DATA,NO DATA,NO DATA,State System (State Highways and Class I TH links),VT-12,3.4,V012-0909,LRS,Property Damage Only,"(43.93756933, -72.65437209)"
5601,VT0090100,12RD00496,06/01/2012,VT-12 Forest Street,Randolph,NO DATA,1,NO DATA,NO DATA,Randolph Union High School,100,Feet,25,6 - Single Vehicle Crash,South,NO DATA,NO DATA,NO DATA,NO DATA,NO DATA,State System (State Highways and Class I TH links),VT-12,2.77,V012-0909,LRS,Injury,"(43.93059681, -72.66132387)"
5608,VT0090100,12RD00777,08/16/2012,VT-12 South Main St,Randolph,NO DATA,12,NO DATA,NO DATA,GIFFORD Hospital,NO DATA,NO DATA,25,6 - Single Vehicle Crash,South,NO DATA,NO DATA,NO DATA,NO DATA,NO DATA,State System (State Highways and Class I TH links),VT-12,1.7,V012-0909,LRS,Property Damage Only,"(43.91717726, -72.66615984)"