ID,Reporting Agency,Report Number,Date,Street Address,Town,Number,Number1,Number2,Number3,Intersection,Distance From Intersection,Distance Unit,Posted Speed,Direction of Collision,Direction from Intersection,Easting,Northing,Mile Marker,Mile Marker 1,Mile Marker 2,AOT Roadway,AOT Route,AOT Actual Mile,LRS Number,How Mapped,Crash Type,Location 1
5609,VT0090100,12RD00613,07/04/2012,VT-12 (53 South M Ain St),Randolph,NO DATA,1,NO DATA,NO DATA,Gifford Medical Center,25,Feet,25,1 - Rear End,North,NO DATA,NO DATA,NO DATA,NO DATA,NO DATA,State System (State Highways and Class I TH links),VT-12,1.7,V012-0909,LRS,Injury,"(43.91717726, -72.66615984)"
5610,VTVSP1100,12D300767,02/20/2012,VT-12,Randolph,NO DATA,12,NO DATA,NO DATA,Tatro Hill Rd,0,Miles,40,6 - Single Vehicle Crash,North,486788,156900,NO DATA,NO DATA,NO DATA,State System (State Highways and Class I TH links),VT-12,1.39,V012-0909,LRS,Property Damage Only,"(43.91291328, -72.66449805)"
5611,VTVSP1100,12D303187,07/24/2012,VT12,Randolph,NO DATA,12,NO DATA,NO DATA,Dylan Dr,200,Feet,50,6 - Single Vehicle Crash,South,487159,156238,NO DATA,NO DATA,NO DATA,State System (State Highways and Class I TH links),VT-12,0.85,V012-0909,LRS,Property Damage Only,"(43.90600105, -72.65981097)"
5612,VT0080000,12LC02666,09/20/2012,VT-15 (51 Lower Main West),Johnson,NO DATA,NO DATA,NO DATA,NO DATA,NO DATA,NO DATA,NO DATA,25,1 - Rear End,NO DATA,485699,237208,NO DATA,NO DATA,NO DATA,State System (State Highways and Class I TH links),VT-15,4.05,V015-0806,LRS,Property Damage Only,"(44.63554233, -72.68016985)"
5613,VT0080000,12LC01807,06/30/2012,VT-15 (1445 Vt Rt 15),Johnson,NO DATA,15,NO DATA,NO DATA,Sleepy Hollow,0,Miles,50,1 - Rear End,West,486600,235723,NO DATA,NO DATA,NO DATA,State System (State Highways and Class I TH links),VT-15,5.42,V015-0806,LRS,Fatal,"(44.62175081, -72.66912350)"
5614,VT0080000,12LC01758,06/26/2012,Rt 15,Johnson,NO DATA,15,NO DATA,NO DATA,Railroad Street,100,Feet,25,1 - Rear End,West,485651,237291,NO DATA,NO DATA,NO DATA,State System (State Highways and Class I TH links),VT-15,4.02,V015-0806,LRS,Property Damage Only,"(44.63573354, -72.68071790)"
5621,VT0080000,12LC02877,10/11/2012,Vt Rt 15,Johnson,NO DATA,15,NO DATA,NO DATA,Wescom Road,200,Feet,35,6 - Single Vehicle Crash,West,484480,237334,NO DATA,NO DATA,NO DATA,State System (State Highways and Class I TH links),VT-15,3.33,V015-0806,LRS,Property Damage Only,"(44.63600634, -72.69441599)"
5622,VT0080000,12LC00322,02/08/2012,VT-15 (161 Vt Rt 15W),Johnson,NO DATA,15,NO DATA,NO DATA,Wescom Road,0,Miles,35,1 - Rear End,West,484495,237322,NO DATA,NO DATA,NO DATA,State System (State Highways and Class I TH links),VT-15,3.26,V015-0806,LRS,Property Damage Only,"(44.63615238, -72.69582600)"
5623,VT0080000,12LC00712,03/21/2012,Vt Rt 15,Johnson,NO DATA,15,NO DATA,NO DATA,Buggy Man Antiques,NO DATA,NO DATA,50,3 - Same Direction Sideswipe,West,483750,238062,NO DATA,NO DATA,NO DATA,State System (State Highways and Class I TH links),VT-15,2.56,V015-0806,LRS,Property Damage Only,"(44.64288121, -72.70546380)"
5624,VT0080000,12LC00144,01/17/2012,Vt Rt 15,Johnson,NO DATA,15,NO DATA,NO DATA,Hog Back Road,NO DATA,NO DATA,50,"14 - Left Turn and Thru, Broadside v<--",NO DATA,483359,238077,NO DATA,NO DATA,NO DATA,State System (State Highways and Class I TH links),VT-15,2.34,V015-0806,LRS,Injury,"(44.64286118, -72.70954401)"
5625,VT0080000,12LC000353,02/13/2012,VT-15 (1442 Vt Rt 15 W),Johnson,NO DATA,15,NO DATA,NO DATA,Hogback Road,0,Miles,50,"10 - Left Turn and Thru, Angle Broadside -->v--",West,482730,238061,NO DATA,NO DATA,NO DATA,State System (State Highways and Class I TH links),VT-15,1.98,V015-0806,LRS,Property Damage Only,"(44.64259936, -72.71709531)"
5626,VT0080000,12LC00086,01/11/2012,VT 15,Johnson,NO DATA,15,NO DATA,NO DATA,Johnson Farm & Garden,NO DATA,NO DATA,50,6 - Single Vehicle Crash,West,482974,238075,NO DATA,NO DATA,NO DATA,State System (State Highways and Class I TH links),VT-15,1.98,V015-0806,LRS,Property Damage Only,"(44.64259936, -72.71709531)"
5627,VT0080000,12LC01150,05/01/2012,1573 Vt Rt 15 W,Johnson,NO DATA,26,NO DATA,NO DATA,NO DATA,NO DATA,NO DATA,50,6 - Single Vehicle Crash,East,482548,238043,NO DATA,NO DATA,NO DATA,State System (State Highways and Class I TH links),VT-15,1.86,V015-0806,LRS,Injury,"(44.64242638, -72.71962556)"
5634,VT0080000,12LC00649,03/16/2012,Vt Rt 15,Hyde Park,NO DATA,15,NO DATA,NO DATA,Centerville,NO DATA,NO DATA,50,1 - Rear End,NO DATA,491185,232622,NO DATA,NO DATA,NO DATA,State System (State Highways and Class I TH links),VT-15,2.15,V015-0805,LRS,Property Damage Only,"(44.59437825, -72.61100511)"
5635,VT0080000,12LC02033,07/23/2012,VT-15,Hyde Park,NO DATA,15,NO DATA,NO DATA,Roundabout,NO DATA,NO DATA,40,6 - Single Vehicle Crash,East,490880,232968,NO DATA,NO DATA,NO DATA,State System (State Highways and Class I TH links),VT-15,1.9,V015-0805,LRS,Property Damage Only,"(44.59679492, -72.61475509)"
5636,VT0080000,12LC00629,03/15/2012,VT Rt 15,Hyde Park,NO DATA,15,NO DATA,NO DATA,Round About,25,Feet,25,2 - Head On,East,490808,233009,NO DATA,NO DATA,NO DATA,State System (State Highways and Class I TH links),VT-15,1.82,V015-0805,LRS,Injury,"(44.59730620, -72.61620021)"
5637,VT0080000,12LC00563,03/06/2012,VT Rt 15,Hyde Park,NO DATA,15,NO DATA,NO DATA,At Rt 100,30,Feet,35,6 - Single Vehicle Crash,East,490753,232998,NO DATA,NO DATA,NO DATA,State System (State Highways and Class I TH links),VT-15,1.82,V015-0805,LRS,Property Damage Only,"(44.59730620, -72.61620021)"
5638,VT0080000,12LC01437,05/28/2012,VT-15,Hyde Park,NO DATA,15,NO DATA,NO DATA,Rt 15 East Roundabout,10,Feet,20,6 - Single Vehicle Crash,South,440741,233012,NO DATA,NO DATA,NO DATA,State System (State Highways and Class I TH links),VT-15,1.82,V015-0805,LRS,Injury,"(44.59730620, -72.61620021)"
5639,VTVSP1200,12A302525,06/16/2012,VT-17 Mill Brook Road,Fayston,NO DATA,17,NO DATA,NO DATA,Dana Hill Road,0,Miles,30,1 - Rear End,North,472502,186836,170,1208,560,State System (State Highways and Class I TH links),VT-17,5.76,V017-1208,LRS,Injury,"(44.18177161, -72.84446600)"
5640,VTVSP1200,12A300224,01/14/2012,VT-17 (218 VT RT 17),Fayston,NO DATA,17,NO DATA,NO DATA,Tucker Hill RD,200,Feet,40,7 - Other - Explain in Narrative,East,471984,187043,170,1208,541,State System (State Highways and Class I TH links),VT-17,5.61,V017-1208,LRS,Property Damage Only,"(44.18241824, -72.84723114)"
5647,VTVSP1200,12A300988,03/01/2012,VT 17 (Mill Brook Road),Fayston,17,NO DATA,NO DATA,NO DATA,German Flats Road,0,Miles,40,6 - Single Vehicle Crash,West,470103,187409,170,1208,420,State System (State Highways and Class I TH links),VT-17,3.99,V017-1208,LRS,Property Damage Only,"(44.18652193, -72.87672838)"
5648,VT0080000,12LC01809,06/30/2012,VT-15,Johnson,NO DATA,15,NO DATA,NO DATA,Collins Hill,NO DATA,NO DATA,50,1 - Rear End,NO DATA,487107,235256,NO DATA,NO DATA,NO DATA,State System (State Highways and Class I TH links),VT-15,5.88,V015-0806,LRS,Property Damage Only,"(44.61727519, -72.66238422)"
5649,VTVSP1200,12A302765,06/26/2012,VT 17,Fayston,NO DATA,17,NO DATA,NO DATA,Clark RD,23,Feet,40,6 - Single Vehicle Crash,East,469696,187500,170,1208,380,State System (State Highways and Class I TH links),VT-17,3.86,V017-1208,LRS,Fatal,"(44.18721811, -72.87904905)"
5650,VT0080000,12LC00899,04/09/2012,736 Vt Rt 15,Hyde Park,NO DATA,15,NO DATA,NO DATA,Rt 15 LUHS Black Farm Road,100,Feet,35,2 - Head On,East,489506,233415,NO DATA,NO DATA,NO DATA,State System (State Highways and Class I TH links),VT-15,1.1,V015-0805,LRS,Property Damage Only,"(44.59987501, -72.63008233)"
5651,VT0080000,12LC01069,04/24/2012,736 Vt Rt 15,Hyde Park,NO DATA,15,NO DATA,NO DATA,Lamoille Union High School,30,Feet,50,"8 - No Turns, Thru moves only, Broadside ^<",East,489505,233414,NO DATA,NO DATA,NO DATA,State System (State Highways and Class I TH links),VT-15,1.09,V015-0805,LRS,Property Damage Only,"(44.59988828, -72.63028142)"
5652,VTVSP1200,12A300892,02/25/2012,Vermont Route 17,Fayston,NO DATA,17,NO DATA,NO DATA,High Falls Road,50,Feet,40,2 - Head On,East,467910,189477,170,1208,280,State System (State Highways and Class I TH links),VT-17,2.11,V017-1208,LRS,Injury,"(44.20482444, -72.90148511)"
5653,VT0080000,12LC01431,05/26/2012,VT-15,Hyde Park,NO DATA,15,NO DATA,NO DATA,Vt Rt 15 & East Main Street,NO DATA,NO DATA,50,3 - Same Direction Sideswipe,West,NO DATA,NO DATA,NO DATA,NO DATA,NO DATA,State System (State Highways and Class I TH links),VT-15,0.63,V015-0805,LRS,Property Damage Only,"(44.60215859, -72.63879919)"
5661,VTVSP0100,12A100931,03/11/2012,VT RT 15,Cambridge,NO DATA,15,NO DATA,NO DATA,Fox Hill Drive; MM 0802 & 0150,0,Miles,50,6 - Single Vehicle Crash,West,471976,238374,NO DATA,NO DATA,NO DATA,State System (State Highways and Class I TH links),VT-15,3.73,V015-0802,LRS,Injury,"(44.64492273, -72.85497026)"
5662,VTVSP0100,12A102489,07/05/2012,Route 15,Cambridge,NO DATA,15,NO DATA,NO DATA,Pumpkin Harbor Rd,300,Feet,35,6 - Single Vehicle Crash,East,470528,238736,NO DATA,NO DATA,NO DATA,State System (State Highways and Class I TH links),VT-15,2.85,V015-0802,LRS,Property Damage Only,"(44.64816862, -72.87125647)"
5663,VTVSP0100,12A101612,05/06/2012,VT-15 (2240 VT RT 15),Cambridge,NO DATA,15,NO DATA,NO DATA,Old Route 15,50,Feet,35,6 - Single Vehicle Crash,East,470150,238352,150,802,227,State System (State Highways and Class I TH links),VT-15,2.24,V015-0802,LRS,Property Damage Only,"(44.64509861, -72.88081048)"
5664,VT0080000,12LC03530,12/16/2012,Rt 15 E,Johnson,NO DATA,15,NO DATA,NO DATA,Carrier Drive,0,Miles,40,6 - Single Vehicle Crash,NO DATA,724040,443734,NO DATA,NO DATA,NO DATA,State System (State Highways and Class I TH links),VT-15,4.78,V015-0806,LRS,Property Damage Only,"(44.62736994, -72.67764267)"
5665,VTVSP0100,12A101500,04/28/2012,VT RT 15,Cambridge,NO DATA,15,NO DATA,NO DATA,.25 Miles From RT 104,0,Miles,40,2 - Head On,East,469665,238440,NO DATA,NO DATA,NO DATA,State System (State Highways and Class I TH links),VT-15,2.08,V015-0802,LRS,Injury,"(44.64596480, -72.88378981)"
5666,VTVSP0100,12A100395,01/31/2012,VT-15,Cambridge,NO DATA,NO DATA,NO DATA,NO DATA,RT 15 & Putnam Road,5,Feet,50,6 - Single Vehicle Crash,North,467127,237214,150,802,620,State System (State Highways and Class I TH links),VT-15,0.2,V015-0802,LRS,Injury,"(44.63455814, -72.91416041)"
5667,VT0040400,12WS003402,07/21/2012,VT-15 (15 E Allen St),Winooski City,NO DATA,NO DATA,NO DATA,NO DATA,Rotary,5,Feet,25,2 - Head On,South,004-45-474,002-21-463,NO DATA,NO DATA,NO DATA,State System (State Highways and Class I TH links),VT-15,0.01,V015-0418NA001,LRS,Property Damage Only,"(44.49137679, -73.18562940)"
5673,VT0040400,12WS004801,10/02/2012,VT-15 E Allen St,Winooski City,NO DATA,15,NO DATA,NO DATA,Florida Ave,NO DATA,NO DATA,25,"10 - Left Turn and Thru, Angle Broadside -->v--",NO DATA,004-46-612,002-21-038,NO DATA,NO DATA,NO DATA,State System (State Highways and Class I TH links),VT-15,0.75,V015-0418,LRS,Property Damage Only,"(44.49329380, -73.17129248)"
5674,VT0040400,12WS01163,04/12/2012,VT-15 (389 East Allen Street),Winooski City,NO DATA,NO DATA,NO DATA,NO DATA,Florida Avenue,2,Feet,25,"8 - No Turns, Thru moves only, Broadside ^<",South,004-46-617,002-21-638,NO DATA,NO DATA,NO DATA,State System (State Highways and Class I TH links),VT-15,0.74,V015-0418,LRS,Property Damage Only,"(44.49329062, -73.17149316)"
5675,VT0040400,12WS02064,06/08/2012,VT-15 (389 East Allen Street),Winooski City,NO DATA,15,NO DATA,NO DATA,Florida Avenue,20,Feet,25,1 - Rear End,West,004-46-560,002-21-619,NO DATA,NO DATA,NO DATA,State System (State Highways and Class I TH links),VT-15,0.73,V015-0418,LRS,Property Damage Only,"(44.49328744, -73.17169384)"
5676,VT0080000,12LC02640,09/18/2012,VT-15,Wolcott,NO DATA,15,NO DATA,NO DATA,Morrisville - Wolcott Town Line,150,Feet,50,6 - Single Vehicle Crash,East,447842,229959,NO DATA,NO DATA,NO DATA,State System (State Highways and Class I TH links),VT-15,0.03,V015-0810,LRS,Injury,"(44.56981659, -72.52709054)"
5677,VT0040400,12WS00129,01/12/2012,VT 15 (392 East Allen Street),Winooski City,NO DATA,15,NO DATA,NO DATA,Roland Court,20,Feet,25,3 - Same Direction Sideswipe,East,004-46-612,002-21-638,NO DATA,NO DATA,NO DATA,State System (State Highways and Class I TH links),VT-15,0.73,V015-0418,LRS,Property Damage Only,"(44.49328744, -73.17169384)"
5678,VT0040400,12WS005360,11/02/2012,VT-15 E Allen St,Winooski City,NO DATA,NO DATA,NO DATA,NO DATA,Roland Ct,NO DATA,NO DATA,25,1 - Rear End,NO DATA,004-46-556,002-21-668,NO DATA,NO DATA,NO DATA,State System (State Highways and Class I TH links),VT-15,0.72,V015-0418,LRS,Injury,"(44.49328421, -73.17189453)"
5679,VT0040400,12WS005829,11/27/2012,VT-15 E Allen St,Winooski City,NO DATA,15,NO DATA,NO DATA,Exit 15/Roland Ct,NO DATA,NO DATA,25,1 - Rear End,North,004-46-560,002-21-669,NO DATA,NO DATA,NO DATA,State System (State Highways and Class I TH links),VT-15,0.72,V015-0418,LRS,Property Damage Only,"(44.49328421, -73.17189453)"
5685,VT0040400,12WS00505,02/17/2012,VT 15 (East Allen Street),Winooski City,NO DATA,15,NO DATA,NO DATA,Exit 15,NO DATA,NO DATA,25,1 - Rear End,NO DATA,004-46-521,002-21-661,NO DATA,NO DATA,NO DATA,State System (State Highways and Class I TH links),VT-15,0.69,V015-0418,LRS,Property Damage Only,"(44.49327262, -73.17249649)"
5686,VT0080000,12LC02952,10/18/2012,VT-15 (51 Lower Main),Johnson,NO DATA,NO DATA,NO DATA,NO DATA,Railroad Street,100,Feet,25,1 - Rear End,West,0,0,NO DATA,NO DATA,NO DATA,State System (State Highways and Class I TH links),VT-15,4.05,V015-0806,LRS,Property Damage Only,"(44.63554233, -72.68016985)"
5687,VT0040400,12WS00587,02/24/2012,VT 15 (East Allen Street),Winooski City,NO DATA,15,NO DATA,NO DATA,Exit 15 Ramp,NO DATA,NO DATA,25,1 - Rear End,NO DATA,004-46-521,002-21-661,NO DATA,NO DATA,NO DATA,State System (State Highways and Class I TH links),VT-15,0.69,V015-0418,LRS,Injury,"(44.49327262, -73.17249649)"
5688,VT0040400,12WS00223,01/22/2012,VT 15 (East Allen Street),Winooski City,NO DATA,15,NO DATA,NO DATA,I89 Exit 15 Off Ramp,NO DATA,NO DATA,25,"8 - No Turns, Thru moves only, Broadside ^<",NO DATA,004-46-521,002-21-661,NO DATA,NO DATA,NO DATA,State System (State Highways and Class I TH links),VT-15,0.69,V015-0418,LRS,Injury,"(44.49327262, -73.17249649)"
5689,VT0040400,12WS00781,03/12/2012,VT-15 East Allen Street,Winooski City,NO DATA,15,NO DATA,NO DATA,I89,75,Feet,25,1 - Rear End,West,004-46-521,002-21-661,NO DATA,NO DATA,NO DATA,State System (State Highways and Class I TH links),VT-15,0.69,V015-0418,LRS,Property Damage Only,"(44.49327262, -73.17249649)"
5690,VT0040400,12WS01446,04/28/2012,VT-15 East Allen Street,Winooski City,NO DATA,NO DATA,NO DATA,NO DATA,I 89 Exit 15,NO DATA,NO DATA,25,"14 - Left Turn and Thru, Broadside v<--",NO DATA,004-46-521,002-21-661,NO DATA,NO DATA,NO DATA,State System (State Highways and Class I TH links),VT-15,0.68,V015-0418,LRS,Property Damage Only,"(44.49326871, -73.17269714)"
5691,VT0040400,12WS02395,06/29/2012,VT-15 East Allen Street,Winooski City,NO DATA,NO DATA,NO DATA,NO DATA,Exit 15 Off Ramp,NO DATA,NO DATA,25,1 - Rear End,West,004-46-522,002-21-666,NO DATA,NO DATA,NO DATA,State System (State Highways and Class I TH links),VT-15,0.68,V015-0418,LRS,Property Damage Only,"(44.49326871, -73.17269714)"
5697,VT0040400,12WS00250,01/25/2012,VT 15 (East Allen Street),Winooski City,NO DATA,15,NO DATA,NO DATA,Exit 15 On Ramp,NO DATA,NO DATA,25,1 - Rear End,West,004-46-394,002-21-673,NO DATA,NO DATA,NO DATA,State System (State Highways and Class I TH links),VT-15,0.61,V015-0418,LRS,Property Damage Only,"(44.49322993, -73.17410120)"
5698,VT0040400,12WS00203,01/20/2012,VT 15 (East Allen Street),Winooski City,NO DATA,15,NO DATA,NO DATA,I89 South,50,Feet,25,1 - Rear End,East,004-46-394,002-21-673,NO DATA,NO DATA,NO DATA,State System (State Highways and Class I TH links),VT-15,0.61,V015-0418,LRS,Property Damage Only,"(44.49322993, -73.17410120)"
5699,VT0040400,12WS00185,01/19/2012,VT 15 (East Allen Street),Winooski City,NO DATA,15,NO DATA,NO DATA,I89,NO DATA,NO DATA,25,3 - Same Direction Sideswipe,NO DATA,004-46-394,002-21-673,NO DATA,NO DATA,NO DATA,State System (State Highways and Class I TH links),VT-15,0.61,V015-0418,LRS,Property Damage Only,"(44.49322993, -73.17410120)"
5700,VT0080100,12MR03040,11/20/2012,VT-15,Morristown,NO DATA,15,NO DATA,NO DATA,BROOKLYN STREET,NO DATA,NO DATA,40,"10 - Left Turn and Thru, Angle Broadside -->v--",NO DATA,492654,230610,NO DATA,NO DATA,NO DATA,State System (State Highways and Class I TH links),VT-15,0.86,V015-0807,LRS,Injury,"(44.57576608, -72.59259993)"
5701,VT0040400,12WS004418,09/12/2012,VT-15 E Allen St,Winooski City,NO DATA,NO DATA,NO DATA,NO DATA,On Ramp I89 S/B,NO DATA,NO DATA,25,1 - Rear End,NO DATA,004-46-394,002-21-673,NO DATA,NO DATA,NO DATA,State System (State Highways and Class I TH links),VT-15,0.61,V015-0418,LRS,Property Damage Only,"(44.49322993, -73.17410120)"
5702,VT0040400,12WS003600,07/31/2012,VT-15 E Allen St,Winooski City,NO DATA,NO DATA,NO DATA,NO DATA,Dion St,30,Feet,25,1 - Rear End,North,004-46-300,002-21-670,NO DATA,NO DATA,NO DATA,State System (State Highways and Class I TH links),VT-15,0.58,V015-0418,LRS,Property Damage Only,"(44.49320020, -73.17470193)"
5703,VT0040400,12WS004971,10/11/2012,VT-15 East Allen Street,Winooski City,NO DATA,15,NO DATA,NO DATA,Dion Street,NO DATA,NO DATA,25,"14 - Left Turn and Thru, Broadside v<--",NO DATA,004-46-300,002-21-670,NO DATA,NO DATA,NO DATA,State System (State Highways and Class I TH links),VT-15,0.58,V015-0418,LRS,Property Damage Only,"(44.49320020, -73.17470193)"
5709,VT0040400,12WS006137,12/14/2012,VT-15 E Allen St,Winooski City,NO DATA,NO DATA,NO DATA,NO DATA,Dion St,25,Feet,25,1 - Rear End,West,004-46-300,002-21-670,NO DATA,NO DATA,NO DATA,State System (State Highways and Class I TH links),VT-15,0.56,V015-0418,LRS,Property Damage Only,"(44.49317544, -73.17510190)"
5710,VT0040400,12WS004552,09/19/2012,VT-15 E Allen St,Winooski City,NO DATA,15,NO DATA,NO DATA,Dion St,NO DATA,NO DATA,25,3 - Same Direction Sideswipe,NO DATA,004-46-300,002-21-670,NO DATA,NO DATA,NO DATA,State System (State Highways and Class I TH links),VT-15,0.56,V015-0418,LRS,Property Damage Only,"(44.49317544, -73.17510190)"
5711,VT0040400,12WS00667,03/02/2012,VT 15 (East Allen Street),Winooski City,NO DATA,15,NO DATA,NO DATA,Dion Street,NO DATA,NO DATA,25,"20 - Right Turn and Thru, Angle Broadside -->^--",North,004-46-300,002-21-670,NO DATA,NO DATA,NO DATA,State System (State Highways and Class I TH links),VT-15,0.55,V015-0418,LRS,Property Damage Only,"(44.49316103, -73.17530160)"
5712,VTVSP1200,12A302363,06/07/2012,5335 Mill Brook RD,Fayston,NO DATA,17,NO DATA,NO DATA,Ridge Road,400,Feet,40,6 - Single Vehicle Crash,East,466272,189476,170,1208,1,State System (State Highways and Class I TH links),VT-17,0.47,V017-1208,LRS,Injury,"(44.20480738, -72.92208784)"
5713,VT0040400,12WS004769,10/01/2012,VT-15 E Allen St,Winooski City,NO DATA,NO DATA,NO DATA,NO DATA,Manseau St,50,Feet,25,7 - Other - Explain in Narrative,East,004-46-116,002-21-638,NO DATA,NO DATA,NO DATA,State System (State Highways and Class I TH links),VT-15,0.47,V015-0418,LRS,Injury,"(44.49300269, -73.17689082)"
5714,VT0040400,12WS003191,07/10/2012,VT-15 East Allen Street,Winooski City,NO DATA,NO DATA,NO DATA,NO DATA,Hood Street,NO DATA,NO DATA,25,1 - Rear End,North,004-46-007,002-21-617,NO DATA,NO DATA,NO DATA,State System (State Highways and Class I TH links),VT-15,0.43,V015-0418,LRS,Injury,"(44.49286297, -73.17766941)"
5715,VT0040400,12WS005223,10/26/2012,VT-15 E Allen St,Winooski City,NO DATA,NO DATA,NO DATA,NO DATA,W Spring St,NO DATA,NO DATA,25,1 - Rear End,NO DATA,004-46-024,002-21-601,NO DATA,NO DATA,NO DATA,State System (State Highways and Class I TH links),VT-15,0.41,V015-0418,LRS,Property Damage Only,"(44.49277789, -73.17805282)"
5721,VT0040400,12WS01828,05/25/2012,VT-15 (111 East Allen Street),Winooski City,NO DATA,15,NO DATA,NO DATA,Abenaki Way,NO DATA,NO DATA,25,1 - Rear End,NO DATA,004-45-754,002-21-488,NO DATA,NO DATA,NO DATA,State System (State Highways and Class I TH links),VT-15,0.19,V015-0418,LRS,Property Damage Only,"(44.49153781, -73.18219143)"
5722,VT0040400,12WS004026,08/23/2012,VT-15 (103 E Allen St),Winooski City,NO DATA,NO DATA,NO DATA,NO DATA,NO DATA,NO DATA,NO DATA,25,1 - Rear End,West,004-45-754,002-21-488,NO DATA,NO DATA,NO DATA,State System (State Highways and Class I TH links),VT-15,0.18,V015-0418,LRS,Property Damage Only,"(44.49148029, -73.18237896)"
5723,VT0040400,12WS01299,04/19/2012,VT-15 (72 East Allen Street),Winooski City,NO DATA,NO DATA,NO DATA,NO DATA,Barlow Street,NO DATA,NO DATA,25,1 - Rear End,East,004-45-585,002-21-473,NO DATA,NO DATA,NO DATA,State System (State Highways and Class I TH links),VT-15,0.13,V015-0418,LRS,Property Damage Only,"(44.49136921, -73.18337665)"
5724,VT0040400,12WS003495,07/25/2012,VT-15 (69 East Allen Street),Winooski City,NO DATA,15,NO DATA,NO DATA,Barslow Street,30,Feet,25,1 - Rear End,East,004-45-585,002-21-473,NO DATA,NO DATA,NO DATA,State System (State Highways and Class I TH links),VT-15,0.12,V015-0418,LRS,Property Damage Only,"(44.49136937, -73.18358069)"
5725,VT0040400,12WS004513,09/17/2012,VT-15 E Allen St,Winooski City,NO DATA,NO DATA,NO DATA,NO DATA,Cascade Way,NO DATA,NO DATA,25,2 - Head On,North,NO DATA,NO DATA,NO DATA,NO DATA,NO DATA,State System (State Highways and Class I TH links),VT-15,0.09,V015-0418,LRS,Injury,"(44.49137577, -73.18419278)"
5726,VT0040400,12WS02039,06/07/2012,VT-15 East Allen Street,Winooski City,NO DATA,NO DATA,NO DATA,NO DATA,Cascade Way,NO DATA,NO DATA,25,"8 - No Turns, Thru moves only, Broadside ^<",South,004-45-585,002-21-473,NO DATA,NO DATA,NO DATA,State System (State Highways and Class I TH links),VT-15,0.09,V015-0418,LRS,Injury,"(44.49137577, -73.18419278)"
5727,VT0080100,12MR03139,12/04/2012,VERMONT ROUTE 15,Morristown,NO DATA,NO DATA,NO DATA,NO DATA,NEEDLES EYE ROAD,NO DATA,NO DATA,40,1 - Rear End,NO DATA,492354,230869,NO DATA,NO DATA,NO DATA,State System (State Highways and Class I TH links),VT-15,0.62,V015-0807,LRS,Property Damage Only,"(44.57802669, -72.59630190)"
5734,VTVSP0100,12A104618,11/26/2012,VT-15 (1013 VT Route 15),Westford,NO DATA,15,NO DATA,NO DATA,NO DATA,NO DATA,NO DATA,50,7 - Other - Explain in Narrative,NO DATA,465687,234085,NO DATA,NO DATA,NO DATA,State System (State Highways and Class I TH links),VT-15,0.78,V015-0416,LRS,Injury,"(44.60509918, -72.93253784)"
5735,VTVSP0100,12A104370,11/06/2012,Route 15,Westford,NO DATA,15,NO DATA,NO DATA,Cowie Road,0,Miles,50,6 - Single Vehicle Crash,West,465283,232997,NO DATA,NO DATA,NO DATA,State System (State Highways and Class I TH links),VT-15,0.08,V015-0416,LRS,Injury,"(44.59571528, -72.93757297)"
5736,VTVSP0100,12A100433,02/04/2012,VT Route 15,Underhill,NO DATA,15,NO DATA,NO DATA,Gert's Knob,NO DATA,NO DATA,50,7 - Other - Explain in Narrative,NO DATA,465457,230039,150,415,328,State System (State Highways and Class I TH links),VT-15,3.28,V015-0415,LRS,Property Damage Only,"(44.57091794, -72.94141397)"
5737,VTVSP0100,12A104639,11/26/2012,539 VT Route 15,Underhill,NO DATA,15,NO DATA,NO DATA,Cilley Hill Road,NO DATA,NO DATA,50,"8 - No Turns, Thru moves only, Broadside ^<",NO DATA,464349,227156,NO DATA,NO DATA,NO DATA,State System (State Highways and Class I TH links),VT-15,1.31,V015-0415,LRS,Property Damage Only,"(44.54330508, -72.94886990)"
5738,VTVSP0100,12A103379,09/01/2012,483 Vt Route 15,Underhill,NO DATA,15,NO DATA,NO DATA,Rt 15 To Driveway,483,Feet,50,6 - Single Vehicle Crash,West,464370,226280,NO DATA,NO DATA,NO DATA,State System (State Highways and Class I TH links),VT-15,0.81,V015-0415,LRS,Injury,"(44.53611115, -72.94820926)"
5739,VTVSP0100,12A101499,04/28/2012,Route 17,Buel's Gore,NO DATA,17,NO DATA,NO DATA,NO DATA,NO DATA,NO DATA,40,NO DATA,NO DATA,464630,190678,NO DATA,NO DATA,NO DATA,State System (State Highways and Class I TH links),VT-17,1.72,V017-0402,LRS,Injury,"(44.21543528, -72.94261436)"
5740,VTVSP0100,12A100011,01/01/2012,Vt Rt 15,Underhill,NO DATA,15,NO DATA,NO DATA,NO DATA,NO DATA,NO DATA,35,6 - Single Vehicle Crash,NO DATA,464645,225671,NO DATA,NO DATA,NO DATA,State System (State Highways and Class I TH links),VT-15,0.37,V015-0415,LRS,Injury,"(44.53045555, -72.94477868)"