ID,Reporting Agency,Report Number,Date,Street Address,Town,Number,Number1,Number2,Number3,Intersection,Distance From Intersection,Distance Unit,Posted Speed,Direction of Collision,Direction from Intersection,Easting,Northing,Mile Marker,Mile Marker 1,Mile Marker 2,AOT Roadway,AOT Route,AOT Actual Mile,LRS Number,How Mapped,Crash Type,Location 1
5748,VTVSP0100,12A104762,12/04/2012,Rt 15,Jericho,NO DATA,15,NO DATA,NO DATA,Packard Rd,NO DATA,NO DATA,40,"8 - No Turns, Thru moves only, Broadside ^<",NO DATA,462404,223586,150,409,180,State System (State Highways and Class I TH links),VT-15,1.8,V015-0409,LRS,Property Damage Only,"(44.50978593, -72.97303862)"
5749,VTVSP0100,12A100508,02/10/2012,VT Route 15,Jericho,NO DATA,15,NO DATA,NO DATA,Packard Road,15,Feet,40,1 - Rear End,North,462412,223399,150,409,180,State System (State Highways and Class I TH links),VT-15,1.8,V015-0409,LRS,Property Damage Only,"(44.50978593, -72.97303862)"
5750,VTVSP0700,12A104693,11/29/2012,82 Vt 15,Jericho,NO DATA,15,NO DATA,NO DATA,Jericho Elementary School,200,Feet,35,6 - Single Vehicle Crash,West,460848,223019,NO DATA,NO DATA,NO DATA,State System (State Highways and Class I TH links),VT-15,0.78,V015-0409,LRS,Property Damage Only,"(44.50634637, -72.99262201)"
5751,VTVSP0100,12A101962,05/31/2012,Vt Rt 15,Jericho,NO DATA,15,NO DATA,NO DATA,Lee River Rd,100,Feet,15,6 - Single Vehicle Crash,West,460260,222788,NO DATA,NO DATA,NO DATA,State System (State Highways and Class I TH links),VT-15,0.45,V015-0409,LRS,Injury,"(44.50410404, -72.99852546)"
5752,VTVSP0100,12A104606,11/25/2012,30 Route 15,Jericho,NO DATA,15,NO DATA,NO DATA,Lawrence Heights,NO DATA,Feet,35,1 - Rear End,South,460114,222696,NO DATA,NO DATA,NO DATA,State System (State Highways and Class I TH links),VT-15,0.29,V015-0409,LRS,Property Damage Only,"(44.50342243, -73.00121223)"
5753,VT0080000,12LC01531,06/06/2012,VT-15,Johnson,NO DATA,15,NO DATA,NO DATA,Rt 15 / Melody Lane Intersection,NO DATA,NO DATA,50,4 - Opp Direction Sideswipe,NO DATA,488356,234317,NO DATA,NO DATA,NO DATA,State System (State Highways and Class I TH links),VT-15,6.84,V015-0806,LRS,Injury,"(44.60902044, -72.64660593)"
5754,VT0040200,12ES07319,12/10/2012,VT-15 Pearl St,Essex,NO DATA,NO DATA,NO DATA,NO DATA,West St Ext,NO DATA,NO DATA,30,1 - Rear End,NO DATA,449835,222376,NO DATA,NO DATA,NO DATA,State System (State Highways and Class I TH links),VT-15,1.02,V015-0406W,LRS,Property Damage Only,"(44.49995756, -73.13097101)"
5761,VT0040200,12ES07010,11/26/2012,VT-15 PARK ST,Essex,NO DATA,NO DATA,NO DATA,NO DATA,IROQUOIS AVE,NO DATA,NO DATA,25,1 - Rear End,NO DATA,451244,220998,NO DATA,NO DATA,NO DATA,State System (State Highways and Class I TH links),VT-15,0.44,V015-0406W,LRS,Property Damage Only,"(44.50420497, -73.14076997)"
5762,VT0040200,12ES00157,01/10/2012,Rt 15,Essex,NO DATA,NO DATA,NO DATA,NO DATA,Fort,NO DATA,NO DATA,45,1 - Rear End,West,004-51-121,002-20-817,NO DATA,NO DATA,NO DATA,State System (State Highways and Class I TH links),VT-15,0.39,V015-0406W,LRS,Property Damage Only,"(44.50418115, -73.14179625)"
5763,VT0040200,12ES06991,11/26/2012,VT-15 (258 JERICHO RD),Essex,NO DATA,15,NO DATA,NO DATA,WEED RD,0,Miles,50,7 - Other - Explain in Narrative,East,459603,222644,NO DATA,NO DATA,NO DATA,State System (State Highways and Class I TH links),VT-15,8.04,V015-0406,LRS,Property Damage Only,"(44.50294175, -73.00831060)"
5764,VT0040200,12ES01275,03/10/2012,VT-15 (255 JERICHO RD),Essex,NO DATA,NO DATA,NO DATA,NO DATA,NO DATA,NO DATA,NO DATA,50,1 - Rear End,NO DATA,459475,222634,NO DATA,NO DATA,NO DATA,State System (State Highways and Class I TH links),VT-15,7.98,V015-0406,LRS,Property Damage Only,"(44.50311089, -73.00949069)"
5765,VT0040200,12ES00973,02/20/2012,VT 15 (243 JERICHO RD),Essex,NO DATA,15,NO DATA,NO DATA,NO DATA,NO DATA,NO DATA,50,1 - Rear End,East,458600,200286,NO DATA,NO DATA,NO DATA,State System (State Highways and Class I TH links),VT-15,7.88,V015-0406,LRS,Property Damage Only,"(44.50321111, -73.01152629)"
5766,VT0040200,12ES04030,07/13/2012,VT-15 (199 Jericho Rd),Essex,NO DATA,15,NO DATA,NO DATA,Naylor Rd,NO DATA,NO DATA,50,1 - Rear End,NO DATA,458553,222602,NO DATA,NO DATA,NO DATA,State System (State Highways and Class I TH links),VT-15,7.48,V015-0406,LRS,Property Damage Only,"(44.50233132, -73.02001092)"
5767,VT0040200,12ES05131,08/30/2012,VT-15 JERICHO RD,Essex,NO DATA,NO DATA,NO DATA,NO DATA,NO DATA,NO DATA,NO DATA,50,1 - Rear End,NO DATA,458564,222568,NO DATA,NO DATA,NO DATA,State System (State Highways and Class I TH links),VT-15,7.43,V015-0406,LRS,Property Damage Only,"(44.50222888, -73.02106936)"
5774,VT0040200,12ES05822,09/25/2012,VT-15 (102 JERICHO RD0,Essex,NO DATA,NO DATA,NO DATA,NO DATA,NO DATA,NO DATA,NO DATA,40,1 - Rear End,NO DATA,457256,222849,NO DATA,NO DATA,NO DATA,State System (State Highways and Class I TH links),VT-15,6.39,V015-0406,LRS,Property Damage Only,"(44.50438115, -73.03783375)"
5775,VT0040200,12ES00754,02/08/2012,VT 15 (67 Jericho Rd),Essex,NO DATA,15,NO DATA,NO DATA,Allen Martin,NO DATA,NO DATA,40,6 - Single Vehicle Crash,East,456646,222943,NO DATA,NO DATA,NO DATA,State System (State Highways and Class I TH links),VT-15,6.05,V015-0406,LRS,Property Damage Only,"(44.50642923, -73.04553871)"
5776,VT0040200,12ES04659,08/10/2012,VT-15 (45 JERICHO RD),Essex,NO DATA,15,NO DATA,NO DATA,PERRY DR,NO DATA,NO DATA,40,1 - Rear End,NO DATA,453136,223112,NO DATA,NO DATA,NO DATA,State System (State Highways and Class I TH links),VT-15,5.92,V015-0406,LRS,Property Damage Only,"(44.50745342, -73.04938783)"
5777,VT0040200,12ES04501,08/03/2012,VT-15 (25 Jericho Rd),Essex,NO DATA,15,NO DATA,NO DATA,NO DATA,NO DATA,NO DATA,99,1 - Rear End,NO DATA,450963,223253,NO DATA,NO DATA,NO DATA,State System (State Highways and Class I TH links),VT-15,5.7,V015-0406,LRS,Property Damage Only,"(44.50863185, -73.05383887)"
5778,VTVSP0100,12A101583,05/04/2012,VT-17 (5720 VT RT 17),Buel's Gore,NO DATA,17,NO DATA,NO DATA,Starksboro Town Line,0,Miles,50,6 - Single Vehicle Crash,West,463100,190921,170,402,0,State System (State Highways and Class I TH links),VT-17,0.29,V017-0402,LRS,Injury,"(44.21545630, -72.96042613)"
5779,VT0040200,12ES07038,11/27/2012,VT-15 (24 JERICHO RD),Essex,NO DATA,15,NO DATA,NO DATA,SAND HILL RD,NO DATA,NO DATA,35,"14 - Left Turn and Thru, Broadside v<--",NO DATA,455881,222810,NO DATA,NO DATA,NO DATA,State System (State Highways and Class I TH links),VT-15,5.64,V015-0406,LRS,Property Damage Only,"(44.50889812, -73.05495509)"
5780,VT0040200,12ES02471,05/06/2012,VT-15 (23 Jericho Rd),Essex,NO DATA,15,NO DATA,NO DATA,Sand Hill Rd,100,Feet,35,"10 - Left Turn and Thru, Angle Broadside -->v--",West,455712,176881,NO DATA,NO DATA,NO DATA,State System (State Highways and Class I TH links),VT-15,5.64,V015-0406,LRS,Property Damage Only,"(44.50889812, -73.05495509)"
5787,VT0080100,12MR02099,08/06/2012,VT-15,Morristown,NO DATA,NO DATA,NO DATA,NO DATA,Garfield Rd.,NO DATA,NO DATA,50,1 - Rear End,West,NO DATA,NO DATA,NO DATA,NO DATA,NO DATA,State System (State Highways and Class I TH links),VT-15,2.68,V015-0807,LRS,Injury,"(44.56592331, -72.56094183)"
5788,VTVSP0600,12C201621,06/09/2012,1000 VT RT 22A,Orwell,NO DATA,22A,NO DATA,NO DATA,VT RT 73,1,Miles,50,6 - Single Vehicle Crash,South,435198,144965,221,114,320,State System (State Highways and Class I TH links),VT-22A,3.23,V022A0114,LRS,Property Damage Only,"(43.80356308, -73.30507760)"
5789,VT0080100,12MR00180,01/24/2012,VT 15 West,Morristown,NO DATA,15,NO DATA,NO DATA,Mac's Convenient Store,200,Feet,40,1 - Rear End,West,491903,230740,NO DATA,NO DATA,NO DATA,State System (State Highways and Class I TH links),VT-15,0.53,V015-0807,LRS,Property Damage Only,"(44.57920098, -72.59705196)"
5790,VT0040200,12ES06064,10/07/2012,VT-15 Jericho Rd,Essex,NO DATA,15,NO DATA,NO DATA,Sand Hill Rd,NO DATA,NO DATA,35,"10 - Left Turn and Thru, Angle Broadside -->v--",NO DATA,432020,223517,NO DATA,NO DATA,NO DATA,State System (State Highways and Class I TH links),VT-15,5.6,V015-0406,LRS,Injury,"(44.50915894, -73.05564722)"
5791,VT0040200,12ES07113,11/30/2012,VT-15 JERICHO RD,Essex,NO DATA,NO DATA,NO DATA,NO DATA,Alder Ln,100,Feet,35,3 - Same Direction Sideswipe,North,455629,223561,NO DATA,NO DATA,NO DATA,State System (State Highways and Class I TH links),VT-15,5.53,V015-0406,LRS,Property Damage Only,"(44.50985761, -73.05666388)"
5792,VT0040200,12ES07527,12/19/2012,VT-15 (8 Jericho Rd),Essex,NO DATA,15,NO DATA,NO DATA,Alder Ln,NO DATA,NO DATA,35,1 - Rear End,NO DATA,455624,223584,NO DATA,NO DATA,NO DATA,State System (State Highways and Class I TH links),VT-15,5.42,V015-0406,LRS,Property Damage Only,"(44.51100173, -73.05820186)"
5793,VT0040200,12ES02531,05/09/2012,VT 15 (5 JERICHO RD),Essex,NO DATA,15,NO DATA,NO DATA,BROWNS RIVER RD,100,Feet,35,1 - Rear End,East,455598,223565,NO DATA,NO DATA,NO DATA,State System (State Highways and Class I TH links),VT-15,5.41,V015-0406,LRS,Injury,"(44.51110577, -73.05834164)"
5800,VT0040200,12ES05316,09/03/2012,VT 15 90 CENTER RD,Essex,NO DATA,NO DATA,NO DATA,NO DATA,SUNSET RD,900,Feet,35,"10 - Left Turn and Thru, Angle Broadside -->v--",East,455012,223671,NO DATA,NO DATA,NO DATA,State System (State Highways and Class I TH links),VT-15,5.02,V015-0406,LRS,Injury,"(44.51091415, -73.06554617)"
5801,VT0040200,12ES00430,01/22/2012,VT 15 (90 Center Rd),Essex,NO DATA,15,NO DATA,NO DATA,Price Chopper,NO DATA,NO DATA,35,"10 - Left Turn and Thru, Angle Broadside -->v--",NO DATA,455092,223633,NO DATA,NO DATA,NO DATA,State System (State Highways and Class I TH links),VT-15,5.01,V015-0406,LRS,Property Damage Only,"(44.51089402, -73.06574366)"
5802,VT0040200,12ES03906,07/08/2012,VT-15 (90-100 Center Rd),Essex,NO DATA,15,NO DATA,NO DATA,NO DATA,NO DATA,NO DATA,99,5 - Rear-to-rear,North,454986,223605,NO DATA,NO DATA,NO DATA,State System (State Highways and Class I TH links),VT-15,5,V015-0406,LRS,Property Damage Only,"(44.51087586, -73.06594149)"
5803,VT0040200,12ES02379,05/02/2012,Vt 15 (86 Center Rd),Essex,NO DATA,15,NO DATA,NO DATA,Bianchi Stone Crafters,NO DATA,NO DATA,35,1 - Rear End,NO DATA,455562,223637,NO DATA,NO DATA,NO DATA,State System (State Highways and Class I TH links),VT-15,4.93,V015-0406,LRS,Injury,"(44.51080259, -73.06733399)"
5804,VT0040200,12ES07072,11/29/2012,VT-15 (90 Center Rd),Essex,NO DATA,15,NO DATA,NO DATA,Price Chopper Driveway,NO DATA,NO DATA,35,"10 - Left Turn and Thru, Angle Broadside -->v--",NO DATA,454995,223572,NO DATA,NO DATA,NO DATA,State System (State Highways and Class I TH links),VT-15,4.9,V015-0406,LRS,Property Damage Only,"(44.51077521, -73.06793120)"
5805,VT0040200,12ES04312,07/25/2012,VT-15 (81 Center Rd),Essex,NO DATA,15,NO DATA,NO DATA,NO DATA,NO DATA,NO DATA,35,1 - Rear End,NO DATA,453765,223013,NO DATA,NO DATA,NO DATA,State System (State Highways and Class I TH links),VT-15,4.86,V015-0406,LRS,Property Damage Only,"(44.51072991, -73.06872654)"
5806,VT0040200,12ES07517,12/19/2012,VT-15 (79 CENTER RD),Essex,NO DATA,NO DATA,NO DATA,NO DATA,NO DATA,NO DATA,NO DATA,35,6 - Single Vehicle Crash,NO DATA,455217,223585,NO DATA,NO DATA,NO DATA,State System (State Highways and Class I TH links),VT-15,4.86,V015-0406,LRS,Property Damage Only,"(44.51072991, -73.06872654)"
5813,VT0040500,12CC04691,07/13/2012,76 Center Road,Essex,NO DATA,NO DATA,NO DATA,NO DATA,Essex Discount Beverage,NO DATA,NO DATA,99,5 - Rear-to-rear,NO DATA,455417,223615,NO DATA,NO DATA,NO DATA,State System (State Highways and Class I TH links),VT-15,4.85,V015-0406,LRS,Property Damage Only,"(44.51072076, -73.06892561)"
5814,VT0080000,12LC00039,01/05/2012,VT RT 15,Johnson,NO DATA,15,NO DATA,NO DATA,Maple Hill Road,75,NO DATA,50,3 - Same Direction Sideswipe,West,487526,234869,NO DATA,NO DATA,NO DATA,State System (State Highways and Class I TH links),VT-15,6.19,V015-0806,LRS,Injury,"(44.61405469, -72.65752128)"
5815,VT0040200,12ES02030,04/16/2012,VT-15 (76 Center Rd),Essex,NO DATA,NO DATA,NO DATA,NO DATA,NO DATA,NO DATA,NO DATA,40,1 - Rear End,NO DATA,454757,223565,NO DATA,NO DATA,NO DATA,State System (State Highways and Class I TH links),VT-15,4.85,V015-0406,LRS,Property Damage Only,"(44.51072076, -73.06892561)"
5816,VT0040200,12ES01292,03/11/2012,VT 15 (75 Center Rd),Essex,NO DATA,15,NO DATA,NO DATA,EDB,NO DATA,NO DATA,35,1 - Rear End,NO DATA,454752,223541,NO DATA,NO DATA,NO DATA,State System (State Highways and Class I TH links),VT-15,4.83,V015-0406,LRS,Property Damage Only,"(44.51070330, -73.06932382)"
5817,VT0040200,12ES01469,03/19/2012,VT-15 CENTER RD,Essex,NO DATA,NO DATA,NO DATA,NO DATA,SAYBROOK,NO DATA,NO DATA,40,1 - Rear End,NO DATA,454041,223492,NO DATA,NO DATA,NO DATA,State System (State Highways and Class I TH links),VT-15,4.58,V015-0406,LRS,Property Damage Only,"(44.51046656, -73.07429981)"
5818,VT0040200,12ES07176,12/03/2012,VT-15 (51 Center Rd),Essex,NO DATA,15,NO DATA,NO DATA,Lyone Ln,100,Feet,35,1 - Rear End,West,454451,223520,NO DATA,NO DATA,NO DATA,State System (State Highways and Class I TH links),VT-15,4.58,V015-0406,LRS,Property Damage Only,"(44.51046656, -73.07429981)"
5819,VT0040200,12ES01479,03/20/2012,VT-15 CENTER RD,Essex,NO DATA,NO DATA,NO DATA,NO DATA,LONDONDERRY,NO DATA,NO DATA,40,1 - Rear End,NO DATA,454359,223490,NO DATA,NO DATA,NO DATA,State System (State Highways and Class I TH links),VT-15,4.52,V015-0406,LRS,Property Damage Only,"(44.51040496, -73.07549297)"
5826,VTVSP0600,12C203596,11/19/2012,VT-17 (3432 Otter Creek Highway),New Haven,NO DATA,17,NO DATA,NO DATA,TH#23,1,Miles,45,6 - Single Vehicle Crash,West,441620,177750,NO DATA,NO DATA,NO DATA,State System (State Highways and Class I TH links),VT-17,0.95,V017-0113,LRS,Property Damage Only,"(44.09320315, -73.23203025)"
5827,VT0040200,12ES00832,02/13/2012,VT-15 (14 CENTER RD),Essex,NO DATA,15,NO DATA,NO DATA,NO DATA,NO DATA,NO DATA,35,1 - Rear End,NO DATA,453786,223518,NO DATA,NO DATA,NO DATA,State System (State Highways and Class I TH links),VT-15,4.23,V015-0406,LRS,Property Damage Only,"(44.51020580, -73.08127075)"
5828,VT0040200,12ES04496,08/03/2012,VT-15 CENTER RD,Essex,NO DATA,NO DATA,NO DATA,NO DATA,OLD STAGE RD,NO DATA,NO DATA,40,1 - Rear End,NO DATA,453551,223470,NO DATA,NO DATA,NO DATA,State System (State Highways and Class I TH links),VT-15,4.12,V015-0406,LRS,Injury,"(44.51014770, -73.08346251)"
5829,VT0040200,12ES06002,10/03/2012,Rt 15,Essex,NO DATA,15,NO DATA,NO DATA,Old Stage Rd,NO DATA,NO DATA,35,1 - Rear End,South,453830,230378,NO DATA,NO DATA,NO DATA,State System (State Highways and Class I TH links),VT-15,4.12,V015-0406,LRS,Property Damage Only,"(44.51014770, -73.08346251)"
5830,VT0080000,12LC02560,09/10/2012,Rt 15 0 6308,Wolcott,NO DATA,15,NO DATA,NO DATA,Quarry Road #10,NO DATA,NO DATA,50,3 - Same Direction Sideswipe,East,490625,232516,NO DATA,NO DATA,NO DATA,State System (State Highways and Class I TH links),VT-15,6.41,V015-0810,LRS,Property Damage Only,"(44.53227256, -72.42564278)"
5831,VT0040200,12ES00761,02/08/2012,VT Rt 15,Essex,NO DATA,15,NO DATA,NO DATA,Old Stage,NO DATA,NO DATA,35,"8 - No Turns, Thru moves only, Broadside ^<",NO DATA,453621,223470,NO DATA,NO DATA,NO DATA,State System (State Highways and Class I TH links),VT-15,4.11,V015-0406,LRS,Property Damage Only,"(44.51011435, -73.08368093)"
5832,VT0040200,12ES01104,02/28/2012,VT 15 (Upper Main St),Essex,NO DATA,15,NO DATA,NO DATA,Old Stage Rd,NO DATA,NO DATA,40,1 - Rear End,NO DATA,453585,212390,NO DATA,NO DATA,NO DATA,State System (State Highways and Class I TH links),VT-15,4.09,V015-0406,LRS,Property Damage Only,"(44.50998623, -73.08409462)"
5839,VT0040200,12ES06072,10/08/2012,VT-15 (72 UPPER MAIN ST),Essex,NO DATA,15,NO DATA,NO DATA,BILLIE BUTLER DR,50,NO DATA,40,7 - Other - Explain in Narrative,West,004-53-284E,002-23-245N,NO DATA,NO DATA,NO DATA,State System (State Highways and Class I TH links),VT-15,3.91,V015-0406,LRS,Property Damage Only,"(44.50793571, -73.08697897)"
5840,VT0040200,12ES04477,08/02/2012,VT-15/289 Off Ramp,Essex,NO DATA,NO DATA,NO DATA,NO DATA,Upper Main St,NO DATA,NO DATA,50,1 - Rear End,NO DATA,004-53-135,002-23-113,NO DATA,NO DATA,NO DATA,State System (State Highways and Class I TH links),VT-15,3.9,V015-0406,LRS,Property Damage Only,"(44.50782030, -73.08713744)"
5841,VT0040200,12ES02833,05/22/2012,Rt 15,Essex,NO DATA,NO DATA,NO DATA,NO DATA,X 9 Off Ramp,NO DATA,NO DATA,40,1 - Rear End,NO DATA,453202,223167,NO DATA,NO DATA,NO DATA,State System (State Highways and Class I TH links),VT-15,3.8,V015-0406,LRS,Property Damage Only,"(44.50682992, -73.08882968)"
5842,VT0080000,12LC03345,11/26/2012,1912 Vt Rt 15e,Johnson,NO DATA,15,NO DATA,NO DATA,1912 Vt Rt 15E,0,Miles,40,4 - Opp Direction Sideswipe,NO DATA,486143,235943,NO DATA,NO DATA,NO DATA,State System (State Highways and Class I TH links),VT-15,5,V015-0806,LRS,Property Damage Only,"(44.62448858, -72.67654700)"
5843,VT0040200,12ES07443,12/15/2012,VT-15 Upper Main St,Essex,NO DATA,NO DATA,NO DATA,NO DATA,Rt 289,NO DATA,NO DATA,40,"14 - Left Turn and Thru, Broadside v<--",NO DATA,453178,223120,NO DATA,NO DATA,NO DATA,State System (State Highways and Class I TH links),VT-15,3.8,V015-0406,LRS,Property Damage Only,"(44.50682992, -73.08882968)"
5844,VT0040200,12ES05509,09/11/2012,VT-15 (55 Upper Main St),Essex,NO DATA,NO DATA,NO DATA,NO DATA,Lang Farm Nursery,NO DATA,NO DATA,40,1 - Rear End,NO DATA,453037,223004,NO DATA,NO DATA,NO DATA,State System (State Highways and Class I TH links),VT-15,3.72,V015-0406,LRS,Property Damage Only,"(44.50620092, -73.09017739)"
5845,VT0040200,12ES06543,11/01/2012,VT-15 (51 UPPER MAIN ST),Essex,NO DATA,15,NO DATA,NO DATA,ATHENS DR,300,Feet,40,1 - Rear End,NO DATA,452811,222839,NO DATA,NO DATA,NO DATA,State System (State Highways and Class I TH links),VT-15,3.71,V015-0406,LRS,Property Damage Only,"(44.50611849, -73.09034228)"
5852,VT0040200,12ES01492,03/20/2012,VT 15 (119 MAIN ST),Essex,NO DATA,15,NO DATA,NO DATA,NO DATA,NO DATA,NO DATA,30,1 - Rear End,NO DATA,452164,221974,NO DATA,NO DATA,NO DATA,State System (State Highways and Class I TH links),VT-15,2.81,V015-0406,LRS,Property Damage Only,"(44.49622046, -73.10182071)"
5853,VTVSP0600,12C201948,07/03/2012,2009 VT RT 22A,Bridport,NO DATA,22A,NO DATA,NO DATA,2009 VT RT 22A,NO DATA,NO DATA,50,6 - Single Vehicle Crash,NO DATA,435285,167155,221,102,435,State System (State Highways and Class I TH links),VT-22A,4.25,V022A0102,LRS,Injury,"(44.00098429, -73.30799135)"
5854,VT0040200,12ES05998,10/03/2012,VT-15 MAIN ST,Essex,NO DATA,NO DATA,NO DATA,NO DATA,BRICKYARD RD,NO DATA,NO DATA,25,"8 - No Turns, Thru moves only, Broadside ^<",NO DATA,452075,221899,NO DATA,NO DATA,NO DATA,State System (State Highways and Class I TH links),VT-15,2.76,V015-0406,LRS,Property Damage Only,"(44.49573973, -73.10256078)"
5855,VT0040200,12ES00284,01/16/2012,VT-15 Main St,Essex,NO DATA,NO DATA,NO DATA,NO DATA,Brickyard,NO DATA,NO DATA,25,1 - Rear End,NO DATA,452073,221906,NO DATA,NO DATA,NO DATA,State System (State Highways and Class I TH links),VT-15,2.76,V015-0406,LRS,Property Damage Only,"(44.49573973, -73.10256078)"
5856,VT0040200,12ES04497,08/03/2012,VT-15 MAIN ST,Essex,NO DATA,15,NO DATA,NO DATA,BRICKYARD,NO DATA,NO DATA,25,1 - Rear End,NO DATA,410257,212672,NO DATA,NO DATA,NO DATA,State System (State Highways and Class I TH links),VT-15,2.76,V015-0406,LRS,Property Damage Only,"(44.49573973, -73.10256078)"
5857,VT0040200,12ES03677,06/27/2012,VT-15 (90 Main St),Essex,NO DATA,NO DATA,NO DATA,NO DATA,NO DATA,NO DATA,NO DATA,35,1 - Rear End,NO DATA,452016,221852,NO DATA,NO DATA,NO DATA,State System (State Highways and Class I TH links),VT-15,2.7,V015-0406,LRS,Injury,"(44.49517849, -73.10346820)"
5858,VT0080000,12LC00154,01/18/2012,1637 Vt Rt 15,Wolcott,NO DATA,15,NO DATA,NO DATA,NO DATA,NO DATA,NO DATA,50,6 - Single Vehicle Crash,West,0,0,NO DATA,NO DATA,NO DATA,State System (State Highways and Class I TH links),VT-15,1.63,V015-0810,LRS,Injury,"(44.56626326, -72.50183750)"
5865,VT0040200,12ES03154,06/05/2012,VT-15 (48 Main St),Essex,NO DATA,NO DATA,NO DATA,NO DATA,NO DATA,NO DATA,NO DATA,25,1 - Rear End,NO DATA,451276,220937,NO DATA,NO DATA,NO DATA,State System (State Highways and Class I TH links),VT-15,2.41,V015-0406,LRS,Injury,"(44.49246145, -73.10784699)"
5866,VT0040200,12ES05227,09/01/2012,VT-15 (38 Main St),Essex,NO DATA,15,NO DATA,NO DATA,Cong Church,NO DATA,NO DATA,25,1 - Rear End,NO DATA,451602,221445,NO DATA,NO DATA,NO DATA,State System (State Highways and Class I TH links),VT-15,2.36,V015-0406,LRS,Property Damage Only,"(44.49199680, -73.10860680)"
5867,VT0040200,12ES00312,01/17/2012,VT-15 Main St,Essex,NO DATA,NO DATA,NO DATA,NO DATA,Railroad Ave,NO DATA,NO DATA,25,7 - Other - Explain in Narrative,NO DATA,451504,221413,NO DATA,NO DATA,NO DATA,State System (State Highways and Class I TH links),VT-15,2.28,V015-0406,LRS,Injury,"(44.49125972, -73.10982987)"
5868,VT0040200,12ES04217,07/21/2012,VT-15 (12 Main St),Essex,NO DATA,NO DATA,NO DATA,NO DATA,NO DATA,NO DATA,NO DATA,25,3 - Same Direction Sideswipe,NO DATA,451465,221400,NO DATA,NO DATA,NO DATA,State System (State Highways and Class I TH links),VT-15,2.27,V015-0406,LRS,Property Damage Only,"(44.49116653, -73.10998153)"
5869,VT0080000,12LC01668,06/15/2012,Vt Rt 15,Johnson,NO DATA,15,NO DATA,NO DATA,Railroad Street,150,Feet,25,7 - Other - Explain in Narrative,East,486291,237973,NO DATA,NO DATA,NO DATA,State System (State Highways and Class I TH links),VT-15,4.07,V015-0806,LRS,Injury,"(44.63541770, -72.67980347)"
5870,VT0040200,12ES06121,10/10/2012,VT-15 (16 MAIN ST),Essex,NO DATA,15,NO DATA,NO DATA,MARTONES,NO DATA,NO DATA,25,3 - Same Direction Sideswipe,NO DATA,451478,221393,NO DATA,NO DATA,NO DATA,State System (State Highways and Class I TH links),VT-15,2.27,V015-0406,LRS,Property Damage Only,"(44.49116653, -73.10998153)"
5871,VT0040200,12ES04798,08/17/2012,VT-15 (5 MAIN ST),Essex,NO DATA,NO DATA,NO DATA,NO DATA,NO DATA,NO DATA,NO DATA,25,1 - Rear End,NO DATA,451432,221355,NO DATA,NO DATA,NO DATA,State System (State Highways and Class I TH links),VT-15,2.25,V015-0406,LRS,Property Damage Only,"(44.49098054, -73.11028531)"
5878,VT0040200,12ES00007,01/01/2012,VT-15 (11 PEARL ST),Essex,NO DATA,NO DATA,NO DATA,NO DATA,NO DATA,NO DATA,NO DATA,25,2 - Head On,NO DATA,451363,221332,NO DATA,NO DATA,NO DATA,State System (State Highways and Class I TH links),VT-15,2.14,V015-0406,LRS,Property Damage Only,"(44.49080902, -73.11224112)"
5879,VT0040200,12ES06431,10/26/2012,VT-15 (15 PEARL ST),Essex,NO DATA,15,NO DATA,NO DATA,MERCHANTS BANK,50,Feet,25,"10 - Left Turn and Thru, Angle Broadside -->v--",East,451322,221386,NO DATA,NO DATA,NO DATA,State System (State Highways and Class I TH links),VT-15,2.12,V015-0406,LRS,Property Damage Only,"(44.49091619, -73.11261876)"
5880,VTVSP0600,12C203145,10/11/2012,VT-22A (2953 VT RT 22A),Bridport,NO DATA,22A,NO DATA,NO DATA,VT RT 125 (at Intersection),NO DATA,NO DATA,40,1 - Rear End,NO DATA,434801,165703,NO DATA,NO DATA,NO DATA,State System (State Highways and Class I TH links),VT-22A,3.34,V022A0102,LRS,Property Damage Only,"(43.98841081, -73.31274745)"
5881,VT0040200,12ES01823,04/06/2012,VT 15 (17 PEARL ST),Essex,NO DATA,15,NO DATA,NO DATA,SCHOOL ST,NO DATA,NO DATA,25,"8 - No Turns, Thru moves only, Broadside ^<",NO DATA,451255,221369,NO DATA,NO DATA,NO DATA,State System (State Highways and Class I TH links),VT-15,2.1,V015-0406,LRS,Injury,"(44.49103092, -73.11299156)"
5882,VT0040200,12ES06940,11/23/2012,VT-15 (18 PEARL ST),Essex,NO DATA,NO DATA,NO DATA,NO DATA,SCHOOL ST,NO DATA,NO DATA,25,"11 - Left Turn and Thru, Head On ^v--",NO DATA,451249,221381,NO DATA,NO DATA,NO DATA,State System (State Highways and Class I TH links),VT-15,2.09,V015-0406,LRS,Property Damage Only,"(44.49110165, -73.11316903)"
5883,VT0040200,12ES06021,10/05/2012,VT-15 (20 PEARL ST),Essex,NO DATA,15,NO DATA,NO DATA,NO DATA,100,Feet,25,1 - Rear End,NO DATA,451218,221367,NO DATA,NO DATA,NO DATA,State System (State Highways and Class I TH links),VT-15,2.09,V015-0406,LRS,Property Damage Only,"(44.49110165, -73.11316903)"
5884,VT0080100,12MR00585,03/15/2012,VT-15,Morristown,NO DATA,NO DATA,NO DATA,NO DATA,Center Rd.,NO DATA,NO DATA,40,1 - Rear End,NO DATA,492377,230343,NO DATA,NO DATA,NO DATA,State System (State Highways and Class I TH links),VT-15,0.9,V015-0807,LRS,Injury,"(44.57540809, -72.59199222)"