ID,Reporting Agency,Report Number,Date,Street Address,Town,Number,Number1,Number2,Number3,Intersection,Distance From Intersection,Distance Unit,Posted Speed,Direction of Collision,Direction from Intersection,Easting,Northing,Mile Marker,Mile Marker 1,Mile Marker 2,AOT Roadway,AOT Route,AOT Actual Mile,LRS Number,How Mapped,Crash Type,Location 1
6024,VT0040500,12CC08591,12/21/2012,VT-15 COLLEGE PARKWAY,Colchester,NO DATA,15,NO DATA,NO DATA,GORGE ROAD,225,Feet,35,6 - Single Vehicle Crash,East,446692,221658,NO DATA,NO DATA,NO DATA,State System (State Highways and Class I TH links),VT-15,0.02,V015-0405,LRS,Property Damage Only,"(44.49328033, -73.17074539)"
6031,VTVSP0200,12B101642,05/29/2012,VT Route 15,Walden,NO DATA,15,NO DATA,NO DATA,Walden Town Garage,0,Miles,50,2 - Head On,West,517775,218753,150,315,170,State System (State Highways and Class I TH links),VT-15,1.86,V015-0315,LRS,Property Damage Only,"(44.46878091, -72.27656654)"
6032,VTVSP0200,12B104195,12/19/2012,VT Route 15,Walden,NO DATA,15,NO DATA,NO DATA,Walden Town Garage,0,Miles,50,6 - Single Vehicle Crash,East,517578,218862,NO DATA,NO DATA,NO DATA,State System (State Highways and Class I TH links),VT-15,1.75,V015-0315,LRS,Property Damage Only,"(44.46953346, -72.27849565)"
6033,VTVSP0200,12B100585,02/28/2012,Vt Route 15,Walden,NO DATA,15,NO DATA,NO DATA,Bayley Hazen Road,250,Feet,50,6 - Single Vehicle Crash,West,516852,219322,150,315,120,State System (State Highways and Class I TH links),VT-15,1.05,V015-0315,LRS,Injury,"(44.47439647, -72.29054160)"
6034,VTVSP0200,12B100227,01/22/2012,VT-15 (8867 VT Route 15),Walden,NO DATA,15,NO DATA,NO DATA,Allen Drive,0,Miles,50,3 - Same Direction Sideswipe,East,515614,220304,NO DATA,NO DATA,NO DATA,State System (State Highways and Class I TH links),VT-15,0.16,V015-0315,LRS,Injury,"(44.48252581, -72.30337172)"
6035,VTVSP0200,12B100166,01/15/2012,Vermont Route 15,Walden,NO DATA,15,NO DATA,NO DATA,8867 Vt Route 15,NO DATA,NO DATA,50,2 - Head On,North,514650,221572,150,315,40,State System (State Highways and Class I TH links),VT-15,0.15,V015-0315,LRS,Injury,"(44.48264649, -72.30349087)"
6036,VT0030100,12HW01801,12/30/2012,Vt Rt 15 East,Hardwick,NO DATA,NO DATA,NO DATA,NO DATA,Brown Farm Rd,0,Miles,50,6 - Single Vehicle Crash,East,524925,199492,NO DATA,NO DATA,NO DATA,State System (State Highways and Class I TH links),VT-15,6.49,V015-0305,LRS,Property Damage Only,"(44.49261994, -72.31333990)"
6037,VT0030100,12HW01291,09/14/2012,Vt Rt 16,Hardwick,NO DATA,NO DATA,NO DATA,NO DATA,Cedar St,75,Feet,50,6 - Single Vehicle Crash,West,525095,201108,NO DATA,NO DATA,NO DATA,State System (State Highways and Class I TH links),VT-16,1.41,V016-0305,LRS,Property Damage Only,"(44.51591807, -72.31016272)"
6044,VT0080100,12MR00154,01/20/2012,VT 15A (Park Street),Morristown,NO DATA,NO DATA,NO DATA,NO DATA,Tenny Bridge,NO DATA,NO DATA,40,3 - Same Direction Sideswipe,NO DATA,NO DATA,NO DATA,NO DATA,NO DATA,NO DATA,State System (State Highways and Class I TH links),VT-15A,1.66,V015A0807,LRS,Property Damage Only,"(44.56422480, -72.56598190)"
6045,VT0030100,12HW01535,11/03/2012,Vtr T 15 East,Hardwick,NO DATA,NO DATA,NO DATA,NO DATA,Village Motel,500,Feet,50,6 - Single Vehicle Crash,East,522743,200251,NO DATA,NO DATA,NO DATA,State System (State Highways and Class I TH links),VT-15,3.77,V015-0305,LRS,Property Damage Only,"(44.50301309, -72.36077916)"
6046,VT0030100,12HW00316,03/20/2012,VT-15 Mill St,Hardwick,NO DATA,NO DATA,NO DATA,NO DATA,Vt Rt 15,200,Feet,30,4 - Opp Direction Sideswipe,West,510662,222702,NO DATA,NO DATA,NO DATA,State System (State Highways and Class I TH links),VT-15,3.46,V015-0305,LRS,Property Damage Only,"(44.50446051, -72.36584975)"
6047,VT0030100,12HW01653,11/28/2012,VT-15 Mill St,Hardwick,NO DATA,NO DATA,NO DATA,NO DATA,South Main St,5,Feet,30,7 - Other - Explain in Narrative,South,NO DATA,NO DATA,NO DATA,NO DATA,NO DATA,State System (State Highways and Class I TH links),VT-15,3.45,V015-0305,LRS,Property Damage Only,"(44.50449061, -72.36609276)"
6048,VT0030100,12HW00547,05/01/2012,VT-15 South Main St,Hardwick,NO DATA,NO DATA,NO DATA,NO DATA,Mill St,NO DATA,NO DATA,30,7 - Other - Explain in Narrative,South,515300,224547,NO DATA,NO DATA,NO DATA,State System (State Highways and Class I TH links),VT-15,3.45,V015-0305,LRS,Property Damage Only,"(44.50449061, -72.36609276)"
6049,VTVSP0200,12B102002,06/24/2012,VT Route 18,Waterford,NO DATA,18,NO DATA,NO DATA,Shadow Lake Rd,10,Feet,50,6 - Single Vehicle Crash,South,548517,205332,180,316,31,State System (State Highways and Class I TH links),VT-18,0.31,V018-0316,LRS,Property Damage Only,"(44.34707960, -71.89137963)"
6050,VT0030100,12HW00322,03/20/2012,VT-15 Mill St,Hardwick,NO DATA,NO DATA,NO DATA,NO DATA,Mill St & South Main St,NO DATA,NO DATA,30,7 - Other - Explain in Narrative,NO DATA,NO DATA,NO DATA,NO DATA,NO DATA,NO DATA,State System (State Highways and Class I TH links),VT-15,3.45,V015-0305,LRS,Property Damage Only,"(44.50449061, -72.36609276)"
6057,VT0030100,12HW00921,07/07/2012,Vt Rt 15,Hardwick,NO DATA,NO DATA,NO DATA,NO DATA,Lamoille Valley Ford,200,Feet,35,"10 - Left Turn and Thru, Angle Broadside -->v--",West,509910,223948,NO DATA,NO DATA,NO DATA,State System (State Highways and Class I TH links),VT-15,2.47,V015-0305,LRS,Injury,"(44.51542998, -72.37462288)"
6058,VT0030100,12HW01294,09/14/2012,Vt Rt 15,Hardwick,NO DATA,NO DATA,NO DATA,NO DATA,Greensboro Garage,NO DATA,NO DATA,35,6 - Single Vehicle Crash,South,509882,223955,NO DATA,NO DATA,NO DATA,State System (State Highways and Class I TH links),VT-15,2.39,V015-0305,LRS,Property Damage Only,"(44.51588161, -72.37609153)"
6059,VT0080100,12MR02336,08/28/2012,VT-15A Park St.,Morristown,NO DATA,NO DATA,NO DATA,NO DATA,Copley Ave.,NO DATA,NO DATA,25,1 - Rear End,North,NO DATA,NO DATA,NO DATA,NO DATA,NO DATA,State System (State Highways and Class I TH links),VT-15A,0.15,V015A0807,LRS,Property Damage Only,"(44.56199054, -72.59540500)"
6060,VT0030100,12HW01476,10/23/2012,Vt Rt 15,Hardwick,NO DATA,NO DATA,NO DATA,NO DATA,Greensboro Garage,5,Feet,35,7 - Other - Explain in Narrative,South,509853,223961,NO DATA,NO DATA,NO DATA,State System (State Highways and Class I TH links),VT-15,2.39,V015-0305,LRS,Property Damage Only,"(44.51588161, -72.37609153)"
6061,VT0030100,12HW00593,05/11/2012,Vt Rt 15,Hardwick,NO DATA,NO DATA,NO DATA,NO DATA,Bunker Hill Rd,500,Feet,50,NO DATA,West,NO DATA,NO DATA,NO DATA,NO DATA,NO DATA,State System (State Highways and Class I TH links),VT-15,1.05,V015-0305,LRS,Property Damage Only,"(44.51656707, -72.40175314)"
6062,VTVSP0200,12B102627,08/13/2012,VT Route 18,St. Johnsbury,NO DATA,18,NO DATA,NO DATA,US Route 2,10,Feet,35,"10 - Left Turn and Thru, Angle Broadside -->v--",South,542755,214570,NO DATA,NO DATA,NO DATA,State System (State Highways and Class I TH links),VT-18,0.26,V018-0311,LRS,Property Damage Only,"(44.42999740, -71.96313640)"
6063,VT0080000,12LC03052,10/27/2012,Rt 15 W,Johnson,NO DATA,15,NO DATA,NO DATA,Pearl Street,30,Feet,25,3 - Same Direction Sideswipe,West,NO DATA,NO DATA,NO DATA,NO DATA,NO DATA,State System (State Highways and Class I TH links),VT-15,4.1,V015-0806,LRS,Property Damage Only,"(44.63523075, -72.67925390)"
6070,VT0110400,12FH00209,02/17/2012,VT-22A North Park Place,Fair Haven,NO DATA,NO DATA,NO DATA,NO DATA,Washington/West,NO DATA,NO DATA,30,"10 - Left Turn and Thru, Angle Broadside -->v--",North,446480,95105,NO DATA,NO DATA,NO DATA,State System (State Highways and Class I TH links),VT-22A,1.63,V022A1107,LRS,Injury,"(43.59497667, -73.26754925)"
6071,VT0110400,12FH00829,06/25/2012,VT-22A North Park Place,Fair Haven,NO DATA,NO DATA,NO DATA,NO DATA,Caernarvon St,10,Feet,30,1 - Rear End,South,438119,121963,NO DATA,NO DATA,NO DATA,State System (State Highways and Class I TH links),VT-22A,1.57,V022A1107,LRS,Property Damage Only,"(43.59485498, -73.26632501)"
6072,VTVSP0300,12C102939,06/09/2012,VT-22A,Benson,NO DATA,30,NO DATA,NO DATA,NO DATA,NO DATA,NO DATA,40,"8 - No Turns, Thru moves only, Broadside ^<",West,435654,135635,NO DATA,NO DATA,NO DATA,State System (State Highways and Class I TH links),VT-22A,3.42,V022A1101,LRS,Injury,"(43.71757250, -73.29879437)"
6073,VTVSP0300,12C100955,02/22/2012,VT-22A,Benson,NO DATA,22A,NO DATA,NO DATA,TH 11,NO DATA,NO DATA,50,1 - Rear End,East,435632,135661,NO DATA,NO DATA,NO DATA,State System (State Highways and Class I TH links),VT-22A,3.29,V022A1101,LRS,Property Damage Only,"(43.71553863, -73.29860402)"
6074,VTVSP0300,12C105488,10/10/2012,VT-22A 3356,Benson,NO DATA,22A,NO DATA,NO DATA,Hulett Hill Rd,0,Miles,50,6 - Single Vehicle Crash,South,435731,134833,NO DATA,NO DATA,NO DATA,State System (State Highways and Class I TH links),VT-22A,2.92,V022A1101,LRS,Property Damage Only,"(43.71025537, -73.29745518)"
6075,VTVSP0300,12C104371,08/18/2012,VT-22A (3458 Vt Rt 22A),Benson,NO DATA,22A,NO DATA,NO DATA,Lake Rd (TH 3),0,Miles,50,6 - Single Vehicle Crash,North,435755,134644,221,1401,240,State System (State Highways and Class I TH links),VT-22A,2.82,V022A1101,LRS,Property Damage Only,"(43.70882214, -73.29719611)"
6076,VTVSP0300,12C107104,12/27/2012,VT-22A,Benson,NO DATA,22A,NO DATA,NO DATA,LAke Rd/Files Brothers,1,Miles,50,6 - Single Vehicle Crash,South,436134,132600,NO DATA,NO DATA,NO DATA,State System (State Highways and Class I TH links),VT-22A,2,V022A1101,LRS,Property Damage Only,"(43.69720129, -73.29418627)"
6083,VTVSP1000,12D203629,12/29/2012,Route 30,Townshend,NO DATA,30,NO DATA,NO DATA,River Bend Market,NO DATA,NO DATA,50,"14 - Left Turn and Thru, Broadside v<--",NO DATA,487123,58672,300,1317,50,State System (State Highways and Class I TH links),VT-30,0.6,V030-1317,LRS,Property Damage Only,"(43.02806434, -72.65774768)"
6084,VTVSP1000,12D200582,02/24/2012,VT Route 30,Newfane,NO DATA,30,NO DATA,NO DATA,"State Forest, TH #4",200,Feet,50,6 - Single Vehicle Crash,North,487166,57821,300,1317,58,State System (State Highways and Class I TH links),VT-30,5.64,V030-1312,LRS,Property Damage Only,"(43.01916830, -72.65635868)"
6085,VT0130000,12WHC0666,04/02/2012,VT-30 (823 Route 30),Newfane,NO DATA,30,NO DATA,NO DATA,Golden Woods Road,800,Feet,45,3 - Same Direction Sideswipe,North,488272,55594,NO DATA,NO DATA,NO DATA,State System (State Highways and Class I TH links),VT-30,4.14,V030-1312,LRS,Property Damage Only,"(43.00079481, -72.64369463)"
6086,VT0130000,12WHC0079,01/11/2012,VT-30,Newfane,NO DATA,30,NO DATA,NO DATA,Radway Hill Road,NO DATA,Feet,40,"10 - Left Turn and Thru, Angle Broadside -->v--",NO DATA,488153,55255,NO DATA,NO DATA,NO DATA,State System (State Highways and Class I TH links),VT-30,3.89,V030-1312,LRS,Property Damage Only,"(42.99741072, -72.64534015)"
6087,VTVSP1000,12D203523,12/21/2012,Route 30,Newfane,NO DATA,30,NO DATA,NO DATA,Legion Road,200,Feet,40,6 - Single Vehicle Crash,South,487812,54915,NO DATA,NO DATA,NO DATA,State System (State Highways and Class I TH links),VT-30,3.63,V030-1312,LRS,Property Damage Only,"(42.99468002, -72.64887875)"
6088,VTVSP1000,12D200686,03/04/2012,Vermont Route 30,Newfane,NO DATA,30,NO DATA,NO DATA,483 VT Route 30,NO DATA,NO DATA,40,2 - Head On,NO DATA,487099,52312,300,1312,22,State System (State Highways and Class I TH links),VT-30,2.42,V030-1312,LRS,Property Damage Only,"(42.97863958, -72.65724777)"
6089,VTVSP1000,12D200861,03/24/2012,Vermont Route 30,Newfane,NO DATA,30,NO DATA,NO DATA,#373 Route 30,20,Feet,40,6 - Single Vehicle Crash,South,487112,52276,300,1312,180,State System (State Highways and Class I TH links),VT-30,1.87,V030-1312,LRS,Property Damage Only,"(42.97090201, -72.65804898)"
6097,VT0010300,12VG00244,02/17/2012,VT-22A (217 Main Street),Vergennes,NO DATA,NO DATA,NO DATA,NO DATA,South Maple St. & Main Street,NO DATA,Feet,25,1 - Rear End,North,NO DATA,NO DATA,NO DATA,NO DATA,NO DATA,State System (State Highways and Class I TH links),VT-22A,1.18,V022A0120,LRS,Property Damage Only,"(44.16753938, -73.25277041)"
6098,VTVSP1000,12D200035,01/03/2012,VT Route 30,Jamaica,NO DATA,30,NO DATA,NO DATA,"Oak Lane, TH #58",0,Miles,50,6 - Single Vehicle Crash,South,476300,66910,30,1309,440,State System (State Highways and Class I TH links),VT-30,4.34,V030-1309,LRS,Fatal,"(43.09833085, -72.78782331)"
6099,VTVSP1000,12D200464,02/13/2012,"Vermont Route 30, #3924",Jamaica,NO DATA,30,NO DATA,NO DATA,Mechanic Street,150,Feet,30,6 - Single Vehicle Crash,North,474135,70460,300,1309,440,State System (State Highways and Class I TH links),VT-30,3.98,V030-1309,LRS,Property Damage Only,"(43.09971244, -72.78172043)"
6100,VTVSP1000,12D202704,09/27/2012,VT Route 30,Jamaica,NO DATA,100,NO DATA,NO DATA,3458 VT Route 100/30,NO DATA,NO DATA,40,2 - Head On,South,477815,66606,1000,1309,400,State System (State Highways and Class I TH links),VT-30,3.49,V030-1309,LRS,Property Damage Only,"(43.09938172, -72.77269544)"
6101,VTVSP1000,12D202543,09/11/2012,Vermont Route 30,Jamaica,NO DATA,30,NO DATA,NO DATA,"River Road, TH #41",1,Miles,50,7 - Other - Explain in Narrative,North,478295,65331,300,1309,26,State System (State Highways and Class I TH links),VT-30,2.45,V030-1309,LRS,Injury,"(43.08653079, -72.76424752)"
6102,VTVSP1000,12D200479,02/15/2012,VT Route 30/100,Jamaica,NO DATA,30,NO DATA,NO DATA,Prindle Lane,NO DATA,NO DATA,50,6 - Single Vehicle Crash,NO DATA,479836,64669,300,1309,157,State System (State Highways and Class I TH links),VT-30,1.54,V030-1309,LRS,Property Damage Only,"(43.08199204, -72.74782244)"
6103,VTVSP1000,12D200562,02/23/2012,Vt Rt 30,Jamaica,NO DATA,30,NO DATA,NO DATA,Town Garage,200,Feet,50,1 - Rear End,North,480542,64099,1000,1309,10,State System (State Highways and Class I TH links),VT-30,0.29,V030-1309,LRS,Injury,"(43.07680106, -72.72721808)"
6109,VTVSP1000,12D203378,12/07/2012,VT-30 West River Rd,Dummerston,NO DATA,30,NO DATA,NO DATA,Iron Bridge,40,Feet,50,7 - Other - Explain in Narrative,West,490725,46223,300,1305,26,State System (State Highways and Class I TH links),VT-30,1.56,V030-1305,LRS,Property Damage Only,"(42.91604401, -72.61363971)"
6110,VTVSP1000,12D202673,09/24/2012,VT-30 West River Road,Dummerston,NO DATA,30,NO DATA,NO DATA,Upper Dummerston Rd (north) TH#4,500,Feet,50,2 - Head On,South,491567,45324,300,1305,80,State System (State Highways and Class I TH links),VT-30,0.84,V030-1305,LRS,Property Damage Only,"(42.90838807, -72.60376935)"
6111,VT0130200,12BB04352,06/13/2012,Rt 30,Brattleboro,NO DATA,NO DATA,NO DATA,NO DATA,1230 Rt 30,NO DATA,NO DATA,50,2 - Head On,NO DATA,004-92-439,000-43-798,NO DATA,NO DATA,NO DATA,State System (State Highways and Class I TH links),VT-30,3.18,V030-1302,LRS,Property Damage Only,"(42.89350149, -72.59177383)"
6112,VT0130200,12BB06011,08/06/2012,VT-30 West River Rd,Brattleboro,NO DATA,NO DATA,NO DATA,NO DATA,1132 West River Rd,NO DATA,NO DATA,50,6 - Single Vehicle Crash,East,004-92-773,000-42-968,NO DATA,NO DATA,NO DATA,State System (State Highways and Class I TH links),VT-30,3.05,V030-1302,LRS,Property Damage Only,"(42.89155062, -72.59061587)"
6113,VT0130200,12BB05852,08/01/2012,VT-30 West River Rd,Brattleboro,NO DATA,NO DATA,NO DATA,NO DATA,Windham Humane Society,NO DATA,NO DATA,50,6 - Single Vehicle Crash,North,004-92-773,000-42-968,NO DATA,NO DATA,NO DATA,State System (State Highways and Class I TH links),VT-30,2.69,V030-1302,LRS,Property Damage Only,"(42.88578801, -72.58899498)"
6114,VT0130200,12BB05330,07/14/2012,VT-30 W River Rd,Brattleboro,NO DATA,NO DATA,NO DATA,NO DATA,Humane Society,NO DATA,NO DATA,50,NO DATA,NO DATA,004-92-738,000-42-884,NO DATA,NO DATA,NO DATA,State System (State Highways and Class I TH links),VT-30,2.69,V030-1302,LRS,Injury,"(42.88578801, -72.58899498)"
6115,VT0130200,12BB09508,12/18/2012,VT-30 Linden St,Brattleboro,NO DATA,NO DATA,NO DATA,NO DATA,Court Parking Lot,NO DATA,NO DATA,25,3 - Same Direction Sideswipe,NO DATA,004-95-024,000-39-590,NO DATA,NO DATA,NO DATA,State System (State Highways and Class I TH links),VT-30,2.55,V030-1302,LRS,Property Damage Only,"(42.88379934, -72.58769622)"
6122,VT0130200,12BB04582,06/20/2012,VT-30 Linden St,Brattleboro,NO DATA,NO DATA,NO DATA,NO DATA,Cedar St,NO DATA,NO DATA,25,"8 - No Turns, Thru moves only, Broadside ^<",East,004-94-653,000-40-118,NO DATA,NO DATA,NO DATA,State System (State Highways and Class I TH links),VT-30,0.32,V030-1302,LRS,Property Damage Only,"(42.86077560, -72.56511385)"
6123,VT0130200,12BB09253,12/08/2012,VT-30 Linden St,Brattleboro,NO DATA,NO DATA,NO DATA,NO DATA,Anna Marsh Lane,NO DATA,NO DATA,25,6 - Single Vehicle Crash,NO DATA,NO DATA,NO DATA,NO DATA,NO DATA,NO DATA,State System (State Highways and Class I TH links),VT-30,0.15,V030-1302,LRS,Property Damage Only,"(42.85869847, -72.56363781)"
6124,VTVSP1000,12D201802,06/29/2012,VT-30 Linden Street,Brattleboro,1,NO DATA,NO DATA,NO DATA,Park Place,10,Feet,25,7 - Other - Explain in Narrative,West,494930,39666,NO DATA,NO DATA,NO DATA,State System (State Highways and Class I TH links),VT-30,0,V030-1302,LRS,Property Damage Only,"(42.85707814, -72.56196977)"
6125,VTVSP0300,12C100397,01/22/2012,VT-30,Wells,NO DATA,30,NO DATA,NO DATA,Th 15,97,Feet,50,6 - Single Vehicle Crash,NO DATA,443658,104920,300,1126,340,State System (State Highways and Class I TH links),VT-30,3.35,V030-1126,LRS,Fatal,"(43.44222050, -73.19617576)"
6126,VTVSP0300,12C102830,06/03/2012,VT-30,Wells,NO DATA,30,NO DATA,NO DATA,Residence #125,0,Miles,40,6 - Single Vehicle Crash,South,442504,102152,NO DATA,NO DATA,NO DATA,State System (State Highways and Class I TH links),VT-30,1.12,V030-1126,LRS,Property Damage Only,"(43.41707301, -73.21084623)"
6127,VTVSP0300,12C105059,09/21/2012,VT-30,Wells,NO DATA,30,NO DATA,NO DATA,Mill Pond,NO DATA,NO DATA,50,6 - Single Vehicle Crash,South,441264,101535,NO DATA,NO DATA,NO DATA,State System (State Highways and Class I TH links),VT-30,0.35,V030-1126,LRS,Injury,"(43.41260922, -73.22448555)"
6128,VTVSP0300,12C100835,02/15/2012,VT-30,Sudbury,NO DATA,30,NO DATA,NO DATA,VT Rte 73 W,300,Feet,40,6 - Single Vehicle Crash,North,443220,144286,NO DATA,NO DATA,NO DATA,State System (State Highways and Class I TH links),VT-30,3.41,V030-1123,LRS,Injury,"(43.79703199, -73.20541245)"
6136,VTVSP0300,12C10043512C100,01/02/2012,VT 30,Poultney,NO DATA,30,NO DATA,NO DATA,Furnam Rd TH 33,0,Miles,50,6 - Single Vehicle Crash,South,441230,116411,NO DATA,NO DATA,NO DATA,State System (State Highways and Class I TH links),VT-30,6.65,V030-1117,LRS,Injury,"(43.54675416, -73.22716435)"
6137,VTVSP0300,12C106290,11/17/2012,VT-30,Poultney,NO DATA,30,NO DATA,NO DATA,Calvin Lane,274,Feet,50,6 - Single Vehicle Crash,North,441232,116130,300,1117,640,State System (State Highways and Class I TH links),VT-30,6.38,V030-1117,LRS,Property Damage Only,"(43.54285722, -73.22762692)"
6138,VTVSP0300,12C107071,12/26/2012,VT-30,Poultney,NO DATA,30,NO DATA,NO DATA,Kerber Lane,0,Miles,50,6 - Single Vehicle Crash,North,441145,115613,NO DATA,NO DATA,NO DATA,State System (State Highways and Class I TH links),VT-30,6.05,V030-1117,LRS,Property Damage Only,"(43.53809903, -73.22828211)"
6139,VTVSP0300,13C107071,12/26/2012,VT-30,Poultney,NO DATA,30,NO DATA,NO DATA,Kerber Lane,0,Miles,50,6 - Single Vehicle Crash,North,441145,115613,NO DATA,NO DATA,NO DATA,State System (State Highways and Class I TH links),VT-30,6.05,V030-1117,LRS,Property Damage Only,"(43.53809903, -73.22828211)"
6140,VTVSP0300,12C100345,01/19/2012,Vt Rt 30,Poultney,NO DATA,30,NO DATA,NO DATA,Kerber Lane,700,Feet,50,6 - Single Vehicle Crash,South,441099,114797,NO DATA,NO DATA,NO DATA,State System (State Highways and Class I TH links),VT-30,5.52,V030-1117,LRS,Property Damage Only,"(43.53047630, -73.22943300)"
6141,VTVSP0300,12C103170,06/21/2012,VT Rt 30,Poultney,NO DATA,30,NO DATA,NO DATA,Ferncliff Rd,50,Feet,50,4 - Opp Direction Sideswipe,South,442852,110999,NO DATA,NO DATA,NO DATA,State System (State Highways and Class I TH links),VT-30,2.46,V030-1117,LRS,Injury,"(43.49748093, -73.20677607)"
6142,VTVSP0300,12C103256,06/21/2012,VT-30,Poultney,NO DATA,NO DATA,NO DATA,NO DATA,Cones Point,0,Miles,40,3 - Same Direction Sideswipe,South,NO DATA,NO DATA,NO DATA,NO DATA,NO DATA,State System (State Highways and Class I TH links),VT-30,0.1,V030-1117,LRS,Property Damage Only,"(43.46557556, -73.20574385)"
6149,VTVSP0300,12C103049,06/15/2012,VT-30,Hubbardton,NO DATA,30,NO DATA,NO DATA,Camp Rd,NO DATA,NO DATA,50,1 - Rear End,South,444480,138998,NO DATA,NO DATA,NO DATA,State System (State Highways and Class I TH links),VT-30,5.1,V030-1108,LRS,Property Damage Only,"(43.74921339, -73.18944707)"
6150,VTVSP0300,12C102290,05/07/2012,VT-30,Hubbardton,NO DATA,30,NO DATA,NO DATA,Hortonia Rd,NO DATA,NO DATA,50,NO DATA,NO DATA,444801,135201,NO DATA,NO DATA,NO DATA,State System (State Highways and Class I TH links),VT-30,2.56,V030-1108,LRS,Injury,"(43.71496806, -73.18500648)"
6151,VTVSP0300,12C100973,02/23/2012,VT-30,Hubbardton,NO DATA,30,NO DATA,NO DATA,Pencil Mill Rd,0,Miles,50,6 - Single Vehicle Crash,North,444897,132777,200,1108,100,State System (State Highways and Class I TH links),VT-30,1.02,V030-1108,LRS,Injury,"(43.69272495, -73.18349989)"
6152,VT0010300,12VG00892,06/15/2012,VT-22A (300 Main Street),Vergennes,NO DATA,NO DATA,NO DATA,NO DATA,Bridge On Main Street,400,Feet,25,2 - Head On,South,NO DATA,NO DATA,NO DATA,NO DATA,NO DATA,State System (State Highways and Class I TH links),VT-22A,1.05,V022A0120,LRS,Property Damage Only,"(44.16662538, -73.25506505)"
6153,VTVSP0300,12C106450,11/26/2012,VT-30,Hubbardton,NO DATA,30,NO DATA,NO DATA,Pencil Mill Road,450,Feet,50,6 - Single Vehicle Crash,South,444864,132480,300,1108,60,State System (State Highways and Class I TH links),VT-30,0.83,V030-1108,LRS,Property Damage Only,"(43.69008768, -73.18432143)"
6154,VTVSP0300,12C101179,03/06/2012,VT-30,Hubbardton,NO DATA,30,NO DATA,NO DATA,Pencil Mill Rd,500,Feet,50,6 - Single Vehicle Crash,South,444144,130541,300,1108,60,State System (State Highways and Class I TH links),VT-30,0.82,V030-1108,LRS,Injury,"(43.68997039, -73.18443519)"
6155,VTVSP0300,12C100236,01/13/2012,VT-30 (5032),Hubbardton,NO DATA,30,NO DATA,NO DATA,NO DATA,150,Feet,50,6 - Single Vehicle Crash,North,444292,131217,300,1108,10,State System (State Highways and Class I TH links),VT-30,0.02,V030-1108,LRS,Property Damage Only,"(43.67945819, -73.19065632)"
6156,VT0110400,12FH01477,10/26/2012,VT RT 30 N,Castleton,NO DATA,30,NO DATA,NO DATA,Float Bridge Road,NO DATA,Feet,50,6 - Single Vehicle Crash,NO DATA,444259,131033,300,1103,643,State System (State Highways and Class I TH links),VT-30,6.43,V030-1103,LRS,Injury,"(43.67741021, -73.19134580)"
6174,VT0020800,12WH00072,01/12/2012,Vermont Route 30,Winhall,NO DATA,NO DATA,NO DATA,NO DATA,Jenks Way,500,Feet,50,"8 - No Turns, Thru moves only, Broadside ^<",South,NO DATA,NO DATA,NO DATA,NO DATA,NO DATA,State System (State Highways and Class I TH links),VT-30,3.09,V030-0216,LRS,Property Damage Only,"(43.15705879, -72.92174535)"
6175,VT0010300,12VG01007,07/05/2012,VT-22A West Main Street,Vergennes,NO DATA,NO DATA,NO DATA,NO DATA,Panton Road,NO DATA,Feet,30,"12 - Left Turn and Thru, Same Direction Sideswipe/Angle Crash vv--",NO DATA,NO DATA,NO DATA,NO DATA,NO DATA,NO DATA,State System (State Highways and Class I TH links),VT-22A,0.74,V022A0120,LRS,Property Damage Only,"(44.16320487, -73.25888856)"
6176,VT0020800,12WH01690,12/20/2012,Vermont Route 30,Winhall,NO DATA,NO DATA,NO DATA,NO DATA,Stratton Mountain Access Road,5,Feet,35,"8 - No Turns, Thru moves only, Broadside ^<",North,NO DATA,NO DATA,NO DATA,NO DATA,NO DATA,State System (State Highways and Class I TH links),VT-30,0.37,V030-0216,LRS,Property Damage Only,"(43.14464158, -72.87382282)"
6177,VTVSP0900,12C301387,05/22/2012,999 VT Rt 30,Rupert,NO DATA,30,NO DATA,NO DATA,Danforth Drive (TH#7),300,Feet,50,6 - Single Vehicle Crash,South,448870,87331,30,210,990,State System (State Highways and Class I TH links),VT-30,0.99,V030-0210,LRS,Property Damage Only,"(43.28403316, -73.12941889)"
6178,VT0020400,12MC02441,12/16/2012,VT-30 (2524 Bonnet St),Manchester,NO DATA,NO DATA,NO DATA,NO DATA,NO DATA,NO DATA,NO DATA,45,7 - Other - Explain in Narrative,NO DATA,454117,78999,NO DATA,NO DATA,NO DATA,State System (State Highways and Class I TH links),VT-30,2.55,V030-0206,LRS,Property Damage Only,"(43.20983605, -73.06461873)"
6179,VT0020400,12MC01560,08/07/2012,VT-30 Bonnet,Manchester,NO DATA,30,NO DATA,NO DATA,North RD,500,Feet,50,4 - Opp Direction Sideswipe,South,454391,78640,NO DATA,NO DATA,NO DATA,State System (State Highways and Class I TH links),VT-30,2.21,V030-0206,LRS,Injury,"(43.20585335, -73.06053736)"