ID,Reporting Agency,Report Number,Date,Street Address,Town,Number,Number1,Number2,Number3,Intersection,Distance From Intersection,Distance Unit,Posted Speed,Direction of Collision,Direction from Intersection,Easting,Northing,Mile Marker,Mile Marker 1,Mile Marker 2,AOT Roadway,AOT Route,AOT Actual Mile,LRS Number,How Mapped,Crash Type,Location 1
6180,VT0020400,12MC00437,03/09/2012,VT-30 Bonnet ST,Manchester,NO DATA,NO DATA,NO DATA,NO DATA,Pig Pen RD,500,Feet,40,6 - Single Vehicle Crash,South,456762,68375,NO DATA,NO DATA,NO DATA,State System (State Highways and Class I TH links),VT-30,1.31,V030-0206,LRS,Property Damage Only,"(43.19328784, -73.05504408)"
6187,VT0010200,12-105-AC,06/19/2012,VT-30 S MAIN ST,Middlebury,NO DATA,NO DATA,NO DATA,NO DATA,ROUNDABOUT,1,NO DATA,25,NO DATA,South,NO DATA,NO DATA,NO DATA,NO DATA,NO DATA,State System (State Highways and Class I TH links),VT-30,1.54,V030-0111W,LRS,Property Damage Only,"(44.01216112, -73.16972207)"
6188,VT0010200,12-30-AC,02/10/2012,VT-30┬á MAIN ST,Middlebury,NO DATA,NO DATA,NO DATA,NO DATA,SEYMOUR STREET,NO DATA,NO DATA,25,NO DATA,East,NO DATA,NO DATA,NO DATA,NO DATA,NO DATA,State System (State Highways and Class I TH links),VT-30,1.77,V030-0111,LRS,Property Damage Only,"(44.01491628, -73.16726591)"
6189,VT0010200,12-220-AC,12/19/2012,VT-30 (6 Main St.),Middlebury,NO DATA,NO DATA,NO DATA,NO DATA,3 Seymour St.,NO DATA,NO DATA,25,NO DATA,North,NO DATA,NO DATA,NO DATA,NO DATA,NO DATA,State System (State Highways and Class I TH links),VT-30,1.76,V030-0111,LRS,Property Damage Only,"(44.01482307, -73.16740932)"
6190,VT0010200,12-100-AC,06/07/2012,VT-30┬á MAIN ST,Middlebury,NO DATA,NO DATA,NO DATA,NO DATA,IN FRONT OF THE POST OFFICE,100,Feet,99,NO DATA,South,NO DATA,NO DATA,NO DATA,NO DATA,NO DATA,State System (State Highways and Class I TH links),VT-30,1.74,V030-0111,LRS,Property Damage Only,"(44.01461094, -73.16766482)"
6191,VT0010200,12-208-AC,12/17/2012,VT-30 Main St.,Middlebury,NO DATA,NO DATA,NO DATA,NO DATA,NO DATA,50,Feet,25,NO DATA,East,NO DATA,NO DATA,NO DATA,NO DATA,NO DATA,State System (State Highways and Class I TH links),VT-30,1.72,V030-0111,LRS,Property Damage Only,"(44.01438753, -73.16790146)"
6192,VT0010200,12-112-AC,07/02/2012,VT-30┬á┬á MAIN ST,Middlebury,NO DATA,NO DATA,NO DATA,NO DATA,PRINTERS ALLEY,40,Feet,25,NO DATA,South,NO DATA,NO DATA,NO DATA,NO DATA,NO DATA,State System (State Highways and Class I TH links),VT-30,1.68,V030-0111,LRS,Property Damage Only,"(44.01390134, -73.16829002)"
6193,VT0010200,12-202-AC,12/10/2012,VT-30 Main St.,Middlebury,NO DATA,NO DATA,NO DATA,NO DATA,NO DATA,NO DATA,NO DATA,25,NO DATA,East,NO DATA,NO DATA,NO DATA,NO DATA,NO DATA,State System (State Highways and Class I TH links),VT-30,1.68,V030-0111,LRS,Property Damage Only,"(44.01390134, -73.16829002)"
6200,VTVSP0600,12C200576,03/08/2012,VT-30 (1024 VT RT 30),Cornwall,NO DATA,30,NO DATA,NO DATA,Cider Mill Road TH#2,100,Feet,50,6 - Single Vehicle Crash,East,443599,165004,300,104,540,State System (State Highways and Class I TH links),VT-30,5.38,V030-0104,LRS,Injury,"(43.98378695, -73.20237042)"
6201,VTVSP0600,12C200577,03/08/2012,VT-30 (1024 Vermont Route 30),Cornwall,NO DATA,30,NO DATA,NO DATA,Cider Mill Rd,0,Miles,50,2 - Head On,North,443650,165075,NO DATA,NO DATA,NO DATA,State System (State Highways and Class I TH links),VT-30,5.38,V030-0104,LRS,Property Damage Only,"(43.98378695, -73.20237042)"
6202,VTVSP0600,12C200599,03/09/2012,VT-30 (2000 VT RT 30),Cornwall,NO DATA,30,NO DATA,NO DATA,Cider Mill Road TH#9,10,Feet,50,6 - Single Vehicle Crash,East,443505,164916,300,104,516,State System (State Highways and Class I TH links),VT-30,5.23,V030-0104,LRS,Property Damage Only,"(43.98203866, -73.20430807)"
6203,VTVSP0600,12C201228,05/07/2012,VT RT 30,Cornwall,NO DATA,30,NO DATA,NO DATA,Sperry Road TH#6,0,Miles,50,1 - Rear End,North,443415,164187,30,104,458,State System (State Highways and Class I TH links),VT-30,4.57,V030-0104,LRS,Property Damage Only,"(43.97292442, -73.20606010)"
6204,VTVSP0600,12C202524,08/18/2012,VT-30 (2607 Vt Rt 30),Cornwall,NO DATA,30,NO DATA,NO DATA,Park Lane (TH #29),10,Feet,40,"10 - Left Turn and Thru, Angle Broadside -->v--",East,443053,162614,NO DATA,NO DATA,NO DATA,State System (State Highways and Class I TH links),VT-30,3.74,V030-0104,LRS,Property Damage Only,"(43.96165456, -73.20955171)"
6205,VTVSP1300,12B300123,01/17/2012,VT 25B,Bradford,NO DATA,25B,NO DATA,NO DATA,VT Route 25,0,Miles,50,4 - Opp Direction Sideswipe,East,528812,165279,NO DATA,NO DATA,NO DATA,State System (State Highways and Class I TH links),VT-25B,0.1,V025B0901,LRS,Property Damage Only,"(43.98719294, -72.14109739)"
6206,VTVSP1300,12B301613,07/23/2012,VT-25A Bridge Street,Fairlee,NO DATA,25A,NO DATA,NO DATA,Bridge Street & Main Street,100,Feet,25,6 - Single Vehicle Crash,West,528870,156506,50,906,340,State System (State Highways and Class I TH links),VT-25A,0.04,V025A0906,LRS,Property Damage Only,"(43.90808568, -72.14041349)"
6213,VTVSP1300,12B300404,03/01/2012,VT-25,Corinth,NO DATA,25,NO DATA,NO DATA,Village Road,100,Feet,50,6 - Single Vehicle Crash,East,522434,172696,250,905,120,State System (State Highways and Class I TH links),VT-25,1.31,V025-0905,LRS,Property Damage Only,"(44.05453807, -72.22070404)"
6214,VTVSP1300,12B300097,01/13/2012,VT RT 25,Corinth,NO DATA,25,NO DATA,NO DATA,S Curves,NO DATA,NO DATA,50,6 - Single Vehicle Crash,NO DATA,523571,171553,NO DATA,NO DATA,NO DATA,State System (State Highways and Class I TH links),VT-25,0.18,V025-0905,LRS,Injury,"(44.04382355, -72.20590139)"
6215,VTVSP1300,12B300787,04/17/2012,VT-25 Waits River Road,Bradford,NO DATA,25,NO DATA,NO DATA,"""S"" Curves",NO DATA,NO DATA,50,6 - Single Vehicle Crash,NO DATA,527748,166030,250,901,260,State System (State Highways and Class I TH links),VT-25,2.55,V025-0901,LRS,Injury,"(43.99393095, -72.15413594)"
6216,VTVSP1300,12B300418,03/03/2012,VT-25 (2477 Waits River Road),Bradford,NO DATA,25,NO DATA,NO DATA,South Road,1,Miles,50,6 - Single Vehicle Crash,West,527754,166005,250,901,260,State System (State Highways and Class I TH links),VT-25,2.49,V025-0901,LRS,Property Damage Only,"(43.99294545, -72.15421440)"
6217,VTVSP1300,12B300161,01/24/2012,VT-25 (732 Waits River Road),Bradford,NO DATA,25,NO DATA,NO DATA,IFO Napa Auto Parks,NO DATA,NO DATA,40,"12 - Left Turn and Thru, Same Direction Sideswipe/Angle Crash vv--",West,530121,164811,250,901,60,State System (State Highways and Class I TH links),VT-25,0.73,V025-0901,LRS,Property Damage Only,"(43.98273750, -72.12475958)"
6218,VTVSP1300,12B301746,08/06/2012,VT-25 Waits River Road,Bradford,NO DATA,25,NO DATA,NO DATA,Lower Plain,50,Feet,40,"8 - No Turns, Thru moves only, Broadside ^<",East,530444,164684,250,901,40,State System (State Highways and Class I TH links),VT-25,0.5,V025-0901,LRS,Property Damage Only,"(43.98147366, -72.12062671)"
6219,VTVSP1300,12B300074,01/10/2012,VT 25 (Waits River Road),Bradford,NO DATA,25,NO DATA,NO DATA,Jct US RT 5 And VT RT 25,NO DATA,NO DATA,40,"10 - Left Turn and Thru, Angle Broadside -->v--",NO DATA,530433,164644,50,901,60,State System (State Highways and Class I TH links),VT-25,0.5,V025-0901,LRS,Property Damage Only,"(43.98147366, -72.12062671)"
6226,VTVSP0300,12C107145,12/29/2012,VT-22A,West Haven,NO DATA,22A,NO DATA,NO DATA,Main Rd,0,Miles,50,7 - Other - Explain in Narrative,North,435612,126984,NO DATA,NO DATA,NO DATA,State System (State Highways and Class I TH links),VT-22A,0.93,V022A1127,LRS,Property Damage Only,"(43.64021894, -73.29816244)"
6227,VTVSP0300,12C106878,12/17/2012,VT-22A,West Haven,NO DATA,22A,NO DATA,NO DATA,TH 26,0,Miles,50,6 - Single Vehicle Crash,South,435707,126107,221,1127,20,State System (State Highways and Class I TH links),VT-22A,0.53,V022A1127,LRS,Injury,"(43.63481001, -73.29696756)"
6228,VT0110400,12FH00040,01/09/2012,VT-22A N Park Place,Fair Haven,NO DATA,NO DATA,NO DATA,NO DATA,105 Main St,NO DATA,NO DATA,30,1 - Rear End,East,438171,121741,NO DATA,NO DATA,NO DATA,Ramp or Spur,VT-22A,0,V022A1107NA001,LRS,Property Damage Only,"(43.59404381, -73.26557798)"
6229,VT0110400,12FH00468,04/06/2012,Vt RT 22a,Fair Haven,NO DATA,22A,NO DATA,NO DATA,North Forty Lane,0,Miles,50,6 - Single Vehicle Crash,South,435735,124651,NO DATA,NO DATA,NO DATA,State System (State Highways and Class I TH links),VT-22A,3.84,V022A1107,LRS,Injury,"(43.61951829, -73.29631299)"
6230,VT0110400,12FH01755,12/29/2012,VT Rt22a,Fair Haven,NO DATA,22A,NO DATA,NO DATA,Sheldon Road,0,Miles,50,7 - Other - Explain in Narrative,South,436339,124008,NO DATA,NO DATA,NO DATA,State System (State Highways and Class I TH links),VT-22A,3.19,V022A1107,LRS,Property Damage Only,"(43.61257840, -73.28678398)"
6231,VT0110400,12FH01588,11/18/2012,VT-22A Washington St,Fair Haven,NO DATA,NO DATA,NO DATA,NO DATA,Rt 4 East Exit 2,250,Feet,10,"10 - Left Turn and Thru, Angle Broadside -->v--",North,437397,122951,NO DATA,NO DATA,NO DATA,State System (State Highways and Class I TH links),VT-22A,2.52,V022A1107,LRS,Property Damage Only,"(43.60553884, -73.27771923)"
6232,VT0110400,12FH01558,11/18/2012,VT-22A Washington St,Fair Haven,NO DATA,NO DATA,NO DATA,NO DATA,Rt 4 East Exit 2,250,Feet,10,"10 - Left Turn and Thru, Angle Broadside -->v--",North,437397,122951,NO DATA,NO DATA,NO DATA,State System (State Highways and Class I TH links),VT-22A,2.52,V022A1107,LRS,Property Damage Only,"(43.60553884, -73.27771923)"
6239,VTVSP0600,12C200148,01/17/2012,VT-74,Cornwall,NO DATA,74,NO DATA,NO DATA,TH 22,0,Miles,50,6 - Single Vehicle Crash,West,439259,160570,740,104,0,State System (State Highways and Class I TH links),VT-74,0.47,V074-0104,LRS,Property Damage Only,"(43.94250522, -73.24797740)"
6240,VTVSP0600,12C203464,11/06/2012,8562 SR 73,Rochester,NO DATA,73,NO DATA,NO DATA,Town Line,1,Miles,50,6 - Single Vehicle Crash,East,463498,149055,NO DATA,NO DATA,NO DATA,State System (State Highways and Class I TH links),VT-73,0.52,V073-1415,LRS,Property Damage Only,"(43.84076891, -72.95390638)"
6241,VTVSP0300,12C104493,08/24/2012,VT 73,Sudbury,NO DATA,73,NO DATA,NO DATA,Willowbrook Rd,0,Miles,35,6 - Single Vehicle Crash,East,445504,143678,NO DATA,NO DATA,NO DATA,State System (State Highways and Class I TH links),VT-73,2.54,V073-1123,LRS,Injury,"(43.81274640, -73.15695812)"
6242,VT0110100,12BD01524,06/28/2012,VT-73 (3128 Forest Dale Rd.),Brandon,NO DATA,NO DATA,NO DATA,NO DATA,3128 Forest Dale Rd.,150,Feet,50,6 - Single Vehicle Crash,West,456832,148856,NO DATA,NO DATA,NO DATA,State System (State Highways and Class I TH links),VT-73,6.75,V073-1102,LRS,Property Damage Only,"(43.83594907, -73.04165891)"
6243,VT0110100,12BD01705,07/18/2012,VT-73 Forest Dale Road,Brandon,NO DATA,73,NO DATA,NO DATA,Stone Mill Dam Roam,0,Miles,35,6 - Single Vehicle Crash,South,453742,145715,NO DATA,NO DATA,NO DATA,State System (State Highways and Class I TH links),VT-73,4.08,V073-1102,LRS,Injury,"(43.80838371, -73.07720551)"
6244,VT0110100,12BD01332,06/07/2012,VT-73 (2265 Forest Dale Road),Brandon,NO DATA,73,NO DATA,NO DATA,North Street,20,Feet,35,2 - Head On,East,455526,147577,NO DATA,NO DATA,NO DATA,State System (State Highways and Class I TH links),VT-73,0.9,V073-1102,LRS,Injury,"(43.80409090, -73.13157729)"
6245,VT0110100,12BD01073,05/13/2012,VT-73 CHAMPLAIN STREET,Brandon,NO DATA,73,NO DATA,NO DATA,WILLOW BROOK ROAD,1,Miles,50,6 - Single Vehicle Crash,East,448800,145265,NO DATA,NO DATA,NO DATA,State System (State Highways and Class I TH links),VT-73,0.57,V073-1102,LRS,Injury,"(43.80579550, -73.13638521)"
6251,VT0020100,12BN03525,05/28/2012,VT-67A Main Street,Bennington,NO DATA,NO DATA,NO DATA,NO DATA,Propect Street,NO DATA,NO DATA,25,3 - Same Direction Sideswipe,NO DATA,439372,47889,NO DATA,NO DATA,NO DATA,State System (State Highways and Class I TH links),VT-67A,3.24,V067A0202,LRS,Injury,"(42.92873541, -73.24260207)"
6252,VT0020100,12BN06808,09/25/2012,VT-67A Water Street,Bennington,NO DATA,NO DATA,NO DATA,NO DATA,Hillside Street; North Bennington,200,Feet,30,6 - Single Vehicle Crash,East,439096,46236,NO DATA,NO DATA,NO DATA,State System (State Highways and Class I TH links),VT-67A,2.16,V067A0202,LRS,Property Damage Only,"(42.91388209, -73.24619166)"
6253,VT0020100,12BN01303,03/01/2012,VT-67A Water Street,Bennington,NO DATA,67,NO DATA,NO DATA,North Bennington Road,NO DATA,NO DATA,35,6 - Single Vehicle Crash,NO DATA,439072,46244,NO DATA,NO DATA,NO DATA,State System (State Highways and Class I TH links),VT-67A,2.16,V067A0202,LRS,Property Damage Only,"(42.91388209, -73.24619166)"
6254,VT0020100,12BN03317,05/22/2012,"VT-67A Water Street, N Bennington",Bennington,NO DATA,67,NO DATA,NO DATA,Scarey Lane,200,Feet,35,6 - Single Vehicle Crash,West,439065,46244,671,202,211,State System (State Highways and Class I TH links),VT-67A,2.08,V067A0202,LRS,Property Damage Only,"(42.91367737, -73.24467801)"
6255,VT0020100,12BN06695,09/20/2012,VT-67A (1786 North Bennington Road),Bennington,NO DATA,67,NO DATA,NO DATA,Big Boys Toys,NO DATA,NO DATA,40,1 - Rear End,NO DATA,440155,46154,NO DATA,NO DATA,NO DATA,State System (State Highways and Class I TH links),VT-67A,1.76,V067A0202,LRS,Injury,"(42.91398547, -73.23851035)"
6256,VT0020100,12BN01463,03/09/2012,VT-67A North Bennington Road,Bennington,NO DATA,67,NO DATA,NO DATA,Murphy Road,NO DATA,NO DATA,40,1 - Rear End,NO DATA,440170,46146,NO DATA,NO DATA,NO DATA,State System (State Highways and Class I TH links),VT-67A,1.46,V067A0202,LRS,Injury,"(42.91308321, -73.23284384)"
6257,VT0020100,12BN07545,10/25/2012,VT-67A North Bennington Road,Bennington,NO DATA,NO DATA,NO DATA,NO DATA,"1390 Walts Smith, Inc.",NO DATA,NO DATA,45,1 - Rear End,NO DATA,440276,46007,NO DATA,NO DATA,NO DATA,State System (State Highways and Class I TH links),VT-67A,1.38,V067A0202,LRS,Injury,"(42.91258059, -73.23140445)"
6263,VT0020100,12BN07971,11/12/2012,VT-67A North Bennington Road,Bennington,NO DATA,67,NO DATA,NO DATA,Bennington Plaza,NO DATA,NO DATA,35,"8 - No Turns, Thru moves only, Broadside ^<",NO DATA,441170,45604,NO DATA,NO DATA,NO DATA,State System (State Highways and Class I TH links),VT-67A,0.69,V067A0202,LRS,Injury,"(42.90833470, -73.22044871)"
6264,VT0020100,12BN04656,07/10/2012,VT-67A North Bennington Road,Bennington,NO DATA,NO DATA,NO DATA,NO DATA,Vermont Route 279,200,Feet,40,3 - Same Direction Sideswipe,West,441189,45539,NO DATA,NO DATA,NO DATA,State System (State Highways and Class I TH links),VT-67A,0.63,V067A0202,LRS,Property Damage Only,"(42.90754078, -73.21989103)"
6265,VT0020100,12BN08580,12/06/2012,VT-67A North Bennington Road,Bennington,NO DATA,NO DATA,NO DATA,NO DATA,Home Depot Parking Lot East Entrance,NO DATA,NO DATA,40,1 - Rear End,NO DATA,441261,45446,NO DATA,NO DATA,NO DATA,State System (State Highways and Class I TH links),VT-67A,0.54,V067A0202,LRS,Injury,"(42.90636316, -73.21902108)"
6266,VT0020100,12BN05365,08/03/2012,VT-67A North Bennington Road,Bennington,NO DATA,NO DATA,NO DATA,NO DATA,Exit Ramp For VT RT 279,NO DATA,NO DATA,40,"10 - Left Turn and Thru, Angle Broadside -->v--",NO DATA,443828,42255,NO DATA,NO DATA,NO DATA,State System (State Highways and Class I TH links),VT-67A,0.54,V067A0202,LRS,Property Damage Only,"(42.90636316, -73.21902108)"
6267,VT0020100,12BN08421,11/30/2012,VT-67A Northside Drive,Bennington,NO DATA,NO DATA,NO DATA,NO DATA,Berard Street,NO DATA,NO DATA,30,"8 - No Turns, Thru moves only, Broadside ^<",NO DATA,441793,44837,NO DATA,NO DATA,NO DATA,State System (State Highways and Class I TH links),VT-67A,0.1,V067A0202,LRS,Property Damage Only,"(42.90160819, -73.21316996)"
6268,VT0020100,12BN05081,07/25/2012,VT-67A Northside Drive,Bennington,NO DATA,NO DATA,NO DATA,NO DATA,Harmont Road,NO DATA,NO DATA,35,1 - Rear End,NO DATA,441799,44801,NO DATA,NO DATA,NO DATA,State System (State Highways and Class I TH links),VT-67A,0.07,V067A0202,LRS,Property Damage Only,"(42.90139981, -73.21282877)"
6269,VT0020100,12BN07927,11/10/2012,"VT 67, Northside Drive",Bennington,NO DATA,67,NO DATA,NO DATA,Harwood HIll,NO DATA,NO DATA,35,1 - Rear End,NO DATA,441797,44816,NO DATA,NO DATA,NO DATA,State System (State Highways and Class I TH links),VT-67A,0.03,V067A0202,LRS,Property Damage Only,"(42.90110663, -73.21239203)"
6276,VTVSP1100,12D302828,07/04/2012,Vt Rt 66,Randolph,NO DATA,66,NO DATA,NO DATA,Vt Rt 14,NO DATA,NO DATA,40,1 - Rear End,NO DATA,495616,160016,NO DATA,NO DATA,NO DATA,State System (State Highways and Class I TH links),VT-66,7.62,V066-0909,LRS,Injury,"(43.94028619, -72.55426754)"
6277,VTVSP1100,12D302053,05/25/2012,Rt 66,Randolph,NO DATA,66,NO DATA,NO DATA,Rand Rd,0,Miles,50,6 - Single Vehicle Crash,West,491616,161352,NO DATA,NO DATA,NO DATA,State System (State Highways and Class I TH links),VT-66,4.41,V066-0909,LRS,Injury,"(43.95328511, -72.60089724)"
6278,VTVSP1100,12D302078,05/26/2012,VT RT 66,Randolph,NO DATA,66,NO DATA,NO DATA,Admin Drive,NO DATA,Feet,35,"8 - No Turns, Thru moves only, Broadside ^<",NO DATA,491429,160056,NO DATA,NO DATA,NO DATA,State System (State Highways and Class I TH links),VT-66,3.34,V066-0909,LRS,Injury,"(43.94081054, -72.60722436)"
6279,VTVSP1100,12D304675,10/19/2012,Route 66,Randolph,NO DATA,66,NO DATA,NO DATA,Exit 4 Sb Off Ramp,NO DATA,NO DATA,40,6 - Single Vehicle Crash,NO DATA,490103,160484,NO DATA,NO DATA,NO DATA,State System (State Highways and Class I TH links),VT-66,2.43,V066-0909,LRS,Property Damage Only,"(43.94416222, -72.62342092)"
6280,VTVSP1100,12D300681,02/15/2012,VT RT 66,Randolph,NO DATA,66,NO DATA,NO DATA,HEBARD HILL RD,NO DATA,NO DATA,50,3 - Same Direction Sideswipe,NO DATA,489229,159951,NO DATA,NO DATA,NO DATA,State System (State Highways and Class I TH links),VT-66,1.79,V066-0909,LRS,Property Damage Only,"(43.93936441, -72.63415433)"
6281,VTVSP1100,12D300005,01/01/2012,VT-66,Randolph,NO DATA,66,NO DATA,NO DATA,Windover Rd,NO DATA,NO DATA,40,6 - Single Vehicle Crash,NO DATA,487961,159010,NO DATA,NO DATA,NO DATA,State System (State Highways and Class I TH links),VT-66,0.86,V066-0909,LRS,Property Damage Only,"(43.93211166, -72.64929548)"
6282,VTVSP1100,12D300908,03/01/2012,VT-66,Randolph,NO DATA,66,NO DATA,NO DATA,Windover Rd,NO DATA,NO DATA,40,6 - Single Vehicle Crash,NO DATA,487982,159098,NO DATA,NO DATA,NO DATA,State System (State Highways and Class I TH links),VT-66,0.86,V066-0909,LRS,Property Damage Only,"(43.93211166, -72.64929548)"
6289,VTVSP1200,12A305315,12/13/2012,VT-64 (550 VT Route 64),Williamstown,NO DATA,64,NO DATA,NO DATA,NO DATA,NO DATA,NO DATA,50,6 - Single Vehicle Crash,NO DATA,495701,179846,640,917,364,State System (State Highways and Class I TH links),VT-64,3.53,V064-0917,LRS,Injury,"(44.11892165, -72.55372202)"
6290,VTVSP1200,12A301795,05/01/2012,VT-64,Williamstown,NO DATA,64,NO DATA,NO DATA,Stone Road,150,Feet,50,6 - Single Vehicle Crash,East,492013,179049,640,917,97,State System (State Highways and Class I TH links),VT-64,0.74,V064-0917,LRS,Injury,"(44.11163882, -72.59994158)"
6291,VT0120500,12BT03337,12/16/2012,VT RT 63,Barre Town,NO DATA,63,NO DATA,NO DATA,Miller Rd,1500,Feet,55,6 - Single Vehicle Crash,East,NO DATA,NO DATA,NO DATA,NO DATA,NO DATA,State System (State Highways and Class I TH links),VT-63,1.23,V063-1202,LRS,Property Damage Only,"(44.16327836, -72.53494108)"
6292,VT0120500,12BT00146,01/17/2012,Vt Rt 63,Barre Town,NO DATA,63,NO DATA,NO DATA,Miller Rd,400,Feet,55,6 - Single Vehicle Crash,East,004-99-492E,001-85-972N,NO DATA,NO DATA,NO DATA,State System (State Highways and Class I TH links),VT-63,1.03,V063-1202,LRS,Property Damage Only,"(44.16479774, -72.53835308)"
6293,VT0120500,12BT03322,12/14/2012,VT RT 63,Barre Town,NO DATA,63,NO DATA,NO DATA,Miller Rd Ext,NO DATA,NO DATA,55,"8 - No Turns, Thru moves only, Broadside ^<",NO DATA,NO DATA,NO DATA,NO DATA,NO DATA,NO DATA,State System (State Highways and Class I TH links),VT-63,0.95,V063-1202,LRS,Property Damage Only,"(44.16522410, -72.53984507)"
6294,VT0120500,12BT03397,12/26/2012,VT RT 63,Barre Town,NO DATA,63,NO DATA,NO DATA,Miller Rd,NO DATA,NO DATA,55,"8 - No Turns, Thru moves only, Broadside ^<",NO DATA,NO DATA,NO DATA,NO DATA,NO DATA,NO DATA,State System (State Highways and Class I TH links),VT-63,0.95,V063-1202,LRS,Property Damage Only,"(44.16522410, -72.53984507)"
6295,VT0120500,12BT03028,11/08/2012,VT RT 63,Barre Town,NO DATA,63,NO DATA,NO DATA,Miller Rd,5,Miles,55,7 - Other - Explain in Narrative,West,NO DATA,NO DATA,NO DATA,NO DATA,NO DATA,State System (State Highways and Class I TH links),VT-63,0.95,V063-1202,LRS,Property Damage Only,"(44.16522410, -72.53984507)"
6302,VT0120600,12BL02282,09/14/2012,VT Route 62,Berlin,NO DATA,62,NO DATA,NO DATA,Airport RD / Fisher RD,1,Feet,50,"10 - Left Turn and Thru, Angle Broadside -->v--",West,495211,190896,NO DATA,NO DATA,NO DATA,State System (State Highways and Class I TH links),VT-62,1.38,V062-1203W,LRS,Injury,"(44.21847803, -72.55984593)"
6303,VT0120600,12BL00671,03/20/2012,VT-62,Berlin,NO DATA,62,NO DATA,NO DATA,Fisher Road,20,Feet,50,1 - Rear End,North,004-95-224E,001-90-950N,NO DATA,NO DATA,NO DATA,State System (State Highways and Class I TH links),VT-62,1.38,V062-1203W,LRS,Property Damage Only,"(44.21847803, -72.55984593)"
6304,VT0120600,12BL01207,05/21/2012,VT-62,Berlin,NO DATA,62,NO DATA,NO DATA,Fisher Road,300,Feet,50,1 - Rear End,West,004-95-314E,001-91-170N,NO DATA,NO DATA,NO DATA,State System (State Highways and Class I TH links),VT-62,1.32,V062-1203W,LRS,Property Damage Only,"(44.21767861, -72.56030326)"
6305,VT0120600,12BL00441,02/21/2012,Rte 62,Berlin,NO DATA,NO DATA,NO DATA,NO DATA,Airport Road,1,Feet,40,"10 - Left Turn and Thru, Angle Broadside -->v--",South,495214,190893,NO DATA,NO DATA,NO DATA,State System (State Highways and Class I TH links),VT-62,1.3,V062-1203W,LRS,Property Damage Only,"(44.21741316, -72.56045910)"
6306,VT0120600,12BL01505,06/20/2012,Rte. 62,Berlin,NO DATA,62,NO DATA,NO DATA,Berlin State Highway,300,Feet,50,6 - Single Vehicle Crash,West,004-95-388E,001-91-214N,NO DATA,NO DATA,NO DATA,State System (State Highways and Class I TH links),VT-62,0.6,V062-1203W,LRS,Injury,"(44.21341345, -72.57200573)"
6307,VT0120600,12BL02093,08/23/2012,VT ROUTE 62,Berlin,NO DATA,62,NO DATA,NO DATA,Paine Turnpike North,20,NO DATA,50,1 - Rear End,East,494055,190392,NO DATA,NO DATA,NO DATA,State System (State Highways and Class I TH links),VT-62,0.48,V062-1203W,LRS,Property Damage Only,"(44.21387162, -72.57432344)"
6308,VT0120600,12BL02933,11/24/2012,Vt Rt 62,Berlin,NO DATA,62,NO DATA,NO DATA,VAST Trail,200,Feet,50,7 - Other - Explain in Narrative,East,NO DATA,NO DATA,NO DATA,NO DATA,NO DATA,State System (State Highways and Class I TH links),VT-62,2.47,V062-1203,LRS,Property Damage Only,"(44.21644180, -72.54207129)"
6315,VT0120600,12BL01235,05/23/2012,VT-62,Berlin,NO DATA,62,NO DATA,NO DATA,VT RT 62 & Airport Road,NO DATA,NO DATA,50,"16 - Right Turn and Thru, Same Direction Sideswipe/Angle Crash ^^--",NO DATA,NO DATA,NO DATA,NO DATA,NO DATA,NO DATA,State System (State Highways and Class I TH links),VT-62,1.38,V062-1203,LRS,Property Damage Only,"(44.21832070, -72.55977950)"
6316,VT0120600,12BL00235,01/27/2012,RT 62,Berlin,NO DATA,NO DATA,NO DATA,NO DATA,FISHER/AIRPORT RD,NO DATA,NO DATA,50,NO DATA,NO DATA,495215,190918,NO DATA,NO DATA,NO DATA,State System (State Highways and Class I TH links),VT-62,1.38,V062-1203,LRS,Property Damage Only,"(44.21832070, -72.55977950)"
6317,VT0120600,12BL02380,09/25/2012,VT Route 62,Berlin,NO DATA,62,NO DATA,NO DATA,Airport Road,10,Feet,50,1 - Rear End,East,NO DATA,NO DATA,NO DATA,NO DATA,NO DATA,State System (State Highways and Class I TH links),VT-62,1.38,V062-1203,LRS,Property Damage Only,"(44.21832070, -72.55977950)"
6318,VT0120600,12BL00535,03/03/2012,Rte. 62,Berlin,NO DATA,NO DATA,NO DATA,NO DATA,Berlin Mall Road,2,Feet,50,7 - Other - Explain in Narrative,East,494586,190343,NO DATA,NO DATA,NO DATA,State System (State Highways and Class I TH links),VT-62,0.82,V062-1203,LRS,Injury,"(44.21313793, -72.56770736)"
6319,VT0120600,12BL00960,04/23/2012,VT RT 62E,Berlin,NO DATA,NO DATA,NO DATA,NO DATA,BERLIN MALL RD,NO DATA,NO DATA,50,1 - Rear End,NO DATA,494580,190323,NO DATA,NO DATA,NO DATA,State System (State Highways and Class I TH links),VT-62,0.81,V062-1203,LRS,Injury,"(44.21311349, -72.56790622)"