ID,Reporting Agency,Report Number,Date,Street Address,Town,Number,Number1,Number2,Number3,Intersection,Distance From Intersection,Distance Unit,Posted Speed,Direction of Collision,Direction from Intersection,Easting,Northing,Mile Marker,Mile Marker 1,Mile Marker 2,AOT Roadway,AOT Route,AOT Actual Mile,LRS Number,How Mapped,Crash Type,Location 1
6320,VT0120600,12BL00955,04/22/2012,Rte. 62,Berlin,NO DATA,62,NO DATA,NO DATA,Berlin Mall Road,300,Feet,50,1 - Rear End,West,004-94-732E,001-90-359N,NO DATA,NO DATA,NO DATA,State System (State Highways and Class I TH links),VT-62,0.76,V062-1203,LRS,Property Damage Only,"(44.21304413, -72.56890987)"
6321,VT0120600,12BL01070,05/05/2012,Rte. 62,Berlin,NO DATA,62,NO DATA,NO DATA,Paine Turnpike North,1,Feet,50,"10 - Left Turn and Thru, Angle Broadside -->v--",South,004-94-064E,001-90-389N,NO DATA,NO DATA,NO DATA,State System (State Highways and Class I TH links),VT-62,0.48,V062-1203,LRS,Injury,"(44.21378484, -72.57443091)"
6327,VT0120100,12BA01882,03/23/2012,VT Route 62,Barre City,NO DATA,62,NO DATA,NO DATA,Berlin Town Line,NO DATA,NO DATA,50,6 - Single Vehicle Crash,East,004-97-272,001-90-250,NO DATA,NO DATA,NO DATA,State System (State Highways and Class I TH links),VT-62,0.01,V062-1201W,LRS,Property Damage Only,"(44.21270340, -72.53422060)"
6328,VT0120100,12BA01677,03/14/2012,VT Rt 62,Barre City,NO DATA,62,NO DATA,NO DATA,N Main St,NO DATA,NO DATA,25,7 - Other - Explain in Narrative,NO DATA,004-99-413,001-89-135,NO DATA,NO DATA,NO DATA,State System (State Highways and Class I TH links),VT-62,1.58,V062-1201,LRS,Injury,"(44.20244401, -72.50781929)"
6329,VT0120100,12BA04586,07/02/2012,VT-62/Berlin St,Barre City,NO DATA,NO DATA,NO DATA,NO DATA,Vt Rt 62,NO DATA,NO DATA,25,"8 - No Turns, Thru moves only, Broadside ^<",NO DATA,001-89-309,004-98-825,NO DATA,NO DATA,NO DATA,State System (State Highways and Class I TH links),VT-62,1.58,V062-1201,LRS,Property Damage Only,"(44.20244401, -72.50781929)"
6330,VT0120100,12BA00548,01/26/2012,Vt Rt 62,Barre City,NO DATA,62,NO DATA,NO DATA,North Main St,1000,Feet,25,7 - Other - Explain in Narrative,West,001-89-099,004-99-277,NO DATA,NO DATA,NO DATA,State System (State Highways and Class I TH links),VT-62,1.39,V062-1201,LRS,Property Damage Only,"(44.20279452, -72.51123702)"
6331,VT0120100,12BA04047,06/13/2012,VT-62/Berlin St,Barre City,NO DATA,NO DATA,NO DATA,NO DATA,Route 62,NO DATA,NO DATA,25,"8 - No Turns, Thru moves only, Broadside ^<",South,005-00-145,001-87-688,NO DATA,NO DATA,NO DATA,State System (State Highways and Class I TH links),VT-62,1.2,V062-1201,LRS,Property Damage Only,"(44.20397502, -72.51473049)"
6332,VTVSP0800,12B200051,01/07/2012,Route 58,Lowell,NO DATA,100,NO DATA,NO DATA,Ridgeview Drive,1,Miles,50,6 - Single Vehicle Crash,East,510582,257537,NO DATA,NO DATA,NO DATA,State System (State Highways and Class I TH links),VT-58,4.66,V058-1013,LRS,Property Damage Only,"(44.81801354, -72.36616230)"
6333,VTVSP0800,12B204237,12/16/2012,VT RT 58,Lowell,NO DATA,58,NO DATA,NO DATA,Irish Hill Road,0,Miles,50,6 - Single Vehicle Crash,West,506553,255970,NO DATA,NO DATA,NO DATA,State System (State Highways and Class I TH links),VT-58,1.33,V058-1013,LRS,Injury,"(44.79881805, -72.42240934)"
6340,VTVSP0800,12B202195,07/15/2012,VT-58 (1584 Willoughby Avenue),Barton,NO DATA,58,NO DATA,NO DATA,Hollow Road,NO DATA,NO DATA,50,6 - Single Vehicle Crash,East,525879,255976,NO DATA,NO DATA,NO DATA,State System (State Highways and Class I TH links),VT-58,2.14,V058-1002,LRS,Property Damage Only,"(44.80314159, -72.17212947)"
6341,VT0140400,12WN00071,01/22/2012,VT-44A (Back Mt Road),Windsor,NO DATA,NO DATA,NO DATA,NO DATA,#355 Brook Road,NO DATA,NO DATA,40,NO DATA,North,NO DATA,NO DATA,NO DATA,NO DATA,NO DATA,State System (State Highways and Class I TH links),VT-44A,2.12,V044A1423,LRS,Injury,"(43.45536562, -72.41962807)"
6342,VT0140400,12WN00685,05/19/2012,VT-44 (29 Union Street),Windsor,NO DATA,NO DATA,NO DATA,NO DATA,Union Street,NO DATA,NO DATA,20,NO DATA,North,NO DATA,NO DATA,NO DATA,NO DATA,NO DATA,State System (State Highways and Class I TH links),VT-44,4.73,V044-1423,LRS,Property Damage Only,"(43.47718721, -72.39196797)"
6343,VT0140400,12WN00153,02/14/2012,VT-44 (29 Union Street),Windsor,NO DATA,NO DATA,NO DATA,NO DATA,State Street,NO DATA,NO DATA,25,NO DATA,South,NO DATA,NO DATA,NO DATA,NO DATA,NO DATA,State System (State Highways and Class I TH links),VT-44,4.71,V044-1423,LRS,Property Damage Only,"(43.47735656, -72.39229344)"
6344,VT0140400,12WN00232,03/05/2012,VT-44 (75 Union Street),Windsor,NO DATA,NO DATA,NO DATA,NO DATA,Ascutney Street,NO DATA,NO DATA,25,NO DATA,West,NO DATA,NO DATA,NO DATA,NO DATA,NO DATA,State System (State Highways and Class I TH links),VT-44,4.51,V044-1423,LRS,Property Damage Only,"(43.47807023, -72.39615301)"
6345,VT0140400,12WN00231,03/05/2012,VT-44 Union Street,Windsor,NO DATA,NO DATA,NO DATA,NO DATA,Ascutney Street,7,Feet,25,NO DATA,East,NO DATA,NO DATA,NO DATA,NO DATA,NO DATA,State System (State Highways and Class I TH links),VT-44,4.44,V044-1423,LRS,Property Damage Only,"(43.47759171, -72.39715376)"
6346,VTWWIN011,12-0181,05/23/2012,VT Route 44,West Windsor,NO DATA,NO DATA,NO DATA,NO DATA,TH-33 Brook Rd,1,Miles,99,6 - Single Vehicle Crash,NO DATA,503818,107822,NO DATA,NO DATA,NO DATA,State System (State Highways and Class I TH links),VT-44,5.04,V044-1422,LRS,Property Damage Only,"(43.46761140, -72.45287106)"
6352,VT0060100,12SA00084,01/07/2012,VT-38 Lower Newton St,St. Albans City,NO DATA,NO DATA,NO DATA,NO DATA,Federal St,15,Feet,25,"8 - No Turns, Thru moves only, Broadside ^<",West,004-53-779E,002-57-852N,NO DATA,NO DATA,NO DATA,State System (State Highways and Class I TH links),VT-38,0.13,V038-0612,LRS,Property Damage Only,"(44.81966555, -73.08436796)"
6353,VT0060100,12SA03985,08/01/2012,VT-38 L. Newton,St. Albans City,NO DATA,NO DATA,NO DATA,NO DATA,Federal St,20,Feet,25,1 - Rear End,East,004-53-860E,002-57-865N,NO DATA,NO DATA,NO DATA,State System (State Highways and Class I TH links),VT-38,0.13,V038-0612,LRS,Property Damage Only,"(44.81966555, -73.08436796)"
6354,VT0060100,12SA00537,01/31/2012,VT-38 Lower Newton Street,St. Albans City,NO DATA,NO DATA,NO DATA,NO DATA,North Main Street,50,Feet,50,1 - Rear End,East,004-53-927E,002-57-822N,NO DATA,NO DATA,NO DATA,State System (State Highways and Class I TH links),VT-38,0.01,V038-0612,LRS,Property Damage Only,"(44.81893368, -73.08213123)"
6355,VT0060100,12SA00535,01/31/2012,VT-36 (541 Fairfield Hill Rd),St. Albans Town,NO DATA,NO DATA,NO DATA,NO DATA,Rugg Rd,98,Feet,35,6 - Single Vehicle Crash,East,004-57-301E,002-54-634N,NO DATA,NO DATA,NO DATA,State System (State Highways and Class I TH links),VT-36,4.86,V036-0613,LRS,Injury,"(44.79046454, -73.03959679)"
6356,VT0060100,12SA04178,08/11/2012,VT-36 (1651 Fairfield Hill Rd),St. Albans Town,NO DATA,NO DATA,NO DATA,NO DATA,Belleville Carriage RD,50,Feet,40,"8 - No Turns, Thru moves only, Broadside ^<",East,004-55-951E,002-55-487N,NO DATA,NO DATA,NO DATA,State System (State Highways and Class I TH links),VT-36,3.78,V036-0613,LRS,Property Damage Only,"(44.79840183, -73.05778209)"
6357,VT0060100,12SA05727,10/30/2012,VT-36 (104 Fairfield Hill RD),St. Albans Town,NO DATA,36,NO DATA,NO DATA,RT 104,0,Miles,50,1 - Rear End,East,004-55-663E,002-55-886N,NO DATA,NO DATA,NO DATA,State System (State Highways and Class I TH links),VT-36,3.54,V036-0613,LRS,Injury,"(44.80133662, -73.06002870)"
6358,VT0060100,12SA00511,01/30/2012,Route 36,St. Albans Town,NO DATA,NO DATA,NO DATA,NO DATA,Fisher Pond Rd,NO DATA,Feet,40,1 - Rear End,NO DATA,004-54-958E,002-56-167N,NO DATA,NO DATA,NO DATA,State System (State Highways and Class I TH links),VT-36,3.03,V036-0613,LRS,Property Damage Only,"(44.80505197, -73.06876240)"
6364,VT0060100,12SA00057,01/05/2012,VT-36 (133 Fairfield St),St. Albans Town,NO DATA,36,NO DATA,NO DATA,Northwest Medican Center,124,Feet,10,3 - Same Direction Sideswipe,North,004-54-678E,002-56-498N,NO DATA,NO DATA,NO DATA,State System (State Highways and Class I TH links),VT-36,1.45,V036-0613,LRS,Property Damage Only,"(44.81228620, -73.12879662)"
6365,VT0060100,12SA01981,04/21/2012,VT-36 (575 Lake Rd),St. Albans Town,NO DATA,36,NO DATA,NO DATA,Bayside Pavillion,NO DATA,Feet,30,"18 - Right Turn and Thru, Broadside ^<--",North,004-49-403E,002-56-572N,NO DATA,NO DATA,NO DATA,State System (State Highways and Class I TH links),VT-36,0.87,V036-0613,LRS,Property Damage Only,"(44.80880720, -73.13850372)"
6366,VT0060100,12SA03224,06/28/2012,VT-36 (596 Lake Rd),St. Albans Town,NO DATA,NO DATA,NO DATA,NO DATA,Maquam Shore Rd,3,Feet,35,7 - Other - Explain in Narrative,West,004-49-233E,002-56-687N,NO DATA,NO DATA,NO DATA,State System (State Highways and Class I TH links),VT-36,0.65,V036-0613,LRS,Property Damage Only,"(44.80897083, -73.14083702)"
6367,VT0060100,12SA03142,06/24/2012,VT-36 (596 Lake Rd),St. Albans Town,NO DATA,36,NO DATA,NO DATA,Bay Park,NO DATA,Feet,30,1 - Rear End,South,004-49-275E,002-56-761N,NO DATA,NO DATA,NO DATA,State System (State Highways and Class I TH links),VT-36,0.65,V036-0613,LRS,Property Damage Only,"(44.80897083, -73.14083702)"
6368,VT0060100,12SA04720,09/06/2012,VT 36 133 Fairfield St,St. Albans City,NO DATA,NO DATA,NO DATA,NO DATA,Crest Rd,30,Feet,25,1 - Rear End,West,004-54-712E,002-56-415N,NO DATA,NO DATA,NO DATA,State System (State Highways and Class I TH links),VT-36,1.42,V036-0612,LRS,Property Damage Only,"(44.80675264, -73.07328795)"
6369,VT0060100,12SA03471,07/09/2012,VT-36 (96 Fairfield Street),St. Albans City,NO DATA,NO DATA,NO DATA,NO DATA,Barlow Street,50,Feet,25,2 - Head On,West,004-54-346E,002-56-606N,NO DATA,NO DATA,NO DATA,State System (State Highways and Class I TH links),VT-36,1.23,V036-0612,LRS,Injury,"(44.80812962, -73.07675818)"
6370,VT0060100,12SA00678,02/09/2012,VT-36 Lake Street,St. Albans City,NO DATA,36,NO DATA,NO DATA,North Main Street,60,Feet,25,1 - Rear End,West,004-53-784E,002-56-897N,NO DATA,NO DATA,NO DATA,State System (State Highways and Class I TH links),VT-36,0.85,V036-0612,LRS,Property Damage Only,"(44.81080367, -73.08383734)"
6376,VT0060100,12SA05584,10/22/2012,Lake St,St. Albans City,NO DATA,36,NO DATA,NO DATA,Market Street (Wendall's Furniture),1,Feet,25,1 - Rear End,North,004-53-634E,002-56-892N,NO DATA,NO DATA,NO DATA,State System (State Highways and Class I TH links),VT-36,0.73,V036-0612,LRS,Injury,"(44.81092448, -73.08627110)"
6377,VT0060100,12SA01647,04/04/2012,VT-36 (100 Lake Street),St. Albans City,NO DATA,NO DATA,NO DATA,NO DATA,Federal Street,100,Feet,25,2 - Head On,West,004-53-635E,002-56-913N,NO DATA,NO DATA,NO DATA,State System (State Highways and Class I TH links),VT-36,0.69,V036-0612,LRS,Injury,"(44.81096166, -73.08708266)"
6378,VT0060100,12SA04963,09/19/2012,VT-36 (110 Lake Street),St. Albans City,NO DATA,NO DATA,NO DATA,NO DATA,Houghton St,5,Feet,25,"8 - No Turns, Thru moves only, Broadside ^<",North,004-53-566E,002-56-904N,NO DATA,NO DATA,NO DATA,State System (State Highways and Class I TH links),VT-36,0.66,V036-0612,LRS,Property Damage Only,"(44.81099212, -73.08769109)"
6379,VT0060100,12SA00629,02/05/2012,VT-36 Lake Street,St. Albans City,NO DATA,NO DATA,NO DATA,NO DATA,Pine Street,50,Feet,25,1 - Rear End,East,004-53-462E,002-56-909N,NO DATA,NO DATA,NO DATA,State System (State Highways and Class I TH links),VT-36,0.63,V036-0612,LRS,Injury,"(44.81102225, -73.08829956)"
6380,VT0060100,12SA02177,05/03/2012,VT-36 (138 Lake Street),St. Albans City,NO DATA,NO DATA,NO DATA,NO DATA,Switchyard Mobil,6,Feet,25,7 - Other - Explain in Narrative,North,004-53-406E,002-56-917N,NO DATA,NO DATA,NO DATA,State System (State Highways and Class I TH links),VT-36,0.6,V036-0612,LRS,Property Damage Only,"(44.81104771, -73.08890841)"
6381,VT0060100,12SA00224,01/14/2012,VT-36 (182 Lake Street),St. Albans City,NO DATA,NO DATA,NO DATA,NO DATA,Hunt Street,30,Feet,25,"12 - Left Turn and Thru, Same Direction Sideswipe/Angle Crash vv--",East,004-53-242E,002-56-947N,NO DATA,NO DATA,NO DATA,State System (State Highways and Class I TH links),VT-36,0.53,V036-0612,LRS,Injury,"(44.81110272, -73.09032950)"
6382,VT0060100,12SA00387,01/23/2012,VT-36 (200 Lake Street),St. Albans City,NO DATA,NO DATA,NO DATA,NO DATA,Hunt Street,20,Feet,25,1 - Rear End,East,004-53-222E,002-56-939N,NO DATA,NO DATA,NO DATA,State System (State Highways and Class I TH links),VT-36,0.49,V036-0612,LRS,Property Damage Only,"(44.81113529, -73.09114147)"
6389,VTVSP0700,12A204948,10/21/2012,VT Route 36,Fairfield,NO DATA,36,NO DATA,NO DATA,Shenang Road,200,Feet,50,6 - Single Vehicle Crash,West,470585,254870,NO DATA,NO DATA,NO DATA,State System (State Highways and Class I TH links),VT-36,8.44,V036-0605,LRS,Property Damage Only,"(44.79382461, -72.87450127)"
6390,VTVSP0800,12A204832,10/13/2012,VT-36,Fairfield,NO DATA,36,NO DATA,NO DATA,Branon Rd,100,Feet,35,6 - Single Vehicle Crash,East,466787,256168,NO DATA,NO DATA,NO DATA,State System (State Highways and Class I TH links),VT-36,5.61,V036-0605,LRS,Property Damage Only,"(44.80430200, -72.92319612)"
6391,VTVSP0700,12A200015,01/01/2012,Rt. 36,Fairfield,NO DATA,36,NO DATA,NO DATA,North & South Road Intersection,NO DATA,NO DATA,35,"8 - No Turns, Thru moves only, Broadside ^<",NO DATA,464758,255798,NO DATA,NO DATA,NO DATA,State System (State Highways and Class I TH links),VT-36,4.49,V036-0605,LRS,Property Damage Only,"(44.80152088, -72.94543192)"
6392,VTVSP0300,12C105357,10/04/2012,VT-31,Poultney,NO DATA,31,NO DATA,NO DATA,VT Rte 30,0,Miles,30,4 - Opp Direction Sideswipe,South,440760,113022,NO DATA,NO DATA,NO DATA,State System (State Highways and Class I TH links),VT-31,3.68,V031-1117,LRS,Property Damage Only,"(43.51432012, -73.23294128)"
6393,VTVSP0300,12C100050,01/02/2012,IFO 1230 VT Route 31,Poultney,NO DATA,31,NO DATA,NO DATA,Jones Rd,0,Miles,35,6 - Single Vehicle Crash,North,440414,111288,NO DATA,NO DATA,NO DATA,State System (State Highways and Class I TH links),VT-31,2.63,V031-1117,LRS,Property Damage Only,"(43.49944053, -73.23656100)"
6394,VTVSP0300,12C100731,02/09/2012,VT 31,Poultney,NO DATA,31,NO DATA,NO DATA,Upper Rd,NO DATA,NO DATA,45,2 - Head On,South,440324,110461,310,1117,200,State System (State Highways and Class I TH links),VT-31,2.13,V031-1117,LRS,Injury,"(43.49228609, -73.23788350)"
6395,VTVSP1000,12D203251,11/25/2012,VT-30,Townshend,NO DATA,30,NO DATA,NO DATA,NO DATA,NO DATA,NO DATA,40,6 - Single Vehicle Crash,NO DATA,483224,64436,NO DATA,NO DATA,NO DATA,State System (State Highways and Class I TH links),VT-30,6.14,V030-1317,LRS,Property Damage Only,"(43.07989140, -72.70609779)"
6402,VTVSP1100,12D301009,03/08/2012,VT-100,Plymouth,NO DATA,100,NO DATA,NO DATA,Farm & Wilderness Rd,0,Miles,50,6 - Single Vehicle Crash,South,478766,119184,NO DATA,NO DATA,NO DATA,State System (State Highways and Class I TH links),VT-100,8.56,V100-1412,LRS,Injury,"(43.57183443, -72.76269700)"
6403,VT0140100,12-LL-00653,07/12/2012,VT-100 (844 Route 100 North),Ludlow,NO DATA,100,NO DATA,NO DATA,844 Route 100 North,1,Feet,45,6 - Single Vehicle Crash,North,483895,104589,NO DATA,NO DATA,NO DATA,State System (State Highways and Class I TH links),VT-100,6.64,V100-1410,LRS,Property Damage Only,"(43.44100774, -72.69902063)"
6404,VT0140000,12WNC0078,06/30/2012,Vermont Route 100,Ludlow,NO DATA,100,NO DATA,NO DATA,Bridge #100,528,Feet,50,NO DATA,North,NO DATA,NO DATA,1000,1412,380,State System (State Highways and Class I TH links),VT-100,5.4,V100-1410,LRS,Injury,"(43.42396960, -72.70258351)"
6405,VT0140100,12LL00122,02/04/2012,VT-100 (345 Rte 100s),Ludlow,NO DATA,100,NO DATA,NO DATA,Entrance / Exit Ludlow Transfer Station,NO DATA,NO DATA,40,2 - Head On,NO DATA,NO DATA,NO DATA,NO DATA,NO DATA,NO DATA,State System (State Highways and Class I TH links),VT-100,3.69,V100-1410,LRS,Property Damage Only,"(43.37907605, -72.71388289)"
6406,VT0140100,12-LL-00922,10/05/2012,Rt 100 S,Ludlow,NO DATA,NO DATA,NO DATA,NO DATA,Dam Site 1,NO DATA,NO DATA,50,1 - Rear End,NO DATA,NO DATA,NO DATA,NO DATA,NO DATA,NO DATA,State System (State Highways and Class I TH links),VT-100,2.4,V100-1410,LRS,Property Damage Only,"(43.36252643, -72.72133562)"
6407,VT0140100,12-LL-00879,09/16/2012,Rt100,Ludlow,NO DATA,NO DATA,NO DATA,NO DATA,Addover Rd.,600,Feet,50,1 - Rear End,South,NO DATA,NO DATA,NO DATA,NO DATA,NO DATA,State System (State Highways and Class I TH links),VT-100,1.63,V100-1410,LRS,Property Damage Only,"(43.35224769, -72.72648093)"
6408,VT0140100,12LL00142,02/10/2012,VT RT 100 South,Ludlow,NO DATA,100,NO DATA,NO DATA,Old Weston Mtn Road,NO DATA,NO DATA,50,6 - Single Vehicle Crash,East,479640,94991,NO DATA,NO DATA,NO DATA,State System (State Highways and Class I TH links),VT-100,0.21,V100-1410,LRS,Property Damage Only,"(43.35480111, -72.75375216)"
6414,VT0130300,12WM00922,08/01/2012,Vermont Route 100; N,Wilmington,NO DATA,100,NO DATA,NO DATA,Higley Hill Road,20,Feet,50,3 - Same Direction Sideswipe,North,004-71-463,000-45-236,1000,1322,560,State System (State Highways and Class I TH links),VT-100,5.58,V100-1322,LRS,Property Damage Only,"(42.90592000, -72.85056155)"
6415,VT0130300,12WM01375,11/13/2012,Vermont Route 100; N,Wilmington,NO DATA,100,NO DATA,NO DATA,Higley Hill Road,0,Miles,50,2 - Head On,South,004-71-084,000-44-680,NO DATA,NO DATA,NO DATA,State System (State Highways and Class I TH links),VT-100,5.28,V100-1322,LRS,Fatal,"(42.90234396, -72.85372938)"
6416,VT0130300,12WM00369,03/16/2012,Vermont Route 100; N,Wilmington,NO DATA,100,NO DATA,NO DATA,Stable Road,1000,Feet,50,6 - Single Vehicle Crash,North,004-71-062,000-44-589,NO DATA,NO DATA,NO DATA,State System (State Highways and Class I TH links),VT-100,5.19,V100-1322,LRS,Property Damage Only,"(42.90108549, -72.85415685)"
6417,VT0130300,12WM01068,09/01/2012,580 Vermont Route 100; N,Wilmington,NO DATA,100,NO DATA,NO DATA,Coldbrook RD,0,Miles,50,6 - Single Vehicle Crash,North,004-70-236,000-42-368,1000,1322,520,State System (State Highways and Class I TH links),VT-100,5.15,V100-1322,LRS,Property Damage Only,"(42.90051768, -72.85430189)"
6418,VT0130300,12WM01378,11/13/2012,Vermont Route 100; N,Wilmington,NO DATA,100,NO DATA,NO DATA,Coldbrook Road,1,Miles,50,NO DATA,South,004-71-084,000-44-680,NO DATA,NO DATA,NO DATA,State System (State Highways and Class I TH links),VT-100,4.42,V100-1322,LRS,Property Damage Only,"(42.89055325, -72.85855763)"
6419,VT0130300,12WM00903,07/27/2012,247 Vermont Route 100; N,Wilmington,NO DATA,100,NO DATA,NO DATA,NO DATA,NO DATA,NO DATA,40,6 - Single Vehicle Crash,NO DATA,004-70-261,000-42-304,1000,1322,360,State System (State Highways and Class I TH links),VT-100,3.64,V100-1322,LRS,Property Damage Only,"(42.88187085, -72.86485232)"
6420,VT0130300,12WM00904,07/28/2012,239 Vermont Route 100; N,Wilmington,NO DATA,100,NO DATA,NO DATA,239 Vermont Route 100; N,50,Feet,40,6 - Single Vehicle Crash,North,004-70-238,000-42-370,NO DATA,NO DATA,NO DATA,State System (State Highways and Class I TH links),VT-100,3.62,V100-1322,LRS,Property Damage Only,"(42.88158931, -72.86475435)"
6427,VT0130300,12WM00282,02/24/2012,Vermont Route 100; South,Wilmington,NO DATA,100,NO DATA,NO DATA,Vermont Route 9; East,1,Miles,50,6 - Single Vehicle Crash,South,004-70-897,000-39-420,1000,1322,190,State System (State Highways and Class I TH links),VT-100,1.96,V100-1322,LRS,Property Damage Only,"(42.85425191, -72.85601055)"
6428,VT0130300,12WM00072,01/12/2012,Vermont Route 100; S,Wilmington,NO DATA,100,NO DATA,NO DATA,Boyd Hill Road,200,Feet,50,6 - Single Vehicle Crash,South,004-70-629,000-38-315,NO DATA,NO DATA,NO DATA,State System (State Highways and Class I TH links),VT-100,1.23,V100-1322,LRS,Property Damage Only,"(42.84458430, -72.85944007)"
6429,VT0130300,12WM01081,09/03/2012,Vermont Route 100; South,Wilmington,NO DATA,100,NO DATA,NO DATA,Rader Road,30,Feet,50,1 - Rear End,North,004-70-900,000-37-437,1000,1322,80,State System (State Highways and Class I TH links),VT-100,0.64,V100-1322,LRS,Injury,"(42.83655045, -72.85624541)"
6430,VTVSP1000,12D200636,02/29/2012,VT 100,Whitingham,NO DATA,100,NO DATA,NO DATA,Fuller Hill Rd,100,Feet,50,6 - Single Vehicle Crash,South,470662,36006,1000,1321,1040,State System (State Highways and Class I TH links),VT-100,10.38,V100-1321,LRS,Property Damage Only,"(42.82351266, -72.85875339)"
6431,VTVSP1000,12D200304,01/26/2012,VT-100,Whitingham,NO DATA,100,NO DATA,NO DATA,Fuller Hill Rd,1605,Feet,50,6 - Single Vehicle Crash,South,470839,35740,1000,1320,1000,State System (State Highways and Class I TH links),VT-100,10.09,V100-1321,LRS,Property Damage Only,"(42.82011305, -72.85536898)"
6432,VTVSP1000,12D200643,03/01/2012,RT 100,Whitingham,NO DATA,100,NO DATA,NO DATA,Wilmington Cross,NO DATA,NO DATA,50,6 - Single Vehicle Crash,North,471672,35005,1000,1321,1000,State System (State Highways and Class I TH links),VT-100,9.5,V100-1321,LRS,Property Damage Only,"(42.81461065, -72.84639080)"
6433,VTVSP1000,12D203528,12/21/2012,VT-100 (1608 Route 100),Whitingham,NO DATA,100,NO DATA,NO DATA,NO DATA,NO DATA,NO DATA,40,6 - Single Vehicle Crash,NO DATA,472269,34404,NO DATA,NO DATA,NO DATA,State System (State Highways and Class I TH links),VT-100,9.14,V100-1321,LRS,Injury,"(42.81065933, -72.84208556)"
6440,VTVSP1000,12D202785,10/06/2012,Route 100,Whitingham,NO DATA,100,NO DATA,NO DATA,Residence #9046 VT Route 100,500,Feet,50,6 - Single Vehicle Crash,East,467635,29661,NO DATA,NO DATA,NO DATA,State System (State Highways and Class I TH links),VT-100,1.8,V100-1321,LRS,Property Damage Only,"(42.76554271, -72.89807768)"
6441,VTVSP1000,12D200470,02/13/2012,VT-100 (3167 VT Route 100),Wardsboro,NO DATA,100,NO DATA,NO DATA,"Bill Road, TH #16",1,Miles,50,6 - Single Vehicle Crash,South,473752,58383,1000,1319,310,State System (State Highways and Class I TH links),VT-100,4.21,V100-1319,LRS,Injury,"(43.02527586, -72.82079304)"
6442,VTVSP1000,12D200382,02/04/2012,Vt 100,Wardsboro,NO DATA,100,NO DATA,NO DATA,Newell Hill Rd,25,Feet,30,6 - Single Vehicle Crash,South,471196,59033,1000,1319,233,State System (State Highways and Class I TH links),VT-100,2.33,V100-1319,LRS,Property Damage Only,"(43.03037494, -72.85148416)"
6443,VTVSP1000,12D200768,03/15/2012,VT Route 100,Wardsboro,NO DATA,100,NO DATA,NO DATA,"Smead Road, TH #6",15,Feet,30,6 - Single Vehicle Crash,East,471382,58977,1000,1319,233,State System (State Highways and Class I TH links),VT-100,2.29,V100-1319,LRS,Property Damage Only,"(43.02986605, -72.85122455)"
6444,VTVSP1000,12D200193,01/17/2012,VT RTE 100,Stratton,NO DATA,100,NO DATA,NO DATA,PENNY AVE TH#37,200,Feet,50,6 - Single Vehicle Crash,North,468729,56119,1000,1316,100,State System (State Highways and Class I TH links),VT-100,1.13,V100-1316,LRS,Property Damage Only,"(43.00620520, -72.88114136)"
6445,VTVSP1000,12D200050,01/05/2012,Route 100,Stratton,NO DATA,100,NO DATA,NO DATA,"Penny Avenue, TH #20",0,Miles,50,6 - Single Vehicle Crash,South,469081,56452,1000,1316,134,State System (State Highways and Class I TH links),VT-100,0.7,V100-1316,LRS,Property Damage Only,"(43.00119344, -72.88586152)"
6446,VTVSP0400,12D102101,07/08/2012,VT RT 100,Londonderry,NO DATA,100,NO DATA,NO DATA,RT 11,NO DATA,NO DATA,35,"8 - No Turns, Thru moves only, Broadside ^<",NO DATA,474424,81003,NO DATA,NO DATA,NO DATA,State System (State Highways and Class I TH links),VT-100,5.81,V100-1310,LRS,Injury,"(43.22931536, -72.81458952)"
6453,VTVSP1000,12D200729,03/11/2012,Route 100N,Jamaica,NO DATA,100,NO DATA,NO DATA,Route 30,NO DATA,NO DATA,50,6 - Single Vehicle Crash,North,472226,71973,1000,1309,400,State System (State Highways and Class I TH links),VT-100,3.6,V100-1309,LRS,Injury,"(43.14630425, -72.84102500)"
6454,VTVSP1000,12D202325,08/18/2012,Vermont Route 100; #3011,Jamaica,NO DATA,100,NO DATA,NO DATA,Cushing Lane,100,Feet,50,6 - Single Vehicle Crash,South,480344,63444,NO DATA,NO DATA,NO DATA,State System (State Highways and Class I TH links),VT-100,3,V100-1309,LRS,Injury,"(43.07086541, -72.74247348)"
6455,VTVSP1000,12D203512,12/19/2012,VT Route 100S,Jamaica,NO DATA,100,NO DATA,NO DATA,House #2837,NO DATA,NO DATA,50,6 - Single Vehicle Crash,NO DATA,480106,63513,1000,1309,280,State System (State Highways and Class I TH links),VT-100,2.81,V100-1309,LRS,Property Damage Only,"(43.07098675, -72.74607438)"
6456,VTVSP1000,12D202637,09/21/2012,Rt 100 South,Jamaica,NO DATA,100,NO DATA,NO DATA,1881 Route 100 South,75,Feet,50,6 - Single Vehicle Crash,East,478782,62676,NO DATA,NO DATA,NO DATA,State System (State Highways and Class I TH links),VT-100,1.93,V100-1309,LRS,Injury,"(43.06390512, -72.76030381)"