ID,Reporting Agency,Report Number,Date,Street Address,Town,Number,Number1,Number2,Number3,Intersection,Distance From Intersection,Distance Unit,Posted Speed,Direction of Collision,Direction from Intersection,Easting,Northing,Mile Marker,Mile Marker 1,Mile Marker 2,AOT Roadway,AOT Route,AOT Actual Mile,LRS Number,How Mapped,Crash Type,Location 1
6457,VTVSP1000,12D200536,02/21/2012,Vermont Route 100,Jamaica,NO DATA,100,NO DATA,NO DATA,1546 VT Route 100,0,Miles,50,6 - Single Vehicle Crash,North,478649,62533,1000,1309,140,State System (State Highways and Class I TH links),VT-100,1.8,V100-1309,LRS,Property Damage Only,"(43.06257780, -72.76222669)"
6458,VT0130500,12DV00718,08/26/2012,VT RT 100,Dover,NO DATA,100,NO DATA,NO DATA,Blue Brook Road,200,Feet,50,6 - Single Vehicle Crash,South,004-68-236E,000-53-985N,NO DATA,NO DATA,NO DATA,State System (State Highways and Class I TH links),VT-100,5.26,V100-1304,LRS,Property Damage Only,"(42.98717224, -72.88903266)"
6459,VT0130500,12DV00129,01/21/2012,VT RT 100,Dover,NO DATA,100,NO DATA,NO DATA,North Access Road,1,Feet,50,"10 - Left Turn and Thru, Angle Broadside -->v--",South,004-68-362E,000-52-370N,NO DATA,NO DATA,NO DATA,State System (State Highways and Class I TH links),VT-100,4.18,V100-1304,LRS,Property Damage Only,"(42.97158358, -72.88775555)"
6466,VT0130500,12DV00315,03/16/2012,248 VT RT 100,Dover,NO DATA,100,NO DATA,NO DATA,Matterhorn Inn,NO DATA,NO DATA,40,6 - Single Vehicle Crash,NO DATA,004-69-630E,000-49-926N,NO DATA,NO DATA,NO DATA,State System (State Highways and Class I TH links),VT-100,2.34,V100-1304,LRS,Property Damage Only,"(42.94870334, -72.87210247)"
6467,VT0130500,12DV00613,07/28/2012,VT RT 100,Dover,NO DATA,100,NO DATA,NO DATA,"194 VT RT 100, Brook House Complex",NO DATA,NO DATA,40,6 - Single Vehicle Crash,NO DATA,004-70-295E,000-49-542N,NO DATA,NO DATA,NO DATA,State System (State Highways and Class I TH links),VT-100,1.8,V100-1304,LRS,Property Damage Only,"(42.94473025, -72.86319521)"
6468,VT0130500,12DV00961,12/10/2012,VT RT 100,Dover,NO DATA,100,NO DATA,NO DATA,Valley View Road,20,Feet,35,4 - Opp Direction Sideswipe,South,004-71-342E,000-48-765N,NO DATA,NO DATA,NO DATA,State System (State Highways and Class I TH links),VT-100,1.08,V100-1304,LRS,Property Damage Only,"(42.93890048, -72.85187163)"
6469,VT0130500,12DV00837,10/14/2012,VT RT 100,Dover,NO DATA,100,NO DATA,NO DATA,Dorr Fitch Road,NO DATA,NO DATA,35,6 - Single Vehicle Crash,NO DATA,004-71-519E,000-48-572N,NO DATA,NO DATA,NO DATA,State System (State Highways and Class I TH links),VT-100,0.91,V100-1304,LRS,Injury,"(42.93710891, -72.84967754)"
6470,VT0130500,12DV00541,07/03/2012,VT RT 100,Dover,NO DATA,100,NO DATA,NO DATA,Dover Green Road,100,Feet,35,6 - Single Vehicle Crash,North,004-71-507E,000-48-124N,1000,1304,60,State System (State Highways and Class I TH links),VT-100,0.64,V100-1304,LRS,Property Damage Only,"(42.93344392, -72.84948814)"
6471,VT0130500,12DV00934,11/29/2012,VT RT 100,Dover,NO DATA,100,NO DATA,NO DATA,Waldwinkle Road,100,Feet,35,6 - Single Vehicle Crash,North,004-71-536E,000-48-323N,NO DATA,NO DATA,NO DATA,State System (State Highways and Class I TH links),VT-100,0.59,V100-1304,LRS,Property Damage Only,"(42.93279416, -72.84917143)"
6472,VT0130500,12DV00766,09/16/2012,VT RT 100,Dover,NO DATA,100,NO DATA,NO DATA,Bennington Furniture,NO DATA,NO DATA,50,6 - Single Vehicle Crash,NO DATA,004-71-570E,000-47-750N,NO DATA,NO DATA,NO DATA,State System (State Highways and Class I TH links),VT-100,0.31,V100-1304,LRS,Injury,"(42.92923439, -72.84818450)"
6479,VTVSP1200,12A303611,08/17/2012,VT-100 (3600 Vermont Route 100),Waterbury,NO DATA,100,NO DATA,NO DATA,Reservoir Road,12,Feet,35,1 - Rear End,East,482142,208690,1000,1218,334,State System (State Highways and Class I TH links),VT-100,3.61,V100-1218,LRS,Property Damage Only,"(44.38122541, -72.72060782)"
6480,VTVSP1200,12A303388,08/03/2012,VT-100 (3579 Waterbury Stowe RD),Waterbury,NO DATA,100,NO DATA,NO DATA,Good Stuff,100,Feet,35,1 - Rear End,South,482404,209013,100,1218,366,State System (State Highways and Class I TH links),VT-100,3.59,V100-1218,LRS,Injury,"(44.38093753, -72.72061675)"
6481,VTVSP1200,12A303435,08/06/2012,VT-100,Waterbury,NO DATA,100,NO DATA,NO DATA,Howard AVE,600,Feet,50,1 - Rear End,South,481953,208271,1000,1218,302,State System (State Highways and Class I TH links),VT-100,3.45,V100-1218,LRS,Property Damage Only,"(44.37914057, -72.72191299)"
6482,VT0120400,12WB00736,08/22/2012,VT-100 Waterbury Stowe Road,Waterbury,NO DATA,NO DATA,NO DATA,NO DATA,Crossroads,NO DATA,NO DATA,35,"10 - Left Turn and Thru, Angle Broadside -->v--",North,NO DATA,NO DATA,NO DATA,NO DATA,NO DATA,State System (State Highways and Class I TH links),VT-100,1.12,V100-1218,LRS,Property Damage Only,"(44.35014087, -72.74232648)"
6483,VT0120400,12WB00006,01/02/2012,Route 100,Waterbury,NO DATA,NO DATA,NO DATA,NO DATA,Shaws,NO DATA,NO DATA,35,1 - Rear End,North,NO DATA,NO DATA,NO DATA,NO DATA,NO DATA,State System (State Highways and Class I TH links),VT-100,0.83,V100-1218,LRS,Property Damage Only,"(44.34681096, -72.74558044)"
6484,VT0120400,12WB00177,02/29/2012,Route 100,Waterbury,NO DATA,NO DATA,NO DATA,NO DATA,Stowe STreet,NO DATA,NO DATA,35,1 - Rear End,North,NO DATA,NO DATA,NO DATA,NO DATA,NO DATA,State System (State Highways and Class I TH links),VT-100,0.68,V100-1218,LRS,Property Damage Only,"(44.34490443, -72.74701421)"
6485,VT0120400,12WB00173,02/28/2012,Route 100,Waterbury,NO DATA,NO DATA,NO DATA,NO DATA,Stowe Street,NO DATA,NO DATA,25,4 - Opp Direction Sideswipe,North,NO DATA,NO DATA,NO DATA,NO DATA,NO DATA,State System (State Highways and Class I TH links),VT-100,0.68,V100-1218,LRS,Property Damage Only,"(44.34490443, -72.74701421)"
6492,VT0120000,12WAC0271,11/16/2012,VT-100,Warren,NO DATA,100,NO DATA,NO DATA,Stetson Hollow Road,0,Miles,50,6 - Single Vehicle Crash,South,004-71-124,001-74-863,NO DATA,NO DATA,NO DATA,State System (State Highways and Class I TH links),VT-100,1.29,V100-1217,LRS,Injury,"(44.07722731, -72.85931962)"
6493,VTVSP1200,12A303258,07/26/2012,VT-100 (626 Main ST),Waitsfield,NO DATA,100,NO DATA,NO DATA,626 Main ST,0,Miles,50,5 - Rear-to-rear,South,477506,192651,1000,1216,740,State System (State Highways and Class I TH links),VT-100,7.41,V100-1216,LRS,Injury,"(44.23299479, -72.78198167)"
6494,VTVSP1200,12A302521,06/16/2012,VT-100 (911 Main ST),Waitsfield,NO DATA,100,NO DATA,NO DATA,North Fayston RD,200,Feet,50,6 - Single Vehicle Crash,South,477184,191929,1000,1216,6640,State System (State Highways and Class I TH links),VT-100,7.13,V100-1216,LRS,Injury,"(44.22915316, -72.78376283)"
6495,VTVSP1200,12A301173,03/15/2012,Vermont 100,Waitsfield,NO DATA,100,NO DATA,NO DATA,Riverview Road,NO DATA,NO DATA,50,1 - Rear End,NO DATA,476269,190206,1000,1216,5720,State System (State Highways and Class I TH links),VT-100,5.71,V100-1216,LRS,Property Damage Only,"(44.21150340, -72.79659086)"
6496,VTVSP1200,12A300917,02/25/2012,VT Route 100,Waitsfield,NO DATA,100,NO DATA,NO DATA,River View Road,400,Feet,50,1 - Rear End,South,476168,190087,NO DATA,NO DATA,NO DATA,State System (State Highways and Class I TH links),VT-100,5.63,V100-1216,LRS,Property Damage Only,"(44.21085418, -72.79793890)"
6497,VT0120000,12WAC0328,12/31/2012,2758 Main Street,Waitsfield,NO DATA,100,NO DATA,NO DATA,Center Fayston Road,100,Feet,50,3 - Same Direction Sideswipe,North,475751,189697,NO DATA,NO DATA,NO DATA,State System (State Highways and Class I TH links),VT-100,5.28,V100-1216,LRS,Property Damage Only,"(44.20720923, -72.80269124)"
6498,VTVSP1200,12A300990,03/01/2012,VT-100 (2758 VT Route 100),Waitsfield,NO DATA,100,NO DATA,NO DATA,Center Fayston Road,10,Feet,50,"18 - Right Turn and Thru, Broadside ^<--",East,475759,189681,1000,1208,524,State System (State Highways and Class I TH links),VT-100,5.28,V100-1216,LRS,Property Damage Only,"(44.20720923, -72.80269124)"
6505,VTVSP1200,12A301819,05/02/2012,VT-100 (1834 Main ST),Waitsfield,NO DATA,100,NO DATA,NO DATA,Mad River Green,50,Feet,30,7 - Other - Explain in Narrative,North,472949,187001,1000,1216,250,State System (State Highways and Class I TH links),VT-100,2.76,V100-1216,LRS,Injury,"(44.18282812, -72.83851899)"
6506,VTVSP1200,12A304272,09/28/2012,VT-100 (5639 Main ST),Waitsfield,NO DATA,100,NO DATA,NO DATA,Eagles Road,300,Feet,50,"14 - Left Turn and Thru, Broadside v<--",South,473089,186562,1000,1216,250,State System (State Highways and Class I TH links),VT-100,2.46,V100-1216,LRS,Injury,"(44.17890730, -72.83694814)"
6507,VTVSP1200,12A301104,03/10/2012,VT-100,Waitsfield,NO DATA,100,NO DATA,NO DATA,Kingsbury,0,Miles,50,7 - Other - Explain in Narrative,North,473504,185366,1000,1216,160,State System (State Highways and Class I TH links),VT-100,1.6,V100-1216,LRS,Property Damage Only,"(44.16838452, -72.83146491)"
6508,VTVSP1200,12A301690,04/24/2012,VT-100 (7184 Main ST),Waitsfield,NO DATA,100,NO DATA,NO DATA,7184 Main ST,90,Feet,50,6 - Single Vehicle Crash,North,473176,183203,1000,1216,120,State System (State Highways and Class I TH links),VT-100,0.88,V100-1216,LRS,Property Damage Only,"(44.15845419, -72.83503965)"
6509,VTVSP1200,12A305431,12/21/2012,VT-100 (7644 VT 100),Waitsfield,NO DATA,100,NO DATA,NO DATA,Bundy Road,30,Feet,50,1 - Rear End,South,472975,183545,1000,1216,1000,State System (State Highways and Class I TH links),VT-100,0.4,V100-1216,LRS,Injury,"(44.15189665, -72.83796224)"
6510,VTVSP1200,12A302714,06/23/2012,VT-100,Moretown,NO DATA,100,NO DATA,NO DATA,Old Talc Mine Road,NO DATA,NO DATA,50,6 - Single Vehicle Crash,NO DATA,477616,192818,1000,1212,0,State System (State Highways and Class I TH links),VT-100,0.01,V100-1212,LRS,Property Damage Only,"(44.23522077, -72.78015940)"
6511,VTVSP1200,12A304267,09/27/2012,VT-100 (4947 Vermont Route 100),Duxbury,NO DATA,100,NO DATA,NO DATA,4947 Vermont Route 100,NO DATA,NO DATA,50,1 - Rear End,NO DATA,479004,201510,1000,1206,520,State System (State Highways and Class I TH links),VT-100,4.96,V100-1206,LRS,Property Damage Only,"(44.31367884, -72.76302147)"
6518,VTVSP1200,12A304364,10/05/2012,458 VT RT 100,Duxbury,NO DATA,100,NO DATA,NO DATA,Harwood Union,100,Feet,40,1 - Rear End,West,476985,193674,1000,1206,60,State System (State Highways and Class I TH links),VT-100,0.51,V100-1206,LRS,Property Damage Only,"(44.25386058, -72.78837016)"
6519,VTVSP1200,12A300891,02/25/2012,Vermont Route 100,Duxbury,NO DATA,100,NO DATA,NO DATA,Dowsville RD,300,Feet,99,6 - Single Vehicle Crash,North,476946,194984,1000,1206,60,State System (State Highways and Class I TH links),VT-100,0.47,V100-1206,LRS,Property Damage Only,"(44.25329926, -72.78821292)"
6520,VTVSP0300,12C100881,02/18/2012,VT Rt 100,Killington,NO DATA,100,NO DATA,NO DATA,NO DATA,40,Feet,50,6 - Single Vehicle Crash,North,477995,128628,NO DATA,NO DATA,NO DATA,State System (State Highways and Class I TH links),VT-100,3.56,V100-1121,LRS,Property Damage Only,"(43.71237086, -72.82635359)"
6521,VTVSP0300,12C102140,04/25/2012,VT-100,Killington,NO DATA,100,NO DATA,NO DATA,Barrows Towne Rd,0,Miles,50,6 - Single Vehicle Crash,South,474687,132567,NO DATA,NO DATA,NO DATA,State System (State Highways and Class I TH links),VT-100,1.96,V100-1121,LRS,Injury,"(43.69262297, -72.81390726)"
6522,VTVSP0300,12C104246,08/13/2012,Vt Rt 100,Killington,NO DATA,100,NO DATA,NO DATA,1756 Vt Rt 100,75,Feet,50,7 - Other - Explain in Narrative,South,474766,132408,1000,1121,180,State System (State Highways and Class I TH links),VT-100,1.82,V100-1121,LRS,Property Damage Only,"(43.69116906, -72.81264609)"
6523,VTVSP0800,12B202532,08/05/2012,VT RT 100,Westfield,NO DATA,100,NO DATA,NO DATA,Cemetary Road,10,Feet,50,7 - Other - Explain in Narrative,North,505517,264435,NO DATA,NO DATA,NO DATA,State System (State Highways and Class I TH links),VT-100,3.13,V100-1018,LRS,Injury,"(44.87979547, -72.43032530)"
6524,VTVSP0800,12B203645,10/26/2012,VT-100,Westfield,NO DATA,100,NO DATA,NO DATA,Buck Hill Rd,0,Miles,50,"10 - Left Turn and Thru, Angle Broadside -->v--",South,505361,263628,NO DATA,NO DATA,NO DATA,State System (State Highways and Class I TH links),VT-100,2.53,V100-1018,LRS,Property Damage Only,"(44.87117200, -72.43239717)"
6531,VTVSP0800,12B203706,10/31/2012,VT-100,Newport Town,NO DATA,100,NO DATA,NO DATA,Tetreault Rd,NO DATA,NO DATA,50,1 - Rear End,NO DATA,512822,268496,NO DATA,NO DATA,NO DATA,State System (State Highways and Class I TH links),VT-100,0.81,V100-1016,LRS,Property Damage Only,"(44.91663404, -72.33689854)"
6532,VTVSP0800,12B201274,05/03/2012,VT-100,Newport Town,NO DATA,100,NO DATA,NO DATA,#12 Road,NO DATA,NO DATA,50,5 - Rear-to-rear,North,511954,268410,NO DATA,NO DATA,NO DATA,State System (State Highways and Class I TH links),VT-100,0.22,V100-1016,LRS,Injury,"(44.91492781, -72.34861307)"
6533,VTVSP0800,12B200033,01/05/2012,VT RT 100,Newport Town,NO DATA,100,NO DATA,NO DATA,Number 12 Road,0,Miles,50,6 - Single Vehicle Crash,West,511771,268853,NO DATA,NO DATA,NO DATA,State System (State Highways and Class I TH links),VT-100,0.12,V100-1016,LRS,Injury,"(44.91459691, -72.35058694)"
6534,VTVSP0800,12B203633,10/25/2012,VT RT 100,Lowell,NO DATA,100,NO DATA,NO DATA,1292 VT RT 100,100,Feet,50,6 - Single Vehicle Crash,South,504668,257469,NO DATA,NO DATA,NO DATA,State System (State Highways and Class I TH links),VT-100,5.72,V100-1013,LRS,Property Damage Only,"(44.81748018, -72.44110434)"
6535,VTVSP0800,12B200933,04/06/2012,VT-100,Lowell,NO DATA,100,NO DATA,NO DATA,VT Rt 58,NO DATA,NO DATA,35,"8 - No Turns, Thru moves only, Broadside ^<",NO DATA,504141,255442,NO DATA,NO DATA,NO DATA,State System (State Highways and Class I TH links),VT-100,4.39,V100-1013,LRS,Property Damage Only,"(44.79927653, -72.44763255)"
6536,VTVSP0800,12B201973,06/27/2012,VT RT 100,Lowell,NO DATA,58,NO DATA,NO DATA,Rte 58,NO DATA,NO DATA,30,7 - Other - Explain in Narrative,East,504151,255423,NO DATA,NO DATA,NO DATA,State System (State Highways and Class I TH links),VT-100,4.39,V100-1013,LRS,Injury,"(44.79927653, -72.44763255)"
6537,VTVSP0800,12B203804,11/08/2012,VT-100,Lowell,NO DATA,100,NO DATA,NO DATA,Rickaby Rd,0,Miles,50,6 - Single Vehicle Crash,East,503634,253039,NO DATA,NO DATA,NO DATA,State System (State Highways and Class I TH links),VT-100,2.79,V100-1013,LRS,Injury,"(44.77760598, -72.45447490)"
6544,VT0080200,12ST00184,01/17/2012,VT 100 (2385 Pucker Street),Stowe,NO DATA,100,NO DATA,NO DATA,NO DATA,NO DATA,NO DATA,50,6 - Single Vehicle Crash,NO DATA,487974,220911,NO DATA,NO DATA,NO DATA,State System (State Highways and Class I TH links),VT-100,5.77,V100-0808,LRS,Property Damage Only,"(44.48756875, -72.65207956)"
6545,VT0080200,12ST02893,11/18/2012,VT-100 (2233 Pucker Street),Stowe,NO DATA,100,NO DATA,NO DATA,Mansfield View Road (TR#24),150,Feet,40,6 - Single Vehicle Crash,North,487723,220722,1000,808,560,State System (State Highways and Class I TH links),VT-100,5.62,V100-0808,LRS,Property Damage Only,"(44.48646931, -72.65484827)"
6546,VT0080200,12ST02493,10/01/2012,VT-100 (2233 Pucker St),Stowe,NO DATA,100,NO DATA,NO DATA,NO DATA,NO DATA,NO DATA,40,NO DATA,NO DATA,487711,220713,NO DATA,NO DATA,NO DATA,State System (State Highways and Class I TH links),VT-100,5.62,V100-0808,LRS,Property Damage Only,"(44.48646931, -72.65484827)"
6547,VT0080200,12ST02578,10/10/2012,VT-100 Pucker Street,Stowe,NO DATA,100,NO DATA,NO DATA,Mansfield View Road,NO DATA,NO DATA,40,6 - Single Vehicle Crash,NO DATA,487660,220693,NO DATA,NO DATA,NO DATA,State System (State Highways and Class I TH links),VT-100,5.61,V100-0808,LRS,Property Damage Only,"(44.48640838, -72.65504337)"
6647,VTVSP0100,12A100917,03/10/2012,VT RT 100,Eden,NO DATA,100,NO DATA,NO DATA,Cherry Lane,100,Feet,50,6 - Single Vehicle Crash,North,494339,244412,NO DATA,NO DATA,NO DATA,State System (State Highways and Class I TH links),VT-100,1.53,V100-0803,LRS,Injury,"(44.69992707, -72.57138394)"
6548,VT0080200,12ST02943,11/24/2012,1944 Pucker Street,Stowe,NO DATA,100,NO DATA,NO DATA,Mandigo Residence,300,Feet,40,"8 - No Turns, Thru moves only, Broadside ^<",South,487329,220405,NO DATA,NO DATA,NO DATA,State System (State Highways and Class I TH links),VT-100,5.35,V100-0808,LRS,Property Damage Only,"(44.48391078, -72.65930422)"
6549,VT0080200,12ST00158,01/15/2012,VT 100 (1854 Pucker Street),Stowe,NO DATA,100,NO DATA,NO DATA,NO DATA,NO DATA,NO DATA,40,1 - Rear End,NO DATA,487198,220317,NO DATA,NO DATA,NO DATA,State System (State Highways and Class I TH links),VT-100,5.26,V100-0808,LRS,Injury,"(44.48305925, -72.66079361)"
6550,VT0080200,12ST00159,01/15/2012,VT 100 (1742 Pucker Street),Stowe,NO DATA,100,NO DATA,NO DATA,NO DATA,NO DATA,NO DATA,40,4 - Opp Direction Sideswipe,NO DATA,487026,220272,NO DATA,NO DATA,NO DATA,State System (State Highways and Class I TH links),VT-100,5.14,V100-0808,LRS,Property Damage Only,"(44.48261403, -72.66326531)"
6557,VT0080200,12ST02281,09/02/2012,VT-100 (447 Maple Street),Stowe,NO DATA,100,NO DATA,NO DATA,NO DATA,NO DATA,NO DATA,25,6 - Single Vehicle Crash,NO DATA,485721,218669,NO DATA,NO DATA,NO DATA,State System (State Highways and Class I TH links),VT-100,3.77,V100-0808,LRS,Property Damage Only,"(44.46793705, -72.67966092)"
6558,VT0080200,12ST02378,09/14/2012,VT-100 Main Street,Stowe,NO DATA,100,NO DATA,NO DATA,Sunset Street,NO DATA,NO DATA,25,1 - Rear End,NO DATA,485342,218363,NO DATA,NO DATA,NO DATA,State System (State Highways and Class I TH links),VT-100,3.48,V100-0808,LRS,Property Damage Only,"(44.46536565, -72.68420448)"
6559,VT0080200,12ST01352,06/01/2012,VT-100 Maple Street,Stowe,NO DATA,NO DATA,NO DATA,NO DATA,Sunset Street,NO DATA,NO DATA,25,6 - Single Vehicle Crash,NO DATA,485355,218362,NO DATA,NO DATA,NO DATA,State System (State Highways and Class I TH links),VT-100,3.48,V100-0808,LRS,Property Damage Only,"(44.46536565, -72.68420448)"
6560,VT0080200,12ST01736,07/07/2012,VT-100 (123 Main Street),Stowe,NO DATA,100,NO DATA,NO DATA,NO DATA,NO DATA,NO DATA,25,7 - Other - Explain in Narrative,NO DATA,485242,218367,NO DATA,NO DATA,NO DATA,State System (State Highways and Class I TH links),VT-100,3.44,V100-0808,LRS,Property Damage Only,"(44.46535162, -72.68504121)"
6561,VT0080200,12ST01137,05/05/2012,VT-100 (109 Main Street),Stowe,NO DATA,NO DATA,NO DATA,NO DATA,NO DATA,NO DATA,NO DATA,25,NO DATA,NO DATA,485275,218364,NO DATA,NO DATA,NO DATA,State System (State Highways and Class I TH links),VT-100,3.43,V100-0808,LRS,Property Damage Only,"(44.46536271, -72.68525135)"
6562,VT0080200,12ST01340,05/29/2012,VT-100 Main Street,Stowe,NO DATA,100,NO DATA,NO DATA,Park Street,NO DATA,NO DATA,25,NO DATA,NO DATA,485239,218363,NO DATA,NO DATA,NO DATA,State System (State Highways and Class I TH links),VT-100,3.42,V100-0808,LRS,Property Damage Only,"(44.46537016, -72.68546184)"
6563,VT0080200,12ST03163,12/16/2012,VT-100 (51 Main Street),Stowe,NO DATA,NO DATA,NO DATA,NO DATA,NO DATA,NO DATA,NO DATA,25,NO DATA,NO DATA,485165,218374,NO DATA,NO DATA,NO DATA,State System (State Highways and Class I TH links),VT-100,3.38,V100-0808,LRS,Property Damage Only,"(44.46540276, -72.68630353)"
6570,VT0080200,12ST02694,10/25/2012,VT-100 (222 South Main Street),Stowe,NO DATA,100,NO DATA,NO DATA,Main Street,0,Miles,25,NO DATA,South,484866,218133,NO DATA,NO DATA,NO DATA,State System (State Highways and Class I TH links),VT-100,3.11,V100-0808,LRS,Injury,"(44.46343265, -72.69000756)"
6571,VT0080200,12ST03282,12/28/2012,VT-100 S. Main St,Stowe,NO DATA,100,NO DATA,NO DATA,River Rd,NO DATA,NO DATA,25,NO DATA,NO DATA,484609,217668,NO DATA,NO DATA,NO DATA,State System (State Highways and Class I TH links),VT-100,2.75,V100-0808,LRS,Injury,"(44.45905032, -72.69333870)"
6572,VT0080200,12ST01890,07/25/2012,VT-100 S. Main St.,Stowe,NO DATA,100,NO DATA,NO DATA,River Rd,NO DATA,NO DATA,30,"10 - Left Turn and Thru, Angle Broadside -->v--",NO DATA,484614,217677,NO DATA,NO DATA,NO DATA,State System (State Highways and Class I TH links),VT-100,2.75,V100-0808,LRS,Property Damage Only,"(44.45905032, -72.69333870)"
6573,VT0080200,12ST00523,02/24/2012,VT-100 (722 South Main Street),Stowe,NO DATA,100,NO DATA,NO DATA,River Road,250,Feet,30,7 - Other - Explain in Narrative,South,484527,217426,NO DATA,NO DATA,NO DATA,State System (State Highways and Class I TH links),VT-100,2.58,V100-0808,LRS,Injury,"(44.45673147, -72.69443052)"
6574,VT0080200,12ST01604,06/25/2012,VT-100 South Main Street,Stowe,NO DATA,100,NO DATA,NO DATA,Sylvan Park Road,NO DATA,NO DATA,30,1 - Rear End,NO DATA,484511,217346,NO DATA,NO DATA,NO DATA,State System (State Highways and Class I TH links),VT-100,2.54,V100-0808,LRS,Property Damage Only,"(44.45616391, -72.69459158)"
6575,VT0080200,12ST00013,01/01/2012,VT 100 (782 South Main Street),Stowe,NO DATA,100,NO DATA,NO DATA,NO DATA,NO DATA,NO DATA,30,6 - Single Vehicle Crash,NO DATA,484502,217312,NO DATA,NO DATA,NO DATA,State System (State Highways and Class I TH links),VT-100,2.52,V100-0808,LRS,Property Damage Only,"(44.45588569, -72.69470396)"
6576,VT0080200,12ST02426,09/21/2012,VT-100 (804 South Main St),Stowe,NO DATA,NO DATA,NO DATA,NO DATA,NO DATA,NO DATA,NO DATA,30,NO DATA,NO DATA,484474,217259,NO DATA,NO DATA,NO DATA,State System (State Highways and Class I TH links),VT-100,2.5,V100-0808,LRS,Property Damage Only,"(44.45561468, -72.69484563)"
6583,VT0080200,12ST03112,12/14/2012,VT-100 (1333 Waterbury Road),Stowe,NO DATA,100,NO DATA,NO DATA,NO DATA,NO DATA,NO DATA,40,2 - Head On,NO DATA,484113,216490,NO DATA,NO DATA,NO DATA,State System (State Highways and Class I TH links),VT-100,1.96,V100-0808,LRS,Property Damage Only,"(44.44863994, -72.69952931)"
6584,VT0080200,12ST02331,09/09/2012,VT-100 (1424 Waterbury Road),Stowe,NO DATA,100,NO DATA,NO DATA,1424 Waterbury Road,2,Miles,40,6 - Single Vehicle Crash,South,484034,216337,NO DATA,NO DATA,NO DATA,State System (State Highways and Class I TH links),VT-100,1.88,V100-0808,LRS,Property Damage Only,"(44.44758557, -72.70019299)"
6585,VT0080200,12ST02646,10/19/2012,VT-100 (1476 Waterbury Road),Stowe,NO DATA,100,NO DATA,NO DATA,NO DATA,NO DATA,NO DATA,40,1 - Rear End,NO DATA,483927,216177,NO DATA,NO DATA,NO DATA,State System (State Highways and Class I TH links),VT-100,1.79,V100-0808,LRS,Property Damage Only,"(44.44647443, -72.70114412)"
6586,VT0080200,12ST02780,11/05/2012,VT-100(1690 Waterbury Road),Stowe,NO DATA,100,NO DATA,NO DATA,Gold Brook Road,300,Feet,40,1 - Rear End,North,NO DATA,NO DATA,NO DATA,NO DATA,NO DATA,State System (State Highways and Class I TH links),VT-100,1.62,V100-0808,LRS,Property Damage Only,"(44.44424440, -72.70247993)"
6587,VT0080200,12ST00124,01/13/2012,VT 100 (1734 Waterbury Road),Stowe,NO DATA,100,NO DATA,NO DATA,Goldbrook Road,30,Feet,40,1 - Rear End,North,483862,215908,NO DATA,NO DATA,NO DATA,State System (State Highways and Class I TH links),VT-100,1.57,V100-0808,LRS,Property Damage Only,"(44.44352896, -72.70263262)"
6588,VT0080200,12ST01381,06/05/2012,VT-100 Waterbury Road,Stowe,NO DATA,100,NO DATA,NO DATA,@ Gold Brook Road Intersection,NO DATA,NO DATA,40,1 - Rear End,NO DATA,NO DATA,NO DATA,NO DATA,NO DATA,NO DATA,State System (State Highways and Class I TH links),VT-100,1.56,V100-0808,LRS,Property Damage Only,"(44.44338676, -72.70267102)"
6589,VT0080200,12ST02645,10/19/2012,VT-100 Waterbury┬á Road,Stowe,NO DATA,100,NO DATA,NO DATA,Gold Brook Road,NO DATA,NO DATA,40,2 - Head On,NO DATA,483865,215948,NO DATA,NO DATA,NO DATA,State System (State Highways and Class I TH links),VT-100,1.55,V100-0808,LRS,Property Damage Only,"(44.44324854, -72.70273050)"
6595,VT0080200,12ST02848,11/13/2012,VT-100 (2390 Waterbury Road),Stowe,NO DATA,100,NO DATA,NO DATA,Moscow Road,200,Feet,50,6 - Single Vehicle Crash,South,483219,215222,NO DATA,NO DATA,NO DATA,State System (State Highways and Class I TH links),VT-100,0.89,V100-0808,LRS,Property Damage Only,"(44.43626256, -72.71124331)"
6596,VT0080200,12ST03120,12/15/2012,VT-100 Waterbury Road,Stowe,NO DATA,100,NO DATA,NO DATA,Moscow Road,NO DATA,NO DATA,50,1 - Rear End,NO DATA,483160,215087,NO DATA,NO DATA,NO DATA,State System (State Highways and Class I TH links),VT-100,0.86,V100-0808,LRS,Property Damage Only,"(44.43586699, -72.71149340)"
6597,VT0080200,12ST00963,04/15/2012,VT-100 (2600 Waterbury Road),Stowe,NO DATA,NO DATA,NO DATA,NO DATA,NO DATA,NO DATA,NO DATA,50,6 - Single Vehicle Crash,NO DATA,482926,214613,NO DATA,NO DATA,NO DATA,State System (State Highways and Class I TH links),VT-100,0.54,V100-0808,LRS,Property Damage Only,"(44.43164149, -72.71411389)"