ID,Reporting Agency,Report Number,Date,Street Address,Town,Number,Number1,Number2,Number3,Intersection,Distance From Intersection,Distance Unit,Posted Speed,Direction of Collision,Direction from Intersection,Easting,Northing,Mile Marker,Mile Marker 1,Mile Marker 2,AOT Roadway,AOT Route,AOT Actual Mile,LRS Number,How Mapped,Crash Type,Location 1
6598,VT0080200,12ST00039,01/04/2012,VT 100 (Waterbury Road),Stowe,NO DATA,100,NO DATA,NO DATA,Megans Way,NO DATA,NO DATA,50,4 - Opp Direction Sideswipe,NO DATA,482925,214564,NO DATA,NO DATA,NO DATA,State System (State Highways and Class I TH links),VT-100,0.5,V100-0808,LRS,Injury,"(44.43110474, -72.71441310)"
6599,VT0080200,12ST02020,08/06/2012,VT-100 (165 South Main Street),Stowe,NO DATA,100,NO DATA,NO DATA,NO DATA,NO DATA,NO DATA,25,NO DATA,NO DATA,NO DATA,NO DATA,NO DATA,NO DATA,NO DATA,State System (State Highways and Class I TH links),VT-100,0.48,V100-0808,LRS,Property Damage Only,"(44.43083687, -72.71456409)"
6600,VT0080200,12ST00425,02/13/2012,VT-100 (3000 Waterbury Rd),Stowe,NO DATA,100,NO DATA,NO DATA,Black Bear Run,0,Miles,50,6 - Single Vehicle Crash,North,482786,214290,NO DATA,NO DATA,NO DATA,State System (State Highways and Class I TH links),VT-100,0.41,V100-0808,LRS,Property Damage Only,"(44.42991605, -72.71514859)"
6601,VT0080200,12ST00182,01/17/2012,VT 100 (3100 Waterbury Road),Stowe,NO DATA,100,NO DATA,NO DATA,NO DATA,NO DATA,NO DATA,50,6 - Single Vehicle Crash,NO DATA,482572,214007,NO DATA,NO DATA,NO DATA,State System (State Highways and Class I TH links),VT-100,0.26,V100-0808,LRS,Property Damage Only,"(44.42803546, -72.71664327)"
6607,VT0080100,12MR02241,08/19/2012,VT-100 Brooklyn St.,Morristown,NO DATA,NO DATA,NO DATA,NO DATA,Fairground Plaza,NO DATA,NO DATA,40,"8 - No Turns, Thru moves only, Broadside ^<",NO DATA,492434,230235,NO DATA,NO DATA,NO DATA,State System (State Highways and Class I TH links),VT-100,6.33,V100-0807,LRS,Injury,"(44.57220288, -72.59500794)"
6608,VT0080100,12MR02355,08/30/2012,VT-100 Brooklyn St.,Morristown,NO DATA,NO DATA,NO DATA,NO DATA,Duncan Rd.,NO DATA,NO DATA,40,1 - Rear End,NO DATA,492386,230093,NO DATA,NO DATA,NO DATA,State System (State Highways and Class I TH links),VT-100,6.23,V100-0807,LRS,Property Damage Only,"(44.57094391, -72.59605535)"
6609,VT0080100,12MR02301,08/25/2012,VT-100 Brooklyn St.,Morristown,NO DATA,NO DATA,NO DATA,NO DATA,Professional Dr.,NO DATA,NO DATA,40,1 - Rear End,NO DATA,482366,230032,NO DATA,NO DATA,NO DATA,State System (State Highways and Class I TH links),VT-100,6.21,V100-0807,LRS,Property Damage Only,"(44.57071878, -72.59631860)"
6610,VT0080100,12MR01386,06/01/2012,VT 100 (481 Brooklyn Street),Morristown,NO DATA,100,NO DATA,NO DATA,Demers Property Storage,NO DATA,NO DATA,25,3 - Same Direction Sideswipe,NO DATA,492050,229703,NO DATA,NO DATA,NO DATA,State System (State Highways and Class I TH links),VT-100,6.12,V100-0807,LRS,Property Damage Only,"(44.56968478, -72.59745343)"
6611,VT0080100,12MR02909,11/01/2012,VT-100 BROOKLYN STREET,Morristown,NO DATA,100,NO DATA,NO DATA,HARREL STREET,NO DATA,NO DATA,25,"8 - No Turns, Thru moves only, Broadside ^<",NO DATA,492246,229923,NO DATA,NO DATA,NO DATA,State System (State Highways and Class I TH links),VT-100,6.1,V100-0807,LRS,Property Damage Only,"(44.56944141, -72.59767945)"
6612,VT0080100,12MR02333,08/28/2012,VT-100 Brooklyn St.,Morristown,NO DATA,NO DATA,NO DATA,NO DATA,Wilkins St.,NO DATA,NO DATA,25,1 - Rear End,North,492364,230857,NO DATA,NO DATA,NO DATA,State System (State Highways and Class I TH links),VT-100,6.04,V100-0807,LRS,Injury,"(44.56876391, -72.59845531)"
6613,VT0080100,12MR01699,06/30/2012,VT-100 Brooklyn St.,Morristown,NO DATA,NO DATA,NO DATA,NO DATA,149 Brooklyn St.,NO DATA,NO DATA,25,1 - Rear End,NO DATA,491955,229487,NO DATA,NO DATA,NO DATA,State System (State Highways and Class I TH links),VT-100,5.78,V100-0807,LRS,Injury,"(44.56561416, -72.60123283)"
6619,VT0080100,12MR02061,08/03/2012,VT-100 Portland St.,Morristown,NO DATA,NO DATA,NO DATA,NO DATA,Upper Main St.,75,Feet,25,1 - Rear End,North,491854,228825,NO DATA,NO DATA,NO DATA,State System (State Highways and Class I TH links),VT-100,5.37,V100-0807,LRS,Property Damage Only,"(44.56183872, -72.59843915)"
6620,VT0080100,12MR01778,07/08/2012,VT-100 Portland St.,Morristown,NO DATA,NO DATA,NO DATA,NO DATA,Upper Main St.,50,Feet,25,1 - Rear End,NO DATA,492173,229092,NO DATA,NO DATA,NO DATA,State System (State Highways and Class I TH links),VT-100,5.37,V100-0807,LRS,Property Damage Only,"(44.56183872, -72.59843915)"
6621,VT0080100,12MR01733,07/04/2012,VT-100 Portland St.,Morristown,NO DATA,NO DATA,NO DATA,NO DATA,Upper Main St.,5,Feet,25,1 - Rear End,South,NO DATA,NO DATA,NO DATA,NO DATA,NO DATA,State System (State Highways and Class I TH links),VT-100,5.36,V100-0807,LRS,Property Damage Only,"(44.56169327, -72.59842018)"
6622,VT0080100,12MR02260,08/21/2012,VT-100 Main St.,Morristown,NO DATA,NO DATA,NO DATA,NO DATA,Portland St.,NO DATA,NO DATA,25,3 - Same Direction Sideswipe,NO DATA,492176,229074,NO DATA,NO DATA,NO DATA,State System (State Highways and Class I TH links),VT-100,5.36,V100-0807,LRS,Property Damage Only,"(44.56169327, -72.59842018)"
6623,VT0080100,12MR02334,08/28/2012,VT-100 Porland St.,Morristown,NO DATA,NO DATA,NO DATA,NO DATA,Main St.,100,Feet,25,"8 - No Turns, Thru moves only, Broadside ^<",West,492168,229101,NO DATA,NO DATA,NO DATA,State System (State Highways and Class I TH links),VT-100,5.34,V100-0807,LRS,Property Damage Only,"(44.56164690, -72.59879164)"
6624,VT0080100,12MR00046,01/06/2012,VT 100 (Lower main Street),Morristown,NO DATA,100,NO DATA,NO DATA,East High Street,NO DATA,NO DATA,25,1 - Rear End,NO DATA,NO DATA,NO DATA,NO DATA,NO DATA,NO DATA,State System (State Highways and Class I TH links),VT-100,5.24,V100-0807,LRS,Property Damage Only,"(44.56125591, -72.60056589)"
6625,VT0080100,12MR01199,05/14/2012,VT 100 (Jersey Heights),Morristown,NO DATA,100,NO DATA,NO DATA,Best Street,50,Feet,25,1 - Rear End,South,491703,228697,NO DATA,NO DATA,NO DATA,State System (State Highways and Class I TH links),VT-100,4.94,V100-0807,LRS,Property Damage Only,"(44.55842163, -72.60452515)"
6632,VT0080100,12MR01810,07/10/2012,VT-100 Laporte Rd.,Morristown,NO DATA,NO DATA,NO DATA,NO DATA,Sholan Rd.,0,Miles,50,3 - Same Direction Sideswipe,South,490108,223449,NO DATA,NO DATA,NO DATA,State System (State Highways and Class I TH links),VT-100,1.16,V100-0807,LRS,Property Damage Only,"(44.50992525, -72.62471279)"
6633,VT0080100,12MR00174,01/23/2012,VT-100 LaPorte Rd.,Morristown,NO DATA,NO DATA,NO DATA,NO DATA,Lawrence Farm Rd.,100,Miles,50,6 - Single Vehicle Crash,South,489593,222362,NO DATA,NO DATA,NO DATA,State System (State Highways and Class I TH links),VT-100,0.61,V100-0807,LRS,Property Damage Only,"(44.50266534, -72.62923476)"
6634,VT0080000,12LC02741,09/27/2012,Vt Rt 100,Hyde Park,NO DATA,100,NO DATA,NO DATA,NO DATA,900,Feet,35,6 - Single Vehicle Crash,North,491952,240966,NO DATA,NO DATA,NO DATA,State System (State Highways and Class I TH links),VT-100,5.36,V100-0805,LRS,Property Damage Only,"(44.66892841, -72.60141949)"
6635,VT0080000,12LC03378,11/29/2012,5211 Rt 100,Hyde Park,NO DATA,100,NO DATA,NO DATA,NO DATA,NO DATA,NO DATA,35,6 - Single Vehicle Crash,NO DATA,NO DATA,NO DATA,NO DATA,NO DATA,NO DATA,State System (State Highways and Class I TH links),VT-100,5.22,V100-0805,LRS,Property Damage Only,"(44.66745777, -72.60339547)"
6636,VT0080000,12LC00057,01/08/2012,VT RT 100,Hyde Park,NO DATA,100,NO DATA,NO DATA,VT RT 100C,100,Feet,35,6 - Single Vehicle Crash,South,491624,240687,NO DATA,NO DATA,NO DATA,State System (State Highways and Class I TH links),VT-100,5.11,V100-0805,LRS,Property Damage Only,"(44.66617735, -72.60461445)"
6637,VT0080000,12LC02837,10/07/2012,VT-100 (4608 Vt Rt 100),Hyde Park,NO DATA,100,NO DATA,NO DATA,NO DATA,NO DATA,NO DATA,50,6 - Single Vehicle Crash,North,NO DATA,NO DATA,NO DATA,NO DATA,NO DATA,State System (State Highways and Class I TH links),VT-100,4.61,V100-0805,LRS,Property Damage Only,"(44.65924949, -72.60677706)"
6638,VT0080000,12LC03384,11/29/2012,3759 Vt Rt 100,Hyde Park,NO DATA,100,NO DATA,NO DATA,NO DATA,100,Feet,50,1 - Rear End,South,NO DATA,NO DATA,NO DATA,NO DATA,NO DATA,State System (State Highways and Class I TH links),VT-100,3.77,V100-0805,LRS,Property Damage Only,"(44.64803295, -72.60119602)"
6645,VTVSP0100,12A103747,09/24/2012,Route 100,Eden,NO DATA,100,NO DATA,NO DATA,NO DATA,1,Miles,50,2 - Head On,South,502415,248568,1000,1013,60,State System (State Highways and Class I TH links),VT-100,7.44,V100-0803,LRS,Fatal,"(44.73739933, -72.46940241)"
6646,VTVSP0100,12A102936,08/02/2012,VT RT 100,Eden,NO DATA,100,NO DATA,NO DATA,VT RT 118,NO DATA,NO DATA,50,"10 - Left Turn and Thru, Angle Broadside -->v--",NO DATA,496372,245236,NO DATA,NO DATA,NO DATA,State System (State Highways and Class I TH links),VT-100,2.9,V100-0803,LRS,Property Damage Only,"(44.70724335, -72.54559407)"
6648,VTVSP0900,12C300327,02/03/2012,3954 VT RT 100,Stamford,NO DATA,100,NO DATA,NO DATA,Harley Rd,500,Feet,50,6 - Single Vehicle Crash,South,456065,32072,100,214,3954,State System (State Highways and Class I TH links),VT-100,4.11,V100-0214,LRS,Injury,"(42.79009603, -73.03396197)"
6649,VTVSP0900,12C302665,09/01/2012,VT-100 (758 Main Road),Stamford,NO DATA,100,NO DATA,NO DATA,Jepson Road,300,Feet,35,1 - Rear End,South,453461,28122,1000,214,81,State System (State Highways and Class I TH links),VT-100,0.76,V100-0214,LRS,Injury,"(42.75156825, -73.06860825)"
6650,VTVSP0900,12C302054,07/15/2012,VT-100 (6828 Main St),Readsboro,NO DATA,100,NO DATA,NO DATA,Readsboro General Store Parking Lot,NO DATA,NO DATA,99,6 - Single Vehicle Crash,NO DATA,463080,30482,NO DATA,NO DATA,NO DATA,State System (State Highways and Class I TH links),VT-100,6.83,V100-0209,LRS,Property Damage Only,"(42.77366064, -72.95115130)"
6651,VTVSP1100,12D300814,02/23/2012,VT RT 100,Granville,NO DATA,100,NO DATA,NO DATA,POST OFFICE HILL RD,NO DATA,NO DATA,50,2 - Head On,North,471226,56195,NO DATA,NO DATA,NO DATA,State System (State Highways and Class I TH links),VT-100,2.91,V100-0107,LRS,Injury,"(43.98478608, -72.84659393)"
6658,VT0070000,12GIC1562,10/10/2012,VT-78(38),Alburgh,NO DATA,78,NO DATA,NO DATA,US Route 2,NO DATA,NO DATA,50,1 - Rear End,East,NO DATA,NO DATA,NO DATA,NO DATA,NO DATA,State System (State Highways and Class I TH links),VT-78,0.31,V078-0701,LRS,Property Damage Only,"(44.96358338, -73.27370656)"
6659,VT0070000,12GIC1849,11/30/2012,Rt 78,Alburgh,NO DATA,78,NO DATA,NO DATA,Route 2,NO DATA,NO DATA,50,1 - Rear End,NO DATA,NO DATA,NO DATA,NO DATA,NO DATA,NO DATA,State System (State Highways and Class I TH links),VT-78,0,V078-0701,LRS,Property Damage Only,"(44.95977369, -73.27711000)"
6660,VTVSP0700,12A206004,12/19/2012,VT-78 Thunderbird Drive,Swanton,NO DATA,78,NO DATA,NO DATA,NO DATA,20,Feet,25,"14 - Left Turn and Thru, Broadside v<--",North,452664,269599,NO DATA,NO DATA,NO DATA,State System (State Highways and Class I TH links),VT-78,8.08,V078-0615,LRS,Property Damage Only,"(44.92509023, -73.09957870)"
6661,VTVSP0700,12A202193,05/25/2012,VT-78 (250 First Street),Swanton,NO DATA,78,NO DATA,NO DATA,Torrie Drive,200,Feet,35,1 - Rear End,West,452643,269600,NO DATA,NO DATA,NO DATA,State System (State Highways and Class I TH links),VT-78,8.06,V078-0615,LRS,Property Damage Only,"(44.92489448, -73.09994423)"
6662,VT0060000,12FRC0550,03/29/2012,VT-78 (188 First Street),Swanton,NO DATA,NO DATA,NO DATA,NO DATA,Champlain Farms,75,Feet,10,6 - Single Vehicle Crash,South,452085,269313,NO DATA,NO DATA,NO DATA,State System (State Highways and Class I TH links),VT-78,7.72,V078-0615,LRS,Property Damage Only,"(44.92258955, -73.10592158)"
6663,VT0060300,12SW00422,04/27/2012,US RT. 78,Swanton,NO DATA,NO DATA,NO DATA,NO DATA,Interstate I-89,NO DATA,NO DATA,40,"18 - Right Turn and Thru, Broadside ^<--",NO DATA,452079,269322,NO DATA,NO DATA,NO DATA,State System (State Highways and Class I TH links),VT-78,7.68,V078-0615,LRS,Property Damage Only,"(44.92244022, -73.10670222)"
6664,VT0060300,12SW01393,10/29/2012,VT-78 First Street,Swanton,NO DATA,NO DATA,NO DATA,NO DATA,NO DATA,NO DATA,NO DATA,30,"8 - No Turns, Thru moves only, Broadside ^<",NO DATA,451804,269241,NO DATA,NO DATA,NO DATA,State System (State Highways and Class I TH links),VT-78,7.52,V078-0615,LRS,Property Damage Only,"(44.92181104, -73.10981233)"
6670,VT0060300,12SW00849,07/20/2012,VT-78 First Street,Swanton,NO DATA,NO DATA,NO DATA,NO DATA,York Street,1,Feet,30,"10 - Left Turn and Thru, Angle Broadside -->v--",NO DATA,450792,268928,NO DATA,NO DATA,NO DATA,State System (State Highways and Class I TH links),VT-78,6.83,V078-0615,LRS,Property Damage Only,"(44.91871130, -73.12297750)"
6671,VT0060300,12SW00811,07/13/2012,VT-78 First Street,Swanton,NO DATA,NO DATA,NO DATA,NO DATA,Grand Avenue,30,Feet,30,1 - Rear End,East,NO DATA,NO DATA,NO DATA,NO DATA,NO DATA,State System (State Highways and Class I TH links),VT-78,6.75,V078-0615,LRS,Property Damage Only,"(44.91825326, -73.12445284)"
6672,VT0060300,12SW01002,08/15/2012,VT-78 Merchants Row,Swanton,NO DATA,NO DATA,NO DATA,NO DATA,River Lane,NO DATA,NO DATA,30,1 - Rear End,NO DATA,NO DATA,NO DATA,NO DATA,NO DATA,NO DATA,State System (State Highways and Class I TH links),VT-78,6.65,V078-0615,LRS,Property Damage Only,"(44.92029115, -73.12688735)"
6673,VT0060300,12SW00233,03/11/2012,VT-78 North River Street,Swanton,NO DATA,NO DATA,NO DATA,NO DATA,Depot Street,NO DATA,NO DATA,30,7 - Other - Explain in Narrative,NO DATA,NO DATA,NO DATA,NO DATA,NO DATA,NO DATA,State System (State Highways and Class I TH links),VT-78,6.51,V078-0615,LRS,Property Damage Only,"(44.92185783, -73.12855303)"
6674,VTVSP0700,12A205988,12/18/2012,VT-78 North River Street,Swanton,NO DATA,78,NO DATA,NO DATA,Brooklyn Street,NO DATA,NO DATA,30,"8 - No Turns, Thru moves only, Broadside ^<",NO DATA,450515,269545,NO DATA,NO DATA,NO DATA,State System (State Highways and Class I TH links),VT-78,6.32,V078-0615,LRS,Property Damage Only,"(44.92427536, -73.12661584)"
6675,VT0060300,12SW00398,04/19/2012,VT-78 North RiverStreet,Swanton,NO DATA,NO DATA,NO DATA,NO DATA,Brooklyn Street,NO DATA,NO DATA,30,1 - Rear End,NO DATA,NO DATA,NO DATA,NO DATA,NO DATA,NO DATA,State System (State Highways and Class I TH links),VT-78,6.32,V078-0615,LRS,Injury,"(44.92427536, -73.12661584)"
6676,VTVSP0700,12A202809,07/01/2012,VT Route 78,Swanton,NO DATA,78,NO DATA,NO DATA,Brooklyn Street,NO DATA,NO DATA,30,"10 - Left Turn and Thru, Angle Broadside -->v--",NO DATA,450521,269532,NO DATA,NO DATA,NO DATA,State System (State Highways and Class I TH links),VT-78,6.32,V078-0615,LRS,Injury,"(44.92427536, -73.12661584)"
6683,VTVSP0700,12A205007,10/24/2012,Vermont Route 78,Swanton,NO DATA,78,NO DATA,NO DATA,Campbell Bay Road,100,Feet,50,1 - Rear End,West,446133,274700,NO DATA,NO DATA,NO DATA,State System (State Highways and Class I TH links),VT-78,1.96,V078-0615,LRS,Property Damage Only,"(44.97019283, -73.18152828)"
6684,VTVSP0700,12A201705,04/26/2012,Vt Rt. 78,Swanton,NO DATA,78,NO DATA,NO DATA,Campbell Bay Rd.,0,NO DATA,50,1 - Rear End,South,446618,274386,NO DATA,NO DATA,NO DATA,State System (State Highways and Class I TH links),VT-78,1.77,V078-0615,LRS,Property Damage Only,"(44.97074971, -73.18526871)"
6685,VTVSP0700,12A204934,10/20/2012,Vt 78,Sheldon,NO DATA,78,NO DATA,NO DATA,Rice Hill Road,NO DATA,NO DATA,50,"8 - No Turns, Thru moves only, Broadside ^<",NO DATA,463383,268918,NO DATA,NO DATA,NO DATA,State System (State Highways and Class I TH links),VT-78,0.41,V078-0614,LRS,Property Damage Only,"(44.91956093, -72.96388407)"
6686,VTVSP0800,12B201486,05/21/2012,VT-105,Charleston,NO DATA,105,NO DATA,NO DATA,Fontaine Rd,300,Feet,35,6 - Single Vehicle Crash,South,534812,266579,NO DATA,NO DATA,NO DATA,State System (State Highways and Class I TH links),VT-105,0.99,V105-1004,LRS,Property Damage Only,"(44.89831595, -72.06099137)"
6687,VTVSP0700,12A201040,03/11/2012,VT Route 105,Swanton,NO DATA,105,NO DATA,NO DATA,Russell Road,57,Feet,50,6 - Single Vehicle Crash,East,458388,264591,NO DATA,NO DATA,NO DATA,State System (State Highways and Class I TH links),VT-105,3.19,V105-0615,LRS,Fatal,"(44.87845283, -73.02997532)"
6688,VTVSP0700,12A202208,05/26/2012,VT-105 (2108 Sheldon Road),Swanton,NO DATA,105,NO DATA,NO DATA,Residence #2108,500,Feet,50,4 - Opp Direction Sideswipe,North,457906,263453,NO DATA,NO DATA,NO DATA,State System (State Highways and Class I TH links),VT-105,2.07,V105-0615,LRS,Property Damage Only,"(44.86243078, -73.03263124)"
6689,VTVSP0700,12A202273,05/30/2012,VT-105,Swanton,NO DATA,105,NO DATA,NO DATA,Viens Road,NO DATA,NO DATA,50,"10 - Left Turn and Thru, Angle Broadside -->v--",NO DATA,457922,262454,NO DATA,NO DATA,NO DATA,State System (State Highways and Class I TH links),VT-105,1.92,V105-0615,LRS,Property Damage Only,"(44.86025346, -73.03248688)"
6696,VTVSP0700,12A201280,03/27/2012,VT Route 105,Sheldon,NO DATA,105,NO DATA,NO DATA,Main Street,0,Miles,40,7 - Other - Explain in Narrative,East,465198,266891,NO DATA,NO DATA,NO DATA,State System (State Highways and Class I TH links),VT-105,3.97,V105-0614,LRS,Property Damage Only,"(44.90056284, -72.95398240)"
6697,VTVSP0700,12A203754,08/18/2012,Vt 105,Sheldon,NO DATA,105,NO DATA,NO DATA,Main Street,500,Feet,50,"14 - Left Turn and Thru, Broadside v<--",West,463900,266784,NO DATA,NO DATA,NO DATA,State System (State Highways and Class I TH links),VT-105,3.78,V105-0614,LRS,Property Damage Only,"(44.89987355, -72.95765549)"
6698,VT0060000,12FRC0704,04/25/2012,VT-105 (3439 Rt 105),Sheldon,NO DATA,105,NO DATA,NO DATA,North Main Street,1,Miles,50,1 - Rear End,West,463383,267010,NO DATA,NO DATA,NO DATA,State System (State Highways and Class I TH links),VT-105,3.44,V105-0614,LRS,Property Damage Only,"(44.90215818, -72.96397680)"
6699,VT0060000,12FRC0083,01/15/2012,VT Rt 105,Sheldon,NO DATA,105,NO DATA,NO DATA,Poor Farm Rd,0,Miles,40,6 - Single Vehicle Crash,East,004-63-253,002-67-088,1050,614,343,State System (State Highways and Class I TH links),VT-105,3.41,V105-0614,LRS,Fatal,"(44.90232680, -72.96456211)"
6700,VTVSP0700,12A202703,06/25/2012,VT-105 (2824 Vt 105),Sheldon,NO DATA,105,NO DATA,NO DATA,Sheldon Mini Mart,20,Feet,35,2 - Head On,East,462420,267096,NO DATA,NO DATA,NO DATA,State System (State Highways and Class I TH links),VT-105,2.83,V105-0614,LRS,Property Damage Only,"(44.90345726, -72.97617311)"
6701,VTVSP0700,12A203168,07/19/2012,VT-105 (2824 VT Route 105),Sheldon,NO DATA,105,NO DATA,NO DATA,Sheldon Mini Mart,NO DATA,NO DATA,40,1 - Rear End,NO DATA,462429,267107,NO DATA,NO DATA,NO DATA,State System (State Highways and Class I TH links),VT-105,2.83,V105-0614,LRS,Injury,"(44.90345726, -72.97617311)"
6702,VTVSP0700,12A204992,10/23/2012,VT-105,Sheldon,NO DATA,105,NO DATA,NO DATA,Sheldon Mini Mart,NO DATA,NO DATA,40,1 - Rear End,NO DATA,462420,267110,NO DATA,NO DATA,NO DATA,State System (State Highways and Class I TH links),VT-105,2.83,V105-0614,LRS,Property Damage Only,"(44.90345726, -72.97617311)"
6709,VT0060100,12SA01328,03/16/2012,VT-105 Sheldon Road,St. Albans Town,NO DATA,NO DATA,NO DATA,NO DATA,4 Swanton Road,10,Feet,40,1 - Rear End,East,004-54-106E,002-58-503N,NO DATA,NO DATA,NO DATA,State System (State Highways and Class I TH links),VT-105,0.02,V105-0613,LRS,Property Damage Only,"(44.82524163, -73.08038170)"
6710,VT0060100,12SA05377,10/11/2012,RT 105,St. Albans City,NO DATA,NO DATA,NO DATA,NO DATA,N.Main St,1,Feet,25,1 - Rear End,East,004-54-094E,002-58-538N,NO DATA,NO DATA,NO DATA,State System (State Highways and Class I TH links),VT-105,0,V105-0612,LRS,Property Damage Only,"(44.82474003, -73.08081790)"
6711,VT0060000,12FRC2073,12/11/2012,VT-105 Jay Road,Richford,NO DATA,105,NO DATA,NO DATA,543 Jay Road,1000,Feet,50,6 - Single Vehicle Crash,West,488461,276522,NO DATA,NO DATA,NO DATA,State System (State Highways and Class I TH links),VT-105,4.96,V105-0611,LRS,Injury,"(44.99601455, -72.62200420)"
6712,VTVSP0700,12A201602,04/19/2012,VT-105 Jay Road,Richford,NO DATA,105,NO DATA,NO DATA,496 Jay Road Richford,20,Feet,50,6 - Single Vehicle Crash,West,490314,277328,NO DATA,NO DATA,NO DATA,State System (State Highways and Class I TH links),VT-105,4.91,V105-0611,LRS,Injury,"(44.99620941, -72.62299175)"
6713,VT0060000,12FRC2098,12/15/2012,VT-105 Troy Street,Richford,NO DATA,NO DATA,NO DATA,NO DATA,Liberty Street,25,Feet,25,6 - Single Vehicle Crash,South,486580,276714,NO DATA,NO DATA,NO DATA,State System (State Highways and Class I TH links),VT-105,2.15,V105-0611,LRS,Property Damage Only,"(44.99061322, -72.66997263)"
6714,VTVSP0700,12A200205,01/16/2012,VT Route 105┬á 308 S Main Street,Richford,NO DATA,105,NO DATA,NO DATA,Pinnacle Peddler,500,Feet,35,NO DATA,West,486046,276544,NO DATA,NO DATA,NO DATA,State System (State Highways and Class I TH links),VT-105,1.49,V105-0611,LRS,Injury,"(44.98822005, -72.67771533)"
6715,VTVSP0700,12A205508,11/19/2012,VT Route 105,Richford,NO DATA,105,NO DATA,NO DATA,Border Patrol Station,1500,Feet,50,"10 - Left Turn and Thru, Angle Broadside -->v--",North,485302,275568,NO DATA,NO DATA,NO DATA,State System (State Highways and Class I TH links),VT-105,0.73,V105-0611,LRS,Injury,"(44.98062703, -72.68596638)"
6722,VTVSP0800,12B200627,03/06/2012,105/114,Brighton,NO DATA,105,NO DATA,NO DATA,105/114,NO DATA,NO DATA,50,7 - Other - Explain in Narrative,NO DATA,586318,256041,NO DATA,NO DATA,NO DATA,State System (State Highways and Class I TH links),VT-105,4.31,V105-0504,LRS,Property Damage Only,"(44.81522547, -71.88104264)"
6723,VTVSP0800,12B203828,11/10/2012,44 VT RT 105,Brighton,NO DATA,105,NO DATA,NO DATA,Paradis Mtn Road,1,Miles,35,6 - Single Vehicle Crash,West,548178,256173,NO DATA,NO DATA,NO DATA,State System (State Highways and Class I TH links),VT-105,3.45,V105-0504,LRS,Property Damage Only,"(44.80492056, -71.88985743)"
6724,VTVSP0800,12B200873,03/30/2012,VT-105,Brighton,NO DATA,105,NO DATA,NO DATA,5 Mile Square Rd,1,Miles,50,6 - Single Vehicle Crash,West,546094,256056,NO DATA,NO DATA,NO DATA,State System (State Highways and Class I TH links),VT-105,1.31,V105-0504,LRS,Injury,"(44.80500075, -71.92368876)"
6725,VTVSP0800,12B200167,01/19/2012,VT 105,Brighton,NO DATA,105,NO DATA,NO DATA,Basil Hill Rd,0,Miles,50,6 - Single Vehicle Crash,East,544848,256369,NO DATA,NO DATA,NO DATA,State System (State Highways and Class I TH links),VT-105,0.92,V105-0504,LRS,Injury,"(44.80631361, -71.93127531)"
6726,VT0060000,12FRC1822,10/23/2012,VT-104A High Bridge Road,Georgia,NO DATA,NO DATA,NO DATA,NO DATA,Skunk Hill Road,0,Miles,50,6 - Single Vehicle Crash,West,455670,242744,NO DATA,NO DATA,NO DATA,State System (State Highways and Class I TH links),VT-104A,2.59,V104A0608,LRS,Property Damage Only,"(44.68143311, -73.06520359)"
6727,VTVSP0700,12A200104,01/08/2012,VT 104A┬á (Highbridge Road),Georgia,NO DATA,104A,NO DATA,NO DATA,Arrow Head Lake Road,0,Miles,50,4 - Opp Direction Sideswipe,East,454168,242462,NO DATA,NO DATA,NO DATA,State System (State Highways and Class I TH links),VT-104A,1.97,V104A0608,LRS,Property Damage Only,"(44.68042553, -73.07719186)"
6728,VTVSP0700,12A200100,01/08/2012,VT-104A Highbridge Road,Georgia,NO DATA,104A,NO DATA,NO DATA,Fishing Access,30,Feet,50,6 - Single Vehicle Crash,West,453480,242639,NO DATA,NO DATA,NO DATA,State System (State Highways and Class I TH links),VT-104A,1.45,V104A0608,LRS,Property Damage Only,"(44.68232537, -73.08666571)"
6734,VT0060100,12SA04777,09/09/2012,VT-104 Fisher Pond Road,St. Albans Town,NO DATA,NO DATA,NO DATA,NO DATA,Congress St,1,Feet,40,"10 - Left Turn and Thru, Angle Broadside -->v--",West,004-55-317E,002-57-059N,NO DATA,NO DATA,NO DATA,State System (State Highways and Class I TH links),VT-104,2.77,V104-0613,LRS,Injury,"(44.81229195, -73.06478655)"
6735,VT0060100,12SA00053,01/05/2012,VT-104 (27 Fisher Pond Rd),St. Albans Town,NO DATA,NO DATA,NO DATA,NO DATA,Route 36,65,Feet,10,1 - Rear End,North,004-55-033E,002-56-336N,NO DATA,NO DATA,NO DATA,State System (State Highways and Class I TH links),VT-104,2.26,V104-0613,LRS,Property Damage Only,"(44.80545438, -73.06857318)"
6736,VT0060100,12SA02863,06/11/2012,VT-104 Fisher Pond Rd,St. Albans Town,NO DATA,104,NO DATA,NO DATA,Fairfield St,80,Feet,40,1 - Rear End,North,004-55-027E,002-56-292N,NO DATA,NO DATA,NO DATA,State System (State Highways and Class I TH links),VT-104,2.24,V104-0613,LRS,Injury,"(44.80519087, -73.06874088)"