ID,Reporting Agency,Report Number,Date,Street Address,Town,Number,Number1,Number2,Number3,Intersection,Distance From Intersection,Distance Unit,Posted Speed,Direction of Collision,Direction from Intersection,Easting,Northing,Mile Marker,Mile Marker 1,Mile Marker 2,AOT Roadway,AOT Route,AOT Actual Mile,LRS Number,How Mapped,Crash Type,Location 1
7032,VTVSP0200,12B100986,04/04/2012,VT-122 (705 Rt 122),Lyndon,NO DATA,122,NO DATA,NO DATA,Driveay Of 705 Rt 122,50,Feet,50,6 - Single Vehicle Crash,South,466535,227663,NO DATA,NO DATA,NO DATA,State System (State Highways and Class I TH links),VT-122,1.23,V122-0307,LRS,Injury,"(44.54827665, -72.02097040)"
7033,VTVSP0200,12B100051,01/06/2012,VT-122 Gilman Rd,Lyndon,NO DATA,122,NO DATA,NO DATA,Commerce Street,0,Miles,40,6 - Single Vehicle Crash,West,538321,227394,1220,307,100,State System (State Highways and Class I TH links),VT-122,0.74,V122-0307,LRS,Property Damage Only,"(44.54405352, -72.01326281)"
7034,VTVSP0200,12B100116,01/12/2012,Vt Rt 122,Lyndon,NO DATA,122,NO DATA,NO DATA,Pudding Hill Rd,NO DATA,NO DATA,35,"8 - No Turns, Thru moves only, Broadside ^<",South,538753,227163,NO DATA,NO DATA,NO DATA,State System (State Highways and Class I TH links),VT-122,0.58,V122-0307,LRS,Property Damage Only,"(44.54299179, -72.01039742)"
7035,VTVSP0200,12B102534,08/05/2012,Vt Rt 122,Lyndon,NO DATA,122,NO DATA,NO DATA,US Rt 5,150,Feet,35,7 - Other - Explain in Narrative,West,539599,227331,NO DATA,NO DATA,NO DATA,State System (State Highways and Class I TH links),VT-122,0.03,V122-0307,LRS,Property Damage Only,"(44.54518978, -72.00073604)"
7036,VT0060000,12FRC2014,11/29/2012,VT Route 120,Sheldon,NO DATA,120,NO DATA,NO DATA,VT Route 105,1,Feet,50,6 - Single Vehicle Crash,North,468009,267887,NO DATA,NO DATA,NO DATA,State System (State Highways and Class I TH links),VT-120,0,V120-0614,LRS,Property Damage Only,"(44.91034103, -72.90506741)"
7037,VTVSP0700,12A203664,08/13/2012,VT-100 North Sheldon Road,Franklin,NO DATA,120,NO DATA,NO DATA,2521 Rice Hill Road,50,Feet,35,6 - Single Vehicle Crash,North,468064,271895,NO DATA,NO DATA,NO DATA,State System (State Highways and Class I TH links),VT-120,1,V120-0607,LRS,Property Damage Only,"(44.94724224, -72.90449954)"
7044,VT0040800,12RM01067,11/17/2012,Rt 117,Richmond,NO DATA,NO DATA,NO DATA,NO DATA,US Rt 2,0,Feet,40,1 - Rear End,South,459191,213945,NO DATA,NO DATA,NO DATA,State System (State Highways and Class I TH links),VT-117,0.74,V117-0411,LRS,Property Damage Only,"(44.42443112, -73.01213447)"
7045,VT0040800,12RM00148,02/17/2012,VT-117 River Road,Richmond,NO DATA,NO DATA,NO DATA,NO DATA,Governor Peck Highway,0,Feet,40,1 - Rear End,East,459177,213917,NO DATA,NO DATA,NO DATA,State System (State Highways and Class I TH links),VT-117,0.71,V117-0411,LRS,Property Damage Only,"(44.42475384, -73.01264088)"
7046,VT0040800,12RM00143,02/16/2012,VT-117 (50 River Road),Richmond,NO DATA,NO DATA,NO DATA,NO DATA,Governor Peck Highway,0,Feet,40,"8 - No Turns, Thru moves only, Broadside ^<",South,NO DATA,NO DATA,NO DATA,NO DATA,NO DATA,State System (State Highways and Class I TH links),VT-117,0.7,V117-0411,LRS,Property Damage Only,"(44.42486633, -73.01280356)"
7047,VT0040800,12RM00510,06/16/2012,VT-117 (200 River Road),Richmond,NO DATA,NO DATA,NO DATA,NO DATA,Summers St,10,Feet,40,1 - Rear End,South,459029,214184,NO DATA,NO DATA,NO DATA,State System (State Highways and Class I TH links),VT-117,0.56,V117-0411,LRS,Property Damage Only,"(44.42671652, -73.01462587)"
7048,VT0040800,12RM00039,01/16/2012,VT 117 (River Road),Richmond,NO DATA,NO DATA,NO DATA,NO DATA,Summers St,0,Feet,40,4 - Opp Direction Sideswipe,East,NO DATA,NO DATA,NO DATA,NO DATA,NO DATA,State System (State Highways and Class I TH links),VT-117,0.55,V117-0411,LRS,Property Damage Only,"(44.42685183, -73.01475018)"
7049,VT0040800,12RM00769,08/20/2012,VT-117 (282 River Road),Richmond,NO DATA,NO DATA,NO DATA,NO DATA,Lucky Spot,15,Feet,40,1 - Rear End,North,458947,214300,NO DATA,NO DATA,NO DATA,State System (State Highways and Class I TH links),VT-117,0.5,V117-0411,LRS,Property Damage Only,"(44.42752877, -73.01537082)"
7050,VT0040800,12RM00664,07/26/2012,VT-117 (282 River Road),Richmond,NO DATA,NO DATA,NO DATA,NO DATA,Summers St,100,Feet,40,5 - Rear-to-rear,West,459022,214205,NO DATA,NO DATA,NO DATA,State System (State Highways and Class I TH links),VT-117,0.5,V117-0411,LRS,Property Damage Only,"(44.42752877, -73.01537082)"
7057,VT0040200,12ES04109,07/16/2012,VT-117 (186 RIVER RD),Essex,NO DATA,117,NO DATA,NO DATA,GREENFIELD,100,Feet,40,1 - Rear End,West,450643,221843,NO DATA,NO DATA,NO DATA,State System (State Highways and Class I TH links),VT-117,2.82,V117-0406,LRS,Injury,"(44.47909195, -73.05862778)"
7058,VT0040200,12ES05626,09/17/2012,VT-117 (184 RIVER RD),Essex,NO DATA,NO DATA,NO DATA,NO DATA,GREENFIED RD,NO DATA,NO DATA,40,"10 - Left Turn and Thru, Angle Broadside -->v--",NO DATA,455535,220027,NO DATA,NO DATA,NO DATA,State System (State Highways and Class I TH links),VT-117,2.8,V117-0406,LRS,Property Damage Only,"(44.47911012, -73.05903148)"
7059,VT0040200,12ES03757,06/30/2012,VT-117 (82 River Rd),Essex,NO DATA,117,NO DATA,NO DATA,Mazzas Farm,NO DATA,NO DATA,40,"20 - Right Turn and Thru, Angle Broadside -->^--",South,452016,221852,NO DATA,NO DATA,NO DATA,State System (State Highways and Class I TH links),VT-117,2.8,V117-0406,LRS,Injury,"(44.47911012, -73.05903148)"
7060,VT0040200,12ES05887,09/27/2012,VT-117 RIVER RD,Essex,NO DATA,NO DATA,NO DATA,NO DATA,I-289,NO DATA,NO DATA,40,1 - Rear End,West,454505,220402,NO DATA,NO DATA,NO DATA,State System (State Highways and Class I TH links),VT-117,2.09,V117-0406,LRS,Property Damage Only,"(44.48246456, -73.07179521)"
7061,VT0040200,12ES07503,12/18/2012,VT-117 (101 River Rd),Essex,NO DATA,117,NO DATA,NO DATA,Pinewood Dr,NO DATA,NO DATA,40,"14 - Left Turn and Thru, Broadside v<--",NO DATA,454369,220491,NO DATA,NO DATA,NO DATA,State System (State Highways and Class I TH links),VT-117,1.96,V117-0406,LRS,Property Damage Only,"(44.48322587, -73.07413381)"
7062,VT0040200,12ES00283,01/16/2012,VT 117 (River Rd),Essex,NO DATA,117,NO DATA,NO DATA,Valley View Dr,NO DATA,NO DATA,40,1 - Rear End,NO DATA,453903,220522,NO DATA,NO DATA,NO DATA,State System (State Highways and Class I TH links),VT-117,1.7,V117-0406,LRS,Property Damage Only,"(44.48347276, -73.07936009)"
7063,VT0040200,12ES04307,07/25/2012,VT-117 (45 RIVER RD),Essex,NO DATA,NO DATA,NO DATA,NO DATA,RIVER RD REDEMPTION,NO DATA,NO DATA,40,"14 - Left Turn and Thru, Broadside v<--",NO DATA,453558,220722,NO DATA,NO DATA,NO DATA,State System (State Highways and Class I TH links),VT-117,1.48,V117-0406,LRS,Property Damage Only,"(44.48332463, -73.08345193)"
7070,VT0040200,12ES03603,06/24/2012,VT-117 (61 MAPLE ST),Essex,NO DATA,NO DATA,NO DATA,NO DATA,MANSFIELD AVE,NO DATA,NO DATA,25,1 - Rear End,NO DATA,452120,220927,NO DATA,NO DATA,NO DATA,State System (State Highways and Class I TH links),VT-117,0.42,V117-0406,LRS,Property Damage Only,"(44.48771563, -73.10351630)"
7071,VT0040200,12ES04505,08/03/2012,VT-117 (25 Maple St),Essex,NO DATA,117,NO DATA,NO DATA,Maplewood Dr,50,Feet,25,"10 - Left Turn and Thru, Angle Broadside -->v--",East,452097,220866,NO DATA,NO DATA,NO DATA,State System (State Highways and Class I TH links),VT-117,0.18,V117-0406,LRS,Property Damage Only,"(44.48960389, -73.10771864)"
7072,VT0040200,12ES03085,06/01/2012,VT-117 (24 MAPLE ST),Essex,NO DATA,117,NO DATA,NO DATA,ELM ST,NO DATA,NO DATA,25,1 - Rear End,West,451637,221253,NO DATA,NO DATA,NO DATA,State System (State Highways and Class I TH links),VT-117,0.17,V117-0406,LRS,Property Damage Only,"(44.48965515, -73.10791433)"
7073,VT0040200,12ES01973,04/14/2012,16 MAPLE ST,Essex,NO DATA,NO DATA,NO DATA,NO DATA,RAILROAD ST,NO DATA,NO DATA,25,"16 - Right Turn and Thru, Same Direction Sideswipe/Angle Crash ^^--",NO DATA,454094,200468,NO DATA,NO DATA,NO DATA,State System (State Highways and Class I TH links),VT-117,0.1,V117-0406,LRS,Property Damage Only,"(44.49001723, -73.10928254)"
7074,VT0040200,12ES00114,01/07/2012,VT-117 (4 Maple St),Essex,NO DATA,NO DATA,NO DATA,NO DATA,NO DATA,NO DATA,NO DATA,25,3 - Same Direction Sideswipe,NO DATA,451459,221287,NO DATA,NO DATA,NO DATA,State System (State Highways and Class I TH links),VT-117,0.04,V117-0406,LRS,Property Damage Only,"(44.49031598, -73.11046082)"
7075,VT0040200,12ES07710,12/30/2012,VT-117 (3 MAPLE ST),Essex,NO DATA,117,NO DATA,NO DATA,PARK ST,30,Feet,25,1 - Rear End,South,NO DATA,NO DATA,NO DATA,NO DATA,NO DATA,State System (State Highways and Class I TH links),VT-117,0.03,V117-0406,LRS,Property Damage Only,"(44.49036692, -73.11065668)"
7076,VT0040200,12ES06429,10/26/2012,VT-117 (2 MAPLE ST),Essex,NO DATA,NO DATA,NO DATA,NO DATA,MAIN ST,50,Feet,25,1 - Rear End,East,451447,221278,NO DATA,NO DATA,NO DATA,State System (State Highways and Class I TH links),VT-117,0.02,V117-0406,LRS,Property Damage Only,"(44.49041786, -73.11085255)"
7093,VT0040300,12SB010887,08/21/2012,VT-116 Hinesburg Road,South Burlington,NO DATA,NO DATA,NO DATA,NO DATA,Winding Brook Drive,25,Feet,35,1 - Rear End,North,446944,217448,NO DATA,NO DATA,NO DATA,State System (State Highways and Class I TH links),VT-116,3.35,V116-0414,LRS,Property Damage Only,"(44.45516427, -73.16629508)"
7094,VT0040300,12SB012489,09/19/2012,VT-116 Hinesburg Rd,South Burlington,NO DATA,NO DATA,NO DATA,NO DATA,North Woods Cafe',100,Feet,35,"12 - Left Turn and Thru, Same Direction Sideswipe/Angle Crash vv--",South,447019,217382,NO DATA,NO DATA,NO DATA,State System (State Highways and Class I TH links),VT-116,3.31,V116-0414,LRS,Property Damage Only,"(44.45481045, -73.16565719)"
7095,VT0040300,12SB008740,07/11/2012,VT-116 (620 Hinesburg Road),South Burlington,NO DATA,NO DATA,NO DATA,NO DATA,Kennedy Drive,0,Miles,35,NO DATA,South,446886,217493,NO DATA,NO DATA,NO DATA,State System (State Highways and Class I TH links),VT-116,3.29,V116-0414,LRS,Property Damage Only,"(44.45463337, -73.16533842)"
7096,VT0040300,12SB016161,11/30/2012,VT-116 Hinesburg Road,South Burlington,NO DATA,116,NO DATA,NO DATA,Kennedy Drive,50,NO DATA,35,"8 - No Turns, Thru moves only, Broadside ^<",North,NO DATA,NO DATA,NO DATA,NO DATA,NO DATA,State System (State Highways and Class I TH links),VT-116,3.28,V116-0414,LRS,Property Damage Only,"(44.45454464, -73.16517925)"
7097,VT0040300,12SB006681,06/02/2012,VT-116 Hinesburg Road,South Burlington,NO DATA,NO DATA,NO DATA,NO DATA,Kennedy Drive,25,Feet,35,1 - Rear End,South,NO DATA,NO DATA,NO DATA,NO DATA,NO DATA,State System (State Highways and Class I TH links),VT-116,3.27,V116-0414,LRS,Injury,"(44.45445541, -73.16502061)"
7098,VT0040300,12SB009306,07/21/2012,VT-116 (630 Hinesburg),South Burlington,NO DATA,NO DATA,NO DATA,NO DATA,Kennedy Drive,0,Miles,15,NO DATA,North,447246,217302,NO DATA,NO DATA,NO DATA,State System (State Highways and Class I TH links),VT-116,3.14,V116-0414,LRS,Property Damage Only,"(44.45330013, -73.16292960)"
7099,VT0040300,12SB013455,10/08/2012,VT-116 Hinesburg Road,South Burlington,NO DATA,NO DATA,NO DATA,NO DATA,Old Farm Road,5,Feet,35,1 - Rear End,East,447656,216848,NO DATA,NO DATA,NO DATA,State System (State Highways and Class I TH links),VT-116,2.79,V116-0414,LRS,Property Damage Only,"(44.44995732, -73.15766177)"
7105,VT0040300,12SB016184,11/30/2012,VT-116 (1544 Hinesburg Road),South Burlington,NO DATA,NO DATA,NO DATA,NO DATA,Van Sicklen Road,500,Feet,35,6 - Single Vehicle Crash,North,447870,214078,NO DATA,NO DATA,NO DATA,State System (State Highways and Class I TH links),VT-116,1.15,V116-0414,LRS,Property Damage Only,"(44.42643114, -73.15498123)"
7106,VT0040300,12SB012824,09/25/2012,VT-116 (1625 Hinesburg Road),South Burlington,NO DATA,NO DATA,NO DATA,NO DATA,1625,500,Feet,50,6 - Single Vehicle Crash,South,447892,213712,NO DATA,NO DATA,NO DATA,State System (State Highways and Class I TH links),VT-116,0.73,V116-0414,LRS,Property Damage Only,"(44.42040609, -73.15437673)"
7107,VT0040300,12SB008299,07/03/2012,VT-116 Hinesburg Road,South Burlington,NO DATA,NO DATA,NO DATA,NO DATA,Cheesefactory Road,10,Feet,50,1 - Rear End,North,447946,212790,NO DATA,NO DATA,NO DATA,State System (State Highways and Class I TH links),VT-116,0.24,V116-0414,LRS,Property Damage Only,"(44.41342218, -73.15355944)"
7108,VT0040300,12SB011011,08/23/2012,VT-116 Hinesburg Road,South Burlington,NO DATA,NO DATA,NO DATA,NO DATA,CheeseFactory Road,30,Feet,50,6 - Single Vehicle Crash,South,447935,212761,NO DATA,NO DATA,NO DATA,State System (State Highways and Class I TH links),VT-116,0.24,V116-0414,LRS,Property Damage Only,"(44.41342218, -73.15355944)"
7109,VT0040700,12SH01909,08/04/2012,6808 Rte 116,Shelburne,NO DATA,116,NO DATA,NO DATA,Pond Road,1,Miles,50,"10 - Left Turn and Thru, Angle Broadside -->v--",North,448826,210039,NO DATA,NO DATA,NO DATA,State System (State Highways and Class I TH links),VT-116,1.56,V116-0413,LRS,Property Damage Only,"(44.40263361, -73.15002806)"
7110,VT0040700,12SH02520,10/10/2012,Vt Route 116,Shelburne,NO DATA,NO DATA,NO DATA,NO DATA,Pond Road,1,Miles,50,6 - Single Vehicle Crash,North,448820,210257,NO DATA,NO DATA,NO DATA,State System (State Highways and Class I TH links),VT-116,0.43,V116-0413,LRS,Injury,"(44.38523909, -73.14040915)"
7111,VT0040700,12SH02272,09/12/2012,US Route 116,Shelburne,NO DATA,NO DATA,NO DATA,NO DATA,#6637 Route 116,NO DATA,NO DATA,50,1 - Rear End,NO DATA,NO DATA,NO DATA,NO DATA,NO DATA,NO DATA,State System (State Highways and Class I TH links),VT-116,0.21,V116-0413,LRS,Injury,"(44.38234236, -73.13858538)"
7118,VT0041200,12HB00168,02/14/2012,VT-116 (8247 Vt Rt 116),Hinesburg,NO DATA,NO DATA,NO DATA,NO DATA,Rocky Mountain Ln,0,Miles,50,1 - Rear End,North,454221,190614,NO DATA,NO DATA,NO DATA,State System (State Highways and Class I TH links),VT-116,6.96,V116-0407,LRS,Property Damage Only,"(44.36160653, -73.12434844)"
7119,VT0041200,12HB01000,09/13/2012,Vt Rt 116,Hinesburg,NO DATA,NO DATA,NO DATA,NO DATA,Billings Farm Rd,100,Feet,50,1 - Rear End,North,406422,190748,NO DATA,NO DATA,NO DATA,State System (State Highways and Class I TH links),VT-116,6.33,V116-0407,LRS,Property Damage Only,"(44.35312582, -73.11954026)"
7120,VT0041200,12HB01181,10/31/2012,Vt Rt 116,Hinesburg,NO DATA,NO DATA,NO DATA,NO DATA,Billings Farm Rd,NO DATA,NO DATA,50,1 - Rear End,NO DATA,454366,190249,NO DATA,NO DATA,NO DATA,State System (State Highways and Class I TH links),VT-116,6.31,V116-0407,LRS,Property Damage Only,"(44.35286195, -73.11936910)"
7121,VT0041200,12HB01389,12/22/2012,VT-116 (9147 Vt Rt 116),Hinesburg,NO DATA,NO DATA,NO DATA,NO DATA,Place Rd W,490,Feet,50,6 - Single Vehicle Crash,North,451054,205681,NO DATA,NO DATA,NO DATA,State System (State Highways and Class I TH links),VT-116,6.08,V116-0407,LRS,Property Damage Only,"(44.34968418, -73.11796999)"
7122,VTVSP0100,12A100066,01/07/2012,9147 Vt Rte 116,Hinesburg,NO DATA,116,NO DATA,NO DATA,At 9147 Rte 116,NO DATA,NO DATA,50,6 - Single Vehicle Crash,NO DATA,450718,205722,NO DATA,NO DATA,NO DATA,State System (State Highways and Class I TH links),VT-116,6.08,V116-0407,LRS,Property Damage Only,"(44.34968418, -73.11796999)"
7123,VT0041200,12HB00107,01/23/2012,Vt Rt 116,Hinesburg,NO DATA,NO DATA,NO DATA,NO DATA,Place Rd,NO DATA,NO DATA,50,1 - Rear End,NO DATA,454404,189627,NO DATA,NO DATA,NO DATA,State System (State Highways and Class I TH links),VT-116,5.99,V116-0407,LRS,Property Damage Only,"(44.34837580, -73.11789758)"
7124,VT0041200,12HB01356,12/16/2012,Vt Rt 116,Hinesburg,NO DATA,NO DATA,NO DATA,NO DATA,Place Rd,50,Feet,50,6 - Single Vehicle Crash,South,450721,205680,NO DATA,NO DATA,NO DATA,State System (State Highways and Class I TH links),VT-116,5.98,V116-0407,LRS,Property Damage Only,"(44.34823049, -73.11790860)"
7131,VT0041200,12HB00755,07/16/2012,Vt Rt 116,Hinesburg,NO DATA,NO DATA,NO DATA,NO DATA,Shelburne Falls Rd,NO DATA,NO DATA,40,"8 - No Turns, Thru moves only, Broadside ^<",East,450844,204725,NO DATA,NO DATA,NO DATA,State System (State Highways and Class I TH links),VT-116,5.46,V116-0407,LRS,Property Damage Only,"(44.34112192, -73.11640824)"
7132,VT0041200,12HB00441,05/02/2012,Vt┬á Rt 116,Hinesburg,NO DATA,NO DATA,NO DATA,NO DATA,CVU Rd,500,Feet,40,1 - Rear End,South,450870,204647,NO DATA,NO DATA,NO DATA,State System (State Highways and Class I TH links),VT-116,5.36,V116-0407,LRS,Property Damage Only,"(44.33979662, -73.11557196)"
7133,VT0041200,12HB01095,10/04/2012,Vt Rt 116,Hinesburg,NO DATA,NO DATA,NO DATA,NO DATA,Commerce St,150,Feet,40,7 - Other - Explain in Narrative,North,454870,189084,NO DATA,NO DATA,NO DATA,State System (State Highways and Class I TH links),VT-116,4.98,V116-0407,LRS,Property Damage Only,"(44.33473383, -73.11247897)"
7134,VT0041200,12HB00033,01/07/2012,Vt Rt 116,Hinesburg,NO DATA,116,NO DATA,NO DATA,Farmall Dr,100,Feet,40,7 - Other - Explain in Narrative,North,455254,244639,NO DATA,NO DATA,NO DATA,State System (State Highways and Class I TH links),VT-116,4.97,V116-0407,LRS,Property Damage Only,"(44.33460006, -73.11239929)"
7135,VT0041200,12HB00960,08/31/2012,Vt Rt 116,Hinesburg,NO DATA,NO DATA,NO DATA,NO DATA,Commerce St,NO DATA,NO DATA,30,3 - Same Direction Sideswipe,West,454886,189062,NO DATA,NO DATA,NO DATA,State System (State Highways and Class I TH links),VT-116,4.96,V116-0407,LRS,Property Damage Only,"(44.33446550, -73.11232223)"
7136,VT0041200,12HB00922,08/22/2012,Vt┬á Rt 116,Hinesburg,NO DATA,NO DATA,NO DATA,NO DATA,Commerce St,NO DATA,NO DATA,30,1 - Rear End,North,454885,189058,NO DATA,NO DATA,NO DATA,State System (State Highways and Class I TH links),VT-116,4.96,V116-0407,LRS,Property Damage Only,"(44.33446550, -73.11232223)"
7137,VT0041200,12HB01066,09/27/2012,10581 Vt Rt┬á 116,Hinesburg,NO DATA,NO DATA,NO DATA,NO DATA,NO DATA,NO DATA,NO DATA,99,5 - Rear-to-rear,NO DATA,454969,188383,NO DATA,NO DATA,NO DATA,State System (State Highways and Class I TH links),VT-116,4.64,V116-0407,LRS,Property Damage Only,"(44.33012158, -73.11045490)"
7144,VT0041200,12HB01320,12/06/2012,Vt Rt 116,Hinesburg,NO DATA,NO DATA,NO DATA,NO DATA,Cedar Knoll,NO DATA,NO DATA,50,2 - Head On,NO DATA,454192,200224,NO DATA,NO DATA,NO DATA,State System (State Highways and Class I TH links),VT-116,1.76,V116-0407,LRS,Property Damage Only,"(44.30503332, -73.07447783)"
7145,VTVSP0100,12A101495,04/28/2012,Route 116,Hinesburg,NO DATA,116,NO DATA,NO DATA,Old Route 116,10,Feet,50,6 - Single Vehicle Crash,South,454329,199694,1160,407,127,State System (State Highways and Class I TH links),VT-116,1.22,V116-0407,LRS,Injury,"(44.29786064, -73.07278297)"
7146,VT0041200,12HB01374,12/18/2012,Vt Rt 116,Hinesburg,NO DATA,NO DATA,NO DATA,NO DATA,Hollow Rd,80,Feet,50,1 - Rear End,North,456709,186036,NO DATA,NO DATA,NO DATA,State System (State Highways and Class I TH links),VT-116,0.86,V116-0407,LRS,Property Damage Only,"(44.29241919, -73.07038583)"
7147,VT0041200,12HB00727,07/06/2012,VT-116 (14641 Vt Rt 116),Hinesburg,NO DATA,NO DATA,NO DATA,NO DATA,Hinesburg Hollow Rd,0,Miles,50,6 - Single Vehicle Crash,South,454522,198821,NO DATA,NO DATA,NO DATA,State System (State Highways and Class I TH links),VT-116,0.56,V116-0407,LRS,Property Damage Only,"(44.28811934, -73.06984754)"
7148,VT0041200,12HB00730,07/08/2012,Vt Rt 116,Hinesburg,NO DATA,NO DATA,NO DATA,NO DATA,Tyler Bridge Rd,10,Feet,50,1 - Rear End,East,457137,244884,NO DATA,NO DATA,NO DATA,State System (State Highways and Class I TH links),VT-116,0.28,V116-0407,LRS,Property Damage Only,"(44.28412465, -73.06898179)"
7149,VTVSP0600,12C202377,08/05/2012,VT-116 (4442 Vt. Rt 116),Starksboro,NO DATA,116,NO DATA,NO DATA,State Prison Hollow Road,50,Feet,50,6 - Single Vehicle Crash,North,455735,193926,NO DATA,NO DATA,NO DATA,State System (State Highways and Class I TH links),VT-116,4.44,V116-0119,LRS,Property Damage Only,"(44.24820447, -73.06111757)"
7150,VTVSP0600,12C203636,11/23/2012,VT-116 (3820 VT RT 116),Starksboro,NO DATA,116,NO DATA,NO DATA,States Prison Hollow Road; TH#3,0,Miles,50,1 - Rear End,South,455423,193432,1160,119,360,State System (State Highways and Class I TH links),VT-116,3.78,V116-0119,LRS,Property Damage Only,"(44.23928821, -73.05802170)"
7157,VT0010200,12-79-AC,05/08/2012,VT-116 (3708┬á CASE ST ),Middlebury,NO DATA,NO DATA,NO DATA,NO DATA,37┬á MEAD LN,100,Feet,50,NO DATA,South,NO DATA,NO DATA,NO DATA,NO DATA,NO DATA,State System (State Highways and Class I TH links),VT-116,4.31,V116-0111,LRS,Property Damage Only,"(44.02449140, -73.10191698)"
7158,VT0010200,12-142-AC,08/26/2012,VT-116 CASE ST,Middlebury,NO DATA,116,NO DATA,NO DATA,NO DATA,NO DATA,NO DATA,50,6 - Single Vehicle Crash,NO DATA,NO DATA,NO DATA,NO DATA,NO DATA,NO DATA,State System (State Highways and Class I TH links),VT-116,2.31,V116-0111,LRS,Injury,"(43.99784318, -73.10369538)"
7159,VT0010200,12-71-AC,04/18/2012,VT-116┬á OSSIE RD,Middlebury,NO DATA,NO DATA,NO DATA,NO DATA,CASE STREET,NO DATA,NO DATA,35,NO DATA,NO DATA,451342,163701,NO DATA,NO DATA,NO DATA,State System (State Highways and Class I TH links),VT-116,0.53,V116-0111,LRS,Property Damage Only,"(43.97254676, -73.10630839)"
7160,VT0010200,12-6-AC,01/07/2012,VT-116┬á OSSIE RD,Middlebury,NO DATA,NO DATA,NO DATA,NO DATA,STORAGE UNIT,20,Feet,35,NO DATA,North,NO DATA,NO DATA,NO DATA,NO DATA,NO DATA,State System (State Highways and Class I TH links),VT-116,0.12,V116-0111,LRS,Property Damage Only,"(43.97119589, -73.11418932)"
7161,VT0010200,12-82-AC,05/13/2012,VT-116 (4┬á OSSIE RD ),Middlebury,NO DATA,NO DATA,NO DATA,NO DATA,3255┬á ROUTE 7 SOUTH,NO DATA,NO DATA,40,NO DATA,East,NO DATA,NO DATA,NO DATA,NO DATA,NO DATA,State System (State Highways and Class I TH links),VT-116,0.05,V116-0111,LRS,Property Damage Only,"(43.97097430, -73.11554405)"
7162,VTVSP0600,12C201020,04/17/2012,VT-116 (90 East Street),Bristol,NO DATA,116,NO DATA,NO DATA,North Street,1,Miles,30,2 - Head On,East,454790,181059,NO DATA,NO DATA,NO DATA,State System (State Highways and Class I TH links),VT-116,7.14,V116-0103,LRS,Property Damage Only,"(44.12985065, -73.06971509)"
7163,VTVSP0600,12C201901,06/29/2012,Vt Rt 116,Bristol,NO DATA,116,NO DATA,NO DATA,River Road TH#2,20,Feet,50,6 - Single Vehicle Crash,North,452193,177872,NO DATA,NO DATA,NO DATA,State System (State Highways and Class I TH links),VT-116,6.63,V116-0103,LRS,Property Damage Only,"(44.13320623, -73.07866297)"
7170,VTVSP0600,12C200007,01/01/2012,VT RT 116,Bristol,NO DATA,116,NO DATA,NO DATA,River Road TH#2,0,Miles,25,1 - Rear End,South,452464,177628,NO DATA,NO DATA,NO DATA,State System (State Highways and Class I TH links),VT-116,3.28,V116-0103,LRS,Property Damage Only,"(44.09813536, -73.09516700)"
7171,VTVSP0600,12C203658,11/25/2012,2987 Vt Rt 116,Bristol,NO DATA,116,NO DATA,NO DATA,Cove Road,300,Feet,50,6 - Single Vehicle Crash,South,452649,176704,NO DATA,NO DATA,NO DATA,State System (State Highways and Class I TH links),VT-116,2.5,V116-0103,LRS,Property Damage Only,"(44.08911918, -73.09118059)"
7172,VTVSP0600,12C203490,11/08/2012,3124 Vt Rt 116,Bristol,NO DATA,116,NO DATA,NO DATA,Harvey Road,0,Miles,50,"8 - No Turns, Thru moves only, Broadside ^<",South,452718,176666,NO DATA,NO DATA,NO DATA,State System (State Highways and Class I TH links),VT-116,2.36,V116-0103,LRS,Property Damage Only,"(44.08727550, -73.09009066)"
7173,VTVSP0600,12C202499,08/16/2012,VT RT 116,Bristol,NO DATA,116,NO DATA,NO DATA,Cobble Road TH#31,660,Feet,50,6 - Single Vehicle Crash,North,452598,173161,1160,103,20,State System (State Highways and Class I TH links),VT-116,0.13,V116-0103,LRS,Injury,"(44.05644940, -73.09204782)"
7174,VTVSP0600,12C203148,10/11/2012,VT-116 (5098 Vt Rt 116),Bristol,NO DATA,116,NO DATA,NO DATA,Cobble Road #31,0,Miles,50,6 - Single Vehicle Crash,North,452575,173114,NO DATA,NO DATA,NO DATA,State System (State Highways and Class I TH links),VT-116,0.11,V116-0103,LRS,Injury,"(44.05616628, -73.09213382)"
7175,VTVSP0800,12B203560,10/17/2012,VT 114,Morgan,NO DATA,NO DATA,NO DATA,NO DATA,NO DATA,NO DATA,NO DATA,50,6 - Single Vehicle Crash,North,546827,261642,NO DATA,NO DATA,NO DATA,State System (State Highways and Class I TH links),VT-114,0.35,V114-1014,LRS,Injury,"(44.85342846, -71.90844498)"
7176,VTVSP0200,12SJ00574,02/26/2012,Vt Rt 114,East Haven,NO DATA,NO DATA,NO DATA,NO DATA,Simpson Dr,NO DATA,NO DATA,50,"20 - Right Turn and Thru, Angle Broadside -->^--",North,548695,241230,NO DATA,NO DATA,NO DATA,State System (State Highways and Class I TH links),VT-114,2.18,V114-0508,LRS,Property Damage Only,"(44.66951536, -71.88609722)"