ID,Reporting Agency,Report Number,Date,Street Address,Town,Number,Number1,Number2,Number3,Intersection,Distance From Intersection,Distance Unit,Posted Speed,Direction of Collision,Direction from Intersection,Easting,Northing,Mile Marker,Mile Marker 1,Mile Marker 2,AOT Roadway,AOT Route,AOT Actual Mile,LRS Number,How Mapped,Crash Type,Location 1
7457,VT0020100,12BN04276,06/25/2012,North Bennington Road,Bennington,NO DATA,NO DATA,NO DATA,NO DATA,Hannaford Supermarket Lot,210,Feet,99,5 - Rear-to-rear,West,441016,45501,NO DATA,NO DATA,NO DATA,"Other Public Roadway (Rest Areas, Shopping Center",Unknown,999.99,NO DATA,XY,Property Damage Only,"(42.90734259, -73.22230767)"
7464,VT0040500,12CC04598,07/09/2012,52 New England Drive,Colchester,NO DATA,NO DATA,NO DATA,NO DATA,NO DATA,NO DATA,NO DATA,25,5 - Rear-to-rear,NO DATA,441135,226987,NO DATA,NO DATA,NO DATA,Street or Town Highways in FA Urban Area,Unknown,999.99,NO DATA,XY,Property Damage Only,"(44.54071386, -73.24070808)"
7465,VTVSP0600,12C200105,01/12/2012,TH-1 (1239 South Bingham Street),Cornwall,1,NO DATA,NO DATA,NO DATA,981 Park Hill Road TH#5,20,Feet,35,6 - Single Vehicle Crash,West,441230,158673,NO DATA,NO DATA,NO DATA,"City, Village or Urban Compact Street not in FA Ur",TOWN ROAD 0001,999.99,NO DATA,XY,Property Damage Only,"(43.92595578, -73.23185358)"
7466,VT0040600,12MT03676,09/11/2012,US Route 2,Milton,NO DATA,NO DATA,2,NO DATA,Sandbar State Park,2,Miles,45,"8 - No Turns, Thru moves only, Broadside ^<",East,441296,236464,20,410,90,"Other Public Roadway (Rest Areas, Shopping Center",Unknown,999.99,NO DATA,XY,Property Damage Only,"(44.62600632, -73.23976311)"
7467,VTVSP0600,12C201159,04/29/2012,TH-2 (2778 Quaker Village Road),Weybridge,3,NO DATA,NO DATA,NO DATA,VT RT 17,3,Miles,40,6 - Single Vehicle Crash,North,441357,174456,NO DATA,NO DATA,NO DATA,"City, Village or Urban Compact Street not in FA Ur",TOWN ROAD 0002,999.99,NO DATA,XY,Injury,"(44.06800504, -73.23201638)"
7468,VT0040500,12CC06403,09/16/2012,71 Ford Lane,Colchester,NO DATA,NO DATA,NO DATA,NO DATA,# 71,NO DATA,NO DATA,99,7 - Other - Explain in Narrative,NO DATA,441371,226265,NO DATA,NO DATA,NO DATA,Private Property (Driveways),Unknown,999.99,NO DATA,XY,Property Damage Only,"(44.53423606, -73.23765667)"
7469,VT0110400,12FH00084,01/17/2012,TH-18 (Hannon Rd),Poultney,18,NO DATA,NO DATA,NO DATA,Vt RT 30,0,Miles,35,7 - Other - Explain in Narrative,East,441377,116890,NO DATA,NO DATA,NO DATA,"City, Village or Urban Compact Street not in FA Ur",TOWN ROAD 0018,999.99,NO DATA,XY,Property Damage Only,"(43.54992389, -73.22546848)"
7470,VT0020100,12BN05007,07/22/2012,279 Off Ramp C,Bennington,NO DATA,NO DATA,NO DATA,NO DATA,67 Overpass/Kocher Drive,1,Miles,50,2 - Head On,West,441409,45143,NO DATA,NO DATA,NO DATA,Ramp or Spur,VT-279,999.99,NO DATA,XY,Property Damage Only,"(42.90415041, -73.21745807)"
7477,VT0040500,12CC04879,07/14/2012,982 West Lakeshore Drive,Colchester,NO DATA,NO DATA,NO DATA,NO DATA,NO DATA,NO DATA,NO DATA,99,3 - Same Direction Sideswipe,NO DATA,441655,228220,NO DATA,NO DATA,NO DATA,"Other Public Roadway (Rest Areas, Shopping Center",Unknown,999.99,NO DATA,XY,Property Damage Only,"(44.55185141, -73.23430487)"
7478,VT0040500,12CC03030,05/10/2012,73 Prim Road,Colchester,NO DATA,127,NO DATA,NO DATA,Parking Lot,NO DATA,NO DATA,99,4 - Opp Direction Sideswipe,NO DATA,441663,228156,NO DATA,NO DATA,NO DATA,"Other Public Roadway (Rest Areas, Shopping Center",Unknown,999.99,NO DATA,XY,Property Damage Only,"(44.55127615, -73.23419695)"
7479,VTVSP0300,12C104537,08/26/2012,TH 16 Betts Bridge Road,Pawlet,16,NO DATA,NO DATA,NO DATA,TH 3,1,Miles,30,6 - Single Vehicle Crash,South,441694,96657,NO DATA,NO DATA,NO DATA,"City, Village or Urban Compact Street not in FA Ur",TOWN ROAD 0016,999.99,NO DATA,XY,Property Damage Only,"(43.36784415, -73.21938353)"
7480,VTVSP0600,12C203743,12/06/2012,Stage Road,Ferrisburgh,1,NO DATA,NO DATA,NO DATA,US RT 7,100,Feet,99,1 - Rear End,West,441715,195700,NO DATA,NO DATA,NO DATA,"Other Public Roadway (Rest Areas, Shopping Center",Unknown,999.99,NO DATA,XY,Property Damage Only,"(44.25921351, -73.22990154)"
7481,VT0040500,12CC01224,02/29/2012,127 Fishing Access,Colchester,NO DATA,NO DATA,NO DATA,NO DATA,NO DATA,NO DATA,NO DATA,99,6 - Single Vehicle Crash,NO DATA,441737,228182,NO DATA,NO DATA,NO DATA,"Other Public Roadway (Rest Areas, Shopping Center",Unknown,999.99,NO DATA,XY,Property Damage Only,"(44.55151609, -73.23326864)"
7482,VT0020100,12BN08415,11/30/2012,TH-10 Overlea Road,Bennington,10,NO DATA,NO DATA,NO DATA,Route 7A,1,Miles,35,6 - Single Vehicle Crash,East,441797,47974,NO DATA,NO DATA,NO DATA,Street or Town Highways in FA Urban Area,Unknown,999.99,NO DATA,XY,Property Damage Only,"(42.92966261, -73.21300105)"
7483,VT0020100,12BN05697,08/15/2012,Northside Drive,Bennington,NO DATA,NO DATA,NO DATA,NO DATA,Price Chopper Parking Lot,100,Feet,99,3 - Same Direction Sideswipe,West,441805,44593,NO DATA,NO DATA,NO DATA,"Other Public Roadway (Rest Areas, Shopping Center",Unknown,999.99,NO DATA,XY,Property Damage Only,"(42.89922999, -73.21255233)"
7489,VT0040500,12CC04210,06/25/2012,West Lakeshore Drive,Colchester,NO DATA,NO DATA,NO DATA,NO DATA,127 Boat Access,NO DATA,NO DATA,99,7 - Other - Explain in Narrative,NO DATA,441866,228280,NO DATA,NO DATA,NO DATA,"Other Public Roadway (Rest Areas, Shopping Center",Unknown,999.99,NO DATA,XY,Property Damage Only,"(44.55240837, -73.23165630)"
7490,VT0040500,12CC05286,08/04/2012,West Lakeshore Drive,Colchester,NO DATA,127,NO DATA,NO DATA,127 Fishing Access,NO DATA,NO DATA,99,4 - Opp Direction Sideswipe,East,441869,228285,NO DATA,NO DATA,NO DATA,"Other Public Roadway (Rest Areas, Shopping Center",Unknown,999.99,NO DATA,XY,Property Damage Only,"(44.55245361, -73.23161911)"
7491,VT0040500,12CC05754,08/25/2012,982 West Lakeshore Drive,Colchester,NO DATA,NO DATA,NO DATA,NO DATA,West Lakeshore Drive,300,Feet,99,3 - Same Direction Sideswipe,North,441869,228285,NO DATA,NO DATA,NO DATA,"Other Public Roadway (Rest Areas, Shopping Center",Unknown,999.99,NO DATA,XY,Property Damage Only,"(44.55245361, -73.23161911)"
7492,VT0020100,12BN00534,01/25/2012,214 Northside Drive,Bennington,NO DATA,NO DATA,NO DATA,NO DATA,Price Chopper Parking Lot,NO DATA,NO DATA,99,5 - Rear-to-rear,NO DATA,441886,44524,NO DATA,NO DATA,NO DATA,"Other Public Roadway (Rest Areas, Shopping Center",Unknown,999.99,NO DATA,XY,Property Damage Only,"(42.89861507, -73.21155348)"
7493,VT0040500,12CC06539,09/22/2012,982 W LAKESHORE DR,Colchester,NO DATA,127,NO DATA,NO DATA,NO DATA,NO DATA,NO DATA,99,3 - Same Direction Sideswipe,NO DATA,441886,228273,NO DATA,NO DATA,NO DATA,"Other Public Roadway (Rest Areas, Shopping Center",Unknown,999.99,NO DATA,XY,Property Damage Only,"(44.55234699, -73.23140382)"
7494,VT0040700,12SH02471,10/03/2012,166 Athletic Drive,Shelburne,NO DATA,NO DATA,NO DATA,NO DATA,The Filedhouse,75,Feet,99,4 - Opp Direction Sideswipe,West,441887,209528,NO DATA,NO DATA,NO DATA,Street or Town Highways in FA Urban Area,Unknown,999.99,NO DATA,XY,Property Damage Only,"(44.38366534, -73.22928773)"
7495,VT0040500,12CC0420,01/21/2012,W Lakeshore Drive,Colchester,NO DATA,NO DATA,NO DATA,NO DATA,127 Access,NO DATA,NO DATA,99,5 - Rear-to-rear,NO DATA,441902,228282,NO DATA,NO DATA,NO DATA,"Other Public Roadway (Rest Areas, Shopping Center",Unknown,999.99,NO DATA,XY,Property Damage Only,"(44.55242927, -73.23120348)"
7502,VT0020100,12BN08656,12/09/2012,210 Northside Drive,Bennington,NO DATA,NO DATA,NO DATA,NO DATA,Walmart Entrance Road,NO DATA,NO DATA,99,"10 - Left Turn and Thru, Angle Broadside -->v--",NO DATA,441970,44535,NO DATA,NO DATA,NO DATA,"Other Public Roadway (Rest Areas, Shopping Center",Unknown,999.99,NO DATA,XY,Property Damage Only,"(42.89872048, -73.21052620)"
7503,VT0020100,12BN09041,12/26/2012,210 Northside Drive,Bennington,NO DATA,NO DATA,NO DATA,NO DATA,WalMart Plaza,NO DATA,NO DATA,99,"10 - Left Turn and Thru, Angle Broadside -->v--",NO DATA,441970,44555,NO DATA,NO DATA,NO DATA,"Other Public Roadway (Rest Areas, Shopping Center",Unknown,999.99,NO DATA,XY,Property Damage Only,"(42.89890050, -73.21052826)"
7504,VT0040500,12CC02975,05/08/2012,713 W Lakeshore Dr,Colchester,NO DATA,127,NO DATA,NO DATA,Lakeshore Ace Hardware,NO DATA,NO DATA,99,1 - Rear End,NO DATA,441977,228035,NO DATA,NO DATA,NO DATA,"Other Public Roadway (Rest Areas, Shopping Center",Unknown,999.99,NO DATA,XY,Property Damage Only,"(44.55021265, -73.23023183)"
7505,VT0020100,12BN07840,11/06/2012,201 Northside Drive,Bennington,NO DATA,NO DATA,NO DATA,NO DATA,Parking Lot Of Walmart,NO DATA,NO DATA,99,7 - Other - Explain in Narrative,NO DATA,441985,44479,NO DATA,NO DATA,NO DATA,"Other Public Roadway (Rest Areas, Shopping Center",Unknown,999.99,NO DATA,XY,Property Damage Only,"(42.89821754, -73.21033676)"
7506,VT0020100,12BN00339,01/16/2012,Northside Drive,Bennington,NO DATA,NO DATA,NO DATA,NO DATA,Walmart Plaza Parking Lot,NO DATA,NO DATA,99,"8 - No Turns, Thru moves only, Broadside ^<",NO DATA,441987,44455,NO DATA,NO DATA,NO DATA,"Other Public Roadway (Rest Areas, Shopping Center",Unknown,999.99,NO DATA,XY,Property Damage Only,"(42.89800167, -73.21030980)"
7507,VT0040500,12CC07867,11/14/2012,824 West Lakeshore Drive,Colchester,NO DATA,NO DATA,NO DATA,NO DATA,Almighty Peaks Painting,NO DATA,NO DATA,99,3 - Same Direction Sideswipe,NO DATA,441988,228121,NO DATA,NO DATA,NO DATA,"Other Public Roadway (Rest Areas, Shopping Center",Unknown,999.99,NO DATA,XY,Property Damage Only,"(44.55098741, -73.23010308)"
7513,VT0020100,12BN07336,10/17/2012,210 Northside Drive,Bennington,NO DATA,NO DATA,NO DATA,NO DATA,Walmart Parking Lot,NO DATA,NO DATA,99,1 - Rear End,NO DATA,442016,44468,NO DATA,NO DATA,NO DATA,"Other Public Roadway (Rest Areas, Shopping Center",Unknown,999.99,NO DATA,XY,Property Damage Only,"(42.89812088, -73.20995609)"
7514,VT0020100,12BN03023,05/11/2012,Hospital Drive,Bennington,NO DATA,NO DATA,NO DATA,NO DATA,CLR Parking Lot,NO DATA,NO DATA,99,4 - Opp Direction Sideswipe,NO DATA,442017,41945,NO DATA,NO DATA,NO DATA,"Other Public Roadway (Rest Areas, Shopping Center",Unknown,999.99,NO DATA,XY,Property Damage Only,"(42.87541068, -73.20968345)"
7515,VT0040500,12CC04385,07/02/2012,777 West Lakeshore Drive,Colchester,NO DATA,127,NO DATA,NO DATA,Dick Mazza's General Store,NO DATA,NO DATA,99,1 - Rear End,NO DATA,442028,228064,NO DATA,NO DATA,NO DATA,"Other Public Roadway (Rest Areas, Shopping Center",Unknown,999.99,NO DATA,XY,Property Damage Only,"(44.55047771, -73.22959330)"
7516,VT0020100,12BN01378,03/05/2012,209 Northside Drive,Bennington,NO DATA,NO DATA,NO DATA,NO DATA,Dunkin Donuts Drive Thru,NO DATA,NO DATA,99,1 - Rear End,NO DATA,442038,44676,NO DATA,NO DATA,NO DATA,"Other Public Roadway (Rest Areas, Shopping Center",Unknown,999.99,NO DATA,XY,Injury,"(42.89999482, -73.20970822)"
7517,VT0020100,12BN01987,03/29/2012,1726 Harwood Hill,Bennington,NO DATA,NO DATA,NO DATA,NO DATA,West Mountain Animal Hospital Parking Lot,NO DATA,NO DATA,99,4 - Opp Direction Sideswipe,NO DATA,442050,47622,NO DATA,NO DATA,NO DATA,"Other Public Roadway (Rest Areas, Shopping Center",Unknown,999.99,NO DATA,XY,Property Damage Only,"(42.92651343, -73.20986559)"
7518,VT0040500,12CC07988,11/28/2012,794 West Lakeshore Drive,Colchester,NO DATA,127,NO DATA,NO DATA,Parking Lot┬á Lakeshore Plaza,NO DATA,NO DATA,99,5 - Rear-to-rear,NO DATA,442060,228095,NO DATA,NO DATA,NO DATA,"Other Public Roadway (Rest Areas, Shopping Center",Unknown,999.99,NO DATA,XY,Property Damage Only,"(44.55075924, -73.22919409)"
7519,VT0040700,12SH00709,03/29/2012,Falls Road,Shelburne,2,NO DATA,NO DATA,NO DATA,NO DATA,NO DATA,NO DATA,30,5 - Rear-to-rear,NO DATA,442067,209073,NO DATA,NO DATA,NO DATA,Street or Town Highways in FA Urban Area,Unknown,999.99,NO DATA,XY,Property Damage Only,"(44.37958524, -73.22697834)"
7525,VT0040500,12CC05277,08/04/2012,713 W Lakeshore Drive,Colchester,NO DATA,NO DATA,NO DATA,NO DATA,Parking Lot,NO DATA,NO DATA,99,7 - Other - Explain in Narrative,NO DATA,442144,228022,NO DATA,NO DATA,NO DATA,"Other Public Roadway (Rest Areas, Shopping Center",Unknown,999.99,NO DATA,XY,Property Damage Only,"(44.55010908, -73.22812882)"
7526,VT0020100,12BN04797,07/15/2012,100 Hospital Drive,Bennington,NO DATA,NO DATA,NO DATA,NO DATA,E.D Parking Lot,NO DATA,NO DATA,99,4 - Opp Direction Sideswipe,NO DATA,442164,41738,NO DATA,NO DATA,NO DATA,"Other Public Roadway (Rest Areas, Shopping Center",Unknown,999.99,NO DATA,XY,Property Damage Only,"(42.87355855, -73.20786308)"
7527,VT0020100,12BN07804,11/05/2012,100 Hospital Drive,Bennington,NO DATA,NO DATA,NO DATA,NO DATA,Toolan Building Parking Lot,NO DATA,NO DATA,99,7 - Other - Explain in Narrative,NO DATA,442203,41674,NO DATA,NO DATA,NO DATA,"Other Public Roadway (Rest Areas, Shopping Center",Unknown,999.99,NO DATA,XY,Property Damage Only,"(42.87298541, -73.20737921)"
7528,VT0040700,12SH02230,09/07/2012,8245 The Terraces,Shelburne,NO DATA,NO DATA,NO DATA,NO DATA,NO DATA,NO DATA,NO DATA,99,6 - Single Vehicle Crash,NO DATA,442228,207506,NO DATA,NO DATA,NO DATA,"Other Public Roadway (Rest Areas, Shopping Center",Unknown,999.99,NO DATA,XY,Property Damage Only,"(44.36549677, -73.22478423)"
7529,VTVSP0900,12C301027,04/15/2012,TH-4 (1481 Kent Hollow Road),Rupert,4,NO DATA,NO DATA,NO DATA,Sandgate Road,1,Miles,35,6 - Single Vehicle Crash,East,442250,81969,NO DATA,NO DATA,NO DATA,"City, Village or Urban Compact Street not in FA Ur",TOWN ROAD 0004,999.99,NO DATA,XY,Injury,"(43.23568570, -73.21098183)"
7530,VT0040700,12SH00935,04/24/2012,TH-9 (197 Mt. Philo Rd),Shelburne,NO DATA,NO DATA,NO DATA,NO DATA,Bacon Dr,NO DATA,NO DATA,35,NO DATA,NO DATA,442288,207779,NO DATA,NO DATA,NO DATA,"City, Village or Urban Compact Street not in FA Ur",TOWN ROAD 0009,999.99,NO DATA,XY,Property Damage Only,"(44.36795825, -73.22406182)"
7531,VT0020100,12BN04948,07/20/2012,Ledge Hill Drive,Bennington,NO DATA,NO DATA,NO DATA,NO DATA,Parking Lot,NO DATA,NO DATA,99,5 - Rear-to-rear,NO DATA,442340,41681,NO DATA,NO DATA,NO DATA,"Other Public Roadway (Rest Areas, Shopping Center",Unknown,999.99,NO DATA,XY,Property Damage Only,"(42.87305877, -73.20570331)"
7601,VT0040700,12SH03184,12/29/2012,3229 Shelburne Rd,Shelburne,NO DATA,NO DATA,NO DATA,NO DATA,Champlain Dr,80,Feet,10,6 - Single Vehicle Crash,East,443029,212257,NO DATA,NO DATA,NO DATA,"Other Public Roadway (Rest Areas, Shopping Center",Unknown,999.99,NO DATA,XY,Property Damage Only,"(44.40831395, -73.21525647)"
7538,VT0020100,12BN04639,07/10/2012,112 Northside Drive,Bennington,NO DATA,67,NO DATA,NO DATA,McDonalds Parking Lot,NO DATA,NO DATA,99,"8 - No Turns, Thru moves only, Broadside ^<",NO DATA,442425,44202,NO DATA,NO DATA,NO DATA,"Other Public Roadway (Rest Areas, Shopping Center",Unknown,999.99,NO DATA,XY,Property Damage Only,"(42.89575749, -73.20492140)"
7539,VTVSP0100,12A104904,12/15/2012,Min. C 0676 Mt Philo Rd,Charlotte,NO DATA,NO DATA,NO DATA,NO DATA,Spear St Extension,NO DATA,NO DATA,40,7 - Other - Explain in Narrative,NO DATA,442431,196441,NO DATA,NO DATA,NO DATA,Minor Collector - Non Fed Aid Rural TH,MinCollector,999.99,NO DATA,XY,Injury,"(44.26593878, -73.22101731)"
7540,VTVSP0600,12C204011,12/30/2012,TH-44 (106 Horton Road),Orwell,44,NO DATA,NO DATA,NO DATA,106 Horton Road (TH #44),25,Feet,99,4 - Opp Direction Sideswipe,North,442434,142596,NO DATA,NO DATA,NO DATA,"City, Village or Urban Compact Street not in FA Ur",TOWN ROAD 0044,999.99,NO DATA,XY,Property Damage Only,"(43.78136169, -73.21513035)"
7541,VT0020100,12BN08865,12/19/2012,Willowbrook Drive,Bennington,NO DATA,NO DATA,NO DATA,NO DATA,Orchard Road,100,Feet,25,1 - Rear End,West,442460,44445,NO DATA,NO DATA,NO DATA,Street or Town Highways in FA Urban Area,Unknown,999.99,NO DATA,XY,Property Damage Only,"(42.89794744, -73.20451781)"
7542,VT0020100,12BN07769,11/03/2012,107 Northside Drive,Bennington,NO DATA,NO DATA,NO DATA,NO DATA,Cumberland Farms Parking Lot,NO DATA,NO DATA,99,7 - Other - Explain in Narrative,NO DATA,442502,44170,NO DATA,NO DATA,NO DATA,"Other Public Roadway (Rest Areas, Shopping Center",Unknown,999.99,NO DATA,XY,Property Damage Only,"(42.89547524, -73.20397544)"
7543,VT0020100,12BN01741,03/20/2012,Northside Drive,Bennington,NO DATA,NO DATA,NO DATA,NO DATA,Cumberland Farms,NO DATA,NO DATA,99,"8 - No Turns, Thru moves only, Broadside ^<",NO DATA,442513,44208,NO DATA,NO DATA,NO DATA,"Other Public Roadway (Rest Areas, Shopping Center",Unknown,999.99,NO DATA,XY,Property Damage Only,"(42.89581812, -73.20384466)"
7549,VT0020100,12BN05621,08/12/2012,107 Northside Drive,Bennington,NO DATA,67,NO DATA,NO DATA,Cumberland Farms Parking Lot,3,Feet,99,7 - Other - Explain in Narrative,NO DATA,442557,44140,NO DATA,NO DATA,NO DATA,"Other Public Roadway (Rest Areas, Shopping Center",Unknown,999.99,NO DATA,XY,Property Damage Only,"(42.89520934, -73.20329903)"
7550,VT0020100,12BN07233,10/12/2012,107 Northside Drive,Bennington,NO DATA,NO DATA,NO DATA,NO DATA,Cumberland Farms Lot,NO DATA,NO DATA,99,7 - Other - Explain in Narrative,NO DATA,442559,44156,NO DATA,NO DATA,NO DATA,"Other Public Roadway (Rest Areas, Shopping Center",Unknown,999.99,NO DATA,XY,Property Damage Only,"(42.89535352, -73.20327618)"
7551,VT0020100,12BN04290,06/25/2012,Northside Drive,Bennington,NO DATA,NO DATA,NO DATA,NO DATA,Cumberland Farms Parking Lot,10,Feet,99,7 - Other - Explain in Narrative,North,442563,44174,NO DATA,NO DATA,NO DATA,"Other Public Roadway (Rest Areas, Shopping Center",Unknown,999.99,NO DATA,XY,Property Damage Only,"(42.89551584, -73.20322905)"
7552,VT0020100,12BN02741,04/30/2012,Putnam Street,Bennington,NO DATA,NO DATA,NO DATA,NO DATA,Weeks Street,NO DATA,NO DATA,30,"8 - No Turns, Thru moves only, Broadside ^<",NO DATA,442597,41846,NO DATA,NO DATA,NO DATA,Street or Town Highways in FA Urban Area,Unknown,999.99,NO DATA,XY,Property Damage Only,"(42.87456333, -73.20257496)"
7553,VT0020100,12BN09147,12/30/2012,Benmont Avenue,Bennington,NO DATA,NO DATA,NO DATA,NO DATA,Taco Bell Parking Lot,NO DATA,NO DATA,99,4 - Opp Direction Sideswipe,NO DATA,442603,44004,NO DATA,NO DATA,NO DATA,"Other Public Roadway (Rest Areas, Shopping Center",Unknown,999.99,NO DATA,XY,Property Damage Only,"(42.89398863, -73.20272198)"
7554,VT0020100,12BN03287,05/21/2012,Main Street,Bennington,NO DATA,NO DATA,NO DATA,NO DATA,165 W. Main Street-All Service Citgo Lot,NO DATA,NO DATA,99,3 - Same Direction Sideswipe,NO DATA,442611,42511,NO DATA,NO DATA,NO DATA,"Other Public Roadway (Rest Areas, Shopping Center",Unknown,999.99,NO DATA,XY,Property Damage Only,"(42.88055027, -73.20247152)"
7555,VT0020100,12BN01108,02/22/2012,VT 7A (Northside Drive),Bennington,NO DATA,7A,NO DATA,NO DATA,Cumberland Farms,50,Feet,99,5 - Rear-to-rear,North,442657,44154,NO DATA,NO DATA,NO DATA,"Other Public Roadway (Rest Areas, Shopping Center",Unknown,999.99,NO DATA,XY,Property Damage Only,"(42.89534288, -73.20207621)"
7561,VT0110300,12CT00840,07/19/2012,TH-24 Drake Road,Castleton,NO DATA,NO DATA,NO DATA,NO DATA,Booth Road,NO DATA,NO DATA,35,6 - Single Vehicle Crash,West,442702,126203,NO DATA,NO DATA,NO DATA,"City, Village or Urban Compact Street not in FA Ur",TOWN ROAD 0024,999.99,NO DATA,XY,Property Damage Only,"(43.63384548, -73.21005748)"
7562,VT0040700,12SH02225,09/07/2012,3328 Shelburne Road,Shelburne,NO DATA,NO DATA,NO DATA,NO DATA,Rear Parking Lot,NO DATA,NO DATA,10,4 - Opp Direction Sideswipe,NO DATA,442707,212267,NO DATA,NO DATA,NO DATA,"Other Public Roadway (Rest Areas, Shopping Center",Unknown,999.99,NO DATA,XY,Property Damage Only,"(44.40837855, -73.21929988)"
7563,VT0020100,12BN08902,12/20/2012,Lovers Lane,Bennington,NO DATA,NO DATA,NO DATA,NO DATA,CVS Pharmacy/Aldi's Entrance Road,NO DATA,NO DATA,25,"14 - Left Turn and Thru, Broadside v<--",NO DATA,442716,44240,NO DATA,NO DATA,NO DATA,Street or Town Highways in FA Urban Area,Unknown,999.99,NO DATA,XY,Property Damage Only,"(42.89612142, -73.20136267)"
7564,VT0020100,12BN02161,04/06/2012,108 River Street,Bennington,332,NO DATA,NO DATA,NO DATA,NO DATA,NO DATA,NO DATA,30,3 - Same Direction Sideswipe,NO DATA,442724,42686,NO DATA,NO DATA,NO DATA,Street or Town Highways in FA Urban Area,Unknown,999.99,NO DATA,XY,Property Damage Only,"(42.88213398, -73.20110628)"
7565,VT0020100,12BN04371,06/28/2012,10 Kocher Drive,Bennington,NO DATA,NO DATA,NO DATA,NO DATA,Aldi's Parking Lot,NO DATA,NO DATA,99,"8 - No Turns, Thru moves only, Broadside ^<",NO DATA,442727,44147,NO DATA,NO DATA,NO DATA,"Other Public Roadway (Rest Areas, Shopping Center",Unknown,999.99,NO DATA,XY,Property Damage Only,"(42.89528512, -73.20121852)"
7566,VT0020100,12BN07655,10/29/2012,209 Washington Avenue,Bennington,NO DATA,NO DATA,NO DATA,NO DATA,NO DATA,20,Feet,99,7 - Other - Explain in Narrative,NO DATA,442738,42042,NO DATA,NO DATA,NO DATA,"Other Public Roadway (Rest Areas, Shopping Center",Unknown,999.99,NO DATA,XY,Property Damage Only,"(42.87633817, -73.20086931)"
7567,VT0020100,12BN05097,07/26/2012,Washington Avenue,Bennington,NO DATA,NO DATA,NO DATA,NO DATA,Elks Parking Lot,20,Feet,99,1 - Rear End,West,442742,42216,NO DATA,NO DATA,NO DATA,"Other Public Roadway (Rest Areas, Shopping Center",Unknown,999.99,NO DATA,XY,Property Damage Only,"(42.87790470, -73.20083808)"
7574,VT0040700,12SH02062,08/23/2012,3328 Shelburne Road,Shelburne,NO DATA,NO DATA,NO DATA,NO DATA,AutoMaster Lot,300,Feet,10,2 - Head On,West,442856,212279,NO DATA,NO DATA,NO DATA,"Other Public Roadway (Rest Areas, Shopping Center",Unknown,999.99,NO DATA,XY,Property Damage Only,"(44.40849830, -73.21743069)"
7575,VT0020100,12BN04804,07/15/2012,Jefferson Avenue,Bennington,NO DATA,NO DATA,NO DATA,NO DATA,NO DATA,200,Feet,30,5 - Rear-to-rear,South,442861,42047,NO DATA,NO DATA,NO DATA,Street or Town Highways in FA Urban Area,Unknown,999.99,NO DATA,XY,Property Damage Only,"(42.87639239, -73.19936445)"
7576,VTVSP0600,12C200328,02/08/2012,TH-3 (236 WEST ROAD),Whiting,3,NO DATA,NO DATA,NO DATA,MURRAY ROAD,0,Miles,35,6 - Single Vehicle Crash,North,442870,150255,NO DATA,NO DATA,NO DATA,"City, Village or Urban Compact Street not in FA Ur",TOWN ROAD 0003,999.99,NO DATA,XY,Injury,"(43.85032515, -73.21053132)"
7577,VT0040300,12SB008718,07/11/2012,Queen City Park Road,South Burlington,NO DATA,NO DATA,NO DATA,NO DATA,Central Ave,500,Feet,25,6 - Single Vehicle Crash,East,442881,216493,NO DATA,NO DATA,NO DATA,Street or Town Highways in FA Urban Area,Unknown,999.99,NO DATA,XY,Property Damage Only,"(44.44642142, -73.21758066)"
7578,VT0020100,12BN07770,11/03/2012,100 Depot Street,Bennington,NO DATA,NO DATA,NO DATA,NO DATA,TJ's Fish Fry Parking Lot,NO DATA,NO DATA,99,3 - Same Direction Sideswipe,NO DATA,442883,42428,NO DATA,NO DATA,NO DATA,"Other Public Roadway (Rest Areas, Shopping Center",Unknown,999.99,NO DATA,XY,Property Damage Only,"(42.87982354, -73.19913391)"
7579,VT0020100,12BN08877,12/19/2012,301 Main Street,Bennington,NO DATA,NO DATA,NO DATA,NO DATA,Parking Lot,NO DATA,NO DATA,99,"8 - No Turns, Thru moves only, Broadside ^<",NO DATA,442884,42351,NO DATA,NO DATA,NO DATA,"Other Public Roadway (Rest Areas, Shopping Center",Unknown,999.99,NO DATA,XY,Property Damage Only,"(42.87913051, -73.19911385)"
7580,VT0020100,12BN00629,01/29/2012,Depot Street,Bennington,NO DATA,NO DATA,NO DATA,NO DATA,Anytime Fitness Parking Lot,NO DATA,NO DATA,99,4 - Opp Direction Sideswipe,NO DATA,442885,42436,NO DATA,NO DATA,NO DATA,"Other Public Roadway (Rest Areas, Shopping Center",Unknown,999.99,NO DATA,XY,Property Damage Only,"(42.87989570, -73.19911025)"
7587,VT0020100,12BN06920,09/29/2012,95 Bennington Square,Bennington,NO DATA,NO DATA,NO DATA,NO DATA,Staples Parking Lot,NO DATA,NO DATA,99,4 - Opp Direction Sideswipe,NO DATA,442944,43921,NO DATA,NO DATA,NO DATA,"Other Public Roadway (Rest Areas, Shopping Center",Unknown,999.99,NO DATA,XY,Property Damage Only,"(42.89326707, -73.19853893)"
7588,VT0020100,12BN03677,06/04/2012,5 Kocher Drive,Bennington,NO DATA,NO DATA,NO DATA,NO DATA,Parking Lot,NO DATA,NO DATA,99,5 - Rear-to-rear,NO DATA,442950,43925,NO DATA,NO DATA,NO DATA,"Other Public Roadway (Rest Areas, Shopping Center",Unknown,999.99,NO DATA,XY,Property Damage Only,"(42.89330352, -73.19846588)"
7589,VT0020100,12BN08631,12/08/2012,108 Elm Street,Bennington,NO DATA,NO DATA,NO DATA,NO DATA,Parking Lot,NO DATA,NO DATA,99,1 - Rear End,NO DATA,442950,42054,NO DATA,NO DATA,NO DATA,"Other Public Roadway (Rest Areas, Shopping Center",Unknown,999.99,NO DATA,XY,Property Damage Only,"(42.87646204, -73.19827590)"