ID,Reporting Agency,Report Number,Date,Street Address,Town,Number,Number1,Number2,Number3,Intersection,Distance From Intersection,Distance Unit,Posted Speed,Direction of Collision,Direction from Intersection,Easting,Northing,Mile Marker,Mile Marker 1,Mile Marker 2,AOT Roadway,AOT Route,AOT Actual Mile,LRS Number,How Mapped,Crash Type,Location 1
7590,VT0020100,12BN07393,10/19/2012,River Street,Bennington,NO DATA,NO DATA,NO DATA,NO DATA,Depot Street,NO DATA,NO DATA,30,1 - Rear End,NO DATA,442963,42660,NO DATA,NO DATA,NO DATA,Street or Town Highways in FA Urban Area,Unknown,999.99,NO DATA,XY,Property Damage Only,"(42.88191782, -73.19817830)"
7591,VTVSP0600,12C200026,01/03/2012,TH-2 (1560 James Rd),Weybridge,3,NO DATA,NO DATA,NO DATA,Bittersweet Falls Rd (TH 14),0,Miles,40,6 - Single Vehicle Crash,South,442965,170694,NO DATA,NO DATA,NO DATA,"City, Village or Urban Compact Street not in FA Ur",TOWN ROAD 0002,999.99,NO DATA,XY,Injury,"(44.03427592, -73.21154050)"
7592,VT0040300,12SB014985,11/07/2012,5 Holmes Road,South Burlington,NO DATA,NO DATA,NO DATA,NO DATA,Farrell Distributing Corporation,500,Feet,99,NO DATA,East,442971,214967,NO DATA,NO DATA,NO DATA,Street or Town Highways in FA Urban Area,Unknown,999.99,NO DATA,XY,Property Damage Only,"(44.43269630, -73.21628229)"
7593,VTVSP0600,12C201545,06/03/2012,2896 Middlebrook Road,Ferrisburgh,35,NO DATA,NO DATA,NO DATA,Monkton Road TH#2,1,Miles,50,6 - Single Vehicle Crash,North,442980,187413,NO DATA,NO DATA,NO DATA,"City, Village or Urban Compact Street not in FA Ur",TOWN ROAD 0035,999.99,NO DATA,XY,Injury,"(44.18473741, -73.21316035)"
7600,VTVSP0900,12C303917,12/29/2012,TH-7 (714 Airport Rd),Shaftsbury,7,NO DATA,NO DATA,NO DATA,VT RT 7A,1,Miles,35,6 - Single Vehicle Crash,East,443027,51261,NO DATA,NO DATA,NO DATA,"City, Village or Urban Compact Street not in FA Ur",TOWN ROAD 0007,999.99,NO DATA,XY,Property Damage Only,"(42.95934250, -73.19826870)"
7602,VT0020100,12BN00687,02/02/2012,5 Kocher Drive,Bennington,NO DATA,NO DATA,NO DATA,NO DATA,NO DATA,NO DATA,NO DATA,30,6 - Single Vehicle Crash,NO DATA,443041,42944,NO DATA,NO DATA,NO DATA,"Other Public Roadway (Rest Areas, Shopping Center",Unknown,999.99,NO DATA,XY,Property Damage Only,"(42.88448002, -73.19725238)"
7603,VT0040300,12SB01608,02/29/2012,403 Queen City Park Road,South Burlington,NO DATA,NO DATA,NO DATA,NO DATA,Champlain Water District Parking Lot,25,Feet,99,7 - Other - Explain in Narrative,West,443042,216443,NO DATA,NO DATA,NO DATA,"Other Public Roadway (Rest Areas, Shopping Center",Unknown,999.99,NO DATA,XY,Property Damage Only,"(44.44598417, -73.21555270)"
7604,VT0020100,12BN03973,06/14/2012,Hillside Street,Bennington,NO DATA,NO DATA,NO DATA,NO DATA,South Street,NO DATA,NO DATA,25,1 - Rear End,NO DATA,443046,42074,NO DATA,NO DATA,NO DATA,Street or Town Highways in FA Urban Area,Unknown,999.99,NO DATA,XY,Property Damage Only,"(42.87664923, -73.19710300)"
7605,VT0040700,12SH01601,07/06/2012,145 Pinehaven Shores Rd,Shelburne,NO DATA,NO DATA,NO DATA,NO DATA,Parking Lot Collision,NO DATA,NO DATA,99,7 - Other - Explain in Narrative,NO DATA,443056,213446,NO DATA,NO DATA,NO DATA,"Other Public Roadway (Rest Areas, Shopping Center",Unknown,999.99,NO DATA,XY,Property Damage Only,"(44.41901573, -73.21504790)"
7612,VTVSP0600,12C200668,03/16/2012,TH-14 Four Winds Road,Ferrisburgh,14,NO DATA,NO DATA,NO DATA,Dakin Road TH#15,0,Miles,40,6 - Single Vehicle Crash,North,443089,193936,NO DATA,NO DATA,NO DATA,"City, Village or Urban Compact Street not in FA Ur",TOWN ROAD 0014,999.99,NO DATA,XY,Property Damage Only,"(44.24344767, -73.21250464)"
7613,VT0020100,12BN00925,02/13/2012,215 North Street,Bennington,NO DATA,NO DATA,NO DATA,NO DATA,215 North Street Parking Lot,NO DATA,NO DATA,99,"8 - No Turns, Thru moves only, Broadside ^<",NO DATA,443093,42712,NO DATA,NO DATA,NO DATA,"Other Public Roadway (Rest Areas, Shopping Center",Unknown,999.99,NO DATA,XY,Property Damage Only,"(42.88239558, -73.19659238)"
7614,VT0020100,12BN04821,07/16/2012,109 Kocher Drive,Bennington,NO DATA,NO DATA,NO DATA,NO DATA,K-Mart Parking Lot,NO DATA,NO DATA,99,7 - Other - Explain in Narrative,NO DATA,443095,43924,NO DATA,NO DATA,NO DATA,"Other Public Roadway (Rest Areas, Shopping Center",Unknown,999.99,NO DATA,XY,Property Damage Only,"(42.89330533, -73.19669067)"
7615,VT0020100,12BN00498,01/23/2012,Union Street,Bennington,NO DATA,NO DATA,NO DATA,NO DATA,Bennington Banner Parking Lot,NO DATA,NO DATA,99,1 - Rear End,South,443099,42164,NO DATA,NO DATA,NO DATA,"Other Public Roadway (Rest Areas, Shopping Center",Unknown,999.99,NO DATA,XY,Property Damage Only,"(42.87746330, -73.19646346)"
7616,VT0020100,12BN05077,07/25/2012,Benningto Square,Bennington,NO DATA,NO DATA,NO DATA,NO DATA,Kmart Parking Lot,500,Feet,99,4 - Opp Direction Sideswipe,North,443104,43909,NO DATA,NO DATA,NO DATA,"Other Public Roadway (Rest Areas, Shopping Center",Unknown,999.99,NO DATA,XY,Property Damage Only,"(42.89317099, -73.19657897)"
7617,VTVSP0600,12C200023,01/03/2012,TH-25 Twitchell Hill Road,New Haven,25,NO DATA,NO DATA,NO DATA,Field Days Road TH#24,1,Miles,35,6 - Single Vehicle Crash,East,443119,174739,NO DATA,NO DATA,NO DATA,"City, Village or Urban Compact Street not in FA Ur",TOWN ROAD 0025,999.99,NO DATA,XY,Property Damage Only,"(44.07069067, -73.21005425)"
7623,VT0040300,12SB01137,02/12/2012,218 Hannaford Drive,South Burlington,NO DATA,NO DATA,NO DATA,NO DATA,Hannafords Supermarket,NO DATA,NO DATA,99,NO DATA,NO DATA,443179,216026,NO DATA,NO DATA,NO DATA,"Other Public Roadway (Rest Areas, Shopping Center",Unknown,999.99,NO DATA,XY,Property Damage Only,"(44.44224243, -73.21378603)"
7624,VT0040300,12SB011992,09/10/2012,947 Shelburne Road,South Burlington,NO DATA,NO DATA,NO DATA,NO DATA,KMart Parking Lot Pointed Southbound,NO DATA,NO DATA,99,2 - Head On,NO DATA,443190,216168,NO DATA,NO DATA,NO DATA,"Other Public Roadway (Rest Areas, Shopping Center",Unknown,999.99,NO DATA,XY,Property Damage Only,"(44.44352112, -73.21366342)"
7625,VT0040500,12CC06462,09/18/2012,Laker Lane,Colchester,NO DATA,NO DATA,NO DATA,NO DATA,Colchester High School Parking Lot,NO DATA,NO DATA,99,6 - Single Vehicle Crash,NO DATA,443194,226780,NO DATA,NO DATA,NO DATA,"Other Public Roadway (Rest Areas, Shopping Center",Unknown,999.99,NO DATA,XY,Property Damage Only,"(44.53901621, -73.21477864)"
7626,VT0040500,12CC05532,08/16/2012,131 Laker Lane,Colchester,NO DATA,NO DATA,NO DATA,NO DATA,Colchester High School,NO DATA,NO DATA,99,6 - Single Vehicle Crash,NO DATA,443195,226793,NO DATA,NO DATA,NO DATA,"Other Public Roadway (Rest Areas, Shopping Center",Unknown,999.99,NO DATA,XY,Property Damage Only,"(44.53913328, -73.21476749)"
7627,VT0020100,12BN03897,06/12/2012,FAU-1050 Kocher Drive,Bennington,NO DATA,NO DATA,NO DATA,NO DATA,NO DATA,NO DATA,NO DATA,30,1 - Rear End,NO DATA,443213,43990,NO DATA,NO DATA,NO DATA,Federal Aid Urban System (Class 2 TH's and 3 TH's,"TOWN HWY. NO. 28 (KOCHER DR.), BENNINGTON",999.99,NO DATA,XY,Property Damage Only,"(42.89390820, -73.19525277)"
7628,VT0040500,12CC08093,11/26/2012,131 Laker Lane,Colchester,NO DATA,NO DATA,NO DATA,NO DATA,CHS Parking Lot,NO DATA,NO DATA,99,5 - Rear-to-rear,NO DATA,443215,226743,NO DATA,NO DATA,NO DATA,"Other Public Roadway (Rest Areas, Shopping Center",Unknown,999.99,NO DATA,XY,Property Damage Only,"(44.53868492, -73.21451035)"
7629,VT0040300,12SB005431,05/08/2012,217 Dorset Street,South Burlington,NO DATA,NO DATA,NO DATA,NO DATA,Hannaford Supermarket,0,Miles,99,3 - Same Direction Sideswipe,East,443219,216008,NO DATA,NO DATA,NO DATA,"Other Public Roadway (Rest Areas, Shopping Center",Unknown,999.99,NO DATA,XY,Property Damage Only,"(44.44208359, -73.21328162)"
7635,VT0040500,12CC04732,07/14/2012,97 Blakely Road,Colchester,NO DATA,NO DATA,NO DATA,NO DATA,Bayview Eats,NO DATA,NO DATA,99,3 - Same Direction Sideswipe,NO DATA,443247,227384,NO DATA,NO DATA,NO DATA,"Other Public Roadway (Rest Areas, Shopping Center",Unknown,999.99,NO DATA,XY,Property Damage Only,"(44.54445558, -73.21417825)"
7636,VT0040500,12CC02258,04/11/2012,131 Laker Ln,Colchester,NO DATA,NO DATA,NO DATA,NO DATA,High School Parking Lot,NO DATA,NO DATA,99,"8 - No Turns, Thru moves only, Broadside ^<",NO DATA,443255,226744,NO DATA,NO DATA,NO DATA,"Other Public Roadway (Rest Areas, Shopping Center",Unknown,999.99,NO DATA,XY,Property Damage Only,"(44.53869706, -73.21400719)"
7637,VT0040500,12CC01925,03/29/2012,Laker Lane,Colchester,NO DATA,NO DATA,NO DATA,NO DATA,Blakely Road,39,Feet,25,6 - Single Vehicle Crash,South,443258,227075,NO DATA,NO DATA,NO DATA,Street or Town Highways in FA Urban Area,Unknown,999.99,NO DATA,XY,Property Damage Only,"(44.54167586, -73.21400585)"
7638,VT0040700,12SH01968,08/10/2012,TH-46 Martindale Road,Shelburne,NO DATA,NO DATA,NO DATA,NO DATA,Shleburne Road,NO DATA,NO DATA,25,3 - Same Direction Sideswipe,NO DATA,443267,213213,NO DATA,NO DATA,NO DATA,"City, Village or Urban Compact Street not in FA Ur",TOWN ROAD 0046,999.99,NO DATA,XY,Property Damage Only,"(44.41693555, -73.21237311)"
7639,VT0020100,12BN06519,09/13/2012,Hillside Street,Bennington,NO DATA,NO DATA,NO DATA,NO DATA,Silver Street,NO DATA,NO DATA,25,1 - Rear End,NO DATA,443270,42032,NO DATA,NO DATA,NO DATA,Street or Town Highways in FA Urban Area,Unknown,999.99,NO DATA,XY,Property Damage Only,"(42.87628783, -73.19435726)"
7640,VT0020100,12BN07983,11/12/2012,319 School Street,Bennington,NO DATA,NO DATA,NO DATA,NO DATA,Parking Lot Of 319 School Street,NO DATA,NO DATA,99,3 - Same Direction Sideswipe,NO DATA,443274,42735,NO DATA,NO DATA,NO DATA,"Other Public Roadway (Rest Areas, Shopping Center",Unknown,999.99,NO DATA,XY,Property Damage Only,"(42.88261607, -73.19437926)"
7641,VT0040700,12SH01967,08/10/2012,TH-46 Martindale Road,Shelburne,NO DATA,NO DATA,NO DATA,NO DATA,Shelburne Road,NO DATA,NO DATA,25,4 - Opp Direction Sideswipe,NO DATA,443274,213213,NO DATA,NO DATA,NO DATA,"City, Village or Urban Compact Street not in FA Ur",TOWN ROAD 0046,999.99,NO DATA,XY,Property Damage Only,"(44.41693610, -73.21228522)"
7648,VT0040300,12SB00874,02/01/2012,218 Hannaford Drive,South Burlington,NO DATA,NO DATA,NO DATA,NO DATA,NO DATA,NO DATA,NO DATA,99,NO DATA,NO DATA,443318,215949,NO DATA,NO DATA,NO DATA,"Other Public Roadway (Rest Areas, Shopping Center",Unknown,999.99,NO DATA,XY,Property Damage Only,"(44.44156041, -73.21203164)"
7649,VT0020100,12BN09082,12/28/2012,Pleasant Street,Bennington,NO DATA,NO DATA,NO DATA,NO DATA,Town Parking Lot,NO DATA,NO DATA,99,5 - Rear-to-rear,NO DATA,443324,42331,NO DATA,NO DATA,NO DATA,"Other Public Roadway (Rest Areas, Shopping Center",Unknown,999.99,NO DATA,XY,Property Damage Only,"(42.87898324, -73.19372652)"
7650,VT0040300,12SB007142,06/12/2012,Shelburne Road,South Burlington,NO DATA,NO DATA,NO DATA,NO DATA,Dunkin Donuts,NO DATA,NO DATA,15,3 - Same Direction Sideswipe,NO DATA,443329,214957,NO DATA,NO DATA,NO DATA,"Other Public Roadway (Rest Areas, Shopping Center",Unknown,999.99,NO DATA,XY,Property Damage Only,"(44.43263442, -73.21178508)"
7651,VT0020100,12BN04460,07/03/2012,Pine Circle,Bennington,NO DATA,NO DATA,NO DATA,NO DATA,Crescent Blvd.,100,Feet,25,1 - Rear End,South,443332,41326,NO DATA,NO DATA,NO DATA,Street or Town Highways in FA Urban Area,Unknown,999.99,NO DATA,XY,Property Damage Only,"(42.86993748, -73.19352729)"
7652,VT0040500,12CC07734,11/09/2012,131 Blakely Road,Colchester,NO DATA,NO DATA,NO DATA,NO DATA,Jiffy Mart Parking Lot,NO DATA,NO DATA,99,1 - Rear End,NO DATA,443334,227258,NO DATA,NO DATA,NO DATA,"Other Public Roadway (Rest Areas, Shopping Center",Unknown,999.99,NO DATA,XY,Property Damage Only,"(44.54332859, -73.21306969)"
7653,VT0040300,12SB014460,10/27/2012,947 Shelburne Rd,South Burlington,NO DATA,NO DATA,NO DATA,NO DATA,NO DATA,NO DATA,NO DATA,99,7 - Other - Explain in Narrative,NO DATA,443335,216122,NO DATA,NO DATA,NO DATA,"Other Public Roadway (Rest Areas, Shopping Center",Unknown,999.99,NO DATA,XY,Property Damage Only,"(44.44311854, -73.21183701)"
7654,VT0040300,12SB010376,08/11/2012,733 Queen City Road,South Burlington,NO DATA,NO DATA,NO DATA,NO DATA,Franny O's,50,Feet,10,5 - Rear-to-rear,North,443342,216306,NO DATA,NO DATA,NO DATA,"Other Public Roadway (Rest Areas, Shopping Center",Unknown,999.99,NO DATA,XY,Property Damage Only,"(44.44477488, -73.21176918)"
7661,VT0040300,12SB007251,06/14/2012,1580 Shelburne Rd,South Burlington,NO DATA,NO DATA,NO DATA,NO DATA,Heritage Ford,NO DATA,NO DATA,99,"8 - No Turns, Thru moves only, Broadside ^<",NO DATA,443392,214682,NO DATA,NO DATA,NO DATA,"Other Public Roadway (Rest Areas, Shopping Center",Unknown,999.99,NO DATA,XY,Unknown,"(44.43016466, -73.21096387)"
7662,VT0040300,12SB00977,02/06/2012,1117 Shelburne Road,South Burlington,NO DATA,NO DATA,NO DATA,NO DATA,Citizen Bank,0,Miles,10,1 - Rear End,North,443406,215554,NO DATA,NO DATA,NO DATA,"Other Public Roadway (Rest Areas, Shopping Center",Unknown,999.99,NO DATA,XY,Property Damage Only,"(44.43801276, -73.21088317)"
7663,VT0040100,12BU19479,08/05/2012,47 SOUTH WINOOSKI AVENUE,Burlington,NO DATA,NO DATA,NO DATA,NO DATA,47 South Winooski Avenue,NO DATA,NO DATA,99,4 - Opp Direction Sideswipe,NO DATA,443416,220184,NO DATA,NO DATA,NO DATA,"Other Public Roadway (Rest Areas, Shopping Center",Unknown,999.99,NO DATA,XY,Property Damage Only,"(44.47967804, -73.21126322)"
7664,VT0040300,12SB02164,03/21/2012,1330 Shelburne Rd,South Burlington,NO DATA,NO DATA,NO DATA,NO DATA,NO DATA,NO DATA,NO DATA,99,7 - Other - Explain in Narrative,NO DATA,443423,215137,NO DATA,NO DATA,NO DATA,"Other Public Roadway (Rest Areas, Shopping Center",Unknown,999.99,NO DATA,XY,Property Damage Only,"(44.43426157, -73.21062417)"
7665,VT0040300,12SB013625,10/11/2012,1001 Shelburne Road,South Burlington,NO DATA,NO DATA,NO DATA,NO DATA,People's United Bank,50,Feet,99,5 - Rear-to-rear,NO DATA,443431,215913,NO DATA,NO DATA,NO DATA,"Other Public Roadway (Rest Areas, Shopping Center",Unknown,999.99,NO DATA,XY,Property Damage Only,"(44.44124530, -73.21060833)"
7666,VT0040700,12SH02149,08/31/2012,TH-24 Hullcrest Road,Shelburne,NO DATA,NO DATA,NO DATA,NO DATA,Pinehurst Drive,100,Feet,25,4 - Opp Direction Sideswipe,North,443432,212646,NO DATA,NO DATA,NO DATA,"City, Village or Urban Compact Street not in FA Ur",TOWN ROAD 0024,999.99,NO DATA,XY,Injury,"(44.41184609, -73.21023967)"
7673,VT0040300,12SB001198,02/14/2012,Hannaford Drive,South Burlington,NO DATA,NO DATA,NO DATA,NO DATA,Shelburne Road,10,Feet,99,3 - Same Direction Sideswipe,West,443460,215939,NO DATA,NO DATA,NO DATA,Street or Town Highways in FA Urban Area,Unknown,999.99,NO DATA,XY,Property Damage Only,"(44.44148153, -73.21024690)"
7674,VT0040300,12SB002384,03/29/2012,1600 Shelburne Road,South Burlington,NO DATA,NO DATA,NO DATA,NO DATA,Heritage Ford,300,Feet,99,"8 - No Turns, Thru moves only, Broadside ^<",East,443463,214588,NO DATA,NO DATA,NO DATA,"Other Public Roadway (Rest Areas, Shopping Center",Unknown,999.99,NO DATA,XY,Property Damage Only,"(44.42932432, -73.21006197)"
7675,VT0040300,12SB009581,07/26/2012,977 Shelburne Road,South Burlington,NO DATA,NO DATA,NO DATA,NO DATA,Jolley Gas Station,NO DATA,NO DATA,99,7 - Other - Explain in Narrative,South,443466,216039,NO DATA,NO DATA,NO DATA,"Other Public Roadway (Rest Areas, Shopping Center",Unknown,999.99,NO DATA,XY,Property Damage Only,"(44.44238188, -73.21018244)"
7676,VT0040700,12SH03040,12/12/2012,TH-66 (305 Olde Orchard Ln),Shelburne,NO DATA,NO DATA,NO DATA,NO DATA,NO DATA,NO DATA,NO DATA,25,NO DATA,NO DATA,443480,213069,NO DATA,NO DATA,NO DATA,"City, Village or Urban Compact Street not in FA Ur",TOWN ROAD 0066,999.99,NO DATA,XY,Property Damage Only,"(44.41565636, -73.20968309)"
7677,VT0040300,12SB01919,03/12/2012,Queen City Park Road,South Burlington,NO DATA,NO DATA,NO DATA,NO DATA,RT 7,NO DATA,NO DATA,25,1 - Rear End,NO DATA,443489,216304,NO DATA,NO DATA,NO DATA,Street or Town Highways in FA Urban Area,Unknown,999.99,NO DATA,XY,Property Damage Only,"(44.44476837, -73.20992241)"
7678,VT0040300,12SB06301,05/25/2012,974 Shelburne Rd,South Burlington,NO DATA,NO DATA,NO DATA,NO DATA,NO DATA,NO DATA,NO DATA,99,5 - Rear-to-rear,NO DATA,443491,215980,NO DATA,NO DATA,NO DATA,"Other Public Roadway (Rest Areas, Shopping Center",Unknown,999.99,NO DATA,XY,Property Damage Only,"(44.44185290, -73.20986198)"
7684,VT0040300,12SB009343,07/21/2012,"230 College St, Burlington, VT",Burlington,NO DATA,NO DATA,NO DATA,NO DATA,NO DATA,NO DATA,NO DATA,25,4 - Opp Direction Sideswipe,NO DATA,443507,219914,NO DATA,NO DATA,NO DATA,Street or Town Highways in FA Urban Area,Unknown,999.99,NO DATA,XY,Property Damage Only,"(44.47725548, -73.21008997)"
7685,VT0040300,12SB016011,11/27/2012,974 SHELBURNE ROAD,South Burlington,NO DATA,NO DATA,NO DATA,NO DATA,SIMON'S,NO DATA,NO DATA,99,1 - Rear End,NO DATA,443508,215857,NO DATA,NO DATA,NO DATA,"Other Public Roadway (Rest Areas, Shopping Center",Unknown,999.99,NO DATA,XY,Property Damage Only,"(44.44074737, -73.20963505)"
7686,VT0040300,12SB05739,05/15/2012,Brewer Parkway,South Burlington,NO DATA,NO DATA,NO DATA,NO DATA,Shelburne Road,10,Feet,25,"18 - Right Turn and Thru, Broadside ^<--",East,443508,216089,NO DATA,NO DATA,NO DATA,Street or Town Highways in FA Urban Area,Unknown,999.99,NO DATA,XY,Injury,"(44.44283510, -73.20966032)"
7687,VT0040300,12SB008488,07/06/2012,Shelburne Road,South Burlington,NO DATA,NO DATA,NO DATA,NO DATA,Burlington Bagel Parking Lot,NO DATA,NO DATA,15,5 - Rear-to-rear,NO DATA,443510,215971,NO DATA,NO DATA,NO DATA,"Other Public Roadway (Rest Areas, Shopping Center",Unknown,999.99,NO DATA,XY,Property Damage Only,"(44.44177340, -73.20962234)"
7688,VT0020100,12BN05297,08/01/2012,Imperial Avenue,Bennington,NO DATA,NO DATA,NO DATA,NO DATA,Booth Terrace,NO DATA,NO DATA,30,"8 - No Turns, Thru moves only, Broadside ^<",NO DATA,443515,41952,NO DATA,NO DATA,NO DATA,Street or Town Highways in FA Urban Area,Unknown,999.99,NO DATA,XY,Property Damage Only,"(42.87558587, -73.19135072)"
7689,VT0040300,12SB005572,05/11/2012,992 Shelburne Road,South Burlington,NO DATA,7,NO DATA,NO DATA,Burlington Bagel Bakery,NO DATA,NO DATA,15,5 - Rear-to-rear,NO DATA,443516,215969,NO DATA,NO DATA,NO DATA,"Other Public Roadway (Rest Areas, Shopping Center",Unknown,999.99,NO DATA,XY,Property Damage Only,"(44.44175587, -73.20954676)"
7690,VT0110300,12CT01439,11/30/2012,TH-4 South Street,Castleton,4,NO DATA,NO DATA,NO DATA,VT Route 30 South,0,Miles,35,6 - Single Vehicle Crash,East,443520,121515,NO DATA,NO DATA,NO DATA,"City, Village or Urban Compact Street not in FA Ur",TOWN ROAD 0004,999.99,NO DATA,XY,Property Damage Only,"(43.59171519, -73.19943211)"
7696,VT0020100,12BN01545,03/13/2012,401 Gage Street,Bennington,NO DATA,NO DATA,NO DATA,NO DATA,Energizer Parking Lot,NO DATA,NO DATA,99,7 - Other - Explain in Narrative,NO DATA,443558,42619,NO DATA,NO DATA,NO DATA,"Other Public Roadway (Rest Areas, Shopping Center",Unknown,999.99,NO DATA,XY,Property Damage Only,"(42.88159295, -73.19089144)"
7697,VT0040300,12SB05351,05/07/2012,1030 Shelburne Road,South Burlington,NO DATA,NO DATA,NO DATA,NO DATA,Shearer Volkswagen,50,Feet,99,7 - Other - Explain in Narrative,East,443569,215816,NO DATA,NO DATA,NO DATA,"Other Public Roadway (Rest Areas, Shopping Center",Unknown,999.99,NO DATA,XY,Property Damage Only,"(44.44038318, -73.20886438)"
7698,VT0040300,12SB012485,09/19/2012,1080 Shelburne Road,South Burlington,NO DATA,NO DATA,NO DATA,NO DATA,Northwest Parking Lot Of Goodwill,NO DATA,NO DATA,99,3 - Same Direction Sideswipe,NO DATA,443571,216036,NO DATA,NO DATA,NO DATA,"Other Public Roadway (Rest Areas, Shopping Center",Unknown,999.99,NO DATA,XY,Property Damage Only,"(44.44236308, -73.20886320)"
7699,VT0040300,12SB02439,03/31/2012,730 Shelburne Road,South Burlington,NO DATA,NO DATA,NO DATA,NO DATA,Dennys Diner,150,Feet,10,6 - Single Vehicle Crash,West,443574,216465,NO DATA,NO DATA,NO DATA,"Other Public Roadway (Rest Areas, Shopping Center",Unknown,999.99,NO DATA,XY,Property Damage Only,"(44.44622382, -73.20887220)"
7700,VT0040300,12SB014116,10/21/2012,730 Shelburne Road,South Burlington,NO DATA,7,NO DATA,NO DATA,NO DATA,NO DATA,NO DATA,99,3 - Same Direction Sideswipe,NO DATA,443577,216448,NO DATA,NO DATA,NO DATA,"Other Public Roadway (Rest Areas, Shopping Center",Unknown,999.99,NO DATA,XY,Property Damage Only,"(44.44607107, -73.20883267)"
7701,VT0040300,12SB012059,09/11/2012,570 Shelburne Rd,South Burlington,NO DATA,NO DATA,NO DATA,NO DATA,Shaws Supermarket,50,Feet,99,4 - Opp Direction Sideswipe,NO DATA,443595,216772,NO DATA,NO DATA,NO DATA,"Other Public Roadway (Rest Areas, Shopping Center",Unknown,999.99,NO DATA,XY,Property Damage Only,"(44.44898809, -73.20864180)"
7702,VT0020100,12BN00109,01/06/2012,1 Shields Drive,Bennington,NO DATA,NO DATA,NO DATA,NO DATA,North Parking Lot,NO DATA,NO DATA,99,4 - Opp Direction Sideswipe,NO DATA,443616,44458,NO DATA,NO DATA,NO DATA,"Other Public Roadway (Rest Areas, Shopping Center",Unknown,999.99,NO DATA,XY,Property Damage Only,"(42.89815068, -73.19036612)"
7708,VT0040300,12SB011036,08/24/2012,514 Farell St,South Burlington,NO DATA,NO DATA,NO DATA,NO DATA,Walgreen's Lot,NO DATA,NO DATA,99,7 - Other - Explain in Narrative,NO DATA,443638,216977,NO DATA,NO DATA,NO DATA,"Other Public Roadway (Rest Areas, Shopping Center",Unknown,999.99,NO DATA,XY,Property Damage Only,"(44.45083621, -73.20812391)"
7709,VT0040300,12SB017570,12/29/2012,370 Shelburne Road,South Burlington,NO DATA,NO DATA,NO DATA,NO DATA,Proctor Ave,50,Feet,10,7 - Other - Explain in Narrative,South,443649,217436,NO DATA,NO DATA,NO DATA,"Other Public Roadway (Rest Areas, Shopping Center",Unknown,999.99,NO DATA,XY,Property Damage Only,"(44.45496752, -73.20803562)"
7710,VT0020100,12BN01172,02/25/2012,TH-49 Middle Pownal Road,Bennington,NO DATA,NO DATA,NO DATA,NO DATA,Windylea Farm,500,Feet,35,2 - Head On,North,443652,40496,NO DATA,NO DATA,NO DATA,"City, Village or Urban Compact Street not in FA Ur",TOWN ROAD 0049,999.99,NO DATA,XY,Property Damage Only,"(42.86249000, -73.18952812)"
7711,VT0040300,12SB007620,06/22/2012,570 Shelburne Road,South Burlington,NO DATA,NO DATA,NO DATA,NO DATA,Shaws Parking Lot,NO DATA,NO DATA,99,7 - Other - Explain in Narrative,NO DATA,443656,216838,NO DATA,NO DATA,NO DATA,"Other Public Roadway (Rest Areas, Shopping Center",Unknown,999.99,NO DATA,XY,Property Damage Only,"(44.44958677, -73.20788267)"
7712,VT0020100,12BN01165,02/24/2012,Kocher Drive,Bennington,NO DATA,NO DATA,NO DATA,NO DATA,CVS Parking Lot,NO DATA,NO DATA,99,7 - Other - Explain in Narrative,NO DATA,443659,40496,NO DATA,NO DATA,NO DATA,"Other Public Roadway (Rest Areas, Shopping Center",Unknown,999.99,NO DATA,XY,Property Damage Only,"(42.86249051, -73.18944247)"
7713,VT0020100,12BN01878,03/25/2012,324 Pleasant Street,Bennington,NO DATA,NO DATA,NO DATA,NO DATA,Parking Lot On Pleasant Street,NO DATA,NO DATA,99,1 - Rear End,North,443659,42370,NO DATA,NO DATA,NO DATA,"Other Public Roadway (Rest Areas, Shopping Center",Unknown,999.99,NO DATA,XY,Property Damage Only,"(42.87935907, -73.18963025)"
7714,VT0040300,12SB017329,12/24/2012,570 Shelburne Road,South Burlington,NO DATA,NO DATA,NO DATA,NO DATA,Shaw's Parking Lot,NO DATA,NO DATA,99,"8 - No Turns, Thru moves only, Broadside ^<",NO DATA,443659,216808,NO DATA,NO DATA,NO DATA,"Other Public Roadway (Rest Areas, Shopping Center",Unknown,999.99,NO DATA,XY,Property Damage Only,"(44.44931704, -73.20784172)"
7732,VT0020100,12BN05203,07/29/2012,713 Main Street,Bennington,NO DATA,NO DATA,NO DATA,NO DATA,Stewart's Parking Lot,NO DATA,NO DATA,99,"8 - No Turns, Thru moves only, Broadside ^<",NO DATA,443820,42262,NO DATA,NO DATA,NO DATA,"Other Public Roadway (Rest Areas, Shopping Center",Unknown,999.99,NO DATA,XY,Property Damage Only,"(42.87839877, -73.18764891)"
7733,VT0040500,12CC00133,01/07/2012,25 Murdock Glen,Colchester,NO DATA,NO DATA,NO DATA,NO DATA,Malletts Bay Ave,80,Feet,99,6 - Single Vehicle Crash,West,443828,225259,NO DATA,NO DATA,NO DATA,Street or Town Highways in FA Urban Area,Unknown,999.99,NO DATA,XY,Property Damage Only,"(44.52537883, -73.20663623)"