ID,Reporting Agency,Report Number,Date,Street Address,Town,Number,Number1,Number2,Number3,Intersection,Distance From Intersection,Distance Unit,Posted Speed,Direction of Collision,Direction from Intersection,Easting,Northing,Mile Marker,Mile Marker 1,Mile Marker 2,AOT Roadway,AOT Route,AOT Actual Mile,LRS Number,How Mapped,Crash Type,Location 1
7998,VT0040300,12SB05880,05/17/2012,222 Dorset Street,South Burlington,NO DATA,NO DATA,NO DATA,NO DATA,Healthy Living Market,NO DATA,NO DATA,99,5 - Rear-to-rear,East,445949,218344,NO DATA,NO DATA,NO DATA,"Other Public Roadway (Rest Areas, Shopping Center",Unknown,999.99,NO DATA,XY,Property Damage Only,"(44.46331398, -73.17923356)"
7999,VT0040300,12SB011032,08/24/2012,Dorset Street,South Burlington,NO DATA,NO DATA,NO DATA,NO DATA,Tropical Nails & Tan,NO DATA,NO DATA,15,6 - Single Vehicle Crash,NO DATA,445951,218522,NO DATA,NO DATA,NO DATA,"Other Public Roadway (Rest Areas, Shopping Center",Unknown,999.99,NO DATA,XY,Property Damage Only,"(44.46491593, -73.17922700)"
8000,VT0040500,12CC06527,09/22/2012,39 Lower Mountain View Drive,Colchester,NO DATA,NO DATA,NO DATA,NO DATA,NO DATA,NO DATA,NO DATA,99,7 - Other - Explain in Narrative,NO DATA,445961,223237,NO DATA,NO DATA,NO DATA,"Other Public Roadway (Rest Areas, Shopping Center",Unknown,999.99,NO DATA,XY,Property Damage Only,"(44.50734615, -73.17959382)"
8001,VT0040500,12CC07138,10/16/2012,39 Lower Mountain View Road,Colchester,NO DATA,NO DATA,NO DATA,NO DATA,North Country Federal Credit Union,NO DATA,NO DATA,99,5 - Rear-to-rear,NO DATA,445968,223230,NO DATA,NO DATA,NO DATA,"Other Public Roadway (Rest Areas, Shopping Center",Unknown,999.99,NO DATA,XY,Property Damage Only,"(44.50728368, -73.17950506)"
8007,VT0040300,12SB011703,09/05/2012,1076 Williston Road,South Burlington,NO DATA,NO DATA,NO DATA,NO DATA,Windjammer Restaurant,50,Feet,15,7 - Other - Explain in Narrative,NO DATA,445988,219095,NO DATA,NO DATA,NO DATA,"Other Public Roadway (Rest Areas, Shopping Center",Unknown,999.99,NO DATA,XY,Property Damage Only,"(44.47007504, -73.17882182)"
8008,VT0040500,12CC05944,08/31/2012,973 Roosevelt Highway,Colchester,NO DATA,NO DATA,7,NO DATA,Sunny Hollow Quick Stop,NO DATA,NO DATA,99,6 - Single Vehicle Crash,NO DATA,445994,224242,NO DATA,NO DATA,NO DATA,"Other Public Roadway (Rest Areas, Shopping Center",Unknown,999.99,NO DATA,XY,Property Damage Only,"(44.51639240, -73.17928388)"
8009,VT0040400,12WS003306,07/16/2012,42 Hood St,Winooski City,NO DATA,NO DATA,NO DATA,NO DATA,High St,50,Feet,25,7 - Other - Explain in Narrative,North,445996,221761,NO DATA,NO DATA,NO DATA,Street or Town Highways in FA Urban Area,Unknown,999.99,NO DATA,XY,Property Damage Only,"(44.49406653, -73.17899951)"
8010,VT0040300,12SB01453,02/23/2012,550 Dorset Street,South Burlington,NO DATA,NO DATA,NO DATA,NO DATA,High School Parking Lot,200,Feet,99,1 - Rear End,North,446009,217245,NO DATA,NO DATA,NO DATA,"Other Public Roadway (Rest Areas, Shopping Center",Unknown,999.99,NO DATA,XY,Property Damage Only,"(44.45342870, -73.17836510)"
8011,VT0040300,12SB14114,10/21/2012,1147 Williston Road,South Burlington,NO DATA,NO DATA,NO DATA,NO DATA,Pine Computers,20,Feet,35,"8 - No Turns, Thru moves only, Broadside ^<",South,446017,218966,NO DATA,NO DATA,NO DATA,"Other Public Roadway (Rest Areas, Shopping Center",Unknown,999.99,NO DATA,XY,Property Damage Only,"(44.46891635, -73.17844393)"
8012,VT0040500,12CC00491,01/25/2012,42 Lower Mtn. View Dr.,Colchester,NO DATA,NO DATA,NO DATA,NO DATA,Hampton Inn Parking Lot,NO DATA,NO DATA,99,1 - Rear End,NO DATA,446020,223007,NO DATA,NO DATA,NO DATA,"Other Public Roadway (Rest Areas, Shopping Center",Unknown,999.99,NO DATA,XY,Property Damage Only,"(44.50528084, -73.17882786)"
8013,VT0040400,12WS006182,12/16/2012,7 Hood St,Winooski City,NO DATA,NO DATA,NO DATA,NO DATA,E Allen/E Spring St,NO DATA,NO DATA,25,1 - Rear End,East,446024,221601,NO DATA,NO DATA,NO DATA,Street or Town Highways in FA Urban Area,Unknown,999.99,NO DATA,XY,Property Damage Only,"(44.49262881, -73.17863079)"
8020,VT0040500,12CC07093,10/15/2012,125 Leclair Drive,Colchester,NO DATA,NO DATA,NO DATA,NO DATA,NO DATA,NO DATA,NO DATA,25,"9 - Left and Right Turns, Simultaneous Turn Crash --vv--",NO DATA,446045,228746,NO DATA,NO DATA,NO DATA,Street or Town Highways in FA Urban Area,Unknown,999.99,NO DATA,XY,Property Damage Only,"(44.55692659, -73.17911339)"
8021,VT0040500,12CC00519,01/26/2012,42 Lower Mountain View Dr,Colchester,NO DATA,NO DATA,NO DATA,NO DATA,Hampton Inn,100,Feet,99,4 - Opp Direction Sideswipe,East,446049,223099,NO DATA,NO DATA,NO DATA,"Other Public Roadway (Rest Areas, Shopping Center",Unknown,999.99,NO DATA,XY,Property Damage Only,"(44.50611090, -73.17847280)"
8022,VT0060100,12SA04198,08/12/2012,Min. C 0782┬á (743 Maquam Shore),St. Albans Town,NO DATA,NO DATA,NO DATA,NO DATA,Adirondack Dr,NO DATA,Feet,40,"8 - No Turns, Thru moves only, Broadside ^<",South,446051,261752,NO DATA,NO DATA,NO DATA,Minor Collector - Non Fed Aid Rural TH,MinCollector,999.99,NO DATA,XY,Property Damage Only,"(44.85393084, -73.18251906)"
8023,VT0040300,12SB014446,10/27/2012,115 Williston Road,South Burlington,NO DATA,NO DATA,NO DATA,NO DATA,Starbucks Parking Lot,30,Feet,99,5 - Rear-to-rear,East,446060,218944,NO DATA,NO DATA,NO DATA,"Other Public Roadway (Rest Areas, Shopping Center",Unknown,999.99,NO DATA,XY,Property Damage Only,"(44.46872158, -73.17790126)"
8024,VT0040300,12SB01861,03/09/2012,500 Dorset Street,South Burlington,NO DATA,NO DATA,NO DATA,NO DATA,Middle School Parking Lot,NO DATA,NO DATA,99,3 - Same Direction Sideswipe,NO DATA,446064,217511,NO DATA,NO DATA,NO DATA,"Other Public Roadway (Rest Areas, Shopping Center",Unknown,999.99,NO DATA,XY,Property Damage Only,"(44.45582650, -73.17770179)"
8025,VT0040500,12CC03977,06/16/2012,Partridge Hill,Colchester,NO DATA,NO DATA,NO DATA,NO DATA,At 63-2 Partridge Hill,NO DATA,NO DATA,99,"16 - Right Turn and Thru, Same Direction Sideswipe/Angle Crash ^^--",NO DATA,446067,224451,NO DATA,NO DATA,NO DATA,"Other Public Roadway (Rest Areas, Shopping Center",Unknown,999.99,NO DATA,XY,Property Damage Only,"(44.51827861, -73.17838758)"
8031,VT0010200,12-67-AC,04/13/2012,MILL ST,Middlebury,NO DATA,NO DATA,NO DATA,NO DATA,MUNICIPAL LOT,50,Feet,10,NO DATA,West,446163,168248,NO DATA,NO DATA,NO DATA,"Other Public Roadway (Rest Areas, Shopping Center",Unknown,999.99,NO DATA,XY,Property Damage Only,"(44.01250445, -73.17139819)"
8032,VT0040500,12CC04743,07/14/2012,85 South Park Drive,Colchester,NO DATA,NO DATA,NO DATA,NO DATA,Parking Lot,NO DATA,NO DATA,99,7 - Other - Explain in Narrative,NO DATA,446164,222734,NO DATA,NO DATA,NO DATA,"Other Public Roadway (Rest Areas, Shopping Center",Unknown,999.99,NO DATA,XY,Property Damage Only,"(44.50283492, -73.17698868)"
8033,VT0040300,12SB07011,06/09/2012,Williston Road,South Burlington,NO DATA,NO DATA,NO DATA,NO DATA,McDonalds Parking Lot,NO DATA,NO DATA,99,7 - Other - Explain in Narrative,NO DATA,446190,218787,NO DATA,NO DATA,NO DATA,"Other Public Roadway (Rest Areas, Shopping Center",Unknown,999.99,NO DATA,XY,Property Damage Only,"(44.46731845, -73.17625127)"
8034,VT0040500,12CC07182,10/13/2012,215 Lower Mountain View Dr,Colchester,NO DATA,NO DATA,NO DATA,NO DATA,NO DATA,NO DATA,NO DATA,99,7 - Other - Explain in Narrative,NO DATA,446236,223104,NO DATA,NO DATA,NO DATA,"Other Public Roadway (Rest Areas, Shopping Center",Unknown,999.99,NO DATA,XY,Property Damage Only,"(44.50616984, -73.17612183)"
8035,VT0040300,12SB010102,08/05/2012,Midland Avenue,South Burlington,NO DATA,NO DATA,NO DATA,NO DATA,Dorset Street,5,Feet,40,"18 - Right Turn and Thru, Broadside ^<--",West,446238,213005,NO DATA,NO DATA,NO DATA,Street or Town Highways in FA Urban Area,Unknown,999.99,NO DATA,XY,Property Damage Only,"(44.41529034, -73.17504865)"
8036,VT0040500,12CC00650,01/17/2012,480 Hercules Drive,Colchester,NO DATA,NO DATA,NO DATA,NO DATA,Fab Tech,NO DATA,NO DATA,99,7 - Other - Explain in Narrative,NO DATA,446256,223307,NO DATA,NO DATA,NO DATA,"Other Public Roadway (Rest Areas, Shopping Center",Unknown,999.99,NO DATA,XY,Property Damage Only,"(44.50799808, -73.17589144)"
8037,VT0040500,12CC05467,08/11/2012,215 Lower Mountain View Dr,Colchester,NO DATA,NO DATA,NO DATA,NO DATA,Spare Time Parking Lot,NO DATA,NO DATA,99,7 - Other - Explain in Narrative,NO DATA,446270,223118,NO DATA,NO DATA,NO DATA,"Other Public Roadway (Rest Areas, Shopping Center",Unknown,999.99,NO DATA,XY,Property Damage Only,"(44.50629835, -73.17569574)"
8043,VT0040500,12CC04187,06/24/2012,TH-8 (34 Jasper Mine Road),Colchester,NO DATA,NO DATA,NO DATA,NO DATA,US Route 2,55,Feet,35,4 - Opp Direction Sideswipe,North,446289,232619,NO DATA,NO DATA,NO DATA,Street or Town Highways in FA Urban Area,Unknown,999.99,NO DATA,XY,Property Damage Only,"(44.59179675, -73.17644639)"
8044,VT0040400,12WS00242,01/05/2012,Lafountain Street,Winooski City,NO DATA,NO DATA,NO DATA,NO DATA,Armory Pk Lot,NO DATA,NO DATA,25,7 - Other - Explain in Narrative,NO DATA,446295,221877,NO DATA,NO DATA,NO DATA,"Other Public Roadway (Rest Areas, Shopping Center",Unknown,999.99,NO DATA,XY,Property Damage Only,"(44.49513268, -73.17525245)"
8045,VT0040400,12WS01830,05/25/2012,298 East Allen Street,Winooski City,NO DATA,15,NO DATA,NO DATA,Dion Street,10,Feet,25,5 - Rear-to-rear,South,446300,221670,NO DATA,NO DATA,NO DATA,"Other Public Roadway (Rest Areas, Shopping Center",Unknown,999.99,NO DATA,XY,Property Damage Only,"(44.49327030, -73.17516810)"
8046,VT0040400,12WS01958,06/01/2012,298 East Allen Street,Winooski City,NO DATA,15,NO DATA,NO DATA,Parking Lot Of 298 East Allen Street,25,Feet,25,1 - Rear End,East,446300,221673,NO DATA,NO DATA,NO DATA,"Other Public Roadway (Rest Areas, Shopping Center",Unknown,999.99,NO DATA,XY,Property Damage Only,"(44.49329729, -73.17516841)"
8047,VT0040300,12SB016180,11/30/2012,1205 Williston Road,South Burlington,NO DATA,NO DATA,NO DATA,NO DATA,McDonald's Parking Lot,5,Feet,35,3 - Same Direction Sideswipe,North,446307,218792,NO DATA,NO DATA,NO DATA,"Other Public Roadway (Rest Areas, Shopping Center",Unknown,999.99,NO DATA,XY,Property Damage Only,"(44.46737214, -73.17478151)"
8048,VT0040500,12CC01042,02/20/2012,218 Lower Mountain View,Colchester,NO DATA,NO DATA,NO DATA,NO DATA,Roosevelt Highway,0,Miles,99,3 - Same Direction Sideswipe,East,446311,222946,NO DATA,NO DATA,NO DATA,"Other Public Roadway (Rest Areas, Shopping Center",Unknown,999.99,NO DATA,XY,Property Damage Only,"(44.50475360, -73.17516230)"
8049,VT0040500,12CC01507,03/09/2012,218 Lower Mountain View Dr,Colchester,NO DATA,NO DATA,NO DATA,NO DATA,Costco,NO DATA,NO DATA,99,7 - Other - Explain in Narrative,NO DATA,446311,222946,NO DATA,NO DATA,NO DATA,"Other Public Roadway (Rest Areas, Shopping Center",Unknown,999.99,NO DATA,XY,Property Damage Only,"(44.50475360, -73.17516230)"
8055,VT0040300,12SB012579,09/21/2012,1241 Williston Road,South Burlington,NO DATA,2,NO DATA,NO DATA,Dave's Sunoco,1000,Feet,99,1 - Rear End,West,446319,218800,NO DATA,NO DATA,NO DATA,"Other Public Roadway (Rest Areas, Shopping Center",Unknown,999.99,NO DATA,XY,Property Damage Only,"(44.46744502, -73.17463154)"
8056,VT0040500,12CC02898,05/05/2012,218 Lower Mountain View Dr,Colchester,NO DATA,NO DATA,NO DATA,NO DATA,NO DATA,10,Feet,15,1 - Rear End,North,446320,222790,NO DATA,NO DATA,NO DATA,Street or Town Highways in FA Urban Area,Unknown,999.99,NO DATA,XY,Property Damage Only,"(44.50335046, -73.17503293)"
8057,VT0040500,12CC05469,08/13/2012,218 Lower Mountain View Drive,Colchester,NO DATA,NO DATA,NO DATA,NO DATA,Costco Parking Lot,NO DATA,NO DATA,99,"10 - Left Turn and Thru, Angle Broadside -->v--",NO DATA,446320,222958,NO DATA,NO DATA,NO DATA,"Other Public Roadway (Rest Areas, Shopping Center",Unknown,999.99,NO DATA,XY,Property Damage Only,"(44.50486226, -73.17505038)"
8058,VT0040500,12CC08772,12/31/2012,695 Hercules Drive,Colchester,NO DATA,NO DATA,NO DATA,NO DATA,Lower Mountainview Drive,25,Miles,99,5 - Rear-to-rear,North,446320,222894,NO DATA,NO DATA,NO DATA,"Other Public Roadway (Rest Areas, Shopping Center",Unknown,999.99,NO DATA,XY,Property Damage Only,"(44.50428634, -73.17504373)"
8059,VT0040300,12SB012466,09/19/2012,177 Juniper Drive,South Burlington,NO DATA,NO DATA,NO DATA,NO DATA,NO DATA,NO DATA,NO DATA,25,NO DATA,NO DATA,446322,219387,NO DATA,NO DATA,NO DATA,Street or Town Highways in FA Urban Area,Unknown,999.99,NO DATA,XY,Property Damage Only,"(44.47272758, -73.17465469)"
8060,VT0040500,12CC08636,12/23/2012,218 Lower┬á Mountain View Drive,Colchester,NO DATA,NO DATA,NO DATA,NO DATA,Costco Parking Lot,NO DATA,NO DATA,99,7 - Other - Explain in Narrative,NO DATA,446324,222922,NO DATA,NO DATA,NO DATA,"Other Public Roadway (Rest Areas, Shopping Center",Unknown,999.99,NO DATA,XY,Property Damage Only,"(44.50453860, -73.17499634)"
8061,VT0060100,12SA04823,09/11/2012,MinC 0786 Maquam Shore Rd,St. Albans Town,NO DATA,36,NO DATA,NO DATA,Lakeshore Road,10,Feet,40,"14 - Left Turn and Thru, Broadside v<--",South,446326,259951,NO DATA,NO DATA,NO DATA,Minor Collector - Non Fed Aid Rural TH,MinCollector,999.99,NO DATA,XY,Property Damage Only,"(44.83774571, -73.17884986)"
8078,VT0040500,12CC08516,12/17/2012,218 Lower Mountain View Drive,Colchester,NO DATA,NO DATA,NO DATA,NO DATA,Parking Lot,NO DATA,NO DATA,99,5 - Rear-to-rear,NO DATA,446347,222860,NO DATA,NO DATA,NO DATA,"Other Public Roadway (Rest Areas, Shopping Center",Unknown,999.99,NO DATA,XY,Property Damage Only,"(44.50398238, -73.17470069)"
8079,VT0040500,12CC08686,12/26/2012,218 Mountain View Drive,Colchester,NO DATA,NO DATA,NO DATA,NO DATA,NO DATA,NO DATA,NO DATA,99,5 - Rear-to-rear,NO DATA,446347,222860,NO DATA,NO DATA,NO DATA,"Other Public Roadway (Rest Areas, Shopping Center",Unknown,999.99,NO DATA,XY,Property Damage Only,"(44.50398238, -73.17470069)"
8080,VT0040500,12CC00887,02/12/2012,218 Lower Mountain View Dr,Colchester,NO DATA,NO DATA,NO DATA,NO DATA,Costco,NO DATA,NO DATA,25,6 - Single Vehicle Crash,NO DATA,446348,222915,NO DATA,NO DATA,NO DATA,"Other Public Roadway (Rest Areas, Shopping Center",Unknown,999.99,NO DATA,XY,Injury,"(44.50447739, -73.17469383)"
8081,VT0040500,12CC02872,05/04/2012,218 Lower Mountain View Rd,Colchester,NO DATA,NO DATA,NO DATA,NO DATA,Hercules Dr,40,Feet,25,"20 - Right Turn and Thru, Angle Broadside -->^--",NO DATA,446364,223007,NO DATA,NO DATA,NO DATA,"Other Public Roadway (Rest Areas, Shopping Center",Unknown,999.99,NO DATA,XY,Property Damage Only,"(44.50530647, -73.17450218)"
8082,VT0040300,12SB02429,03/30/2012,1580 Dorset Street,South Burlington,NO DATA,NO DATA,NO DATA,NO DATA,The Mill Parking Lot,NO DATA,NO DATA,99,7 - Other - Explain in Narrative,NO DATA,446364,213883,NO DATA,NO DATA,NO DATA,"Other Public Roadway (Rest Areas, Shopping Center",Unknown,999.99,NO DATA,XY,Property Damage Only,"(44.42320075, -73.17355738)"
8083,VT0040500,12CC01882,03/22/2012,218 Lower Mountain View,Colchester,NO DATA,NO DATA,NO DATA,NO DATA,Costco,NO DATA,NO DATA,99,7 - Other - Explain in Narrative,NO DATA,446368,222880,NO DATA,NO DATA,NO DATA,"Other Public Roadway (Rest Areas, Shopping Center",Unknown,999.99,NO DATA,XY,Property Damage Only,"(44.50416392, -73.17443871)"
8084,VT0040300,12SB016107,11/29/2012,1251 Williston Rd,South Burlington,NO DATA,NO DATA,NO DATA,NO DATA,NO DATA,NO DATA,NO DATA,99,7 - Other - Explain in Narrative,NO DATA,446373,218764,NO DATA,NO DATA,NO DATA,"Other Public Roadway (Rest Areas, Shopping Center",Unknown,999.99,NO DATA,XY,Property Damage Only,"(44.46712507, -73.17394922)"
8090,VT0040300,12SB011864,09/08/2012,104 Landfill Rd,South Burlington,NO DATA,NO DATA,NO DATA,NO DATA,SB Landfill,500,Feet,99,1 - Rear End,North,446381,219993,NO DATA,NO DATA,NO DATA,Street or Town Highways in FA Urban Area,Unknown,999.99,NO DATA,XY,Property Damage Only,"(44.47818526, -73.17397596)"
8091,VT0040300,12SB007180,06/13/2012,56 West Twin Oaks Ter,South Burlington,NO DATA,NO DATA,NO DATA,NO DATA,Twin Oaks Terrace,250,Feet,10,4 - Opp Direction Sideswipe,East,446385,217116,NO DATA,NO DATA,NO DATA,"Other Public Roadway (Rest Areas, Shopping Center",Unknown,999.99,NO DATA,XY,Property Damage Only,"(44.45229580, -73.17362787)"
8092,VT0040300,12SB002125,03/20/2012,Landfill Road,South Burlington,NO DATA,NO DATA,NO DATA,NO DATA,Chittenden Solid Waste,250,Feet,99,"8 - No Turns, Thru moves only, Broadside ^<",East,446393,220021,NO DATA,NO DATA,NO DATA,"Other Public Roadway (Rest Areas, Shopping Center",Unknown,999.99,NO DATA,XY,Property Damage Only,"(44.47843812, -73.17382804)"
8093,VT0040300,12SB005003,04/30/2012,Midas Drive,South Burlington,NO DATA,NO DATA,NO DATA,NO DATA,Williston Road,NO DATA,NO DATA,35,"10 - Left Turn and Thru, Angle Broadside -->v--",NO DATA,446396,218787,NO DATA,NO DATA,NO DATA,Street or Town Highways in FA Urban Area,Unknown,999.99,NO DATA,XY,Property Damage Only,"(44.46733375, -73.17366257)"
8094,VT0040300,12SB009082,07/17/2012,Midas Drive,South Burlington,NO DATA,NO DATA,NO DATA,NO DATA,Price Chopper Lot,200,Feet,99,"8 - No Turns, Thru moves only, Broadside ^<",South,446401,218688,NO DATA,NO DATA,NO DATA,Street or Town Highways in FA Urban Area,Unknown,999.99,NO DATA,XY,Property Damage Only,"(44.46644323, -73.17358949)"
8095,VT0040300,12SB012484,09/19/2012,Midas Drive,South Burlington,NO DATA,NO DATA,NO DATA,NO DATA,Williston Road,NO DATA,NO DATA,25,NO DATA,NO DATA,446403,218671,NO DATA,NO DATA,NO DATA,Street or Town Highways in FA Urban Area,Unknown,999.99,NO DATA,XY,Property Damage Only,"(44.46629040, -73.17356260)"
8096,VT0040300,12SB06052,05/20/2012,W. Twin Oaks Terrace,South Burlington,NO DATA,NO DATA,NO DATA,NO DATA,Grandview Drive,NO DATA,NO DATA,25,1 - Rear End,NO DATA,446404,217093,NO DATA,NO DATA,NO DATA,Street or Town Highways in FA Urban Area,Unknown,999.99,NO DATA,XY,Property Damage Only,"(44.45209023, -73.17338679)"
8103,VTVSP0600,12C200578,03/08/2012,TH-3 (1780 Town Hill Road),New Haven,3,NO DATA,NO DATA,NO DATA,US RT 7,100,Feet,40,1 - Rear End,North,446445,178753,NO DATA,NO DATA,NO DATA,"City, Village or Urban Compact Street not in FA Ur",TOWN ROAD 0003,999.99,NO DATA,XY,Property Damage Only,"(44.10706505, -73.16894527)"
8216,VT0040500,12CC00700,02/03/2012,Barnes Ave,Colchester,NO DATA,NO DATA,NO DATA,NO DATA,Hegeman Ave,50,Feet,25,1 - Rear End,South,448105,222719,NO DATA,NO DATA,NO DATA,Street or Town Highways in FA Urban Area,Unknown,999.99,NO DATA,XY,Injury,"(44.50284199, -73.15258071)"
8105,VT0060100,12SA02652,05/29/2012,Min. C 0786 (612 Maquam Shore Rd),St. Albans Town,NO DATA,NO DATA,NO DATA,NO DATA,Sandy Cove Rd,100,Feet,40,6 - Single Vehicle Crash,South,446450,263756,NO DATA,NO DATA,NO DATA,Minor Collector - Non Fed Aid Rural TH,MinCollector,999.99,NO DATA,XY,Property Damage Only,"(44.87199336, -73.17768313)"
8106,VT0040300,12SB008102,06/30/2012,41 Hinesburg Road,South Burlington,NO DATA,NO DATA,NO DATA,NO DATA,Price Chopper Parking Lot,NO DATA,NO DATA,99,7 - Other - Explain in Narrative,NO DATA,446462,218599,NO DATA,NO DATA,NO DATA,"Other Public Roadway (Rest Areas, Shopping Center",Unknown,999.99,NO DATA,XY,Property Damage Only,"(44.46564685, -73.17281374)"
8107,VT0040500,12CC08750,12/30/2012,Chestnut Lane,Colchester,NO DATA,NO DATA,NO DATA,NO DATA,Info 52,NO DATA,NO DATA,99,"8 - No Turns, Thru moves only, Broadside ^<",NO DATA,446469,228211,NO DATA,NO DATA,NO DATA,Street or Town Highways in FA Urban Area,Unknown,999.99,NO DATA,XY,Property Damage Only,"(44.55214387, -73.17372148)"
8108,VT0060100,12SA04824,09/12/2012,Min. C 0786 (610 Maquam Shore),St. Albans Town,NO DATA,NO DATA,NO DATA,NO DATA,610 Maquam Shore,1,Miles,40,3 - Same Direction Sideswipe,South,446476,263773,NO DATA,NO DATA,NO DATA,Minor Collector - Non Fed Aid Rural TH,MinCollector,999.99,NO DATA,XY,Property Damage Only,"(44.87214828, -73.17735591)"
8114,VT0040300,12SB007508,06/20/2012,39 Hinesburg Rd,South Burlington,NO DATA,NO DATA,NO DATA,NO DATA,Price Chopper,50,Feet,10,1 - Rear End,East,446533,218723,NO DATA,NO DATA,NO DATA,"Other Public Roadway (Rest Areas, Shopping Center",Unknown,999.99,NO DATA,XY,Property Damage Only,"(44.46676796, -73.17193435)"
8115,VT0040300,12SB03215,04/28/2012,41 Hinesburg Road,South Burlington,NO DATA,NO DATA,NO DATA,NO DATA,Price Chopper Plaza,50,Feet,99,"8 - No Turns, Thru moves only, Broadside ^<",West,446540,218655,NO DATA,NO DATA,NO DATA,"Other Public Roadway (Rest Areas, Shopping Center",Unknown,999.99,NO DATA,XY,Property Damage Only,"(44.46615655, -73.17183937)"
8116,VT0040300,12SB02153,03/21/2012,40 Hinesburg Road,South Burlington,NO DATA,NO DATA,NO DATA,NO DATA,Pricechopper Supermarket,50,Feet,99,"8 - No Turns, Thru moves only, Broadside ^<",NO DATA,446541,218655,NO DATA,NO DATA,NO DATA,"Other Public Roadway (Rest Areas, Shopping Center",Unknown,999.99,NO DATA,XY,Property Damage Only,"(44.46615663, -73.17182680)"
8117,VT0040500,12CC00043,01/03/2012,766 Bay Road,Colchester,NO DATA,NO DATA,NO DATA,NO DATA,NO DATA,NO DATA,NO DATA,99,3 - Same Direction Sideswipe,NO DATA,446546,227877,NO DATA,NO DATA,NO DATA,"Other Public Roadway (Rest Areas, Shopping Center",Unknown,999.99,NO DATA,XY,Property Damage Only,"(44.54914400, -73.17271783)"
8118,VT0040700,12SH01179,05/24/2012,TH-19 (172 Pond Rd),Shelburne,NO DATA,NO DATA,NO DATA,NO DATA,Dorset St,1,Miles,35,6 - Single Vehicle Crash,East,446547,208310,NO DATA,NO DATA,NO DATA,"City, Village or Urban Compact Street not in FA Ur",TOWN ROAD 0019,999.99,NO DATA,XY,Property Damage Only,"(44.37306294, -73.17068629)"
8119,VT0040300,12SB017318,12/24/2012,41 Hinesburg Rd,South Burlington,NO DATA,116,NO DATA,NO DATA,Rite Aid/prce Chopper Plaza,500,Feet,99,5 - Rear-to-rear,West,446554,218637,NO DATA,NO DATA,NO DATA,"Other Public Roadway (Rest Areas, Shopping Center",Unknown,999.99,NO DATA,XY,Property Damage Only,"(44.46599561, -73.17166158)"
8120,VT0040300,12SB00389,01/16/2012,W Twin Oaks Terrace,South Burlington,NO DATA,NO DATA,NO DATA,NO DATA,Twin Oaks Terrace,25,Feet,25,6 - Single Vehicle Crash,West,446565,217098,NO DATA,NO DATA,NO DATA,Street or Town Highways in FA Urban Area,Unknown,999.99,NO DATA,XY,Property Damage Only,"(44.45214714, -73.17136463)"
8127,VT0040300,12SB2536,04/04/2012,7 Ruth Street,South Burlington,NO DATA,NO DATA,NO DATA,NO DATA,NO DATA,NO DATA,NO DATA,25,4 - Opp Direction Sideswipe,NO DATA,446670,218519,NO DATA,NO DATA,NO DATA,Street or Town Highways in FA Urban Area,Unknown,999.99,NO DATA,XY,Property Damage Only,"(44.46494230, -73.17019175)"
8128,VT0040500,12CC07245,10/20/2012,56 College Parkway,Colchester,NO DATA,15,NO DATA,NO DATA,NO DATA,NO DATA,NO DATA,15,6 - Single Vehicle Crash,NO DATA,446672,221702,NO DATA,NO DATA,NO DATA,"Other Public Roadway (Rest Areas, Shopping Center",Unknown,999.99,NO DATA,XY,Property Damage Only,"(44.49358581, -73.17049458)"
8129,VT0040600,12MT05211,12/29/2012,TH-6 West Milton Road,Milton,NO DATA,NO DATA,NO DATA,NO DATA,Valley View,400,Feet,35,6 - Single Vehicle Crash,North,446677,234718,NO DATA,NO DATA,NO DATA,"City, Village or Urban Compact Street not in FA Ur",TOWN ROAD 0006,999.99,NO DATA,XY,Property Damage Only,"(44.61071378, -73.17177782)"
8130,VT0040300,12SB03229,04/29/2012,25 Heath Street,South Burlington,NO DATA,NO DATA,NO DATA,NO DATA,NO DATA,NO DATA,NO DATA,25,NO DATA,NO DATA,446710,218542,NO DATA,NO DATA,NO DATA,Street or Town Highways in FA Urban Area,Unknown,999.99,NO DATA,XY,Property Damage Only,"(44.46515223, -73.16969147)"
8131,VT0040300,12SB016123,11/29/2012,160 Hinesburg Rd,South Burlington,NO DATA,NO DATA,NO DATA,NO DATA,NO DATA,NO DATA,NO DATA,99,2 - Head On,NO DATA,446712,218237,NO DATA,NO DATA,NO DATA,"Other Public Roadway (Rest Areas, Shopping Center",Unknown,999.99,NO DATA,XY,Property Damage Only,"(44.46240772, -73.16963496)"
8132,VTVSP0300,12C107151,12/29/2012,Min. C 0596,Castleton,NO DATA,NO DATA,4,NO DATA,Exit 5,145,Feet,65,1 - Rear End,East,446744,125395,NO DATA,NO DATA,NO DATA,Minor Collector - Non Fed Aid Rural TH,MinCollector,999.99,NO DATA,XY,Property Damage Only,"(43.62687345, -73.15989146)"
8133,VT0010200,12-37-AC,01/30/2012,40┬á COURT ST,Middlebury,NO DATA,NO DATA,NO DATA,NO DATA,KINNEY DRUG PARKING LOT,NO DATA,NO DATA,99,NO DATA,NO DATA,446763,168058,NO DATA,NO DATA,NO DATA,"Other Public Roadway (Rest Areas, Shopping Center",Unknown,999.99,NO DATA,XY,Property Damage Only,"(44.01083824, -73.16389706)"