ID,Reporting Agency,Report Number,Date,Street Address,Town,Number,Number1,Number2,Number3,Intersection,Distance From Intersection,Distance Unit,Posted Speed,Direction of Collision,Direction from Intersection,Easting,Northing,Mile Marker,Mile Marker 1,Mile Marker 2,AOT Roadway,AOT Route,AOT Actual Mile,LRS Number,How Mapped,Crash Type,Location 1
8140,VT0040500,12CC04064,06/19/2012,18 Campus Rd,Colchester,NO DATA,NO DATA,NO DATA,NO DATA,McCarthy Hall Lot,NO DATA,NO DATA,99,"18 - Right Turn and Thru, Broadside ^<--",NO DATA,446929,221748,NO DATA,NO DATA,NO DATA,"Other Public Roadway (Rest Areas, Shopping Center",Unknown,999.99,NO DATA,XY,Property Damage Only,"(44.49401868, -73.16726826)"
8141,VT0040500,12CC06963,10/09/2012,VT-15 (230 College Parkway),Colchester,NO DATA,15,NO DATA,NO DATA,NO DATA,10,Feet,35,3 - Same Direction Sideswipe,East,446960,221583,NO DATA,NO DATA,NO DATA,State System (State Highways and Class I TH links),VT-15,999.99,NO DATA,XY,Property Damage Only,"(44.49253615, -73.16686160)"
8142,VT0040300,12SB01381,02/21/2012,110 Kennedy Drive,South Burlington,NO DATA,NO DATA,NO DATA,NO DATA,Jiffy Mart,NO DATA,NO DATA,99,7 - Other - Explain in Narrative,NO DATA,446985,217341,NO DATA,NO DATA,NO DATA,"Other Public Roadway (Rest Areas, Shopping Center",Unknown,999.99,NO DATA,XY,Property Damage Only,"(44.45436476, -73.16611291)"
8143,VT0040300,12SB00042,01/02/2012,110 Kennedy Drive,South Burlington,NO DATA,NO DATA,NO DATA,NO DATA,Jiffy Mart Parking Lot,NO DATA,NO DATA,99,7 - Other - Explain in Narrative,NO DATA,447002,217368,NO DATA,NO DATA,NO DATA,"Other Public Roadway (Rest Areas, Shopping Center",Unknown,999.99,NO DATA,XY,Property Damage Only,"(44.45460898, -73.16590209)"
8144,VT0040500,12CC08191,12/01/2012,77 US Route 7,Colchester,NO DATA,NO DATA,7,NO DATA,Maplefield's Parking Lot,NO DATA,NO DATA,99,7 - Other - Explain in Narrative,NO DATA,447013,232480,NO DATA,NO DATA,NO DATA,"Other Public Roadway (Rest Areas, Shopping Center",Unknown,999.99,NO DATA,XY,Property Damage Only,"(44.59059957, -73.16731452)"
8145,VT0040300,12SB011650,09/04/2012,Kirby Road,South Burlington,NO DATA,NO DATA,NO DATA,NO DATA,Airport Parkway,NO DATA,NO DATA,25,1 - Rear End,NO DATA,447025,219751,NO DATA,NO DATA,NO DATA,Street or Town Highways in FA Urban Area,Unknown,999.99,NO DATA,XY,Injury,"(44.47605501, -73.16585686)"
8152,VT0040500,12CC01559,03/10/2012,63 Creek Farm Road,Colchester,NO DATA,NO DATA,NO DATA,NO DATA,Roosevelt Highway,400,Feet,35,7 - Other - Explain in Narrative,East,447116,228149,NO DATA,NO DATA,NO DATA,"Other Public Roadway (Rest Areas, Shopping Center",Unknown,999.99,NO DATA,XY,Property Damage Only,"(44.55163369, -73.16557278)"
8153,VT0040500,12CC00935,02/14/2012,Campus Road,Colchester,NO DATA,NO DATA,NO DATA,NO DATA,Tennis Courts At St.mikes College,NO DATA,NO DATA,99,"8 - No Turns, Thru moves only, Broadside ^<",NO DATA,447126,222023,NO DATA,NO DATA,NO DATA,"Other Public Roadway (Rest Areas, Shopping Center",Unknown,999.99,NO DATA,XY,Property Damage Only,"(44.49650781, -73.16481964)"
8154,VT0040500,12CC00708,01/29/2012,X17 Park And Ride,Colchester,NO DATA,NO DATA,NO DATA,NO DATA,ROOSEVELT HIGHWAY,100,Feet,99,5 - Rear-to-rear,East,447131,232921,NO DATA,NO DATA,NO DATA,"Other Public Roadway (Rest Areas, Shopping Center",Unknown,999.99,NO DATA,XY,Property Damage Only,"(44.59457666, -73.16587385)"
8155,VT0010200,12-18-AC,01/24/2012,TH-97 (249┬á BUTTOLPH DR ),Middlebury,97,NO DATA,NO DATA,NO DATA,MIDDLEBURY COMMONS ELDERLY/DISABLED HOUSING,100,Feet,25,NO DATA,North,447143,168240,NO DATA,NO DATA,NO DATA,Street or Town Highways in FA Urban Area,Unknown,999.99,NO DATA,XY,Injury,"(44.01250361, -73.15917670)"
8156,VT0040500,12CC05980,09/01/2012,3424 ROOSEVELT HIGHWAY,Colchester,NO DATA,NO DATA,NO DATA,NO DATA,NO DATA,30,Feet,99,1 - Rear End,NO DATA,447165,227759,NO DATA,NO DATA,NO DATA,"Other Public Roadway (Rest Areas, Shopping Center",Unknown,999.99,NO DATA,XY,Property Damage Only,"(44.54812777, -73.16491617)"
8157,VT0040500,12CC05401,08/09/2012,3510 Roosevelt Highway,Colchester,NO DATA,NO DATA,2,NO DATA,Champlain Farms Parking Lot,NO DATA,NO DATA,35,3 - Same Direction Sideswipe,NO DATA,447243,227993,NO DATA,NO DATA,NO DATA,"Other Public Roadway (Rest Areas, Shopping Center",Unknown,999.99,NO DATA,XY,Property Damage Only,"(44.55023919, -73.16395856)"
8164,VTVSP0100,12A104944,12/16/2012,I 89 N,Milton,NO DATA,NO DATA,NO DATA,89,Exit 17,1,Miles,65,6 - Single Vehicle Crash,North,447325,234881,NO DATA,NO DATA,NO DATA,State System (State Highways and Class I TH links),I-89,999.99,NO DATA,XY,Property Damage Only,"(44.61222828, -73.16363140)"
8165,VT0040500,12CC02779,05/01/2012,Cashman Rd,Colchester,NO DATA,NO DATA,NO DATA,NO DATA,In Front Of 24 Cashman Rd,100,Feet,15,"10 - Left Turn and Thru, Angle Broadside -->v--",South,447336,221969,NO DATA,NO DATA,NO DATA,Street or Town Highways in FA Urban Area,Unknown,999.99,NO DATA,XY,Property Damage Only,"(44.49603721, -73.16217385)"
8166,VT0040500,12CC04298,06/29/2012,702 Campus Road,Colchester,NO DATA,NO DATA,NO DATA,NO DATA,NO DATA,NO DATA,NO DATA,99,"12 - Left Turn and Thru, Same Direction Sideswipe/Angle Crash vv--",NO DATA,447366,221855,NO DATA,NO DATA,NO DATA,"Other Public Roadway (Rest Areas, Shopping Center",Unknown,999.99,NO DATA,XY,Property Damage Only,"(44.49501352, -73.16178507)"
8167,VT0040500,12CC00886,02/08/2012,Armory Parking Lot,Colchester,NO DATA,NO DATA,NO DATA,NO DATA,Camp Johnson,NO DATA,NO DATA,99,7 - Other - Explain in Narrative,NO DATA,447388,222628,NO DATA,NO DATA,NO DATA,"Other Public Roadway (Rest Areas, Shopping Center",Unknown,999.99,NO DATA,XY,Property Damage Only,"(44.50197123, -73.16158713)"
8168,VT0040500,12CC03333,05/22/2012,187 Main Street,Colchester,NO DATA,NO DATA,NO DATA,NO DATA,Claussen's Parking Lot,NO DATA,NO DATA,99,5 - Rear-to-rear,NO DATA,447430,227848,NO DATA,NO DATA,NO DATA,"Other Public Roadway (Rest Areas, Shopping Center",Unknown,999.99,NO DATA,XY,Property Damage Only,"(44.54894802, -73.16159051)"
8169,VT0040500,12CC02322,04/13/2012,781 College Parkway,Colchester,NO DATA,15,NO DATA,NO DATA,Parkaing Lot,100,Feet,99,"14 - Left Turn and Thru, Broadside v<--",North,447508,222075,NO DATA,NO DATA,NO DATA,"Other Public Roadway (Rest Areas, Shopping Center",Unknown,999.99,NO DATA,XY,Property Damage Only,"(44.49700360, -73.16002211)"
8187,VT0040500,12CC01300,03/05/2012,792 College Parkway,Colchester,NO DATA,15,NO DATA,NO DATA,NO DATA,NO DATA,NO DATA,25,7 - Other - Explain in Narrative,NO DATA,447716,222061,NO DATA,NO DATA,NO DATA,"Other Public Roadway (Rest Areas, Shopping Center",Unknown,999.99,NO DATA,XY,Property Damage Only,"(44.49689270, -73.15740553)"
8188,VT0040500,12CC05734,08/24/2012,792 College Parkway,Colchester,NO DATA,NO DATA,NO DATA,NO DATA,Fanny Allen Hospital Parking Lot,NO DATA,NO DATA,99,7 - Other - Explain in Narrative,NO DATA,447716,222093,NO DATA,NO DATA,NO DATA,"Other Public Roadway (Rest Areas, Shopping Center",Unknown,999.99,NO DATA,XY,Property Damage Only,"(44.49718066, -73.15740876)"
8189,VT0040300,12SB06508,05/30/2012,30 Airport Road,South Burlington,NO DATA,NO DATA,NO DATA,NO DATA,NO DATA,NO DATA,NO DATA,25,7 - Other - Explain in Narrative,East,447723,218441,NO DATA,NO DATA,NO DATA,Street or Town Highways in FA Urban Area,Unknown,999.99,NO DATA,XY,Property Damage Only,"(44.46431727, -73.15695185)"
8190,VTVSP0600,12C201674,06/13/2012,TH-27 (1692 Hunt Road),New Haven,27,NO DATA,NO DATA,NO DATA,South Street Th#6,250,Feet,35,6 - Single Vehicle Crash,West,447727,174607,NO DATA,NO DATA,NO DATA,"City, Village or Urban Compact Street not in FA Ur",TOWN ROAD 0027,999.99,NO DATA,XY,Property Damage Only,"(44.06984573, -73.15252278)"
8191,VT0040500,12CC01040,02/20/2012,790 College Parkway,Colchester,NO DATA,NO DATA,NO DATA,NO DATA,Back Parking Lot,NO DATA,NO DATA,99,"16 - Right Turn and Thru, Same Direction Sideswipe/Angle Crash ^^--",NO DATA,447762,222003,NO DATA,NO DATA,NO DATA,"Other Public Roadway (Rest Areas, Shopping Center",Unknown,999.99,NO DATA,XY,Property Damage Only,"(44.49637409, -73.15682131)"
8192,VT0040300,12SB02720,04/11/2012,1693 Williston Road,South Burlington,NO DATA,NO DATA,NO DATA,NO DATA,Green Mountain Animal Hospital,NO DATA,NO DATA,99,7 - Other - Explain in Narrative,NO DATA,447781,218322,NO DATA,NO DATA,NO DATA,"Other Public Roadway (Rest Areas, Shopping Center",Unknown,999.99,NO DATA,XY,Property Damage Only,"(44.46325059, -73.15621103)"
8193,VT0040500,12CC01509,03/14/2012,Fletcher Allen Health Care,Colchester,NO DATA,NO DATA,NO DATA,NO DATA,NO DATA,NO DATA,NO DATA,99,1 - Rear End,NO DATA,447809,222120,NO DATA,NO DATA,NO DATA,"Other Public Roadway (Rest Areas, Shopping Center",Unknown,999.99,NO DATA,XY,Property Damage Only,"(44.49743036, -73.15624220)"
8200,VT0040500,12CC03939,06/15/2012,Barnes Avenue,Colchester,NO DATA,NO DATA,NO DATA,NO DATA,NO DATA,NO DATA,NO DATA,25,6 - Single Vehicle Crash,NO DATA,447912,222808,NO DATA,NO DATA,NO DATA,Street or Town Highways in FA Urban Area,Unknown,999.99,NO DATA,XY,Property Damage Only,"(44.50362900, -73.15501650)"
8201,VT0040500,12CC02896,05/05/2012,23 Douglas Dr,Colchester,NO DATA,NO DATA,NO DATA,NO DATA,Hegeman Ave,0,Miles,15,6 - Single Vehicle Crash,East,447923,222468,NO DATA,NO DATA,NO DATA,Street or Town Highways in FA Urban Area,Unknown,999.99,NO DATA,XY,Property Damage Only,"(44.50057018, -73.15484393)"
8202,VT0040600,12MT00743,02/27/2012,75 Allen Drive,Milton,NO DATA,NO DATA,NO DATA,NO DATA,Ledge Drive,NO DATA,NO DATA,25,6 - Single Vehicle Crash,West,447933,233790,NO DATA,NO DATA,NO DATA,Street or Town Highways in FA Urban Area,Unknown,999.99,NO DATA,XY,Property Damage Only,"(44.60245497, -73.15586148)"
8203,VT0040500,12CC07308,10/23/2012,39 Truman Dr; Apt 3,Colchester,NO DATA,NO DATA,NO DATA,NO DATA,NO DATA,NO DATA,NO DATA,99,4 - Opp Direction Sideswipe,NO DATA,447934,222420,NO DATA,NO DATA,NO DATA,"Other Public Roadway (Rest Areas, Shopping Center",Unknown,999.99,NO DATA,XY,Property Damage Only,"(44.50013903, -73.15470079)"
8204,VT0060100,12SA02439,05/17/2012,Min. C 0787 (4710 Lower Newton Road),St. Albans Town,NO DATA,NO DATA,NO DATA,NO DATA,Amber Lane,1200,Feet,50,2 - Head On,East,447946,261197,NO DATA,NO DATA,NO DATA,Minor Collector - Non Fed Aid Rural TH,MinCollector,999.99,NO DATA,XY,Injury,"(44.84907754, -73.15848980)"
8205,VT0040500,12CC02673,04/24/2012,Gilman Circle,Colchester,NO DATA,NO DATA,NO DATA,NO DATA,18 Gilman Circle,NO DATA,NO DATA,30,1 - Rear End,NO DATA,447949,222554,NO DATA,NO DATA,NO DATA,"Other Public Roadway (Rest Areas, Shopping Center",Unknown,999.99,NO DATA,XY,Property Damage Only,"(44.50134596, -73.15452567)"
8206,VT0040500,12CC07537,10/31/2012,Gilman Circle,Colchester,NO DATA,NO DATA,NO DATA,NO DATA,Johnson Avenue,300,Feet,15,1 - Rear End,East,447973,222553,NO DATA,NO DATA,NO DATA,Street or Town Highways in FA Urban Area,Unknown,999.99,NO DATA,XY,Property Damage Only,"(44.50133869, -73.15422380)"
8212,VT0040700,12SH02015,08/18/2012,TH-19 Pond Road,Shelburne,NO DATA,NO DATA,NO DATA,NO DATA,Frogs End,0,Miles,35,3 - Same Direction Sideswipe,East,448052,208164,NO DATA,NO DATA,NO DATA,"City, Village or Urban Compact Street not in FA Ur",TOWN ROAD 0019,999.99,NO DATA,XY,Property Damage Only,"(44.37185839, -73.15178942)"
8213,VT0040500,12CC01886,03/27/2012,Gilman Circle,Colchester,NO DATA,NO DATA,NO DATA,NO DATA,In #139 Gilman Circle Pk Lot,NO DATA,NO DATA,99,5 - Rear-to-rear,NO DATA,448074,222637,NO DATA,NO DATA,NO DATA,"Other Public Roadway (Rest Areas, Shopping Center",Unknown,999.99,NO DATA,XY,Property Damage Only,"(44.50210186, -73.15296228)"
8214,VT0040500,12CC05017,07/25/2012,20 Jefferson Drive; #1,Colchester,NO DATA,NO DATA,NO DATA,NO DATA,Gilman Avenue,20,Feet,99,7 - Other - Explain in Narrative,South,448089,222542,NO DATA,NO DATA,NO DATA,Street or Town Highways in FA Urban Area,Unknown,999.99,NO DATA,XY,Property Damage Only,"(44.50124805, -73.15276413)"
8215,VT0040500,12CC00911,02/13/2012,Barnes Avenue,Colchester,NO DATA,NO DATA,NO DATA,NO DATA,Hegman Avenue,NO DATA,NO DATA,25,"8 - No Turns, Thru moves only, Broadside ^<",NO DATA,448094,222768,NO DATA,NO DATA,NO DATA,Street or Town Highways in FA Urban Area,Unknown,999.99,NO DATA,XY,Property Damage Only,"(44.50328215, -73.15272395)"
8217,VT0040500,12CC02501,04/19/2012,162 Hegeman Avenue,Colchester,NO DATA,NO DATA,NO DATA,NO DATA,NO DATA,NO DATA,NO DATA,35,5 - Rear-to-rear,NO DATA,448163,222927,NO DATA,NO DATA,NO DATA,"Other Public Roadway (Rest Areas, Shopping Center",Unknown,999.99,NO DATA,XY,Property Damage Only,"(44.50471792, -73.15187227)"
8218,VT0040500,12CC03600,06/01/2012,123 Ethan Allen Ave,Colchester,NO DATA,NO DATA,NO DATA,NO DATA,Parkling Lot At 123,NO DATA,NO DATA,99,7 - Other - Explain in Narrative,NO DATA,448196,222750,NO DATA,NO DATA,NO DATA,Street or Town Highways in FA Urban Area,Unknown,999.99,NO DATA,XY,Property Damage Only,"(44.50312749, -73.15143957)"
8225,VT0040500,12CC08728,12/29/2012,Hegeman Avenue,Colchester,NO DATA,NO DATA,NO DATA,NO DATA,Doyle Street,NO DATA,NO DATA,99,"8 - No Turns, Thru moves only, Broadside ^<",NO DATA,448291,223091,NO DATA,NO DATA,NO DATA,Street or Town Highways in FA Urban Area,Unknown,999.99,NO DATA,XY,Injury,"(44.50620291, -73.15027913)"
8226,VTVSP0700,12A205981,12/17/2012,TH-21 Middle Road,Swanton,NO DATA,NO DATA,NO DATA,NO DATA,420 Middle Road,300,Feet,40,1 - Rear End,North,448295,265764,NO DATA,NO DATA,NO DATA,"City, Village or Urban Compact Street not in FA Ur",TOWN ROAD 0021,999.99,NO DATA,XY,Injury,"(44.89019800, -73.15454081)"
8227,VT0040300,12SB0001724,03/05/2012,1930 Williston Road,South Burlington,NO DATA,NO DATA,NO DATA,NO DATA,East Parking Lot,NO DATA,NO DATA,99,1 - Rear End,NO DATA,448296,218155,NO DATA,NO DATA,NO DATA,"Other Public Roadway (Rest Areas, Shopping Center",Unknown,999.99,NO DATA,XY,Property Damage Only,"(44.46178476, -73.14972303)"
8228,VT0040600,12MT05177,12/27/2012,101 West Milton Road,Milton,NO DATA,NO DATA,NO DATA,NO DATA,Second Entrance By 101 #1,NO DATA,NO DATA,35,7 - Other - Explain in Narrative,NO DATA,448313,237099,NO DATA,NO DATA,NO DATA,"Other Public Roadway (Rest Areas, Shopping Center",Unknown,999.99,NO DATA,XY,Property Damage Only,"(44.63225897, -73.15140797)"
8229,VT0040500,12CC01539,03/15/2012,900 Main St,Colchester,NO DATA,NO DATA,NO DATA,NO DATA,NO DATA,NO DATA,NO DATA,99,6 - Single Vehicle Crash,NO DATA,448335,227324,NO DATA,NO DATA,NO DATA,"Other Public Roadway (Rest Areas, Shopping Center",Unknown,999.99,NO DATA,XY,Property Damage Only,"(44.54429806, -73.15014940)"
8230,VT0040300,12SB0056,01/03/2012,10 Mountain View,South Burlington,NO DATA,NO DATA,NO DATA,NO DATA,Kitty,300,Feet,25,7 - Other - Explain in Narrative,South,448349,220121,NO DATA,NO DATA,NO DATA,Street or Town Highways in FA Urban Area,Unknown,999.99,NO DATA,XY,Property Damage Only,"(44.47948041, -73.14925318)"
8231,VTVSP0600,12C203764,12/08/2012,TH-20 (500 Plank Road),Bristol,20,NO DATA,NO DATA,NO DATA,Burpee Road #6,1,Miles,40,6 - Single Vehicle Crash,West,448443,183550,NO DATA,NO DATA,NO DATA,"City, Village or Urban Compact Street not in FA Ur",TOWN ROAD 0020,999.99,NO DATA,XY,Property Damage Only,"(44.15037884, -73.14445952)"
8238,VT0040500,12CC06509,09/21/2012,TH-11 Galvin Hill Road,Colchester,NO DATA,NO DATA,NO DATA,NO DATA,Coon Hill Road,1,Miles,25,6 - Single Vehicle Crash,East,448623,232126,NO DATA,NO DATA,NO DATA,"City, Village or Urban Compact Street not in FA Ur",TOWN ROAD 0011,999.99,NO DATA,XY,Injury,"(44.58753069, -73.14700429)"
8239,VT0040300,12SB009751,07/30/2012,2073 Williston Road,South Burlington,NO DATA,2,NO DATA,NO DATA,PJ's Auto,NO DATA,NO DATA,10,6 - Single Vehicle Crash,NO DATA,448635,217730,NO DATA,NO DATA,NO DATA,"Other Public Roadway (Rest Areas, Shopping Center",Unknown,999.99,NO DATA,XY,Property Damage Only,"(44.45798437, -73.14542123)"
8240,VT0110100,12BD00697,03/29/2012,TH-4 (1136 Long Swamp Rd.),Brandon,NO DATA,NO DATA,NO DATA,NO DATA,Burr Pond Rd.,500,Feet,35,4 - Opp Direction Sideswipe,East,448647,142727,NO DATA,NO DATA,NO DATA,"City, Village or Urban Compact Street not in FA Ur",TOWN ROAD 0004,999.99,NO DATA,XY,Property Damage Only,"(43.78299756, -73.13796522)"
8241,VT0040500,12CC04190,06/24/2012,062 Dalton Dr,Colchester,NO DATA,NO DATA,NO DATA,NO DATA,NO DATA,NO DATA,NO DATA,25,1 - Rear End,NO DATA,448658,223000,NO DATA,NO DATA,NO DATA,Street or Town Highways in FA Urban Area,Unknown,999.99,NO DATA,XY,Property Damage Only,"(44.50541019, -73.14565509)"
8242,VT0040500,12CC06499,09/21/2012,434 Galvin Hill Road,Colchester,NO DATA,NO DATA,NO DATA,NO DATA,Galvin Hill Road,60,Feet,99,7 - Other - Explain in Narrative,West,448687,232106,NO DATA,NO DATA,NO DATA,Private Property (Driveways),Unknown,999.99,NO DATA,XY,Property Damage Only,"(44.58735528, -73.14619638)"
8243,VT0040200,12ES01766,04/03/2012,603 DALTON AVE,Essex,NO DATA,NO DATA,NO DATA,NO DATA,NO DATA,NO DATA,NO DATA,25,1 - Rear End,NO DATA,448698,223011,NO DATA,NO DATA,NO DATA,Street or Town Highways in FA Urban Area,Unknown,999.99,NO DATA,XY,Property Damage Only,"(44.50551202, -73.14515319)"
8244,VT0040500,12CC01467,03/12/2012,475 Ethan Allen Avenue,Colchester,NO DATA,NO DATA,NO DATA,NO DATA,Hegeman Avenue,300,Feet,25,3 - Same Direction Sideswipe,West,448700,223156,NO DATA,NO DATA,NO DATA,Street or Town Highways in FA Urban Area,Unknown,999.99,NO DATA,XY,Property Damage Only,"(44.50681700, -73.14514244)"
8251,VT0040600,12MT05139,12/24/2012,9-101 Racine Road,Milton,NO DATA,NO DATA,NO DATA,NO DATA,US Route 7,NO DATA,NO DATA,25,4 - Opp Direction Sideswipe,South,448871,236458,NO DATA,NO DATA,NO DATA,Street or Town Highways in FA Urban Area,Unknown,999.99,NO DATA,XY,Property Damage Only,"(44.62653071, -73.14431217)"
8252,VT0040500,12CC06473,09/19/2012,138 Oak Terrace,Colchester,NO DATA,NO DATA,NO DATA,NO DATA,NO DATA,NO DATA,NO DATA,99,2 - Head On,NO DATA,448878,223977,NO DATA,NO DATA,NO DATA,Street or Town Highways in FA Urban Area,Unknown,999.99,NO DATA,XY,Property Damage Only,"(44.51421768, -73.14298530)"
8253,VTVSP0900,12C301401,05/23/2012,TH-7 (450 Dunham Rd),Sunderland,7,NO DATA,NO DATA,NO DATA,Sunderland Hill Rd,0,Miles,35,6 - Single Vehicle Crash,South,448887,67311,NO DATA,NO DATA,NO DATA,"City, Village or Urban Compact Street not in FA Ur",TOWN ROAD 0007,999.99,NO DATA,XY,Injury,"(43.10422767, -73.12792344)"
8254,VT0040600,12MT04771,11/25/2012,484 Route 7,Milton,NO DATA,NO DATA,NO DATA,NO DATA,Route 7 Milton Beverage Parking Lot,NO DATA,NO DATA,35,1 - Rear End,South,448920,236547,NO DATA,NO DATA,NO DATA,"Other Public Roadway (Rest Areas, Shopping Center",Unknown,999.99,NO DATA,XY,Property Damage Only,"(44.62733508, -73.14370358)"
8255,VT0040600,12MT00783,03/02/2012,484 US Route 7,Milton,NO DATA,NO DATA,NO DATA,NO DATA,Milton Beverage,NO DATA,NO DATA,10,5 - Rear-to-rear,NO DATA,448953,236569,NO DATA,NO DATA,NO DATA,"Other Public Roadway (Rest Areas, Shopping Center",Unknown,999.99,NO DATA,XY,Property Damage Only,"(44.62753539, -73.14328993)"
8256,VT0040300,12SB007196,06/13/2012,4016 Williston Road,South Burlington,NO DATA,NO DATA,NO DATA,NO DATA,Pete's RV Center,NO DATA,NO DATA,99,7 - Other - Explain in Narrative,NO DATA,448969,217714,NO DATA,NO DATA,NO DATA,"Other Public Roadway (Rest Areas, Shopping Center",Unknown,999.99,NO DATA,XY,Property Damage Only,"(44.45786403, -73.14122308)"
8257,VT0040300,12SB010665,08/17/2012,55 Community Dr,South Burlington,NO DATA,NO DATA,NO DATA,NO DATA,JP Morgan Chase,50,Feet,10,"16 - Right Turn and Thru, Same Direction Sideswipe/Angle Crash ^^--",North,449009,216801,NO DATA,NO DATA,NO DATA,"Other Public Roadway (Rest Areas, Shopping Center",Unknown,999.99,NO DATA,XY,Property Damage Only,"(44.44965080, -73.14063067)"
8264,VT0110300,12CT00349,04/01/2012,TH-29 Belgo Road,Castleton,NO DATA,NO DATA,NO DATA,NO DATA,1259 Belgo Road,50,Feet,30,6 - Single Vehicle Crash,East,449178,127079,NO DATA,NO DATA,NO DATA,"City, Village or Urban Compact Street not in FA Ur",TOWN ROAD 0029,999.99,NO DATA,XY,Injury,"(43.64220000, -73.12989212)"
8265,VTVSP0100,12A103212,08/19/2012,I-89 NB,Milton,NO DATA,NO DATA,NO DATA,89,Exit 17,3,Miles,65,6 - Single Vehicle Crash,North,449191,237681,890,410,10280,State System (State Highways and Class I TH links),I-89,999.99,NO DATA,XY,Property Damage Only,"(44.63755876, -73.14040091)"
8266,VT0020400,12MC00346,02/24/2012,VT-7A,Manchester,NO DATA,7A,NO DATA,NO DATA,NO DATA,NO DATA,NO DATA,55,6 - Single Vehicle Crash,North,449196,68429,NO DATA,NO DATA,NO DATA,State System (State Highways and Class I TH links),VT-7A,999.99,NO DATA,XY,Property Damage Only,"(43.11431167, -73.12422986)"
8267,VT0040500,12CC07793,11/11/2012,TH-12 Middle Road,Colchester,NO DATA,NO DATA,NO DATA,NO DATA,Austin House Road,500,Feet,25,6 - Single Vehicle Crash,North,449238,231531,NO DATA,NO DATA,NO DATA,"City, Village or Urban Compact Street not in FA Ur",TOWN ROAD 0012,999.99,NO DATA,XY,Injury,"(44.58222005, -73.13920125)"
8268,VT0040300,12SB006116,05/21/2012,4050 Williston Road,South Burlington,NO DATA,NO DATA,NO DATA,NO DATA,East Parking Lot Of Marshall Tire,NO DATA,NO DATA,99,1 - Rear End,NO DATA,449245,218086,NO DATA,NO DATA,NO DATA,"Other Public Roadway (Rest Areas, Shopping Center",Unknown,999.99,NO DATA,XY,Property Damage Only,"(44.46123105, -73.13779171)"
8269,VTVSP0600,12C200110,01/13/2012,124 Pidgeon Road E,Salisbury,22,NO DATA,NO DATA,NO DATA,Middle Road TH#8,1,Miles,35,7 - Other - Explain in Narrative,South,449270,159168,NO DATA,NO DATA,NO DATA,"City, Village or Urban Compact Street not in FA Ur",TOWN ROAD 0022,999.99,NO DATA,XY,Property Damage Only,"(43.93100803, -73.13178653)"
8270,VTVSP0700,12A204981,10/22/2012,TH-21 Pattee Hill Road,Georgia,NO DATA,NO DATA,NO DATA,NO DATA,Georgia Plains Road,1,Miles,35,6 - Single Vehicle Crash,West,449295,248018,NO DATA,NO DATA,NO DATA,"City, Village or Urban Compact Street not in FA Ur",TOWN ROAD 0021,999.99,NO DATA,XY,Injury,"(44.73058451, -73.14011372)"
8277,VT0040500,12CC06415,09/16/2012,TH-13 Austin House Rd,Colchester,NO DATA,NO DATA,NO DATA,NO DATA,Middle Rd,0,Miles,30,3 - Same Direction Sideswipe,East,449430,231251,NO DATA,NO DATA,NO DATA,Street or Town Highways in FA Urban Area,Unknown,999.99,NO DATA,XY,Injury,"(44.57971390, -73.13675622)"
8278,VT0040500,12CC00879,02/12/2012,145 Birchwood Dr,Colchester,NO DATA,NO DATA,NO DATA,NO DATA,NO DATA,NO DATA,NO DATA,25,7 - Other - Explain in Narrative,NO DATA,449438,226191,NO DATA,NO DATA,NO DATA,Street or Town Highways in FA Urban Area,Unknown,999.99,NO DATA,XY,Property Damage Only,"(44.53418056, -73.13615917)"
8279,VT0040300,12SB011772,09/06/2012,Poor Farm Rd,South Burlington,NO DATA,NO DATA,NO DATA,NO DATA,NO DATA,NO DATA,NO DATA,25,6 - Single Vehicle Crash,NO DATA,449492,219347,NO DATA,NO DATA,NO DATA,Street or Town Highways in FA Urban Area,Unknown,999.99,NO DATA,XY,Property Damage Only,"(44.47259600, -73.13481106)"
8280,VT0040200,12ES07160,12/02/2012,30 SUSIE WILSON RD,Essex,NO DATA,NO DATA,NO DATA,NO DATA,NO DATA,NO DATA,NO DATA,99,5 - Rear-to-rear,NO DATA,449503,223203,NO DATA,NO DATA,NO DATA,"Other Public Roadway (Rest Areas, Shopping Center",Unknown,999.99,NO DATA,XY,Property Damage Only,"(44.50729654, -73.13504924)"
8281,VT0040200,12ES06677,11/08/2012,30 SUSIE WILSON RD,Essex,NO DATA,NO DATA,NO DATA,NO DATA,NO DATA,NO DATA,NO DATA,99,7 - Other - Explain in Narrative,NO DATA,449505,223232,NO DATA,NO DATA,NO DATA,"Other Public Roadway (Rest Areas, Shopping Center",Unknown,999.99,NO DATA,XY,Property Damage Only,"(44.50755765, -73.13502693)"
8282,VTVSP0900,12C302164,07/23/2012,TH-1 (4208 Doset West Road),Dorset,1,NO DATA,NO DATA,NO DATA,Foote Road,0,Miles,35,6 - Single Vehicle Crash,North,449521,58690,NO DATA,NO DATA,NO DATA,"City, Village or Urban Compact Street not in FA Ur",TOWN ROAD 0001,999.99,NO DATA,XY,Injury,"(43.02667097, -73.11935348)"
8283,VT0040200,12ES01991,04/15/2012,27 Susie Wilson Rd,Essex,NO DATA,NO DATA,NO DATA,NO DATA,Handy Suites,NO DATA,NO DATA,99,3 - Same Direction Sideswipe,East,449580,223113,NO DATA,NO DATA,NO DATA,"Other Public Roadway (Rest Areas, Shopping Center",Unknown,999.99,NO DATA,XY,Property Damage Only,"(44.50649202, -73.13407217)"
8290,VT0041000,12WT01362,05/04/2012,Armand Lane,Williston,NO DATA,NO DATA,NO DATA,NO DATA,Krupp Drive,0,Miles,30,1 - Rear End,West,449769,216877,NO DATA,NO DATA,NO DATA,Street or Town Highways in FA Urban Area,Unknown,999.99,NO DATA,XY,Property Damage Only,"(44.45038788, -73.13109029)"