ID,Reporting Agency,Report Number,Date,Street Address,Town,Number,Number1,Number2,Number3,Intersection,Distance From Intersection,Distance Unit,Posted Speed,Direction of Collision,Direction from Intersection,Easting,Northing,Mile Marker,Mile Marker 1,Mile Marker 2,AOT Roadway,AOT Route,AOT Actual Mile,LRS Number,How Mapped,Crash Type,Location 1
9385,VTVSP1100,12D301212,03/26/2012,34 N MAIN ST,Bethel,NO DATA,NO DATA,NO DATA,NO DATA,POST OFFICE,NO DATA,NO DATA,99,6 - Single Vehicle Crash,NO DATA,489204,148092,NO DATA,NO DATA,NO DATA,"Other Public Roadway (Rest Areas, Shopping Center",Unknown,999.99,NO DATA,XY,Injury,"(43.83298714, -72.63423309)"
9392,VT0080000,12LC00005,01/02/2012,TH-30 (305 Whitcomb Island Rd),Johnson,NO DATA,NO DATA,NO DATA,NO DATA,Vt Rt 100C,1,Miles,99,6 - Single Vehicle Crash,West,489619,238653,NO DATA,NO DATA,NO DATA,"City, Village or Urban Compact Street not in FA Ur",TOWN ROAD 0030,999.99,NO DATA,XY,Property Damage Only,"(44.64802649, -72.63086753)"
9393,VT0120600,12BL02768,11/08/2012,TH-40 Crosstown Road,Berlin,NO DATA,NO DATA,NO DATA,NO DATA,3496 Crosstown Road,100,Feet,25,6 - Single Vehicle Crash,West,489655,189205,NO DATA,NO DATA,NO DATA,"City, Village or Urban Compact Street not in FA Ur",TOWN ROAD 0040,999.99,NO DATA,XY,Injury,"(44.20301800, -72.62942802)"
9394,VT0120100,12BA03244,05/16/2012,Granite Street,Barre City,NO DATA,NO DATA,NO DATA,NO DATA,Enterprise Alley,100,Feet,25,1 - Rear End,South,489743,178725,NO DATA,NO DATA,NO DATA,Street or Town Highways in FA Urban Area,Unknown,999.99,NO DATA,XY,Property Damage Only,"(44.10869963, -72.62812280)"
9395,VT0120600,12BL00121,01/14/2012,TH-40 Crosstown Road,Berlin,NO DATA,NO DATA,NO DATA,NO DATA,Vermont Route 12,0,Miles,25,1 - Rear End,East,489808,189546,NO DATA,NO DATA,NO DATA,"City, Village or Urban Compact Street not in FA Ur",TOWN ROAD 0040,999.99,NO DATA,XY,Property Damage Only,"(44.20608911, -72.62752045)"
9396,VT0080200,12ST01126,05/04/2012,TH-16 (542 Moss Glen Falls Rd),Stowe,NO DATA,NO DATA,NO DATA,NO DATA,Glen Falls,0,Miles,35,6 - Single Vehicle Crash,North,489870,220565,NO DATA,NO DATA,NO DATA,"City, Village or Urban Compact Street not in FA Ur",TOWN ROAD 0016,999.99,NO DATA,XY,Injury,"(44.48525050, -72.62734769)"
9397,VT0130200,12BB02179,03/24/2012,11 Spring St,Brattleboro,NO DATA,NO DATA,NO DATA,NO DATA,In Parking Lot,NO DATA,NO DATA,99,7 - Other - Explain in Narrative,NO DATA,489898,166762,NO DATA,NO DATA,NO DATA,"Other Public Roadway (Rest Areas, Shopping Center",Unknown,999.99,NO DATA,XY,Property Damage Only,"(44.00103332, -72.62595825)"
9398,VTVSP1000,12D201518,06/02/2012,TH-21 Bennett Road,Guilford,21,NO DATA,NO DATA,NO DATA,"Bonnyvale Road, TH 13",20,Feet,99,6 - Single Vehicle Crash,West,489918,34006,NO DATA,NO DATA,NO DATA,"City, Village or Urban Compact Street not in FA Ur",TOWN ROAD 0021,999.99,NO DATA,XY,Property Damage Only,"(42.80607654, -72.62326196)"
9405,VTVSP0400,12D101631,05/30/2012,Min. C 0552 (916 Townshend Rd),Grafton,2,NO DATA,NO DATA,NO DATA,Route 121,1,Miles,40,6 - Single Vehicle Crash,South,490489,73459,NO DATA,NO DATA,NO DATA,Minor Collector - Non Fed Aid Rural TH,MinCollector,999.99,NO DATA,XY,Property Damage Only,"(43.16123260, -72.61695231)"
9406,VTVSP1000,12D203526,12/21/2012,Min. C 0508 Guilford Center Road,Guilford,1,NO DATA,NO DATA,NO DATA,Bonnyvale Road,50,Feet,40,6 - Single Vehicle Crash,North,490510,34127,NO DATA,NO DATA,NO DATA,Minor Collector - Non Fed Aid Rural TH,MinCollector,999.99,NO DATA,XY,Property Damage Only,"(42.80717335, -72.61602632)"
9407,VT0080000,12LC02566,09/10/2012,TH-37 (896 Gould Hill),Johnson,NO DATA,NO DATA,NO DATA,NO DATA,Clay Hill,0,Miles,35,5 - Rear-to-rear,West,490625,232516,NO DATA,NO DATA,NO DATA,"City, Village or Urban Compact Street not in FA Ur",TOWN ROAD 0037,999.99,NO DATA,XY,Property Damage Only,"(44.59281204, -72.61807360)"
9408,VTVSP1100,12D304971,11/09/2012,TH-48 Vt Castings Road,Bethel,NO DATA,107,NO DATA,NO DATA,Route 107 And Vt Castings Road,NO DATA,NO DATA,50,1 - Rear End,West,490627,147268,NO DATA,NO DATA,NO DATA,"City, Village or Urban Compact Street not in FA Ur",TOWN ROAD 0048,999.99,NO DATA,XY,Property Damage Only,"(43.82559016, -72.61652585)"
9409,VT0130200,12BB06004,08/06/2012,18 Deepwood Drive,Brattleboro,NO DATA,NO DATA,NO DATA,NO DATA,NO DATA,NO DATA,NO DATA,25,NO DATA,NO DATA,490628,40626,NO DATA,NO DATA,NO DATA,Street or Town Highways in FA Urban Area,Unknown,999.99,NO DATA,XY,Property Damage Only,"(42.86567914, -72.61469179)"
9410,VTVSP1200,12A302930,07/07/2012,Mm37 I 89 SB,Brookfield,NO DATA,NO DATA,NO DATA,89,Exit 5,6,Miles,65,1 - Rear End,South,490632,168703,890,903,3715,State System (State Highways and Class I TH links),I-89,999.99,NO DATA,XY,Property Damage Only,"(44.01851242, -72.61684066)"
9411,VT0080000,12LC02093,07/30/2012,TH-6 Battle Row,Hyde Park,NO DATA,NO DATA,NO DATA,NO DATA,Vt Rt 100,NO DATA,NO DATA,35,6 - Single Vehicle Crash,North,490687,233545,NO DATA,NO DATA,NO DATA,"City, Village or Urban Compact Street not in FA Ur",TOWN ROAD 0006,999.99,NO DATA,XY,Property Damage Only,"(44.60207309, -72.61731138)"
9417,VTVSP1000,12D202265,08/13/2012,TH-8 Putney Mountain Road,Brookline,8,NO DATA,NO DATA,NO DATA,Grassy Brook Road,1,Miles,50,6 - Single Vehicle Crash,West,491030,54399,NO DATA,NO DATA,NO DATA,"City, Village or Urban Compact Street not in FA Ur",TOWN ROAD 0008,999.99,NO DATA,XY,Property Damage Only,"(42.98966726, -72.60999267)"
9418,VTVSP1100,12D304916,11/04/2012,Min. C 0644 (717 Ridge Road),Randolph,NO DATA,NO DATA,NO DATA,NO DATA,Windy Land,100,Feet,40,6 - Single Vehicle Crash,South,491032,162127,NO DATA,NO DATA,NO DATA,Minor Collector - Non Fed Aid Rural TH,MinCollector,999.99,NO DATA,XY,Property Damage Only,"(43.95933189, -72.61174070)"
9419,VT0060000,12FRC0123,01/22/2012,Vt Rt 105/ Jay Road,Richford,NO DATA,105,NO DATA,NO DATA,Vt Rt 105a,1,Miles,50,6 - Single Vehicle Crash,East,491081,277240,NO DATA,NO DATA,NO DATA,State System (State Highways and Class I TH links),VT-105,999.99,NO DATA,XY,Property Damage Only,"(44.99528722, -72.61311407)"
9420,VTVSP1200,12A304696,10/30/2012,I89 NB,Williamstown,NO DATA,NO DATA,NO DATA,89,Exit 5,1,Miles,65,6 - Single Vehicle Crash,South,491123,188338,890,917,4220,State System (State Highways and Class I TH links),I-89,999.99,NO DATA,XY,Property Damage Only,"(44.19523442, -72.61104717)"
9421,VTVSP1200,12A303986,09/08/2012,Min. C 0714 (610 Shady Rill),Middlesex,2,NO DATA,NO DATA,NO DATA,French RD,50,Feet,40,6 - Single Vehicle Crash,West,491129,204638,NO DATA,NO DATA,NO DATA,Minor Collector - Non Fed Aid Rural TH,MinCollector,999.99,NO DATA,XY,Property Damage Only,"(44.34193106, -72.61124848)"
9422,VT0080000,12LC00768,03/26/2012,TH-89 (213 Ebenezer Road),Hyde Park,NO DATA,NO DATA,NO DATA,NO DATA,NO DATA,NO DATA,NO DATA,99,6 - Single Vehicle Crash,NO DATA,491255,237465,NO DATA,NO DATA,NO DATA,"City, Village or Urban Compact Street not in FA Ur",TOWN ROAD 0089,999.99,NO DATA,XY,Injury,"(44.63735721, -72.61022337)"
9423,VT0130200,12BB00029,01/02/2012,127 Marlboro Rd,Brattleboro,NO DATA,NO DATA,NO DATA,NO DATA,Discount Food Warehouse,NO DATA,NO DATA,99,7 - Other - Explain in Narrative,NO DATA,491350,40069,NO DATA,NO DATA,NO DATA,"Other Public Roadway (Rest Areas, Shopping Center",Unknown,999.99,NO DATA,XY,Property Damage Only,"(42.86067353, -72.60584770)"
9429,VTVSP1000,12D203322,12/01/2012,Min. C 0510 Weatherhead Hollow Road,Guilford,4,NO DATA,NO DATA,NO DATA,Stony Hill Road,25,Feet,35,3 - Same Direction Sideswipe,South,491634,31257,NO DATA,NO DATA,NO DATA,Minor Collector - Non Fed Aid Rural TH,MinCollector,999.99,NO DATA,XY,Property Damage Only,"(42.78135036, -72.60224172)"
9430,VT0130200,12BB00425,01/18/2012,MINC0512 (Hinesburg Rd),Brattleboro,NO DATA,NO DATA,NO DATA,NO DATA,900 Hinesburg Rd,NO DATA,NO DATA,35,6 - Single Vehicle Crash,NO DATA,491651,39520,NO DATA,NO DATA,NO DATA,Minor Collector - Non Fed Aid Rural TH,MinCollector,999.99,NO DATA,XY,Property Damage Only,"(42.85573477, -72.60215634)"
9431,VT0130200,12BB05564,07/23/2012,1063 Western Ave,Brattleboro,NO DATA,NO DATA,NO DATA,NO DATA,W Brattleboro Post Office,NO DATA,NO DATA,99,7 - Other - Explain in Narrative,NO DATA,491651,39520,NO DATA,NO DATA,NO DATA,"Other Public Roadway (Rest Areas, Shopping Center",Unknown,999.99,NO DATA,XY,Property Damage Only,"(42.85573477, -72.60215634)"
9432,VT0130200,12BB01919,03/15/2012,Western Ave,Brattleboro,NO DATA,NO DATA,NO DATA,NO DATA,7-11 Parking Lot,NO DATA,NO DATA,99,1 - Rear End,East,491654,39513,NO DATA,NO DATA,NO DATA,"Other Public Roadway (Rest Areas, Shopping Center",Unknown,999.99,NO DATA,XY,Property Damage Only,"(42.85567179, -72.60211953)"
9433,VTVSP1000,12D200164,01/14/2012,TH-9 Hague Road,Dummerston,9,NO DATA,NO DATA,NO DATA,Warde Road,10,Feet,50,7 - Other - Explain in Narrative,West,491671,50196,NO DATA,NO DATA,NO DATA,"City, Village or Urban Compact Street not in FA Ur",TOWN ROAD 0009,999.99,NO DATA,XY,Property Damage Only,"(42.95183980, -72.60207006)"
9434,VT0130200,12BB00387,01/17/2012,TH-72 South St,Brattleboro,NO DATA,NO DATA,NO DATA,NO DATA,967 South St,100,Feet,25,6 - Single Vehicle Crash,NO DATA,491703,36335,NO DATA,NO DATA,NO DATA,"City, Village or Urban Compact Street not in FA Ur",TOWN ROAD 0072,999.99,NO DATA,XY,Property Damage Only,"(42.82706381, -72.60147316)"
9435,VTVSP1000,12D203493,12/18/2012,Min. C 0530 East West Road,Dummerston,1,NO DATA,NO DATA,NO DATA,Green Mtn Camp Road,200,Feet,35,6 - Single Vehicle Crash,West,491770,48323,NO DATA,NO DATA,NO DATA,Minor Collector - Non Fed Aid Rural TH,MinCollector,999.99,NO DATA,XY,Property Damage Only,"(42.93498034, -72.60082933)"
9441,VTVSP1000,12D200933,04/02/2012,Tater Lane,Guilford,23,NO DATA,NO DATA,NO DATA,Residence Of #276,150,Feet,35,6 - Single Vehicle Crash,South,492042,35440,NO DATA,NO DATA,NO DATA,"City, Village or Urban Compact Street not in FA Ur",Unknown,999.99,NO DATA,XY,Property Damage Only,"(42.81901055, -72.59731457)"
9442,VT0080100,12MR08121,07/11/2012,Tomlinson's Parking Lot,Morristown,NO DATA,NO DATA,NO DATA,NO DATA,Bridge St.,30,Feet,25,"17 - Right Turn, Same Direction, Rear End ^--^--",South,492073,229245,NO DATA,NO DATA,NO DATA,"Other Public Roadway (Rest Areas, Shopping Center",Unknown,999.99,NO DATA,XY,Property Damage Only,"(44.56339272, -72.59978660)"
9443,VTVSP1000,12D201049,04/15/2012,Min. C 0508 Guilford Center Road,Guilford,1,NO DATA,NO DATA,NO DATA,Weatherhead Hollow Road,0,Miles,45,6 - Single Vehicle Crash,East,492152,33489,NO DATA,NO DATA,NO DATA,Minor Collector - Non Fed Aid Rural TH,MinCollector,999.99,NO DATA,XY,Injury,"(42.80144859, -72.59594230)"
9444,VT0080100,12MR02848,10/24/2012,Portland St.,Morristown,NO DATA,NO DATA,NO DATA,NO DATA,Railroad St.,NO DATA,NO DATA,0,"8 - No Turns, Thru moves only, Broadside ^<",NO DATA,492188,229303,NO DATA,NO DATA,NO DATA,"City, Village or Urban Compact Street not in FA Ur",Unknown,999.99,NO DATA,XY,Property Damage Only,"(44.56391593, -72.59833985)"
9445,VT0080100,12MR01213,05/15/2012,Congress Street,Morristown,NO DATA,NO DATA,NO DATA,NO DATA,Rite Aid Parking Lot,NO DATA,NO DATA,30,6 - Single Vehicle Crash,NO DATA,492212,231211,NO DATA,NO DATA,NO DATA,"Other Public Roadway (Rest Areas, Shopping Center",Unknown,999.99,NO DATA,XY,Property Damage Only,"(44.58108688, -72.59806659)"
9446,VT0080100,12MR03072,11/25/2012,22 UPPER MAIN STREET,Morristown,NO DATA,NO DATA,NO DATA,NO DATA,PARKING LOT OF CUMBERLAND FARMS,NO DATA,NO DATA,10,7 - Other - Explain in Narrative,NO DATA,492224,229022,NO DATA,NO DATA,NO DATA,"Other Public Roadway (Rest Areas, Shopping Center",Unknown,999.99,NO DATA,XY,Property Damage Only,"(44.56138751, -72.59788244)"
9447,VT0080100,12MR01057,05/01/2012,Congress Street,Morristown,NO DATA,NO DATA,NO DATA,NO DATA,Cumberland Farms,NO DATA,NO DATA,99,5 - Rear-to-rear,NO DATA,492233,229029,NO DATA,NO DATA,NO DATA,"Other Public Roadway (Rest Areas, Shopping Center",Unknown,999.99,NO DATA,XY,Property Damage Only,"(44.56145060, -72.59776926)"
9454,VT0080100,12MR02247,08/20/2012,Northgate Plaza,Morristown,NO DATA,NO DATA,NO DATA,NO DATA,Kid Stop,NO DATA,NO DATA,0,"8 - No Turns, Thru moves only, Broadside ^<",NO DATA,492473,230058,NO DATA,NO DATA,NO DATA,"Other Public Roadway (Rest Areas, Shopping Center",Unknown,999.99,NO DATA,XY,Property Damage Only,"(44.57071345, -72.59476327)"
9455,VTVSP1000,12D203130,11/11/2012,Min. C 0530 East West Road,Dummerston,1,NO DATA,NO DATA,NO DATA,Black Mtn Road,1,Miles,40,4 - Opp Direction Sideswipe,West,492491,48254,NO DATA,NO DATA,NO DATA,Minor Collector - Non Fed Aid Rural TH,MinCollector,999.99,NO DATA,XY,Injury,"(42.93436665, -72.59199523)"
9456,VT0080100,12MR00239,01/30/2012,Northgate Ave./Brooklyn,Morristown,NO DATA,NO DATA,NO DATA,NO DATA,Brooklyn St.,NO DATA,NO DATA,40,"14 - Left Turn and Thru, Broadside v<--",East,492505,230279,NO DATA,NO DATA,NO DATA,"Other Public Roadway (Rest Areas, Shopping Center",Unknown,999.99,NO DATA,XY,Property Damage Only,"(44.57270264, -72.59436362)"
9457,VT0080100,12MR02026,07/31/2012,Morrisville Mobil P.L.,Morristown,NO DATA,NO DATA,NO DATA,NO DATA,Aubuchon Hardware,NO DATA,NO DATA,25,1 - Rear End,NO DATA,492570,230618,NO DATA,NO DATA,NO DATA,"Other Public Roadway (Rest Areas, Shopping Center",Unknown,999.99,NO DATA,XY,Property Damage Only,"(44.57575408, -72.59355015)"
9458,VT0080100,12MR01331,05/26/2012,31 VERMONT ROUTE 15 W,Morristown,NO DATA,NO DATA,NO DATA,NO DATA,MORRISVILLE MOBIL PARKING LOT,NO DATA,NO DATA,10,6 - Single Vehicle Crash,NO DATA,492591,230609,NO DATA,NO DATA,NO DATA,"Other Public Roadway (Rest Areas, Shopping Center",Unknown,999.99,NO DATA,XY,Property Damage Only,"(44.57567330, -72.59328562)"
9459,VT0080100,12MR01711,07/01/2012,Min. C 0746 Randolph Rd.,Morristown,NO DATA,NO DATA,NO DATA,NO DATA,Fitzgerald Rd.,0,Miles,35,6 - Single Vehicle Crash,North,492631,227395,NO DATA,NO DATA,NO DATA,Minor Collector - Non Fed Aid Rural TH,MinCollector,999.99,NO DATA,XY,Property Damage Only,"(44.54674986, -72.59273603)"
9465,VT0080100,12MR01003,04/24/2012,Price Chopper Parking Lot,Morristown,NO DATA,NO DATA,NO DATA,NO DATA,Munson Ave,200,Feet,50,"8 - No Turns, Thru moves only, Broadside ^<",NO DATA,492846,230279,NO DATA,NO DATA,NO DATA,"Other Public Roadway (Rest Areas, Shopping Center",Unknown,999.99,NO DATA,XY,Property Damage Only,"(44.57270610, -72.59007041)"
9466,VTVSP1000,12D202954,10/24/2012,TH-37 (2085 Black Mtn Rd),Dummerston,37,NO DATA,NO DATA,NO DATA,NO DATA,NO DATA,NO DATA,25,6 - Single Vehicle Crash,South,492855,47090,NO DATA,NO DATA,NO DATA,"City, Village or Urban Compact Street not in FA Ur",TOWN ROAD 0037,999.99,NO DATA,XY,Property Damage Only,"(42.92389192, -72.58752096)"
9467,VT0080100,12MR02057,08/02/2012,Price Chopper Pk. Lt.,Morristown,NO DATA,NO DATA,NO DATA,NO DATA,Munson Ave.,200,Feet,50,7 - Other - Explain in Narrative,East,492857,230346,NO DATA,NO DATA,NO DATA,"Other Public Roadway (Rest Areas, Shopping Center",Unknown,999.99,NO DATA,XY,Property Damage Only,"(44.57330917, -72.58993285)"
9468,VT0120200,422421,04/11/2012,5 High School Drive,Montpelier,NO DATA,NO DATA,NO DATA,NO DATA,Montpelier High School,NO DATA,NO DATA,0,7 - Other - Explain in Narrative,NO DATA,493012,195479,NO DATA,NO DATA,NO DATA,"Other Public Roadway (Rest Areas, Shopping Center",Unknown,999.99,NO DATA,XY,Property Damage Only,"(44.25952295, -72.58751211)"
9469,VTVSP1000,12D200589,02/25/2012,MINC0530 (East West Rd),Dummerston,1,NO DATA,NO DATA,NO DATA,Middle Rd,1,Miles,35,6 - Single Vehicle Crash,West,493033,48118,NO DATA,NO DATA,NO DATA,Minor Collector - Non Fed Aid Rural TH,MinCollector,999.99,NO DATA,XY,Property Damage Only,"(42.93314753, -72.58535340)"
9470,VTVSP1100,12D303351,08/01/2012,TH-52 Silloway Rd,Randolph,NO DATA,NO DATA,NO DATA,NO DATA,Junction Of Penny Brook (pvt),NO DATA,NO DATA,35,"14 - Left Turn and Thru, Broadside v<--",NO DATA,493033,159245,NO DATA,NO DATA,NO DATA,"City, Village or Urban Compact Street not in FA Ur",TOWN ROAD 0052,999.99,NO DATA,XY,Property Damage Only,"(43.93341467, -72.58677092)"
9471,VTVSP1000,12D203651,12/30/2012,Min.C 0530 East West Rd,Dummerston,1,NO DATA,NO DATA,NO DATA,Black Mtn Road,150,Feet,35,6 - Single Vehicle Crash,West,493136,48109,NO DATA,NO DATA,NO DATA,Minor Collector - Non Fed Aid Rural TH,MinCollector,999.99,NO DATA,XY,Property Damage Only,"(42.93306745, -72.58409145)"
9477,VT0130200,12BB00283,01/12/2012,TH-5 Upper Dummerston Rd,Brattleboro,NO DATA,NO DATA,NO DATA,NO DATA,Brattleboro Country Club,NO DATA,NO DATA,35,6 - Single Vehicle Crash,NO DATA,493438,41579,NO DATA,NO DATA,NO DATA,"City, Village or Urban Compact Street not in FA Ur",TOWN ROAD 0005,999.99,NO DATA,XY,Property Damage Only,"(42.87428734, -72.58031533)"
9478,VTVSP1000,12D200661,03/02/2012,TH-13 (Park Laughton Rd),Dummerston,13,NO DATA,NO DATA,NO DATA,Spaulding Hill Rd,0,Miles,25,6 - Single Vehicle Crash,South,493452,48004,NO DATA,NO DATA,NO DATA,"City, Village or Urban Compact Street not in FA Ur",TOWN ROAD 0013,999.99,NO DATA,XY,Property Damage Only,"(42.93212503, -72.58021893)"
9479,VTVSP1000,12D201795,06/29/2012,Min. C 0508 Guilford Center Road,Guilford,1,NO DATA,NO DATA,NO DATA,Buck┬á Hill Drive,10,Feet,35,6 - Single Vehicle Crash,North,493480,34967,NO DATA,NO DATA,NO DATA,Minor Collector - Non Fed Aid Rural TH,MinCollector,999.99,NO DATA,XY,Injury,"(42.81476615, -72.57972470)"
9480,VTVSP1100,12D303112,07/19/2012,TH-71 (3446 South Randolph Rd),Randolph,71,NO DATA,NO DATA,NO DATA,VT Route 14,NO DATA,NO DATA,35,6 - Single Vehicle Crash,NO DATA,493503,155267,NO DATA,NO DATA,NO DATA,"City, Village or Urban Compact Street not in FA Ur",TOWN ROAD 0071,999.99,NO DATA,XY,Property Damage Only,"(43.89761555, -72.58086886)"
9966,VT0030100,12HW00396,04/03/2012,Highland Ave. North Main St,Hardwick,NO DATA,NO DATA,NO DATA,NO DATA,NO DATA,200,Feet,30,1 - Rear End,North,510388,222952,NO DATA,NO DATA,NO DATA,"City, Village or Urban Compact Street not in FA Ur",Unknown,999.99,NO DATA,XY,Injury,"(44.50672848, -72.36936340)"
9481,VT0080000,12LC00056,01/09/2012,TH-3 (827 N. Hyde Park Rd.),Hyde Park,NO DATA,NO DATA,NO DATA,NO DATA,NO DATA,50,Feet,50,6 - Single Vehicle Crash,NO DATA,493511,36769,NO DATA,NO DATA,NO DATA,"City, Village or Urban Compact Street not in FA Ur",TOWN ROAD 0003,999.99,NO DATA,XY,Property Damage Only,"(42.83098817, -72.57936639)"
9482,VT0120600,12BL01960,08/08/2012,TH-40 Crosstown Road,Berlin,NO DATA,NO DATA,NO DATA,NO DATA,Shed Road,100,Feet,35,7 - Other - Explain in Narrative,West,493579,190081,NO DATA,NO DATA,NO DATA,"City, Village or Urban Compact Street not in FA Ur",TOWN ROAD 0040,999.99,NO DATA,XY,Property Damage Only,"(44.21094698, -72.58034543)"
9483,VTVSP1000,12D201808,06/30/2012,Min. C 0508 Guilford Center Road,Guilford,1,NO DATA,NO DATA,NO DATA,US Route 5,1,Miles,40,6 - Single Vehicle Crash,West,493579,35038,NO DATA,NO DATA,NO DATA,Minor Collector - Non Fed Aid Rural TH,MinCollector,999.99,NO DATA,XY,Injury,"(42.81540614, -72.57851498)"
9489,VT0130200,12BB06131,08/10/2012,485 West River Road,Brattleboro,NO DATA,NO DATA,NO DATA,NO DATA,Saxton River Distillery,NO DATA,NO DATA,99,6 - Single Vehicle Crash,NO DATA,493715,42175,NO DATA,NO DATA,NO DATA,"Other Public Roadway (Rest Areas, Shopping Center",Unknown,999.99,NO DATA,XY,Property Damage Only,"(42.87965486, -72.57693171)"
9490,VT0080000,12LC03585,12/24/2012,TH-1 Center Road,Hyde Park,NO DATA,NO DATA,NO DATA,NO DATA,Cleveland Corners Road,NO DATA,NO DATA,50,"8 - No Turns, Thru moves only, Broadside ^<",NO DATA,493727,233132,NO DATA,NO DATA,NO DATA,"City, Village or Urban Compact Street not in FA Ur",TOWN ROAD 0001,999.99,NO DATA,XY,Injury,"(44.59838930, -72.57901337)"
9491,VT0040200,12ES07103,11/30/2012,14 FRANKLIN ST,Essex,NO DATA,NO DATA,NO DATA,NO DATA,NO DATA,NO DATA,NO DATA,99,1 - Rear End,NO DATA,493815,228733,NO DATA,NO DATA,NO DATA,"Other Public Roadway (Rest Areas, Shopping Center",Unknown,999.99,NO DATA,XY,Property Damage Only,"(44.55880211, -72.57785211)"
9492,VTVSP1100,12D305336,12/08/2012,TH-48 N Randolph Rd,Randolph,NO DATA,NO DATA,NO DATA,NO DATA,Rogers Road,0,Miles,50,2 - Head On,West,493874,164152,NO DATA,NO DATA,NO DATA,"City, Village or Urban Compact Street not in FA Ur",TOWN ROAD 0048,999.99,NO DATA,XY,Injury,"(43.97758659, -72.57635331)"
9493,VT0080000,12LC01049,04/23/2012,TH-3 (3025 North Hyde Park),Hyde Park,NO DATA,NO DATA,NO DATA,NO DATA,Langdell Road,300,Feet,50,6 - Single Vehicle Crash,South,493906,240034,NO DATA,NO DATA,NO DATA,"City, Village or Urban Compact Street not in FA Ur",TOWN ROAD 0003,999.99,NO DATA,XY,Injury,"(44.66050351, -72.57684067)"
9494,VTVSP1100,12D304677,10/19/2012,TH-8 Town Hill Road,Reading,NO DATA,NO DATA,NO DATA,NO DATA,Town Hill Road,NO DATA,NO DATA,35,6 - Single Vehicle Crash,South,493939,111419,NO DATA,NO DATA,NO DATA,"City, Village or Urban Compact Street not in FA Ur",TOWN ROAD 0008,999.99,NO DATA,XY,Property Damage Only,"(43.50295667, -72.57494874)"
9495,VT0120600,12BL00111,01/12/2012,213 PAINE TURNPIKE N,Berlin,NO DATA,NO DATA,NO DATA,NO DATA,MAPLEWOOD CONV. STORE,NO DATA,NO DATA,99,1 - Rear End,NO DATA,493963,190316,NO DATA,NO DATA,NO DATA,"Other Public Roadway (Rest Areas, Shopping Center",Unknown,999.99,NO DATA,XY,Property Damage Only,"(44.21306523, -72.57554325)"
9502,VT0130200,12BB09619,12/22/2012,Spruce St,Brattleboro,NO DATA,NO DATA,NO DATA,NO DATA,Western Ave,NO DATA,NO DATA,25,NO DATA,NO DATA,494221,39113,NO DATA,NO DATA,NO DATA,Street or Town Highways in FA Urban Area,Unknown,999.99,NO DATA,XY,Property Damage Only,"(42.85209468, -72.57070663)"
9503,VTVSP1000,12D203327,12/01/2012,Min. C 0530 (934 East West Rd),Dummerston,1,NO DATA,NO DATA,NO DATA,Middle Road TH #2,0,Miles,25,6 - Single Vehicle Crash,East,494284,48336,NO DATA,NO DATA,NO DATA,Minor Collector - Non Fed Aid Rural TH,MinCollector,999.99,NO DATA,XY,Property Damage Only,"(42.93512035, -72.57002971)"
9504,VTVSP1000,12D202251,08/12/2012,TH-2 (1003 Middle Road),Dummerston,2,NO DATA,NO DATA,NO DATA,Dutton Farm Road,220,Feet,35,6 - Single Vehicle Crash,South,494345,46899,NO DATA,NO DATA,NO DATA,"City, Village or Urban Compact Street not in FA Ur",TOWN ROAD 0002,999.99,NO DATA,XY,Property Damage Only,"(42.92218505, -72.56926788)"
9505,VT0120200,1211-12-418133,01/24/2012,Tremont Street,Montpelier,NO DATA,NO DATA,NO DATA,NO DATA,First Ave,NO DATA,NO DATA,99,1 - Rear End,South,494373,195203,NO DATA,NO DATA,NO DATA,Street or Town Highways in FA Urban Area,Unknown,999.99,NO DATA,XY,Injury,"(44.25705079, -72.57046532)"
9506,VT0130200,12BB00914,02/04/2012,Myrtle St,Brattleboro,NO DATA,NO DATA,NO DATA,NO DATA,Cedar St,NO DATA,NO DATA,25,7 - Other - Explain in Narrative,NO DATA,494385,39348,NO DATA,NO DATA,NO DATA,Street or Town Highways in FA Urban Area,Unknown,999.99,NO DATA,XY,Property Damage Only,"(42.85421138, -72.56870245)"
9507,VT0130200,12BB03069,04/28/2012,469 Canal St,Brattleboro,NO DATA,NO DATA,NO DATA,NO DATA,Fairview St,30,Feet,99,7 - Other - Explain in Narrative,NO DATA,494388,39312,NO DATA,NO DATA,NO DATA,"Other Public Roadway (Rest Areas, Shopping Center",Unknown,999.99,NO DATA,XY,Property Damage Only,"(42.85388733, -72.56866539)"
9508,VTVSP0400,12D102030,07/02/2012,Min. C 0538 Brookline Rd,Athens,2,NO DATA,NO DATA,NO DATA,Ober Hill Road,0,Miles,35,6 - Single Vehicle Crash,South,494388,69400,NO DATA,NO DATA,NO DATA,Minor Collector - Non Fed Aid Rural TH,MinCollector,999.99,NO DATA,XY,Property Damage Only,"(43.12473415, -72.56896755)"
9515,VT0120200,427271,07/01/2012,2 N. Franklin St.,Montpelier,NO DATA,NO DATA,NO DATA,NO DATA,NO DATA,NO DATA,NO DATA,25,7 - Other - Explain in Narrative,NO DATA,494508,196364,NO DATA,NO DATA,NO DATA,"Other Public Roadway (Rest Areas, Shopping Center",Unknown,999.99,NO DATA,XY,Property Damage Only,"(44.26750060, -72.56878696)"
9516,VT0130200,12BB01759,03/09/2012,21 Belmont Ave,Brattleboro,NO DATA,NO DATA,NO DATA,NO DATA,Patient Lot,25,Feet,99,7 - Other - Explain in Narrative,South,494519,38096,NO DATA,NO DATA,NO DATA,"Other Public Roadway (Rest Areas, Shopping Center",Unknown,999.99,NO DATA,XY,Property Damage Only,"(42.84294179, -72.56705073)"
9517,VTVSP1000,12D200288,01/25/2012,TH-2┬á (Bunker Road),Dummerston,2,NO DATA,NO DATA,NO DATA,1086 Bunker Road,100,Feet,35,6 - Single Vehicle Crash,South,494536,51661,NO DATA,NO DATA,NO DATA,"City, Village or Urban Compact Street not in FA Ur",TOWN ROAD 0002,999.99,NO DATA,XY,Property Damage Only,"(42.96505346, -72.56697482)"