ID,Reporting Agency,Report Number,Date,Street Address,Town,Number,Number1,Number2,Number3,Intersection,Distance From Intersection,Distance Unit,Posted Speed,Direction of Collision,Direction from Intersection,Easting,Northing,Mile Marker,Mile Marker 1,Mile Marker 2,AOT Roadway,AOT Route,AOT Actual Mile,LRS Number,How Mapped,Crash Type,Location 1
9518,VTVSP1000,12D202266,08/13/2012,TH-2 Bunker Road,Dummerston,2,NO DATA,NO DATA,NO DATA,Park Laughton Road,0,Miles,99,2 - Head On,South,494549,51651,NO DATA,NO DATA,NO DATA,"City, Village or Urban Compact Street not in FA Ur",TOWN ROAD 0002,999.99,NO DATA,XY,Injury,"(42.96496354, -72.56681538)"
9519,VT0130200,12BB00759,01/30/2012,499 Canal St,Brattleboro,NO DATA,NO DATA,NO DATA,NO DATA,Price Chopper Parking Lot,NO DATA,NO DATA,99,2 - Head On,NO DATA,494582,37690,NO DATA,NO DATA,NO DATA,"Other Public Roadway (Rest Areas, Shopping Center",Unknown,999.99,NO DATA,XY,Property Damage Only,"(42.83928740, -72.56627614)"
9520,VTVSP1000,12D200213,01/19/2012,TH-27 Broad Brook Road,Guilford,27,NO DATA,NO DATA,NO DATA,Broad Brook Road Bridge,25,Feet,35,6 - Single Vehicle Crash,West,494585,34909,NO DATA,NO DATA,NO DATA,"City, Village or Urban Compact Street not in FA Ur",TOWN ROAD 0027,999.99,NO DATA,XY,Property Damage Only,"(42.81425264, -72.56621271)"
9521,VT0120600,12BL00472,02/25/2012,Berlin Mall Road,Berlin,NO DATA,NO DATA,NO DATA,NO DATA,Vermont Route 62,200,Feet,99,"18 - Right Turn and Thru, Broadside ^<--",North,494590,190491,NO DATA,NO DATA,NO DATA,"Other Public Roadway (Rest Areas, Shopping Center",Unknown,999.99,NO DATA,XY,Unknown,"(44.21464513, -72.56769929)"
9528,VT0130200,12BB00950,02/06/2012,109 Sunny Acres,Brattleboro,NO DATA,NO DATA,NO DATA,NO DATA,Bams Middle School Parking Lot,NO DATA,NO DATA,25,"10 - Left Turn and Thru, Angle Broadside -->v--",NO DATA,494677,37527,NO DATA,NO DATA,NO DATA,Private Property (Driveways),Unknown,999.99,NO DATA,XY,Property Damage Only,"(42.83782074, -72.56511252)"
9529,VTVSP0400,12D100299,01/23/2012,Route 131,Cavendish,NO DATA,131,NO DATA,NO DATA,Howard Hill Rd,1,Miles,50,6 - Single Vehicle Crash,East,494677,98854,NO DATA,NO DATA,NO DATA,State System (State Highways and Class I TH links),VT-131,999.99,NO DATA,XY,Injury,"(43.38986346, -72.56570044)"
9530,VT0130200,12BB01183,02/15/2012,469 Canal St,Brattleboro,NO DATA,NO DATA,NO DATA,NO DATA,Mobile,NO DATA,NO DATA,35,7 - Other - Explain in Narrative,East,494678,37728,NO DATA,NO DATA,NO DATA,"Other Public Roadway (Rest Areas, Shopping Center",Unknown,999.99,NO DATA,XY,Property Damage Only,"(42.83963016, -72.56510219)"
9531,VT0130200,12BB03836,05/25/2012,469 Canal St,Brattleboro,NO DATA,NO DATA,NO DATA,NO DATA,Neighbors Parking Lot,NO DATA,NO DATA,99,6 - Single Vehicle Crash,NO DATA,494678,37728,NO DATA,NO DATA,NO DATA,"Other Public Roadway (Rest Areas, Shopping Center",Unknown,999.99,NO DATA,XY,Property Damage Only,"(42.83963016, -72.56510219)"
9532,VT0130200,12BB05305,07/14/2012,Guilford St,Brattleboro,NO DATA,NO DATA,NO DATA,NO DATA,NO DATA,NO DATA,NO DATA,25,"8 - No Turns, Thru moves only, Broadside ^<",NO DATA,494678,37748,NO DATA,NO DATA,NO DATA,Street or Town Highways in FA Urban Area,Unknown,999.99,NO DATA,XY,Property Damage Only,"(42.83981020, -72.56510238)"
9533,VT0130200,12BB06643,08/29/2012,469 Canal St,Brattleboro,NO DATA,NO DATA,NO DATA,NO DATA,Fairview St,NO DATA,NO DATA,99,7 - Other - Explain in Narrative,South,494678,37728,NO DATA,NO DATA,NO DATA,"Other Public Roadway (Rest Areas, Shopping Center",Unknown,999.99,NO DATA,XY,Property Damage Only,"(42.83963016, -72.56510219)"
9534,VT0130200,12BB00106,01/05/2012,16 Belmont Ave,Brattleboro,NO DATA,NO DATA,NO DATA,NO DATA,Drs Office Parking Lot,NO DATA,NO DATA,99,NO DATA,NO DATA,494693,37984,NO DATA,NO DATA,NO DATA,"Other Public Roadway (Rest Areas, Shopping Center",Unknown,999.99,NO DATA,XY,Property Damage Only,"(42.84193479, -72.56492111)"
9541,VT0080000,12LC01814,07/01/2012,TH-10 (255 Cooper Hill Road),Hyde Park,NO DATA,NO DATA,NO DATA,NO DATA,NO DATA,NO DATA,NO DATA,99,6 - Single Vehicle Crash,NO DATA,494751,239679,NO DATA,NO DATA,NO DATA,"City, Village or Urban Compact Street not in FA Ur",TOWN ROAD 0010,999.99,NO DATA,XY,Injury,"(44.65731547, -72.56618241)"
9542,VT0130200,12BB01560,03/01/2012,237 Black Mtn Rd,Brattleboro,36,NO DATA,NO DATA,NO DATA,NO DATA,NO DATA,NO DATA,25,NO DATA,NO DATA,494761,42832,NO DATA,NO DATA,NO DATA,Street or Town Highways in FA Urban Area,Unknown,999.99,NO DATA,XY,Property Damage Only,"(42.88557705, -72.56413444)"
9543,VT0130200,12BB09276,12/10/2012,27 Birge St,Brattleboro,NO DATA,NO DATA,NO DATA,NO DATA,Brown Computer Lot,NO DATA,NO DATA,99,NO DATA,NO DATA,494761,38937,NO DATA,NO DATA,NO DATA,"Other Public Roadway (Rest Areas, Shopping Center",Unknown,999.99,NO DATA,XY,Property Damage Only,"(42.85051421, -72.56409815)"
9544,VT0130200,12BB02479,04/05/2012,Belmont Ave,Brattleboro,NO DATA,NO DATA,NO DATA,NO DATA,BMH Parking Lot,NO DATA,NO DATA,99,3 - Same Direction Sideswipe,North,494770,37999,NO DATA,NO DATA,NO DATA,"Other Public Roadway (Rest Areas, Shopping Center",Unknown,999.99,NO DATA,XY,Property Damage Only,"(42.84207035, -72.56397932)"
9545,VT0120600,12BL02981,12/01/2012,363 Fisher Road,Berlin,NO DATA,NO DATA,NO DATA,NO DATA,Berlin Armory,300,Feet,99,3 - Same Direction Sideswipe,North,494787,191233,NO DATA,NO DATA,NO DATA,"Other Public Roadway (Rest Areas, Shopping Center",Unknown,999.99,NO DATA,XY,Property Damage Only,"(44.22132447, -72.56524151)"
9546,VT0120600,12BL02133,08/26/2012,Berlin Mall Road,Berlin,NO DATA,NO DATA,NO DATA,NO DATA,Vermont Route 62,0,Miles,99,"8 - No Turns, Thru moves only, Broadside ^<",East,494792,190559,NO DATA,NO DATA,NO DATA,"Other Public Roadway (Rest Areas, Shopping Center",Unknown,999.99,NO DATA,XY,Unknown,"(44.21525859, -72.56517224)"
9547,VT0130200,12BB02803,04/18/2012,Anna Marsh Lane,Brattleboro,NO DATA,NO DATA,NO DATA,NO DATA,Brattleboro Retreat Lot,NO DATA,NO DATA,25,3 - Same Direction Sideswipe,NO DATA,494795,39898,NO DATA,NO DATA,NO DATA,"Other Public Roadway (Rest Areas, Shopping Center",Unknown,999.99,NO DATA,XY,Property Damage Only,"(42.85916540, -72.56369106)"
9554,VT0120600,12BL01618,07/02/2012,244 Granger Road,Berlin,NO DATA,NO DATA,NO DATA,NO DATA,Granger Road,75,Feet,99,6 - Single Vehicle Crash,South,494817,190116,NO DATA,NO DATA,NO DATA,"Other Public Roadway (Rest Areas, Shopping Center",Unknown,999.99,NO DATA,XY,Property Damage Only,"(44.21127182, -72.56485502)"
9555,VT0120600,12BL02831,11/14/2012,282 Berlin Mall Road,Berlin,NO DATA,NO DATA,NO DATA,NO DATA,Wal-Mart/ Parking Lot,NO DATA,NO DATA,99,NO DATA,West,494820,190619,NO DATA,NO DATA,NO DATA,"Other Public Roadway (Rest Areas, Shopping Center",Unknown,999.99,NO DATA,XY,Property Damage Only,"(44.21579878, -72.56482245)"
9556,VT0120600,12BL02464,10/05/2012,282 Berlin Mall Road,Berlin,NO DATA,NO DATA,NO DATA,NO DATA,Wal-Mart,200,Feet,99,5 - Rear-to-rear,East,494835,190593,NO DATA,NO DATA,NO DATA,"Other Public Roadway (Rest Areas, Shopping Center",Unknown,999.99,NO DATA,XY,Property Damage Only,"(44.21556489, -72.56463449)"
9557,VT0120600,12BL03160,12/21/2012,282 Berlin Mall Road,Berlin,NO DATA,NO DATA,NO DATA,NO DATA,282 Berlin Mall Road,NO DATA,NO DATA,99,NO DATA,South,494846,190662,NO DATA,NO DATA,NO DATA,"Other Public Roadway (Rest Areas, Shopping Center",Unknown,999.99,NO DATA,XY,Property Damage Only,"(44.21618596, -72.56449752)"
9558,VT0130200,12BB07770,10/11/2012,33 Oak St,Brattleboro,NO DATA,NO DATA,NO DATA,NO DATA,Private Residence,NO DATA,NO DATA,99,1 - Rear End,NO DATA,494857,39247,NO DATA,NO DATA,NO DATA,Private Property (Driveways),Unknown,999.99,NO DATA,XY,Property Damage Only,"(42.85330549, -72.56292646)"
9559,VT0130200,12BB06129,08/10/2012,53 Frost St,Brattleboro,NO DATA,NO DATA,NO DATA,NO DATA,NO DATA,NO DATA,NO DATA,25,NO DATA,NO DATA,494860,38837,NO DATA,NO DATA,NO DATA,Street or Town Highways in FA Urban Area,Unknown,999.99,NO DATA,XY,Property Damage Only,"(42.84961468, -72.56288601)"
9560,VT0120600,12BL01987,08/11/2012,282 Berlin Mall Road,Berlin,NO DATA,NO DATA,NO DATA,NO DATA,Walmart,300,Feet,99,2 - Head On,West,494872,190647,NO DATA,NO DATA,NO DATA,"Other Public Roadway (Rest Areas, Shopping Center",Unknown,999.99,NO DATA,XY,Property Damage Only,"(44.21605115, -72.56417201)"
9567,VTVSP1000,12D203278,11/27/2012,Min. C 0530 East West Road,Dummerston,1,NO DATA,NO DATA,NO DATA,Patridge Road,0,Miles,25,6 - Single Vehicle Crash,West,494967,48309,NO DATA,NO DATA,NO DATA,Minor Collector - Non Fed Aid Rural TH,MinCollector,999.99,NO DATA,XY,Injury,"(42.93488211, -72.56166181)"
9568,VT0130200,12BB01401,02/24/2012,768 Putney Rd,Brattleboro,NO DATA,NO DATA,5,NO DATA,Staples Plaza,NO DATA,NO DATA,99,7 - Other - Explain in Narrative,NO DATA,494972,41654,NO DATA,NO DATA,NO DATA,"Other Public Roadway (Rest Areas, Shopping Center",Unknown,999.99,NO DATA,XY,Property Damage Only,"(42.87497412, -72.56154094)"
9569,VT0120600,12BL02924,11/23/2012,Berlin Mall Road,Berlin,NO DATA,NO DATA,NO DATA,NO DATA,Fisher Road,1,Feet,30,"10 - Left Turn and Thru, Angle Broadside -->v--",North,494973,191156,NO DATA,NO DATA,NO DATA,"Other Public Roadway (Rest Areas, Shopping Center",Unknown,999.99,NO DATA,XY,Property Damage Only,"(44.22063279, -72.56291299)"
9570,VT0130200,12BB04573,06/20/2012,Elm St,Brattleboro,NO DATA,NO DATA,NO DATA,NO DATA,Elliot St,NO DATA,NO DATA,25,NO DATA,NO DATA,494987,39009,NO DATA,NO DATA,NO DATA,Street or Town Highways in FA Urban Area,Unknown,999.99,NO DATA,XY,Property Damage Only,"(42.85116387, -72.56133377)"
9571,VT0130200,12BB01976,03/18/2012,Canal St,Brattleboro,NO DATA,NO DATA,NO DATA,NO DATA,Dominos Pizza Parking Lot,NO DATA,NO DATA,99,6 - Single Vehicle Crash,West,495014,38695,NO DATA,NO DATA,NO DATA,"Other Public Roadway (Rest Areas, Shopping Center",Unknown,999.99,NO DATA,XY,Property Damage Only,"(42.84833740, -72.56100065)"
9572,VT0130200,12BB06659,08/29/2012,41 Spring Tree Rd,Brattleboro,NO DATA,NO DATA,NO DATA,NO DATA,NO DATA,NO DATA,NO DATA,99,7 - Other - Explain in Narrative,NO DATA,495016,39592,NO DATA,NO DATA,NO DATA,"Other Public Roadway (Rest Areas, Shopping Center",Unknown,999.99,NO DATA,XY,Property Damage Only,"(42.85641225, -72.56098413)"
9573,VT0120600,12BL02345,09/21/2012,130 Fisher Road,Berlin,NO DATA,NO DATA,NO DATA,NO DATA,Building C,60,Feet,99,1 - Rear End,South,495019,191229,NO DATA,NO DATA,NO DATA,"Other Public Roadway (Rest Areas, Shopping Center",Unknown,999.99,NO DATA,XY,Property Damage Only,"(44.22129010, -72.56233801)"
9579,VT0130200,12BB03609,05/17/2012,Retting Place,Brattleboro,NO DATA,NO DATA,NO DATA,NO DATA,Shriners Parking Lot,NO DATA,NO DATA,99,6 - Single Vehicle Crash,North,495095,39185,NO DATA,NO DATA,NO DATA,"Other Public Roadway (Rest Areas, Shopping Center",Unknown,999.99,NO DATA,XY,Injury,"(42.85274893, -72.56001395)"
9580,VT0130200,12BB08972,11/27/2012,Putney Rd,Brattleboro,NO DATA,NO DATA,NO DATA,NO DATA,Enterprise Plaza,NO DATA,NO DATA,99,7 - Other - Explain in Narrative,NO DATA,495095,41822,NO DATA,NO DATA,NO DATA,"Other Public Roadway (Rest Areas, Shopping Center",Unknown,999.99,NO DATA,XY,Property Damage Only,"(42.87648726, -72.56003695)"
9581,VT0120600,12BL00176,01/20/2012,130 Fisher Rd. Bldg B,Berlin,NO DATA,NO DATA,NO DATA,NO DATA,Fisher Road,0,Miles,99,7 - Other - Explain in Narrative,West,495118,191223,NO DATA,NO DATA,NO DATA,"Other Public Roadway (Rest Areas, Shopping Center",Unknown,999.99,NO DATA,XY,Property Damage Only,"(44.22123677, -72.56109898)"
9582,VT0130200,12BB08183,10/27/2012,FAU-2010 Cotton Mill Hill,Brattleboro,NO DATA,NO DATA,NO DATA,NO DATA,NO DATA,NO DATA,NO DATA,25,6 - Single Vehicle Crash,NO DATA,495119,39171,NO DATA,NO DATA,NO DATA,Federal Aid Urban System (Class 2 TH's and 3 TH's,"COTTON MILL ROAD, BRATTLEBORO",999.99,NO DATA,XY,Property Damage Only,"(42.85262305, -72.55972019)"
9583,VT0130200,12BB04098,06/04/2012,Putney Rd,Brattleboro,NO DATA,NO DATA,NO DATA,NO DATA,Colonial Motel Parking Lot,NO DATA,NO DATA,99,7 - Other - Explain in Narrative,NO DATA,495124,42105,NO DATA,NO DATA,NO DATA,"Other Public Roadway (Rest Areas, Shopping Center",Unknown,999.99,NO DATA,XY,Property Damage Only,"(42.87903501, -72.55968446)"
9584,VT0130200,12BB07714,10/09/2012,896 Putney Rd,Brattleboro,NO DATA,NO DATA,NO DATA,NO DATA,Hannaford Parking Lot,NO DATA,NO DATA,99,3 - Same Direction Sideswipe,NO DATA,495124,42105,NO DATA,NO DATA,NO DATA,"Other Public Roadway (Rest Areas, Shopping Center",Unknown,999.99,NO DATA,XY,Property Damage Only,"(42.87903501, -72.55968446)"
9585,VTVSP1000,12D200339,01/29/2012,TH-2 (Middle Rd),Dummerston,2,NO DATA,NO DATA,NO DATA,Tucker Reed Rd TH 28,1,Miles,40,6 - Single Vehicle Crash,North,495131,46481,NO DATA,NO DATA,NO DATA,"City, Village or Urban Compact Street not in FA Ur",TOWN ROAD 0002,999.99,NO DATA,XY,Property Damage Only,"(42.91842766, -72.55963673)"
9592,VT0130200,12BB00877,02/03/2012,2 Main St,Brattleboro,NO DATA,NO DATA,NO DATA,NO DATA,Brattleboro Food Co-Op,NO DATA,NO DATA,99,7 - Other - Explain in Narrative,NO DATA,495176,37361,NO DATA,NO DATA,NO DATA,"Other Public Roadway (Rest Areas, Shopping Center",Unknown,999.99,NO DATA,XY,Property Damage Only,"(42.83632970, -72.55900729)"
9593,VT0130200,12BB09466,12/16/2012,Balck Mtn Rd,Brattleboro,NO DATA,NO DATA,NO DATA,NO DATA,Kipling Rd,NO DATA,NO DATA,25,NO DATA,NO DATA,495176,39831,NO DATA,NO DATA,NO DATA,"City, Village or Urban Compact Street not in FA Ur",TOWN ROAD 0036,999.99,NO DATA,XY,Property Damage Only,"(42.85856476, -72.55902846)"
9594,VT0130200,12BB09685,12/25/2012,TH-76 Guilford St,Brattleboro,NO DATA,NO DATA,NO DATA,NO DATA,Kyle Rd,NO DATA,NO DATA,25,6 - Single Vehicle Crash,South,495176,39831,NO DATA,NO DATA,NO DATA,"City, Village or Urban Compact Street not in FA Ur",TOWN ROAD 0076,999.99,NO DATA,XY,Property Damage Only,"(42.85856476, -72.55902846)"
9595,VT0130200,12BB00640,01/25/2012,Main St,Brattleboro,NO DATA,NO DATA,NO DATA,NO DATA,Key Bank Parking Lot,NO DATA,NO DATA,99,7 - Other - Explain in Narrative,NO DATA,495188,39236,NO DATA,NO DATA,NO DATA,"Other Public Roadway (Rest Areas, Shopping Center",Unknown,999.99,NO DATA,XY,Property Damage Only,"(42.85320862, -72.55887653)"
9596,VT0130200,12BB02754,04/16/2012,Harmony Place,Brattleboro,NO DATA,NO DATA,NO DATA,NO DATA,NO DATA,NO DATA,NO DATA,99,NO DATA,NO DATA,495192,39151,NO DATA,NO DATA,NO DATA,"Other Public Roadway (Rest Areas, Shopping Center",Unknown,999.99,NO DATA,XY,Property Damage Only,"(42.85244348, -72.55882687)"
9597,VT0130200,12BB02820,04/19/2012,185 Main St,Brattleboro,NO DATA,NO DATA,NO DATA,NO DATA,Key Bank Parking Lot,NO DATA,NO DATA,99,7 - Other - Explain in Narrative,East,495193,39150,NO DATA,NO DATA,NO DATA,"Other Public Roadway (Rest Areas, Shopping Center",Unknown,999.99,NO DATA,XY,Property Damage Only,"(42.85243448, -72.55881462)"
9598,VT0130200,12BB02945,04/24/2012,Upper Dummerston Rd,Brattleboro,5,NO DATA,NO DATA,NO DATA,Meadow Brook Rd,NO DATA,NO DATA,25,"10 - Left Turn and Thru, Angle Broadside -->v--",NO DATA,495195,39303,NO DATA,NO DATA,NO DATA,Street or Town Highways in FA Urban Area,Unknown,999.99,NO DATA,XY,Property Damage Only,"(42.85381180, -72.55879146)"
9605,VT0130200,12BB06962,09/09/2012,328 Marlboro Rd,Brattleboro,NO DATA,NO DATA,NO DATA,NO DATA,Shell Station,NO DATA,NO DATA,99,5 - Rear-to-rear,NO DATA,495206,39702,NO DATA,NO DATA,NO DATA,"Other Public Roadway (Rest Areas, Shopping Center",Unknown,999.99,NO DATA,XY,Property Damage Only,"(42.85740369, -72.55866027)"
9606,VT0130200,12BB06981,09/10/2012,221 Main St,Brattleboro,NO DATA,NO DATA,NO DATA,NO DATA,Drive Thru Window BS&L,NO DATA,NO DATA,99,NO DATA,NO DATA,495206,39702,NO DATA,NO DATA,NO DATA,"Other Public Roadway (Rest Areas, Shopping Center",Unknown,999.99,NO DATA,XY,Property Damage Only,"(42.85740369, -72.55866027)"
9607,VTVSP1100,12D304960,11/08/2012,TH-57 Gage Road,Tunbridge,NO DATA,NO DATA,NO DATA,NO DATA,NO DATA,NO DATA,NO DATA,50,2 - Head On,NO DATA,495220,152563,NO DATA,NO DATA,NO DATA,"City, Village or Urban Compact Street not in FA Ur",TOWN ROAD 0057,999.99,NO DATA,XY,Property Damage Only,"(43.87329157, -72.55947327)"
9608,VT0120600,12BL02396,09/28/2012,652 Granger Road,Berlin,NO DATA,NO DATA,NO DATA,NO DATA,Parking Lot,NO DATA,NO DATA,99,7 - Other - Explain in Narrative,NO DATA,495226,190604,NO DATA,NO DATA,NO DATA,"Other Public Roadway (Rest Areas, Shopping Center",Unknown,999.99,NO DATA,XY,Property Damage Only,"(44.21566656, -72.55974173)"
9609,VT0130200,12BB06522,08/24/2012,1114 Putney Road,Brattleboro,NO DATA,NO DATA,NO DATA,NO DATA,NO DATA,NO DATA,NO DATA,99,5 - Rear-to-rear,West,495245,39696,NO DATA,NO DATA,NO DATA,"Other Public Roadway (Rest Areas, Shopping Center",Unknown,999.99,NO DATA,XY,Property Damage Only,"(42.85734992, -72.55818302)"
9610,VT0130200,12BB07058,09/12/2012,16 Thomas St,Brattleboro,NO DATA,NO DATA,NO DATA,NO DATA,Central St,NO DATA,NO DATA,25,7 - Other - Explain in Narrative,NO DATA,495251,38900,NO DATA,NO DATA,NO DATA,Street or Town Highways in FA Urban Area,Unknown,999.99,NO DATA,XY,Property Damage Only,"(42.85018433, -72.55810288)"
9611,VT0130200,12BB09116,12/03/2012,60 South Main St,Brattleboro,NO DATA,NO DATA,NO DATA,NO DATA,Drop-In-Center Lot,NO DATA,NO DATA,99,NO DATA,NO DATA,495252,38900,NO DATA,NO DATA,NO DATA,"Other Public Roadway (Rest Areas, Shopping Center",Unknown,999.99,NO DATA,XY,Property Damage Only,"(42.85018434, -72.55809065)"
9618,VT0130200,12BB04730,06/25/2012,Frost St,Brattleboro,NO DATA,NO DATA,NO DATA,NO DATA,Elliot St,NO DATA,NO DATA,25,4 - Opp Direction Sideswipe,East,495284,39059,NO DATA,NO DATA,NO DATA,Street or Town Highways in FA Urban Area,Unknown,999.99,NO DATA,XY,Property Damage Only,"(42.85161586, -72.55770048)"
9619,VT0130200,12BB06667,08/29/2012,Arch St,Brattleboro,NO DATA,NO DATA,NO DATA,NO DATA,Main St,NO DATA,NO DATA,25,"10 - Left Turn and Thru, Angle Broadside -->v--",NO DATA,495284,39059,NO DATA,NO DATA,NO DATA,Street or Town Highways in FA Urban Area,Unknown,999.99,NO DATA,XY,Property Damage Only,"(42.85161586, -72.55770048)"
9620,VT0130200,12BB07913,10/17/2012,Putney Rd,Brattleboro,NO DATA,NO DATA,NO DATA,NO DATA,McDonalds Parking Lot,NO DATA,NO DATA,35,7 - Other - Explain in Narrative,NO DATA,495287,42424,NO DATA,NO DATA,NO DATA,"Other Public Roadway (Rest Areas, Shopping Center",Unknown,999.99,NO DATA,XY,Property Damage Only,"(42.88190767, -72.55769198)"
9621,VT0130200,12BB02662,04/13/2012,1027 Putney Rd,Brattleboro,NO DATA,NO DATA,NO DATA,NO DATA,McDonalds Parking Lot,NO DATA,NO DATA,99,1 - Rear End,NO DATA,495288,42473,NO DATA,NO DATA,NO DATA,"Other Public Roadway (Rest Areas, Shopping Center",Unknown,999.99,NO DATA,XY,Property Damage Only,"(42.88234877, -72.55768015)"
9622,VTVSP0400,12D102224,07/19/2012,TH-39 Cambridgeport Rd,Grafton,39,NO DATA,NO DATA,NO DATA,Fisher Hill Rd,1,Miles,99,6 - Single Vehicle Crash,South,495323,76021,NO DATA,NO DATA,NO DATA,"City, Village or Urban Compact Street not in FA Ur",TOWN ROAD 0039,999.99,NO DATA,XY,Property Damage Only,"(43.18433985, -72.55753313)"
9623,VT0130200,12BB03442,05/12/2012,1071 Putney Rd,Brattleboro,NO DATA,NO DATA,NO DATA,NO DATA,Dunkin Donuts,NO DATA,NO DATA,99,"9 - Left and Right Turns, Simultaneous Turn Crash --vv--",NO DATA,495326,42558,NO DATA,NO DATA,NO DATA,"Other Public Roadway (Rest Areas, Shopping Center",Unknown,999.99,NO DATA,XY,Property Damage Only,"(42.88311417, -72.55721570)"
9624,VT0130200,12BB03441,05/12/2012,Min. C 0520 Ames Hill Rd,Brattleboro,NO DATA,NO DATA,NO DATA,NO DATA,NO DATA,NO DATA,NO DATA,25,7 - Other - Explain in Narrative,NO DATA,495327,42559,NO DATA,NO DATA,NO DATA,Minor Collector - Non Fed Aid Rural TH,MinCollector,999.99,NO DATA,XY,Property Damage Only,"(42.88312318, -72.55720347)"
9630,VT0130200,12BB00348,01/15/2012,548 Canal St,Brattleboro,NO DATA,NO DATA,NO DATA,NO DATA,Burger King Parking Lot,NO DATA,NO DATA,99,7 - Other - Explain in Narrative,NO DATA,495397,40776,NO DATA,NO DATA,NO DATA,"Other Public Roadway (Rest Areas, Shopping Center",Unknown,999.99,NO DATA,XY,Property Damage Only,"(42.86707303, -72.55633199)"
9631,VTVSP0400,12D100209,01/16/2012,TH-12 (Cambridgeport Road),Rockingham,12,NO DATA,NO DATA,NO DATA,Route 103,1,Miles,35,6 - Single Vehicle Crash,NO DATA,495399,76619,NO DATA,NO DATA,NO DATA,"City, Village or Urban Compact Street not in FA Ur",TOWN ROAD 0012,999.99,NO DATA,XY,Property Damage Only,"(43.18972322, -72.55660323)"
9632,VT0130200,12BB00530,01/21/2012,1111 Putney Rd,Brattleboro,NO DATA,NO DATA,NO DATA,NO DATA,Rt 9 East/Bickfords Parking Lot,NO DATA,NO DATA,99,7 - Other - Explain in Narrative,NO DATA,495402,42711,NO DATA,NO DATA,NO DATA,"Other Public Roadway (Rest Areas, Shopping Center",Unknown,999.99,NO DATA,XY,Property Damage Only,"(42.88449194, -72.55628663)"
9633,VT0130200,12BB00548,01/22/2012,1071 Putney Rd,Brattleboro,NO DATA,NO DATA,NO DATA,NO DATA,Dunkin Donuts,NO DATA,NO DATA,99,3 - Same Direction Sideswipe,NO DATA,495402,42712,NO DATA,NO DATA,NO DATA,"Other Public Roadway (Rest Areas, Shopping Center",Unknown,999.99,NO DATA,XY,Property Damage Only,"(42.88450094, -72.55628664)"
9634,VT0130200,12BB00323,01/14/2012,464 Putney Rd,Brattleboro,NO DATA,NO DATA,NO DATA,NO DATA,Spring Tree Road,NO DATA,NO DATA,35,7 - Other - Explain in Narrative,NO DATA,495424,40750,NO DATA,NO DATA,NO DATA,"Other Public Roadway (Rest Areas, Shopping Center",Unknown,999.99,NO DATA,XY,Property Damage Only,"(42.86683914, -72.55600136)"
9635,VTVSP0400,12D100557,02/19/2012,VT 131,Cavendish,NO DATA,131,NO DATA,NO DATA,Tarbell Hill Rd,2,Miles,50,6 - Single Vehicle Crash,East,495426,98709,NO DATA,NO DATA,NO DATA,State System (State Highways and Class I TH links),VT-131,999.99,NO DATA,XY,Injury,"(43.38856322, -72.55645468)"
9636,VT0130200,12BB02350,03/31/2012,Hunt Ave,Brattleboro,NO DATA,NO DATA,NO DATA,NO DATA,20 Hunt Ave,NO DATA,NO DATA,25,7 - Other - Explain in Narrative,South,495474,37347,NO DATA,NO DATA,NO DATA,Street or Town Highways in FA Urban Area,Unknown,999.99,NO DATA,XY,Property Damage Only,"(42.83620549, -72.55536210)"
9642,VT0130200,12BB02998,04/25/2012,Putney Rd,Brattleboro,NO DATA,NO DATA,NO DATA,NO DATA,Supreme Fitness Parking Lot,NO DATA,NO DATA,99,5 - Rear-to-rear,NO DATA,495838,44024,NO DATA,NO DATA,NO DATA,"Other Public Roadway (Rest Areas, Shopping Center",Unknown,999.99,NO DATA,XY,Property Damage Only,"(42.89631404, -72.55095915)"
9643,VT0130200,12BB08286,10/31/2012,47 Old Ferry Rd,Brattleboro,NO DATA,NO DATA,NO DATA,NO DATA,C&S Employee Parking Lot,NO DATA,NO DATA,99,NO DATA,NO DATA,496018,43654,NO DATA,NO DATA,NO DATA,"Other Public Roadway (Rest Areas, Shopping Center",Unknown,999.99,NO DATA,XY,Property Damage Only,"(42.89298427, -72.54875268)"
9644,VT0130600,12VN00381,04/20/2012,Min. C 0514 (621 Tyler Hill Road),Vernon,NO DATA,NO DATA,NO DATA,NO DATA,NO DATA,300,Feet,35,6 - Single Vehicle Crash,West,496107,31846,NO DATA,NO DATA,NO DATA,Minor Collector - Non Fed Aid Rural TH,MinCollector,999.99,NO DATA,XY,Injury,"(42.78668839, -72.54758141)"
9645,VT0130200,12BB01848,03/13/2012,Old Ferry Rd,Brattleboro,NO DATA,NO DATA,NO DATA,NO DATA,C & S Loading Dock,NO DATA,NO DATA,99,7 - Other - Explain in Narrative,NO DATA,496116,43316,NO DATA,NO DATA,NO DATA,"Other Public Roadway (Rest Areas, Shopping Center",Unknown,999.99,NO DATA,XY,Property Damage Only,"(42.88994211, -72.54755053)"
9646,VT0130200,12BB02008,03/19/2012,TH-12 Sunset Lake Rd,Brattleboro,NO DATA,NO DATA,NO DATA,NO DATA,619 Sunset Lake Rd,NO DATA,NO DATA,25,3 - Same Direction Sideswipe,NO DATA,496117,43318,NO DATA,NO DATA,NO DATA,"City, Village or Urban Compact Street not in FA Ur",TOWN ROAD 0012,999.99,NO DATA,XY,Property Damage Only,"(42.88996012, -72.54753830)"
9647,VTVSP0400,12D103589,11/05/2012,Min C 0570 Tarbell Hill Rd,Cavendish,2,NO DATA,NO DATA,NO DATA,Knapp Pond Rd TH# 5,NO DATA,NO DATA,35,6 - Single Vehicle Crash,NO DATA,496168,103628,NO DATA,NO DATA,NO DATA,Minor Collector - Non Fed Aid Rural TH,MinCollector,999.99,NO DATA,XY,Property Damage Only,"(43.43284408, -72.54733119)"
9648,VT0120600,12BL02422,09/30/2012,168 Ames Drive,Berlin,NO DATA,NO DATA,NO DATA,NO DATA,Price Chopper,100,Feet,99,7 - Other - Explain in Narrative,North,496189,191485,NO DATA,NO DATA,NO DATA,"Other Public Roadway (Rest Areas, Shopping Center",Unknown,999.99,NO DATA,XY,Property Damage Only,"(44.22360112, -72.54769742)"