ID,Reporting Agency,Report Number,Date,Street Address,Town,Number,Number1,Number2,Number3,Intersection,Distance From Intersection,Distance Unit,Posted Speed,Direction of Collision,Direction from Intersection,Easting,Northing,Mile Marker,Mile Marker 1,Mile Marker 2,AOT Roadway,AOT Route,AOT Actual Mile,LRS Number,How Mapped,Crash Type,Location 1
9655,VTVSP1000,12D202503,09/06/2012,Min. C 0530 (138 East West Road),Dummerston,1,NO DATA,NO DATA,NO DATA,House #152,300,Feet,30,4 - Opp Direction Sideswipe,West,496515,47755,NO DATA,NO DATA,NO DATA,Minor Collector - Non Fed Aid Rural TH,MinCollector,999.99,NO DATA,XY,Property Damage Only,"(42.92990369, -72.54269339)"
9656,VTVSP1000,12D200489,02/16/2012,TH-4 Houghton Brook Road,Putney,4,NO DATA,NO DATA,NO DATA,"Waterman Street, TH #56",1,Miles,35,6 - Single Vehicle Crash,North,496526,52637,NO DATA,NO DATA,NO DATA,"City, Village or Urban Compact Street not in FA Ur",TOWN ROAD 0004,999.99,NO DATA,XY,Property Damage Only,"(42.97385095, -72.54258893)"
9657,VTVSP1000,12D202686,09/25/2012,Houghton Brook Rd,Putney,4,NO DATA,NO DATA,NO DATA,TH┬á┬á 68,600,Feet,99,6 - Single Vehicle Crash,North,496546,52928,NO DATA,NO DATA,NO DATA,"City, Village or Urban Compact Street not in FA Ur",TOWN ROAD 0004,999.99,NO DATA,XY,Property Damage Only,"(42.97647058, -72.54234554)"
9658,VT0140200,12SF03308,08/17/2012,TH-75 Whitney Road,Springfield,75,NO DATA,NO DATA,NO DATA,Fox Chair Mountain Road,253,Feet,99,6 - Single Vehicle Crash,North,496654,83095,NO DATA,NO DATA,NO DATA,"City, Village or Urban Compact Street not in FA Ur",TOWN ROAD 0075,999.99,NO DATA,XY,Property Damage Only,"(43.24802330, -72.54120329)"
9659,VT0080000,12LC02241,08/12/2012,TH-53 Garfield Road,Hyde Park,NO DATA,NO DATA,NO DATA,NO DATA,McFarlane Road And Garfield Road,200,Feet,50,6 - Single Vehicle Crash,South,496706,231596,NO DATA,NO DATA,NO DATA,"City, Village or Urban Compact Street not in FA Ur",TOWN ROAD 0053,999.99,NO DATA,XY,Injury,"(44.58458619, -72.54148127)"
9660,VT0140500,12WK02004,11/16/2012,TH-4 Church Hill Rd/454 Woodstock Rd.,Woodstock,NO DATA,NO DATA,NO DATA,NO DATA,Church Hill Rd. And Greene Rd.,10,Feet,35,4 - Opp Direction Sideswipe,East,496752,119634,NO DATA,NO DATA,NO DATA,"City, Village or Urban Compact Street not in FA Ur",TOWN ROAD 0004,999.99,NO DATA,XY,Property Damage Only,"(43.57691704, -72.54021357)"
9661,VT0140200,12SF00199,01/17/2012,Min. C 0562 Tarbell Road,Springfield,NO DATA,NO DATA,NO DATA,NO DATA,Bridge,100,Feet,25,6 - Single Vehicle Crash,West,496861,91154,NO DATA,NO DATA,NO DATA,Minor Collector - Non Fed Aid Rural TH,MinCollector,999.99,NO DATA,XY,Property Damage Only,"(43.32056615, -72.53870028)"
9668,VTVSP1200,12A301994,05/14/2012,751 Vermont RT 12,Worcester,NO DATA,12,NO DATA,NO DATA,751 Elmore Road,0,Miles,50,1 - Rear End,North,497113,213950,120,210,0,State System (State Highways and Class I TH links),VT-12,999.99,NO DATA,XY,Injury,"(44.42578398, -72.53625751)"
9669,VTVSP1000,12D201819,07/01/2012,TH-2 West Hill Road,Putney,2,NO DATA,NO DATA,NO DATA,Westminster Road,1,Miles,35,6 - Single Vehicle Crash,West,497137,54268,NO DATA,NO DATA,NO DATA,"City, Village or Urban Compact Street not in FA Ur",TOWN ROAD 0002,999.99,NO DATA,XY,Property Damage Only,"(42.98853549, -72.53510702)"
9670,VT0140200,12SF00657,02/29/2012,TH-9 Kirk Meadow Road,Springfield,9,NO DATA,NO DATA,NO DATA,Lindgren Road,0,Miles,25,7 - Other - Explain in Narrative,East,497198,88534,NO DATA,NO DATA,NO DATA,"City, Village or Urban Compact Street not in FA Ur",TOWN ROAD 0009,999.99,NO DATA,XY,Injury,"(43.29698402, -72.53453222)"
9671,VTVSP1200,12A301330,03/28/2012,Min. C 0620 Chelsea Road,Williamstown,3,NO DATA,NO DATA,NO DATA,South Hill Road,1300,Feet,35,6 - Single Vehicle Crash,West,497252,178201,NO DATA,NO DATA,NO DATA,Minor Collector - Non Fed Aid Rural TH,MinCollector,999.99,NO DATA,XY,Property Damage Only,"(44.10405029, -72.53432414)"
9672,VT0140200,12SF01956,05/29/2012,283 Kirk Meadow Road,Springfield,NO DATA,NO DATA,NO DATA,NO DATA,Lacross Road,1,Miles,35,6 - Single Vehicle Crash,West,497515,88260,NO DATA,NO DATA,NO DATA,"City, Village or Urban Compact Street not in FA Ur",TOWN ROAD 0009,999.99,NO DATA,XY,Property Damage Only,"(43.29451876, -72.53062436)"
9673,VTVSP0100,12A101076,03/23/2012,RT 12,Elmore,NO DATA,12,NO DATA,NO DATA,Worcester County Line,1,Miles,50,6 - Single Vehicle Crash,West,497581,219437,NO DATA,NO DATA,NO DATA,State System (State Highways and Class I TH links),VT-12,999.99,NO DATA,XY,Property Damage Only,"(44.47516605, -72.53040575)"
9674,VTVSP1000,12D203603,12/27/2012,TH-66 Johnsons Curve Road,Dummerston,66,NO DATA,NO DATA,NO DATA,NO DATA,NO DATA,NO DATA,35,6 - Single Vehicle Crash,NO DATA,497652,51526,NO DATA,NO DATA,NO DATA,"City, Village or Urban Compact Street not in FA Ur",TOWN ROAD 0066,999.99,NO DATA,XY,Property Damage Only,"(42.96385419, -72.52878061)"
9681,VT0140200,12SF01420,04/23/2012,Main Street (North Sfld),Springfield,NO DATA,NO DATA,NO DATA,NO DATA,USPS,NO DATA,NO DATA,99,6 - Single Vehicle Crash,NO DATA,498073,92520,NO DATA,NO DATA,NO DATA,"Other Public Roadway (Rest Areas, Shopping Center",Unknown,999.99,NO DATA,XY,Property Damage Only,"(43.33286600, -72.52376294)"
9682,VT0120100,12BA04182,06/18/2012,Vermont Rt 62,Barre City,NO DATA,NO DATA,NO DATA,NO DATA,NO DATA,4,Miles,50,2 - Head On,West,498190,189982,NO DATA,NO DATA,NO DATA,State System (State Highways and Class I TH links),VT-62,999.99,NO DATA,XY,Property Damage Only,"(44.21008200, -72.52264889)"
9683,VT0141100,12RY00054,01/20/2012,Chelsea Street,Royalton,NO DATA,NO DATA,NO DATA,NO DATA,Railroad Street,60,Feet,25,4 - Opp Direction Sideswipe,West,498255,146665,NO DATA,NO DATA,NO DATA,"Other Public Roadway (Rest Areas, Shopping Center",Unknown,999.99,NO DATA,XY,Property Damage Only,"(43.82022020, -72.52169297)"
9684,VT0141100,12RY01086,10/10/2012,TH-1 Chelsea Street,Royalton,NO DATA,NO DATA,NO DATA,NO DATA,South Windsor Street,10,Feet,25,2 - Head On,North,498281,146692,NO DATA,NO DATA,NO DATA,"City, Village or Urban Compact Street not in FA Ur",TOWN ROAD 0001,999.99,NO DATA,XY,Property Damage Only,"(43.82046327, -72.52136986)"
9685,VT0140200,12SF02380,06/26/2012,TH-8 French Meadow Road,Springfield,NO DATA,NO DATA,NO DATA,NO DATA,NO DATA,NO DATA,NO DATA,25,6 - Single Vehicle Crash,NO DATA,498292,89446,NO DATA,NO DATA,NO DATA,"City, Village or Urban Compact Street not in FA Ur",TOWN ROAD 0008,999.99,NO DATA,XY,Property Damage Only,"(43.30519651, -72.52105289)"
9686,VT0120500,12BT02715,10/04/2012,TH-8 Averill Rd,Barre Town,NO DATA,NO DATA,NO DATA,NO DATA,Lepage Rd,133,Feet,25,6 - Single Vehicle Crash,NO DATA,498348,192814,NO DATA,NO DATA,NO DATA,"City, Village or Urban Compact Street not in FA Ur",TOWN ROAD 0008,999.99,NO DATA,XY,Property Damage Only,"(44.23557003, -72.52068083)"
9687,VTVSP1100,12D300333,01/21/2012,TH-2 Spring Rd,Tunbridge,NO DATA,NO DATA,NO DATA,NO DATA,Gould Rd,0,Miles,35,6 - Single Vehicle Crash,West,498492,157083,NO DATA,NO DATA,NO DATA,"City, Village or Urban Compact Street not in FA Ur",TOWN ROAD 0002,999.99,NO DATA,XY,Injury,"(43.91398731, -72.51877628)"
9694,VT0120100,12BA02499,04/16/2012,FAU-6004 Beckley Hill,Barre City,NO DATA,NO DATA,NO DATA,NO DATA,NO DATA,NO DATA,NO DATA,25,1 - Rear End,North,499057,189552,NO DATA,NO DATA,NO DATA,Federal Aid Urban System (Class 2 TH's and 3 TH's,"BECKLEY ST., BARRE CITY",999.99,NO DATA,XY,Property Damage Only,"(44.20621368, -72.51179974)"
9695,VT0140200,12SF00136,01/12/2012,TH-86 Breezy Hill Road,Springfield,86,NO DATA,NO DATA,NO DATA,Woodland Drive,NO DATA,NO DATA,25,6 - Single Vehicle Crash,North,499150,88870,NO DATA,NO DATA,NO DATA,"City, Village or Urban Compact Street not in FA Ur",TOWN ROAD 0086,999.99,NO DATA,XY,Property Damage Only,"(43.30001320, -72.51047682)"
9696,VT0140200,12SF02359,06/08/2012,Route 106,Springfield,NO DATA,NO DATA,NO DATA,NO DATA,HCRS Parking Lot,NO DATA,NO DATA,99,3 - Same Direction Sideswipe,NO DATA,499187,91631,NO DATA,NO DATA,NO DATA,"Other Public Roadway (Rest Areas, Shopping Center",Unknown,999.99,NO DATA,XY,Property Damage Only,"(43.32486588, -72.51002490)"
9697,VT0120100,12BA08725,12/17/2012,39 Fortney Place,Barre City,NO DATA,NO DATA,NO DATA,NO DATA,Pleasant St,1,Feet,25,6 - Single Vehicle Crash,South,499216,189597,NO DATA,NO DATA,NO DATA,Street or Town Highways in FA Urban Area,Unknown,999.99,NO DATA,XY,Property Damage Only,"(44.20661886, -72.50981045)"
9698,VT0140200,12SF00312,01/27/2012,Fairground Road,Springfield,NO DATA,NO DATA,NO DATA,NO DATA,153 Fairground Road,10,Feet,35,6 - Single Vehicle Crash,South,499235,91076,NO DATA,NO DATA,NO DATA,"City, Village or Urban Compact Street not in FA Ur",Unknown,999.99,NO DATA,XY,Property Damage Only,"(43.31987021, -72.50943232)"
9699,VT0120100,12BA07818,11/04/2012,FOSTER ST,Barre City,NO DATA,NO DATA,NO DATA,NO DATA,AT BASSETT ST,NO DATA,NO DATA,25,6 - Single Vehicle Crash,NO DATA,499257,188679,NO DATA,NO DATA,NO DATA,Street or Town Highways in FA Urban Area,Unknown,999.99,NO DATA,XY,Property Damage Only,"(44.19835698, -72.50929616)"
9700,VT0120100,12BA04931,07/13/2012,Beverage Baron Lot,Barre City,NO DATA,NO DATA,NO DATA,NO DATA,In Lot,NO DATA,NO DATA,25,6 - Single Vehicle Crash,NO DATA,499283,189282,NO DATA,NO DATA,NO DATA,"Other Public Roadway (Rest Areas, Shopping Center",Unknown,999.99,NO DATA,XY,Injury,"(44.20378396, -72.50897172)"
9707,VT0140200,12SF03429,08/22/2012,371 River Street,Springfield,NO DATA,106,NO DATA,NO DATA,371 Resturant,NO DATA,NO DATA,99,5 - Rear-to-rear,NO DATA,499387,91396,NO DATA,NO DATA,NO DATA,"Other Public Roadway (Rest Areas, Shopping Center",Unknown,999.99,NO DATA,XY,Property Damage Only,"(43.32275077, -72.50755876)"
9708,VTVSP0400,12D103420,10/20/2012,TH-31 Hartley Hill,Westminster,53,NO DATA,NO DATA,NO DATA,Morse Brook Road,1,Miles,50,7 - Other - Explain in Narrative,West,499397,66624,NO DATA,NO DATA,NO DATA,"City, Village or Urban Compact Street not in FA Ur",TOWN ROAD 0031,999.99,NO DATA,XY,Property Damage Only,"(43.09976616, -72.50740843)"
9709,VTVSP1200,12A303118,07/19/2012,TH-26 Dodge Road,East Montpelier,26,NO DATA,NO DATA,NO DATA,House 820,100,Feet,35,6 - Single Vehicle Crash,West,499402,198694,NO DATA,NO DATA,NO DATA,"City, Village or Urban Compact Street not in FA Ur",TOWN ROAD 0026,999.99,NO DATA,XY,Property Damage Only,"(44.28849058, -72.50749364)"
9710,VT0120500,12BT00104,01/13/2012,TH-60 (Holden Rd),Barre Town,60,NO DATA,NO DATA,NO DATA,Peloquin Rd,0,Miles,25,6 - Single Vehicle Crash,West,499404,184299,NO DATA,NO DATA,NO DATA,"City, Village or Urban Compact Street not in FA Ur",TOWN ROAD 0060,999.99,NO DATA,XY,Property Damage Only,"(44.15893734, -72.50745221)"
9711,VT0120500,12BT02642,09/26/2012,S Barre Commuter Lot,Barre Town,NO DATA,NO DATA,NO DATA,NO DATA,VT RT 63,300,Feet,99,3 - Same Direction Sideswipe,North,499421,185995,NO DATA,NO DATA,NO DATA,"Other Public Roadway (Rest Areas, Shopping Center",Unknown,999.99,NO DATA,XY,Property Damage Only,"(44.17420130, -72.50724155)"
9712,VT0120100,12BA03310,05/19/2012,19 Pleasant St,Barre City,NO DATA,NO DATA,NO DATA,NO DATA,Elmwood & Pleasant,NO DATA,Feet,25,NO DATA,South,499424,189490,NO DATA,NO DATA,NO DATA,Street or Town Highways in FA Urban Area,Unknown,999.99,NO DATA,XY,Property Damage Only,"(44.20565606, -72.50720787)"
9713,VT0120500,12BT00476,02/24/2012,456 S Barre Rd,Barre Town,NO DATA,14,NO DATA,NO DATA,Hannafords Parking Lot,NO DATA,NO DATA,99,"19 - Right Turn and Thru, Head On v^--",NO DATA,499458,186008,NO DATA,NO DATA,NO DATA,"Other Public Roadway (Rest Areas, Shopping Center",Unknown,999.99,NO DATA,XY,Property Damage Only,"(44.17431833, -72.50677888)"
9732,VT0120100,12BA06242,08/29/2012,Third Street,Barre City,NO DATA,NO DATA,NO DATA,NO DATA,N Main Street,350,Feet,25,3 - Same Direction Sideswipe,North,499801,188560,NO DATA,NO DATA,NO DATA,Street or Town Highways in FA Urban Area,Unknown,999.99,NO DATA,XY,Property Damage Only,"(44.19728634, -72.50249064)"
9733,VT0120100,12BA06524,09/09/2012,Green Arces,Barre City,NO DATA,NO DATA,NO DATA,NO DATA,Bergeron Street,NO DATA,NO DATA,25,5 - Rear-to-rear,North,499807,188891,NO DATA,NO DATA,NO DATA,"Other Public Roadway (Rest Areas, Shopping Center",Unknown,999.99,NO DATA,XY,Property Damage Only,"(44.20026532, -72.50241570)"
9734,VT0120100,12BA00192,01/10/2012,Church St,Barre City,NO DATA,NO DATA,NO DATA,NO DATA,S Main St,150,Feet,25,7 - Other - Explain in Narrative,East,499820,188556,NO DATA,NO DATA,NO DATA,Street or Town Highways in FA Urban Area,Unknown,999.99,NO DATA,XY,Property Damage Only,"(44.19725035, -72.50225295)"
9735,VT0120500,12BT02834,10/18/2012,TH-4 Middle Rd,Barre Town,NO DATA,NO DATA,NO DATA,NO DATA,Hutchins Cir,70,Feet,30,6 - Single Vehicle Crash,East,499835,185281,NO DATA,NO DATA,NO DATA,"City, Village or Urban Compact Street not in FA Ur",TOWN ROAD 0004,999.99,NO DATA,XY,Injury,"(44.16777554, -72.50206427)"
9736,VTVSP0400,12D104201,12/29/2012,TH-17 Morse Brook Rd,Westminster,17,NO DATA,NO DATA,NO DATA,Hurley Drive,NO DATA,NO DATA,35,6 - Single Vehicle Crash,NO DATA,499860,65418,NO DATA,NO DATA,NO DATA,"City, Village or Urban Compact Street not in FA Ur",TOWN ROAD 0017,999.99,NO DATA,XY,Property Damage Only,"(43.08891038, -72.50172058)"
9737,VT0120100,12BA05526,08/03/2012,77 Skyline Dr,Barre City,NO DATA,NO DATA,NO DATA,NO DATA,NO DATA,70,Feet,25,2 - Head On,NO DATA,499870,188615,NO DATA,NO DATA,NO DATA,Street or Town Highways in FA Urban Area,Unknown,999.99,NO DATA,XY,Injury,"(44.19778136, -72.50162748)"
9738,VT0120100,12BA03053,05/09/2012,26 3rd St,Barre City,NO DATA,NO DATA,NO DATA,NO DATA,N Main St,NO DATA,NO DATA,25,7 - Other - Explain in Narrative,NO DATA,499873,188802,NO DATA,NO DATA,NO DATA,Street or Town Highways in FA Urban Area,Unknown,999.99,NO DATA,XY,Property Damage Only,"(44.19946434, -72.50158999)"
9745,VT0120500,12BT00538,03/04/2012,TH-4 Middle Rd,Barre Town,NO DATA,NO DATA,NO DATA,NO DATA,Meadow Wood Dr,0,Miles,40,2 - Head On,South,500023,184429,NO DATA,NO DATA,NO DATA,"City, Village or Urban Compact Street not in FA Ur",TOWN ROAD 0004,999.99,NO DATA,XY,Injury,"(44.16010758, -72.49971363)"
9746,1422,1422-12-0015,01/21/2012,TH-56,West Windsor,56,NO DATA,NO DATA,NO DATA,NO DATA,0,Miles,0,6 - Single Vehicle Crash,South,500028,105583,NO DATA,NO DATA,NO DATA,"City, Village or Urban Compact Street not in FA Ur",TOWN ROAD 0056,999.99,NO DATA,XY,Property Damage Only,"(43.45045106, -72.49965520)"
9747,VT0120100,12BA05324,07/27/2012,41 Jefferson St,Barre City,NO DATA,NO DATA,NO DATA,NO DATA,Averill St,NO DATA,NO DATA,25,1 - Rear End,South,500030,188693,NO DATA,NO DATA,NO DATA,Street or Town Highways in FA Urban Area,Unknown,999.99,NO DATA,XY,Property Damage Only,"(44.19848336, -72.49962588)"
9748,VT0120100,12BA07126,10/04/2012,39 S Main St,Barre City,NO DATA,NO DATA,NO DATA,NO DATA,NO DATA,NO DATA,NO DATA,25,4 - Opp Direction Sideswipe,NO DATA,500033,188780,NO DATA,NO DATA,NO DATA,"Other Public Roadway (Rest Areas, Shopping Center",Unknown,999.99,NO DATA,XY,Property Damage Only,"(44.19926635, -72.49958834)"
9749,VTVSP0400,12D101906,06/21/2012,51 Oak St,Rockingham,17,NO DATA,NO DATA,NO DATA,NO DATA,NO DATA,NO DATA,25,6 - Single Vehicle Crash,NO DATA,500039,71257,NO DATA,NO DATA,NO DATA,"City, Village or Urban Compact Street not in FA Ur",Unknown,999.99,NO DATA,XY,Property Damage Only,"(43.14147091, -72.49952171)"
9750,VT0120100,12BA04228,06/19/2012,Academy St,Barre City,NO DATA,NO DATA,NO DATA,NO DATA,Washington St,20,Feet,25,3 - Same Direction Sideswipe,North,500060,188479,NO DATA,NO DATA,NO DATA,Street or Town Highways in FA Urban Area,Unknown,999.99,NO DATA,XY,Property Damage Only,"(44.19655738, -72.49925060)"
9751,VT0120100,12BA03230,05/15/2012,2 Academy St,Barre City,NO DATA,NO DATA,NO DATA,NO DATA,NO DATA,20,Feet,25,3 - Same Direction Sideswipe,North,500063,188476,NO DATA,NO DATA,NO DATA,Street or Town Highways in FA Urban Area,Unknown,999.99,NO DATA,XY,Property Damage Only,"(44.19653038, -72.49921307)"
9758,VTVSP0400,12D103246,10/04/2012,TH-62 Wellwood Orchard Rd,Weathersfield,62,NO DATA,NO DATA,NO DATA,Reservoir Rd,65,Feet,35,4 - Opp Direction Sideswipe,East,500233,94024,NO DATA,NO DATA,NO DATA,"City, Village or Urban Compact Street not in FA Ur",TOWN ROAD 0062,999.99,NO DATA,XY,Property Damage Only,"(43.34640635, -72.49712737)"
9759,VT0140200,12SF02151,06/08/2012,25 Ridgewood Road,Springfield,NO DATA,NO DATA,NO DATA,NO DATA,NO DATA,NO DATA,NO DATA,99,7 - Other - Explain in Narrative,NO DATA,500252,88573,NO DATA,NO DATA,NO DATA,"City, Village or Urban Compact Street not in FA Ur",Unknown,999.99,NO DATA,XY,Property Damage Only,"(43.29734024, -72.49689552)"
9760,VTVSP0800,12B202906,08/28/2012,Shortcut Road,Jay,NO DATA,NO DATA,NO DATA,NO DATA,VT RT 242,1,Miles,50,7 - Other - Explain in Narrative,West,500253,259444,NO DATA,NO DATA,NO DATA,"City, Village or Urban Compact Street not in FA Ur",Unknown,999.99,NO DATA,XY,Property Damage Only,"(44.83520084, -72.49680152)"
9761,VT0120100,12BA02284,04/09/2012,Keith Ave,Barre City,NO DATA,NO DATA,NO DATA,NO DATA,Summer St,100,Feet,25,"10 - Left Turn and Thru, Angle Broadside -->v--",North,500267,188706,NO DATA,NO DATA,NO DATA,Street or Town Highways in FA Urban Area,Unknown,999.99,NO DATA,XY,Property Damage Only,"(44.19860031, -72.49666098)"
9762,VTVSP0400,12D100570,02/20/2012,TH-62 Wellwood Orchard Rd,Weathersfield,62,NO DATA,NO DATA,NO DATA,Reservoir Road,150,Feet,30,6 - Single Vehicle Crash,East,500299,94005,NO DATA,NO DATA,NO DATA,"City, Village or Urban Compact Street not in FA Ur",TOWN ROAD 0062,999.99,NO DATA,XY,Injury,"(43.34623531, -72.49631335)"
9763,VT0140200,12SF00362,01/31/2012,Ridgewood Road,Springfield,NO DATA,NO DATA,NO DATA,NO DATA,Park Street,100,Feet,25,3 - Same Direction Sideswipe,North,500305,88759,NO DATA,NO DATA,NO DATA,"Other Public Roadway (Rest Areas, Shopping Center",Unknown,999.99,NO DATA,XY,Property Damage Only,"(43.29901447, -72.49624226)"
9764,VT0120100,12BA01731,03/17/2012,4 Cliff St,Barre City,NO DATA,NO DATA,NO DATA,NO DATA,East St,10,Feet,25,1 - Rear End,East,500318,188561,NO DATA,NO DATA,NO DATA,Street or Town Highways in FA Urban Area,Unknown,999.99,NO DATA,XY,Property Damage Only,"(44.19729530, -72.49602305)"
9783,VT0140200,12SF04022,09/23/2012,Westview Avenue,Springfield,NO DATA,NO DATA,NO DATA,NO DATA,45 Westview Avenue,150,Feet,15,1 - Rear End,NO DATA,500627,89627,NO DATA,NO DATA,NO DATA,"City, Village or Urban Compact Street not in FA Ur",Unknown,999.99,NO DATA,XY,Injury,"(43.30682743, -72.49227289)"
9784,VT0140200,12SF01990,06/01/2012,2 Chester Road,Springfield,NO DATA,NO DATA,NO DATA,NO DATA,Rite Aid Parking Lot,100,Feet,25,7 - Other - Explain in Narrative,East,500635,89182,NO DATA,NO DATA,NO DATA,"Other Public Roadway (Rest Areas, Shopping Center",Unknown,999.99,NO DATA,XY,Property Damage Only,"(43.30282183, -72.49217480)"
9785,VT0140200,12SF05285,12/23/2012,Chester Road,Springfield,NO DATA,NO DATA,NO DATA,NO DATA,Plaza Parking Lot,0,Feet,15,NO DATA,South,500635,89176,NO DATA,NO DATA,NO DATA,"Other Public Roadway (Rest Areas, Shopping Center",Unknown,999.99,NO DATA,XY,Injury,"(43.30276782, -72.49217481)"
9786,VT0140200,12SF00325,01/28/2012,2 Chester Road,Springfield,1,NO DATA,NO DATA,NO DATA,Rte 11,200,Feet,10,NO DATA,South,500642,89170,NO DATA,NO DATA,NO DATA,"Other Public Roadway (Rest Areas, Shopping Center",Unknown,999.99,NO DATA,XY,Property Damage Only,"(43.30271381, -72.49208854)"
9787,VT0140200,12SF00280,01/24/2012,2 Chester Road (VT RT 11),Springfield,NO DATA,NO DATA,NO DATA,NO DATA,Parking Lot Of Springfied Plaza In Front Of Shaw's,NO DATA,NO DATA,99,7 - Other - Explain in Narrative,NO DATA,500649,89169,NO DATA,NO DATA,NO DATA,"Other Public Roadway (Rest Areas, Shopping Center",Unknown,999.99,NO DATA,XY,Property Damage Only,"(43.30270480, -72.49200227)"
9788,VT0140200,12SF03375,08/20/2012,3 Chester Road,Springfield,NO DATA,11,NO DATA,NO DATA,Springfield Plaza,100,Feet,99,5 - Rear-to-rear,North,500654,89171,NO DATA,NO DATA,NO DATA,"Other Public Roadway (Rest Areas, Shopping Center",Unknown,999.99,NO DATA,XY,Property Damage Only,"(43.30272280, -72.49194064)"
9789,VT0140200,12SF00327,01/28/2012,TH-114 MIDDLE ROAD,Springfield,NO DATA,NO DATA,NO DATA,NO DATA,CRAIGUE HILL ROAD,0,Miles,25,6 - Single Vehicle Crash,East,500656,85635,NO DATA,NO DATA,NO DATA,"City, Village or Urban Compact Street not in FA Ur",Unknown,999.99,NO DATA,XY,Property Damage Only,"(43.27089400, -72.49192020)"
9796,VT0140200,12SF04972,11/28/2012,2 Chester Road,Springfield,NO DATA,NO DATA,NO DATA,NO DATA,Springfield Plaza,500,Feet,10,3 - Same Direction Sideswipe,North,500705,89186,NO DATA,NO DATA,NO DATA,"Other Public Roadway (Rest Areas, Shopping Center",Unknown,999.99,NO DATA,XY,Property Damage Only,"(43.30285778, -72.49131205)"
9797,VT0140200,12SF01135,04/03/2012,2 Chester Road,Springfield,NO DATA,NO DATA,NO DATA,NO DATA,Springfield Plaza,NO DATA,NO DATA,99,"10 - Left Turn and Thru, Angle Broadside -->v--",NO DATA,500711,89231,NO DATA,NO DATA,NO DATA,"Other Public Roadway (Rest Areas, Shopping Center",Unknown,999.99,NO DATA,XY,Property Damage Only,"(43.30326283, -72.49123805)"
9798,VT0120100,12BA03828,06/05/2012,8 Circle St,Barre City,NO DATA,NO DATA,NO DATA,NO DATA,#8 Circle St,1,Feet,25,6 - Single Vehicle Crash,North,500722,187546,NO DATA,NO DATA,NO DATA,Street or Town Highways in FA Urban Area,Unknown,999.99,NO DATA,XY,Injury,"(44.18816009, -72.49097047)"
9799,VT0120100,12BA08575,12/11/2012,5 Adams St,Barre City,NO DATA,NO DATA,NO DATA,NO DATA,Driveway At 5 Adams St,1,Feet,10,5 - Rear-to-rear,North,500767,188375,NO DATA,NO DATA,NO DATA,Private Property (Driveways),Unknown,999.99,NO DATA,XY,Property Damage Only,"(44.19562098, -72.49040641)"
9800,VT0140200,12SF05118,12/09/2012,2 Chester Road,Springfield,NO DATA,NO DATA,NO DATA,NO DATA,Springfield Plaza,NO DATA,NO DATA,99,1 - Rear End,NO DATA,500770,89169,NO DATA,NO DATA,NO DATA,"Other Public Roadway (Rest Areas, Shopping Center",Unknown,999.99,NO DATA,XY,Injury,"(43.30270469, -72.49051096)"
9801,VT0120100,12BA01842,03/21/2012,340 Tremont Street,Barre City,NO DATA,NO DATA,NO DATA,NO DATA,NO DATA,NO DATA,NO DATA,25,"8 - No Turns, Thru moves only, Broadside ^<",North,500840,188500,NO DATA,NO DATA,NO DATA,Street or Town Highways in FA Urban Area,Unknown,999.99,NO DATA,XY,Property Damage Only,"(44.19674589, -72.48949301)"
9802,VT0120100,12BA01867,03/22/2012,32 East ST,Barre City,NO DATA,NO DATA,NO DATA,NO DATA,East St & Eastern Ave,NO DATA,NO DATA,25,"8 - No Turns, Thru moves only, Broadside ^<",NO DATA,500840,188500,NO DATA,NO DATA,NO DATA,Street or Town Highways in FA Urban Area,Unknown,999.99,NO DATA,XY,Property Damage Only,"(44.19674589, -72.48949301)"
9809,VT0140200,12SF05349,12/29/2012,Park Street,Springfield,NO DATA,NO DATA,NO DATA,NO DATA,Union Street,50,Feet,25,NO DATA,South,501024,88620,NO DATA,NO DATA,NO DATA,"City, Village or Urban Compact Street not in FA Ur",Unknown,999.99,NO DATA,XY,Property Damage Only,"(43.29776265, -72.48738146)"
9810,VT0140200,12SF02510,07/04/2012,103 Park Street,Springfield,NO DATA,NO DATA,NO DATA,NO DATA,Union Street,100,Feet,25,1 - Rear End,NO DATA,501028,88617,NO DATA,NO DATA,NO DATA,"City, Village or Urban Compact Street not in FA Ur",Unknown,999.99,NO DATA,XY,Property Damage Only,"(43.29773564, -72.48733217)"
9811,VT0140200,12SF03902,09/16/2012,114 Park Street (parking Lot),Springfield,NO DATA,NO DATA,NO DATA,NO DATA,Park Street,35,Feet,99,7 - Other - Explain in Narrative,South,501036,88595,NO DATA,NO DATA,NO DATA,"Other Public Roadway (Rest Areas, Shopping Center",Unknown,999.99,NO DATA,XY,Property Damage Only,"(43.29753760, -72.48723362)"
9812,VT0140200,12SF00653,02/20/2012,13 BAILEY STREET,Springfield,378,NO DATA,NO DATA,NO DATA,HOLT STREET,20,Feet,25,7 - Other - Explain in Narrative,East,501067,88046,NO DATA,NO DATA,NO DATA,"City, Village or Urban Compact Street not in FA Ur",Unknown,999.99,NO DATA,XY,Property Damage Only,"(43.29259582, -72.48685264)"
9813,VT0140200,12SF01911,05/26/2012,Pearl Street,Springfield,NO DATA,NO DATA,NO DATA,NO DATA,New Medical Building,100,Feet,25,7 - Other - Explain in Narrative,North,501074,88976,NO DATA,NO DATA,NO DATA,"Other Public Roadway (Rest Areas, Shopping Center",Unknown,999.99,NO DATA,XY,Property Damage Only,"(43.30096706, -72.48676457)"