ID,Reporting Agency,Report Number,Date,Street Address,Town,Number,Number1,Number2,Number3,Intersection,Distance From Intersection,Distance Unit,Posted Speed,Direction of Collision,Direction from Intersection,Easting,Northing,Mile Marker,Mile Marker 1,Mile Marker 2,AOT Roadway,AOT Route,AOT Actual Mile,LRS Number,How Mapped,Crash Type,Location 1
9814,VT0140200,12SF00674,03/02/2012,8 North Main Street,Springfield,342,NO DATA,NO DATA,NO DATA,#8,300,Feet,25,4 - Opp Direction Sideswipe,North,501096,89215,NO DATA,NO DATA,NO DATA,"City, Village or Urban Compact Street not in FA Ur",Unknown,999.99,NO DATA,XY,Property Damage Only,"(43.30311835, -72.48649295)"
9815,VT0120500,12BT02043,07/27/2012,70 Websterville Rd,Barre Town,NO DATA,NO DATA,NO DATA,NO DATA,Barre Town Elem & Middle School,NO DATA,NO DATA,99,6 - Single Vehicle Crash,NO DATA,501109,185350,NO DATA,NO DATA,NO DATA,"Other Public Roadway (Rest Areas, Shopping Center",Unknown,999.99,NO DATA,XY,Property Damage Only,"(44.16839572, -72.48613454)"
9822,VT0140200,12SF04453,10/22/2012,100 Mineral Street,Springfield,NO DATA,NO DATA,NO DATA,NO DATA,Mineral Street,NO DATA,NO DATA,99,3 - Same Direction Sideswipe,NO DATA,501326,88561,NO DATA,NO DATA,NO DATA,"Other Public Roadway (Rest Areas, Shopping Center",Unknown,999.99,NO DATA,XY,Property Damage Only,"(43.29723110, -72.48365978)"
9823,VT0140200,12SF02783,07/20/2012,Mineral Street,Springfield,NO DATA,NO DATA,NO DATA,NO DATA,Gulf Street,200,Feet,25,6 - Single Vehicle Crash,South,501335,88422,NO DATA,NO DATA,NO DATA,Street or Town Highways in FA Urban Area,Unknown,999.99,NO DATA,XY,Injury,"(43.29597990, -72.48354921)"
9824,VT0140200,12SF05016,12/01/2012,Grove Street,Springfield,NO DATA,NO DATA,NO DATA,NO DATA,Union Street,200,Feet,25,6 - Single Vehicle Crash,North,501369,88051,NO DATA,NO DATA,NO DATA,"City, Village or Urban Compact Street not in FA Ur",Unknown,999.99,NO DATA,XY,Property Damage Only,"(43.29264034, -72.48313113)"
9825,VT0140200,12SF00246,01/21/2012,54 Grove St,Springfield,380,NO DATA,NO DATA,NO DATA,Mt. Vernon St.,150,Feet,25,6 - Single Vehicle Crash,West,501381,88064,NO DATA,NO DATA,NO DATA,"City, Village or Urban Compact Street not in FA Ur",Unknown,999.99,NO DATA,XY,Injury,"(43.29275733, -72.48298322)"
9826,VT0140200,12SF00373,02/01/2012,Factory Street,Springfield,NO DATA,NO DATA,NO DATA,NO DATA,Parking Lot,50,Feet,25,2 - Head On,West,501382,88730,NO DATA,NO DATA,NO DATA,"Other Public Roadway (Rest Areas, Shopping Center",Unknown,999.99,NO DATA,XY,Property Damage Only,"(43.29875223, -72.48296923)"
9827,VT0140200,12SF04872,11/20/2012,11 PARK STREET,Springfield,NO DATA,NO DATA,NO DATA,NO DATA,NO DATA,NO DATA,NO DATA,25,6 - Single Vehicle Crash,NO DATA,501384,88749,NO DATA,NO DATA,NO DATA,"City, Village or Urban Compact Street not in FA Ur",Unknown,999.99,NO DATA,XY,Property Damage Only,"(43.29892325, -72.48294453)"
9828,VT0140200,12SF05026,12/02/2012,Grove Street,Springfield,380,NO DATA,NO DATA,NO DATA,54 Grove Street,50,Feet,25,6 - Single Vehicle Crash,South,501404,88089,NO DATA,NO DATA,NO DATA,Street or Town Highways in FA Urban Area,Unknown,999.99,NO DATA,XY,Property Damage Only,"(43.29298233, -72.48269973)"
9835,VT0140200,12SF00661,02/29/2012,54 Grove Street,Springfield,380,NO DATA,NO DATA,NO DATA,Union Street,250,Feet,25,NO DATA,East,501511,88166,NO DATA,NO DATA,NO DATA,"City, Village or Urban Compact Street not in FA Ur",Unknown,999.99,NO DATA,XY,Property Damage Only,"(43.29367522, -72.48138097)"
9836,VT0140200,12SF04702,11/07/2012,1 Wall Street,Springfield,NO DATA,NO DATA,NO DATA,NO DATA,NO DATA,NO DATA,NO DATA,25,7 - Other - Explain in Narrative,NO DATA,501553,88645,NO DATA,NO DATA,NO DATA,"Other Public Roadway (Rest Areas, Shopping Center",Unknown,999.99,NO DATA,XY,Property Damage Only,"(43.29798678, -72.48086205)"
9837,VT0140200,12SF04518,10/26/2012,MINERAL STREET,Springfield,369,NO DATA,NO DATA,NO DATA,GROVE STREET,20,Feet,25,3 - Same Direction Sideswipe,West,501554,88219,NO DATA,NO DATA,NO DATA,"City, Village or Urban Compact Street not in FA Ur",Unknown,999.99,NO DATA,XY,Property Damage Only,"(43.29415221, -72.48085093)"
9838,VT0140200,12SF00494,02/14/2012,Main Street,Springfield,NO DATA,NO DATA,NO DATA,NO DATA,Post Office Parking Lot,500,Feet,25,3 - Same Direction Sideswipe,North,501568,88418,NO DATA,NO DATA,NO DATA,"Other Public Roadway (Rest Areas, Shopping Center",Unknown,999.99,NO DATA,XY,Property Damage Only,"(43.29594345, -72.48067784)"
9839,VT0140200,12SF01815,05/20/2012,1 Mineral Street,Springfield,NO DATA,NO DATA,NO DATA,NO DATA,NO DATA,NO DATA,NO DATA,99,6 - Single Vehicle Crash,NO DATA,501571,88228,NO DATA,NO DATA,NO DATA,"Other Public Roadway (Rest Areas, Shopping Center",Unknown,999.99,NO DATA,XY,Property Damage Only,"(43.29423318, -72.48064141)"
9840,VT0140200,12SF02284,06/21/2012,Mineral Street,Springfield,369,NO DATA,NO DATA,NO DATA,Grove Street,NO DATA,NO DATA,25,4 - Opp Direction Sideswipe,NO DATA,501578,88207,NO DATA,NO DATA,NO DATA,"City, Village or Urban Compact Street not in FA Ur",Unknown,999.99,NO DATA,XY,Property Damage Only,"(43.29404414, -72.48055521)"
9841,VTVSP1000,12D202510,09/07/2012,321 S. Pine Banks Rd,Putney,19,NO DATA,NO DATA,NO DATA,NO DATA,NO DATA,NO DATA,99,6 - Single Vehicle Crash,NO DATA,501580,57771,NO DATA,NO DATA,NO DATA,"City, Village or Urban Compact Street not in FA Ur",TOWN ROAD 0019,999.99,NO DATA,XY,Property Damage Only,"(43.02007256, -72.48061733)"
9848,VT0140200,12SF03619,08/31/2012,34 Clinton Street,Springfield,1,NO DATA,NO DATA,NO DATA,River Valley Credit Union 34 Clinton Street,250,Feet,35,7 - Other - Explain in Narrative,East,501727,88213,NO DATA,NO DATA,NO DATA,"Other Public Roadway (Rest Areas, Shopping Center",Unknown,999.99,NO DATA,XY,Property Damage Only,"(43.29409782, -72.47871904)"
9849,VT0140200,12SF04340,10/15/2012,Min. C 0560 South Street,Springfield,NO DATA,NO DATA,NO DATA,NO DATA,Union Street,0,Feet,25,NO DATA,NO DATA,501771,87774,NO DATA,NO DATA,NO DATA,Minor Collector - Non Fed Aid Rural TH,MinCollector,999.99,NO DATA,XY,Property Damage Only,"(43.29014613, -72.47817823)"
9850,VTVSP0400,12D104068,12/17/2012,TH-18 Davidson Hill Road,Westminster,18,NO DATA,NO DATA,NO DATA,VT Route 121,0,Miles,99,6 - Single Vehicle Crash,West,501777,69535,NO DATA,NO DATA,NO DATA,"City, Village or Urban Compact Street not in FA Ur",TOWN ROAD 0018,999.99,NO DATA,XY,Injury,"(43.12596807, -72.47816294)"
9851,VT0140200,12SF00198,01/17/2012,MERRILL STREET,Springfield,413,NO DATA,NO DATA,NO DATA,SOUTH STREET,50,Feet,25,6 - Single Vehicle Crash,East,501795,87916,NO DATA,NO DATA,NO DATA,"City, Village or Urban Compact Street not in FA Ur",Unknown,999.99,NO DATA,XY,Property Damage Only,"(43.29142426, -72.47788203)"
9852,VT0140200,12SF02184,06/14/2012,50 Clinton Street,Springfield,1,NO DATA,NO DATA,NO DATA,Inner Gas Pumps,350,Feet,35,7 - Other - Explain in Narrative,East,501822,88183,NO DATA,NO DATA,NO DATA,"Other Public Roadway (Rest Areas, Shopping Center",Unknown,999.99,NO DATA,XY,Property Damage Only,"(43.29382756, -72.47754844)"
9853,VT0140200,12SF01807,05/19/2012,Circular Street,Springfield,NO DATA,NO DATA,NO DATA,NO DATA,Orchard Street,NO DATA,NO DATA,25,6 - Single Vehicle Crash,NO DATA,501830,88807,NO DATA,NO DATA,NO DATA,"City, Village or Urban Compact Street not in FA Ur",Unknown,999.99,NO DATA,XY,Injury,"(43.29944438, -72.47744778)"
9854,VT0140200,12SF02504,07/03/2012,Clinton Street,Springfield,NO DATA,NO DATA,NO DATA,NO DATA,One Credit Union Parking Lot,NO DATA,NO DATA,99,7 - Other - Explain in Narrative,NO DATA,501836,88128,NO DATA,NO DATA,NO DATA,"Other Public Roadway (Rest Areas, Shopping Center",Unknown,999.99,NO DATA,XY,Property Damage Only,"(43.29333245, -72.47737610)"
9861,VT0120500,12BT02371,08/23/2012,Balsam Dr,Barre Town,NO DATA,NO DATA,NO DATA,NO DATA,Hill St,525,Feet,25,7 - Other - Explain in Narrative,East,502004,188129,NO DATA,NO DATA,NO DATA,Street or Town Highways in FA Urban Area,Unknown,999.99,NO DATA,XY,Fatal,"(44.19340466, -72.47493311)"
9862,VT0080000,12LC03618,12/29/2012,Whitetail Lane,Wolcott,NO DATA,NO DATA,NO DATA,NO DATA,112 Whitetail Lane,50,Feet,99,"10 - Left Turn and Thru, Angle Broadside -->v--",North,502026,229790,NO DATA,NO DATA,NO DATA,"City, Village or Urban Compact Street not in FA Ur",Unknown,999.99,NO DATA,XY,Property Damage Only,"(44.56833810, -72.47449568)"
9863,VT0120500,12BT00631,03/14/2012,Ferris St,Barre Town,NO DATA,NO DATA,NO DATA,NO DATA,Buick St,NO DATA,NO DATA,25,"8 - No Turns, Thru moves only, Broadside ^<",NO DATA,502046,185063,NO DATA,NO DATA,NO DATA,Street or Town Highways in FA Urban Area,Unknown,999.99,NO DATA,XY,Property Damage Only,"(44.16581070, -72.47441966)"
9864,VT0140200,12SF00654,02/29/2012,TH-122 (Seavers Brook Road),Springfield,122,NO DATA,NO DATA,NO DATA,South Street,500,Feet,25,6 - Single Vehicle Crash,East,502098,84580,NO DATA,NO DATA,NO DATA,"City, Village or Urban Compact Street not in FA Ur",Unknown,999.99,NO DATA,XY,Property Damage Only,"(43.26139489, -72.47416099)"
9865,VT0140200,12SF03419,08/22/2012,Woolson Avenue,Springfield,NO DATA,NO DATA,NO DATA,NO DATA,Slack Avenue,100,Feet,25,7 - Other - Explain in Narrative,East,502104,88419,NO DATA,NO DATA,NO DATA,"City, Village or Urban Compact Street not in FA Ur",Unknown,999.99,NO DATA,XY,Property Damage Only,"(43.29595114, -72.47407242)"
9866,VTVSP0400,12D102636,08/18/2012,TH-55 Pine Banks Road,Westminster,55,NO DATA,NO DATA,NO DATA,Piggery Road,1,Miles,99,6 - Single Vehicle Crash,South,502109,60923,NO DATA,NO DATA,NO DATA,"City, Village or Urban Compact Street not in FA Ur",TOWN ROAD 0055,999.99,NO DATA,XY,Property Damage Only,"(43.04844481, -72.47411553)"
9867,VT0140200,12SF04503,10/25/2012,141 WALL STREET,Springfield,NO DATA,NO DATA,NO DATA,NO DATA,NO DATA,NO DATA,NO DATA,25,"8 - No Turns, Thru moves only, Broadside ^<",NO DATA,502129,88387,NO DATA,NO DATA,NO DATA,"City, Village or Urban Compact Street not in FA Ur",Unknown,999.99,NO DATA,XY,Property Damage Only,"(43.29566303, -72.47376446)"
9873,VT0140200,12SF02451,06/30/2012,Bridge Street,Springfield,1,NO DATA,NO DATA,NO DATA,Wall Street,100,Feet,25,3 - Same Direction Sideswipe,NO DATA,502380,88326,NO DATA,NO DATA,NO DATA,"City, Village or Urban Compact Street not in FA Ur",Unknown,999.99,NO DATA,XY,Property Damage Only,"(43.29511319, -72.47067153)"
9874,VT0120500,12BT02317,08/23/2012,Brook St,Barre Town,NO DATA,NO DATA,NO DATA,NO DATA,Sabetto St,NO DATA,NO DATA,25,"8 - No Turns, Thru moves only, Broadside ^<",NO DATA,502464,184255,NO DATA,NO DATA,NO DATA,Street or Town Highways in FA Urban Area,Unknown,999.99,NO DATA,XY,Injury,"(44.15853744, -72.46919711)"
9875,VTVSP0400,12D103509,10/27/2012,TH-52 Piggery Road,Westminster,52,NO DATA,NO DATA,NO DATA,Route 5,NO DATA,NO DATA,99,6 - Single Vehicle Crash,NO DATA,502495,61029,50,1320,215,"City, Village or Urban Compact Street not in FA Ur",TOWN ROAD 0052,999.99,NO DATA,XY,Property Damage Only,"(43.04939783, -72.46937735)"
9876,VTVSP0800,12B202582,08/08/2012,TH-17 Buck Hill Road,Lowell,NO DATA,NO DATA,NO DATA,NO DATA,Richardson Road,35,Feet,35,6 - Single Vehicle Crash,North,502525,257998,NO DATA,NO DATA,NO DATA,"City, Village or Urban Compact Street not in FA Ur",TOWN ROAD 0017,999.99,NO DATA,XY,Injury,"(44.82218399, -72.46807456)"
9877,VT0120500,12BT00157,01/18/2012,TH-55 (Donahue Rd),Barre Town,55,NO DATA,NO DATA,NO DATA,Graniteville Rd,0,Miles,25,6 - Single Vehicle Crash,East,502611,182903,NO DATA,NO DATA,NO DATA,"City, Village or Urban Compact Street not in FA Ur",TOWN ROAD 0055,999.99,NO DATA,XY,Injury,"(44.14636894, -72.46736608)"
9878,VT0140200,12SF02079,06/08/2012,144 Will Dean Road,Springfield,123,NO DATA,NO DATA,NO DATA,144 Will Dean Road,21,Feet,99,NO DATA,South,502628,85580,NO DATA,NO DATA,NO DATA,"City, Village or Urban Compact Street not in FA Ur",Unknown,999.99,NO DATA,XY,Property Damage Only,"(43.27039462, -72.46762845)"
9879,VT0140200,12SF00617,02/25/2012,3 Charlestown Road,Springfield,NO DATA,NO DATA,NO DATA,NO DATA,Parking Lot At Corner Of Clinton And Seavers Brook,25,Feet,99,7 - Other - Explain in Narrative,West,502640,86538,NO DATA,NO DATA,NO DATA,"Other Public Roadway (Rest Areas, Shopping Center",Unknown,999.99,NO DATA,XY,Property Damage Only,"(43.27901790, -72.46747604)"
9886,VTVSP0400,12D100479,02/11/2012,Min. C 0542 Back Westminster Rd,Westminster,NO DATA,NO DATA,NO DATA,NO DATA,Access Road,200,Feet,99,6 - Single Vehicle Crash,North,503211,65720,NO DATA,NO DATA,NO DATA,Minor Collector - Non Fed Aid Rural TH,MinCollector,999.99,NO DATA,XY,Property Damage Only,"(43.09162210, -72.46056207)"
9887,VT0140200,12SF04013,09/22/2012,TH-45 (242 TOWN FARM ROAD),Springfield,NO DATA,NO DATA,NO DATA,NO DATA,NO DATA,100,Feet,99,6 - Single Vehicle Crash,East,503221,92671,NO DATA,NO DATA,NO DATA,"City, Village or Urban Compact Street not in FA Ur",TOWN ROAD 0045,999.99,NO DATA,XY,Property Damage Only,"(43.33422077, -72.46028213)"
9888,VT0130000,12WHC0229,02/02/2012,TH-3 River Rd,Putney,NO DATA,NO DATA,NO DATA,NO DATA,Fort Hill Rd,0,Miles,35,2 - Head On,North,503328,57301,NO DATA,NO DATA,NO DATA,"City, Village or Urban Compact Street not in FA Ur",TOWN ROAD 0003,999.99,NO DATA,XY,Property Damage Only,"(43.01583608, -72.45917531)"
9889,VT0140200,12SF04994,11/29/2012,Randall Hill Road,Springfield,NO DATA,11,NO DATA,NO DATA,Vermont Route 11,1,Feet,50,6 - Single Vehicle Crash,East,503446,85671,NO DATA,NO DATA,NO DATA,"City, Village or Urban Compact Street not in FA Ur",Unknown,999.99,NO DATA,XY,Property Damage Only,"(43.27121046, -72.45755146)"
9890,VT0140200,12SF04021,09/23/2012,900 Randall Hill Road,Springfield,128,NO DATA,NO DATA,NO DATA,VT┬á RT 11,2,Miles,35,"10 - Left Turn and Thru, Angle Broadside -->v--",South,503578,82463,NO DATA,NO DATA,NO DATA,"City, Village or Urban Compact Street not in FA Ur",Unknown,999.99,NO DATA,XY,Injury,"(43.24233334, -72.45594623)"
9891,VTVSP0400,12D102239,07/21/2012,Min. C 0542 (354 Back Westminster Rd),Westminster,5,NO DATA,NO DATA,NO DATA,Coastal Road,1000,Feet,99,6 - Single Vehicle Crash,North,503587,65925,NO DATA,NO DATA,NO DATA,Minor Collector - Non Fed Aid Rural TH,MinCollector,999.99,NO DATA,XY,Injury,"(43.09346576, -72.45594253)"
9892,VT0140200,12SF05015,12/01/2012,TH-47 Barlow Road,Springfield,47,NO DATA,NO DATA,NO DATA,Barlow Residence,500,Feet,25,3 - Same Direction Sideswipe,West,503631,91034,NO DATA,NO DATA,NO DATA,"City, Village or Urban Compact Street not in FA Ur",TOWN ROAD 0047,999.99,NO DATA,XY,Property Damage Only,"(43.31948379, -72.45523714)"
9899,VTVSP1200,12A303695,08/23/2012,TH-5 Lower Road,Plainfield,1,NO DATA,NO DATA,NO DATA,2260 Lower RD,50,Feet,35,6 - Single Vehicle Crash,South,503836,193762,NO DATA,NO DATA,NO DATA,"City, Village or Urban Compact Street not in FA Ur",TOWN ROAD 0005,999.99,NO DATA,XY,Injury,"(44.24409367, -72.45197541)"
9900,VT0140200,12SF04847,11/17/2012,Randall Hill Road,Springfield,NO DATA,NO DATA,NO DATA,NO DATA,600 Randall Hill Road,5,Feet,35,6 - Single Vehicle Crash,South,503876,83658,NO DATA,NO DATA,NO DATA,"City, Village or Urban Compact Street not in FA Ur",Unknown,999.99,NO DATA,XY,Property Damage Only,"(43.25308856, -72.45226865)"
9901,VTVSP0400,12D102146,07/12/2012,TH-25 Henwood Hill Road,Westminster,NO DATA,NO DATA,NO DATA,NO DATA,Route 5,1,Miles,35,NO DATA,West,503944,66596,NO DATA,NO DATA,NO DATA,"City, Village or Urban Compact Street not in FA Ur",TOWN ROAD 0025,999.99,NO DATA,XY,Injury,"(43.09950410, -72.45155280)"
9902,VT0140200,12SF00139,01/12/2012,237 Randall Hill Road,Springfield,128,NO DATA,NO DATA,NO DATA,Charlestown Road (VT RT 11),1,Miles,25,6 - Single Vehicle Crash,South,503953,84851,NO DATA,NO DATA,NO DATA,"City, Village or Urban Compact Street not in FA Ur",Unknown,999.99,NO DATA,XY,Property Damage Only,"(43.26382683, -72.45131185)"
9903,VTVSP1200,12A303509,08/10/2012,Min. C 0698 Middle Road,Plainfield,1,NO DATA,NO DATA,NO DATA,Gonyeau Road,NO DATA,NO DATA,35,"8 - No Turns, Thru moves only, Broadside ^<",NO DATA,504011,192790,NO DATA,NO DATA,NO DATA,Minor Collector - Non Fed Aid Rural TH,MinCollector,999.99,NO DATA,XY,Injury,"(44.23534487, -72.44979189)"
9904,VTVSP1200,12A305462,12/22/2012,TH-5 (2260 Lower RD),Plainfield,1,NO DATA,NO DATA,NO DATA,Residence 2260,1,Miles,35,6 - Single Vehicle Crash,North,504011,194077,NO DATA,NO DATA,NO DATA,"City, Village or Urban Compact Street not in FA Ur",TOWN ROAD 0005,999.99,NO DATA,XY,Property Damage Only,"(44.24692767, -72.44978204)"
9905,VT0140200,12SF04056,09/25/2012,500 Randall Hill Rd,Springfield,NO DATA,NO DATA,NO DATA,NO DATA,NO DATA,NO DATA,NO DATA,35,6 - Single Vehicle Crash,NO DATA,504014,84657,NO DATA,NO DATA,NO DATA,"City, Village or Urban Compact Street not in FA Ur",Unknown,999.99,NO DATA,XY,Property Damage Only,"(43.26208024, -72.45056192)"
9911,VT0140300,12HF03243,09/17/2012,672 Williams Ln,Hartford,NO DATA,NO DATA,NO DATA,NO DATA,Cul-de-sac,NO DATA,NO DATA,25,6 - Single Vehicle Crash,NO DATA,504570,129108,NO DATA,NO DATA,NO DATA,"City, Village or Urban Compact Street not in FA Ur",Unknown,999.99,NO DATA,XY,Property Damage Only,"(43.66218397, -72.44334145)"
9912,VTVSP1200,12A303121,07/19/2012,123 Pitkin RD,Plainfield,NO DATA,NO DATA,NO DATA,NO DATA,Goddard College,500,Feet,99,6 - Single Vehicle Crash,South,504710,198392,NO DATA,NO DATA,NO DATA,"Other Public Roadway (Rest Areas, Shopping Center",Unknown,999.99,NO DATA,XY,Injury,"(44.28575765, -72.44099148)"
9913,VT0140300,12HF03176,09/12/2012,TH-3 (3269 Quechee Main Street),Hartford,NO DATA,NO DATA,NO DATA,NO DATA,Red Barn Road,5,Feet,25,7 - Other - Explain in Narrative,West,504822,128626,NO DATA,NO DATA,NO DATA,"City, Village or Urban Compact Street not in FA Ur",TOWN ROAD 0003,999.99,NO DATA,XY,Property Damage Only,"(43.65784401, -72.44022141)"
9914,VTVSP1100,12D301096,03/16/2012,Min. C 0634 (126 Strafford Rd),Tunbridge,NO DATA,NO DATA,NO DATA,NO DATA,126 Strafford Rd,50,Feet,35,4 - Opp Direction Sideswipe,South,504846,156247,NO DATA,NO DATA,NO DATA,Minor Collector - Non Fed Aid Rural TH,MinCollector,999.99,NO DATA,XY,Property Damage Only,"(43.90644862, -72.43967443)"
9915,VTVSP0400,12D100951,03/24/2012,TH-79 Coolidge St,Westminster,79,NO DATA,NO DATA,NO DATA,US Route 5,NO DATA,NO DATA,35,6 - Single Vehicle Crash,NO DATA,504890,69227,NO DATA,NO DATA,NO DATA,"City, Village or Urban Compact Street not in FA Ur",TOWN ROAD 0079,999.99,NO DATA,XY,Injury,"(43.12318188, -72.43990892)"
9916,VT0140200,12SF02033,06/05/2012,700 Charlestown Road,Springfield,NO DATA,NO DATA,NO DATA,NO DATA,Parking Lot Of Southern State Correctional Facility,NO DATA,NO DATA,99,2 - Head On,NO DATA,504947,85337,NO DATA,NO DATA,NO DATA,"Other Public Roadway (Rest Areas, Shopping Center",Unknown,999.99,NO DATA,XY,Property Damage Only,"(43.26819564, -72.43906435)"
9917,VT0140200,12SF01579,05/04/2012,14 Missing Link Road,Springfield,NO DATA,NO DATA,NO DATA,NO DATA,NO DATA,NO DATA,NO DATA,99,4 - Opp Direction Sideswipe,NO DATA,504998,84665,NO DATA,NO DATA,NO DATA,"Other Public Roadway (Rest Areas, Shopping Center",Unknown,999.99,NO DATA,XY,Property Damage Only,"(43.26214637, -72.43844223)"
9924,VT0140200,12SF03104,08/07/2012,TH-63 SPENCER HOLLOW ROAD,Springfield,122,NO DATA,NO DATA,NO DATA,CROWN POINT ROAD,1,Feet,25,6 - Single Vehicle Crash,East,505281,87310,NO DATA,NO DATA,NO DATA,"City, Village or Urban Compact Street not in FA Ur",TOWN ROAD 0063,999.99,NO DATA,XY,Property Damage Only,"(43.28595307, -72.43493124)"
9925,VTVSP1200,12A302462,06/14/2012,TH-27 (838 Tracy Hill RD),Roxbury,NO DATA,NO DATA,NO DATA,NO DATA,Residence 838,1,Miles,99,6 - Single Vehicle Crash,East,505402,172660,121,1215,470,"City, Village or Urban Compact Street not in FA Ur",TOWN ROAD 0027,999.99,NO DATA,XY,Property Damage Only,"(44.05416597, -72.43258599)"
9926,VTVSP0400,12D101317,04/30/2012,TH-46 (220 Gird Lot Road),Weathersfield,46,NO DATA,NO DATA,NO DATA,NO DATA,NO DATA,NO DATA,40,1 - Rear End,NO DATA,505467,95129,NO DATA,NO DATA,NO DATA,"City, Village or Urban Compact Street not in FA Ur",TOWN ROAD 0046,999.99,NO DATA,XY,Injury,"(43.35633290, -72.43256165)"
9927,VT0140200,12SF00413,02/06/2012,TH-56 Greeley Road,Springfield,NO DATA,NO DATA,NO DATA,NO DATA,Bugbee Road,400,Feet,25,6 - Single Vehicle Crash,East,505640,91335,NO DATA,NO DATA,NO DATA,"City, Village or Urban Compact Street not in FA Ur",TOWN ROAD 0056,999.99,NO DATA,XY,Property Damage Only,"(43.32218080, -72.43046655)"
9928,VTVSP1100,12D300268,01/17/2012,TH-3 Country Rd,Chelsea,3,NO DATA,NO DATA,NO DATA,County Rd & Jenkins Brook,1,Miles,35,6 - Single Vehicle Crash,South,505787,162838,NO DATA,NO DATA,NO DATA,"City, Village or Urban Compact Street not in FA Ur",TOWN ROAD 0003,999.99,NO DATA,XY,Injury,"(43.96576298, -72.42788850)"
9929,VTVSP1200,12A302401,06/10/2012,TH-33 Dog Pond Road,Woodbury,1,NO DATA,NO DATA,NO DATA,Foster Hill RD,0,Miles,35,6 - Single Vehicle Crash,East,505836,213120,NO DATA,NO DATA,NO DATA,"City, Village or Urban Compact Street not in FA Ur",TOWN ROAD 0033,999.99,NO DATA,XY,Property Damage Only,"(44.41829659, -72.42671931)"
9930,VTVSP1200,12A300380,01/22/2012,Min. C 0698 Mill Street,Plainfield,1,NO DATA,NO DATA,NO DATA,NO DATA,50,Feet,25,7 - Other - Explain in Narrative,South,505949,197479,NO DATA,NO DATA,NO DATA,Minor Collector - Non Fed Aid Rural TH,MinCollector,999.99,NO DATA,XY,Property Damage Only,"(44.27753178, -72.42547894)"
9936,VT0140300,12HF04431,12/27/2012,Willard Road,Hartford,NO DATA,NO DATA,NO DATA,NO DATA,Hartford Fire Department - Station 2,NO DATA,NO DATA,25,4 - Opp Direction Sideswipe,NO DATA,506330,127810,NO DATA,NO DATA,NO DATA,"City, Village or Urban Compact Street not in FA Ur",Unknown,999.99,NO DATA,XY,Property Damage Only,"(43.65048807, -72.42153587)"
9937,VTVSP1200,12A300905,02/25/2012,Min C 0696 Reservoir Road,Orange,1,NO DATA,NO DATA,NO DATA,George ST,0,Miles,50,6 - Single Vehicle Crash,North,506400,187070,NO DATA,NO DATA,NO DATA,Minor Collector - Non Fed Aid Rural TH,MinCollector,999.99,NO DATA,XY,Property Damage Only,"(44.18384844, -72.41995640)"
9938,VT0140300,12HF02169,06/26/2012,Min. C 0608 (491 Quechee/Hartland Rd),Hartford,NO DATA,NO DATA,NO DATA,NO DATA,Meadowland Farms Road,5,Feet,35,6 - Single Vehicle Crash,West,506428,126241,NO DATA,NO DATA,NO DATA,Minor Collector - Non Fed Aid Rural TH,MinCollector,999.99,NO DATA,XY,Property Damage Only,"(43.63636500, -72.42033975)"
9939,VTVSP1100,12D304737,10/22/2012,TH-64 (110 Rice Road),Hartland,NO DATA,NO DATA,5,NO DATA,US Route 5,1,Miles,35,6 - Single Vehicle Crash,West,506452,115391,NO DATA,NO DATA,NO DATA,"City, Village or Urban Compact Street not in FA Ur",TOWN ROAD 0064,999.99,NO DATA,XY,Property Damage Only,"(43.53870530, -72.42017148)"
9940,VTVSP1200,12A301349,03/30/2012,Min. C 0696 Reservoir Road,Orange,1,NO DATA,NO DATA,NO DATA,Knapp DRive,150,Feet,99,6 - Single Vehicle Crash,South,506729,187739,NO DATA,NO DATA,NO DATA,Minor Collector - Non Fed Aid Rural TH,MinCollector,999.99,NO DATA,XY,Injury,"(44.18986643, -72.41583303)"
9941,VTVSP0800,12B202257,07/19/2012,TH-28 (3391 Loop Rd),Troy,NO DATA,NO DATA,NO DATA,NO DATA,3391 Loop Rd,5,Miles,50,7 - Other - Explain in Narrative,West,506852,262488,NO DATA,NO DATA,NO DATA,"City, Village or Urban Compact Street not in FA Ur",TOWN ROAD 0028,999.99,NO DATA,XY,Property Damage Only,"(44.86256060, -72.41330247)"
9942,VT0141100,12RY00021,01/03/2012,TH-16 Downer Road,Sharon,16,NO DATA,NO DATA,NO DATA,Cummings Road,75,Feet,35,6 - Single Vehicle Crash,West,506894,144410,NO DATA,NO DATA,NO DATA,"City, Village or Urban Compact Street not in FA Ur",TOWN ROAD 0016,999.99,NO DATA,XY,Injury,"(43.79989395, -72.41433201)"
9949,VT0140300,12HF02024,06/17/2012,6053 Woodstock Road,Hartford,NO DATA,NO DATA,4,NO DATA,Deweys Mills Road,50,Feet,99,7 - Other - Explain in Narrative,South,507554,126321,NO DATA,NO DATA,NO DATA,"Other Public Roadway (Rest Areas, Shopping Center",Unknown,999.99,NO DATA,XY,Injury,"(43.63707449, -72.40638427)"
9950,VTVSP1200,12A303778,08/28/2012,Min. C 0696 Brook RD,Plainfield,2,NO DATA,NO DATA,NO DATA,East Hill,0,Miles,35,6 - Single Vehicle Crash,West,507810,191801,NO DATA,NO DATA,NO DATA,Minor Collector - Non Fed Aid Rural TH,MinCollector,999.99,NO DATA,XY,Injury,"(44.22641322, -72.40225117)"