ID,Reporting Agency,Report Number,Date,Street Address,Town,Number,Number1,Number2,Number3,Intersection,Distance From Intersection,Distance Unit,Posted Speed,Direction of Collision,Direction from Intersection,Easting,Northing,Mile Marker,Mile Marker 1,Mile Marker 2,AOT Roadway,AOT Route,AOT Actual Mile,LRS Number,How Mapped,Crash Type,Location 1
10102,VT0100100,12NP01349,07/05/2012,283 Main Street,Newport City,NO DATA,NO DATA,NO DATA,NO DATA,One Stop Mini Mart,25,Feet,10,6 - Single Vehicle Crash,North,522737,270540,NO DATA,NO DATA,NO DATA,"Other Public Roadway (Rest Areas, Shopping Center",Unknown,999.99,NO DATA,XY,Injury,"(44.93468866, -72.21194873)"
10103,VTVSP0800,12B204051,11/29/2012,I 91,Barton,NO DATA,NO DATA,NO DATA,91,Exit 26 On Ramp,1,Miles,65,6 - Single Vehicle Crash,North,522776,256072,NO DATA,NO DATA,NO DATA,State System (State Highways and Class I TH links),I-91,999.99,NO DATA,XY,Property Damage Only,"(44.80449362, -72.21210440)"
10104,VT0100100,12NP00715,04/15/2012,Summer Street,Newport City,NO DATA,NO DATA,NO DATA,NO DATA,Second Street,100,Feet,25,7 - Other - Explain in Narrative,West,522834,270483,NO DATA,NO DATA,NO DATA,Street or Town Highways in FA Urban Area,Unknown,999.99,NO DATA,XY,Property Damage Only,"(44.93417263, -72.21072244)"
10105,VTVSP1300,12B300156,01/23/2012,TH-9┬á (Wild Hill Road),West Fairlee,2,NO DATA,NO DATA,NO DATA,Scrutton Hill Road,50,Feet,99,4 - Opp Direction Sideswipe,South,522837,161548,NO DATA,NO DATA,NO DATA,"City, Village or Urban Compact Street not in FA Ur",TOWN ROAD 0002,999.99,NO DATA,XY,Property Damage Only,"(43.95382115, -72.21548294)"
10106,VTVSP0800,12B200965,04/08/2012,I-91 SB,Barton,NO DATA,NO DATA,NO DATA,91,Exit 26,2,Miles,65,6 - Single Vehicle Crash,North,522844,256861,NO DATA,NO DATA,NO DATA,State System (State Highways and Class I TH links),I-91,999.99,NO DATA,XY,Property Damage Only,"(44.81159154, -72.21120944)"
10107,VT0100100,12NP00826,05/03/2012,Summer Street,Newport City,NO DATA,NO DATA,NO DATA,NO DATA,Second Street,50,Feet,25,3 - Same Direction Sideswipe,East,522866,270497,NO DATA,NO DATA,NO DATA,Street or Town Highways in FA Urban Area,Unknown,999.99,NO DATA,XY,Property Damage Only,"(44.93429759, -72.21031641)"
10108,VT0100100,12NP01638,08/10/2012,Second Street,Newport City,NO DATA,NO DATA,NO DATA,NO DATA,Main Street,35,Feet,25,7 - Other - Explain in Narrative,South,522885,270592,NO DATA,NO DATA,NO DATA,Street or Town Highways in FA Urban Area,Unknown,999.99,NO DATA,XY,Property Damage Only,"(44.93515185, -72.21007141)"
10115,VT0100100,12NP02228,10/27/2012,Railraod Square,Newport City,NO DATA,NO DATA,NO DATA,NO DATA,Causeway,50,Feet,25,1 - Rear End,South,523218,270738,NO DATA,NO DATA,NO DATA,"Other Public Roadway (Rest Areas, Shopping Center",Unknown,999.99,NO DATA,XY,Property Damage Only,"(44.93645486, -72.20584598)"
10116,VT0100100,12NP00486,03/18/2012,Lakeshore Mall,Newport City,NO DATA,NO DATA,NO DATA,NO DATA,Causeway┬á┬á By Vista Entrance,80,Feet,25,1 - Rear End,East,523230,271061,NO DATA,NO DATA,NO DATA,"Other Public Roadway (Rest Areas, Shopping Center",Unknown,999.99,NO DATA,XY,Property Damage Only,"(44.93936103, -72.20567910)"
10117,VT0100100,12NP01047,05/30/2012,Causeway,Newport City,NO DATA,NO DATA,NO DATA,NO DATA,Vista Parking Lot(North Side),NO DATA,NO DATA,25,5 - Rear-to-rear,West,523230,271071,NO DATA,NO DATA,NO DATA,"Other Public Roadway (Rest Areas, Shopping Center",Unknown,999.99,NO DATA,XY,Property Damage Only,"(44.93945101, -72.20567864)"
10118,VT0100100,12NP02452,11/29/2012,67 Fairview Street,Newport City,NO DATA,NO DATA,NO DATA,NO DATA,67 Fairview Street,NO DATA,NO DATA,25,6 - Single Vehicle Crash,West,523270,271201,NO DATA,NO DATA,NO DATA,Street or Town Highways in FA Urban Area,Unknown,999.99,NO DATA,XY,Property Damage Only,"(44.94061953, -72.20516587)"
10119,VT0100100,12NP02455,11/29/2012,Causeway,Newport City,NO DATA,NO DATA,NO DATA,NO DATA,Watefront Plaza,100,Feet,25,3 - Same Direction Sideswipe,East,523270,271221,NO DATA,NO DATA,NO DATA,"Other Public Roadway (Rest Areas, Shopping Center",Unknown,999.99,NO DATA,XY,Property Damage Only,"(44.94079950, -72.20516495)"
10120,VTVSP0800,12B203520,10/13/2012,Prospect Street,Barton,NO DATA,NO DATA,NO DATA,NO DATA,North Avenue,NO DATA,NO DATA,25,1 - Rear End,South,523275,256852,NO DATA,NO DATA,NO DATA,"City, Village or Urban Compact Street not in FA Ur",Unknown,999.99,NO DATA,XY,Property Damage Only,"(44.81149664, -72.20576126)"
10121,VTVSP1300,12B301774,08/10/2012,TH-5 Latham Road,Thetford,5,NO DATA,NO DATA,NO DATA,NO DATA,1,Miles,35,6 - Single Vehicle Crash,North,523288,146646,NO DATA,NO DATA,NO DATA,"City, Village or Urban Compact Street not in FA Ur",TOWN ROAD 0005,999.99,NO DATA,XY,Property Damage Only,"(43.81968462, -72.21051443)"
10128,VTVSP0800,12B204205,12/13/2012,TH-3 River Rd,Irasburg,NO DATA,NO DATA,NO DATA,NO DATA,I 91,NO DATA,NO DATA,99,6 - Single Vehicle Crash,NO DATA,523578,258739,NO DATA,NO DATA,NO DATA,"City, Village or Urban Compact Street not in FA Ur",TOWN ROAD 0003,999.99,NO DATA,XY,Injury,"(44.82846746, -72.20184332)"
10129,VTVSP0800,12B203231,09/19/2012,Min. C 0802 Coventry Station Rd,Coventry,NO DATA,NO DATA,NO DATA,NO DATA,Maxwell,150,Feet,35,2 - Head On,East,523603,263511,NO DATA,NO DATA,NO DATA,Minor Collector - Non Fed Aid Rural TH,MinCollector,999.99,NO DATA,XY,Property Damage Only,"(44.87140874, -72.20130532)"
10130,VTVSP1300,12B302590,11/28/2012,Min. C 0672,Topsham,2,NO DATA,NO DATA,NO DATA,Jct Karl Nye Road,1,Miles,50,6 - Single Vehicle Crash,North,523706,178869,NO DATA,NO DATA,NO DATA,Minor Collector - Non Fed Aid Rural TH,MinCollector,999.99,NO DATA,XY,Injury,"(44.10968374, -72.20388133)"
10131,VT0100100,12NP01761,08/26/2012,Union Street,Newport City,NO DATA,NO DATA,NO DATA,NO DATA,Intersection Columbia Way,10,Feet,25,6 - Single Vehicle Crash,East,523812,272397,NO DATA,NO DATA,NO DATA,Street or Town Highways in FA Urban Area,Unknown,999.99,NO DATA,XY,Injury,"(44.95136393, -72.19824234)"
10132,VTVSP1300,12B300790,04/17/2012,TH-41 (2656 Bowen Road),Newbury,21,NO DATA,NO DATA,NO DATA,Fulton Road,NO DATA,NO DATA,50,6 - Single Vehicle Crash,NO DATA,523868,175214,NO DATA,NO DATA,NO DATA,"City, Village or Urban Compact Street not in FA Ur",TOWN ROAD 0041,999.99,NO DATA,XY,Property Damage Only,"(44.07678362, -72.20202298)"
10133,VTVSP0200,12B102806,08/29/2012,TH-8 Woodward Rd,Danville,NO DATA,NO DATA,NO DATA,NO DATA,US Route 2,1,Miles,99,2 - Head On,South,523877,210529,NO DATA,NO DATA,NO DATA,"City, Village or Urban Compact Street not in FA Ur",TOWN ROAD 0008,999.99,NO DATA,XY,Property Damage Only,"(44.39460900, -72.20030184)"
10134,VTVSP0200,12B102441,07/28/2012,TH-6 (1643 Green Bay Loop),Peacham,6,NO DATA,NO DATA,NO DATA,Devil Hills Rd,0,Miles,50,6 - Single Vehicle Crash,South,524008,200844,NO DATA,NO DATA,NO DATA,"City, Village or Urban Compact Street not in FA Ur",TOWN ROAD 0006,999.99,NO DATA,XY,Property Damage Only,"(44.30744402, -72.19910385)"
10141,VTVSP1300,12B301638,07/26/2012,TH-41 (1869 Bowen Road),Newbury,41,NO DATA,NO DATA,NO DATA,Darling Road,100,Feet,40,6 - Single Vehicle Crash,North,524404,176401,NO DATA,NO DATA,NO DATA,"City, Village or Urban Compact Street not in FA Ur",TOWN ROAD 0041,999.99,NO DATA,XY,Property Damage Only,"(44.08744894, -72.19527659)"
10142,VTVSP0800,12B203806,11/08/2012,TH-8,Barton,8,NO DATA,NO DATA,NO DATA,Cross Road,0,Miles,50,6 - Single Vehicle Crash,North,524888,253583,NO DATA,NO DATA,NO DATA,"City, Village or Urban Compact Street not in FA Ur",TOWN ROAD 0008,999.99,NO DATA,XY,Property Damage Only,"(44.78202509, -72.18553001)"
10143,VT0100100,12NP01159,06/13/2012,K&N Auto,Newport City,NO DATA,NO DATA,NO DATA,NO DATA,East Main Street,25,Feet,35,7 - Other - Explain in Narrative,North,525063,271812,NO DATA,NO DATA,NO DATA,"Other Public Roadway (Rest Areas, Shopping Center",Unknown,999.99,NO DATA,XY,Property Damage Only,"(44.94605676, -72.18241824)"
10144,VTVSP0800,12B200438,02/19/2012,TH-10 (23 Country Club Lane),Barton,10,NO DATA,NO DATA,NO DATA,VT RT 58,NO DATA,NO DATA,50,3 - Same Direction Sideswipe,North,525258,265876,NO DATA,NO DATA,NO DATA,"City, Village or Urban Compact Street not in FA Ur",TOWN ROAD 0010,999.99,NO DATA,XY,Property Damage Only,"(44.89263396, -72.18024376)"
10145,VTVSP0800,12B201747,06/11/2012,I-91 NB,Barton,NO DATA,NO DATA,NO DATA,91,Exit 25 North,NO DATA,NO DATA,55,7 - Other - Explain in Narrative,North,525313,248029,NO DATA,NO DATA,NO DATA,State System (State Highways and Class I TH links),I-91,999.99,NO DATA,XY,Injury,"(44.73203032, -72.18043561)"
10146,VTVSP0800,12B204325,12/24/2012,Min. C 0802,Coventry,1,NO DATA,NO DATA,NO DATA,Pine Hill,1,Miles,35,6 - Single Vehicle Crash,East,525408,262662,NO DATA,NO DATA,NO DATA,Minor Collector - Non Fed Aid Rural TH,MinCollector,999.99,NO DATA,XY,Injury,"(44.86370681, -72.17850593)"
10147,VTVSP0200,12B102211,07/11/2012,TH-6 Green Bay Loop,Peacham,6,NO DATA,NO DATA,NO DATA,Maple Tree Lane,5,Feet,35,"14 - Left Turn and Thru, Broadside v<--",West,525618,202410,NO DATA,NO DATA,NO DATA,"City, Village or Urban Compact Street not in FA Ur",TOWN ROAD 0006,999.99,NO DATA,XY,Property Damage Only,"(44.32148245, -72.17884883)"
10166,VTVSP0800,12B200651,03/09/2012,TH-29 (570 Upper Quarry Road),Derby,NO DATA,NO DATA,NO DATA,NO DATA,570 Upper Quarry Road,NO DATA,NO DATA,35,6 - Single Vehicle Crash,East,527861,274024,NO DATA,NO DATA,NO DATA,"City, Village or Urban Compact Street not in FA Ur",TOWN ROAD 0029,999.99,NO DATA,XY,Property Damage Only,"(44.96585746, -72.14684227)"
10167,VTVSP1300,12B301152,06/02/2012,I 91NB,Fairlee,NO DATA,NO DATA,NO DATA,91,X 15 On Ramp,NO DATA,NO DATA,65,6 - Single Vehicle Crash,North,527932,156102,910,906,9000,State System (State Highways and Class I TH links),I-91,999.99,NO DATA,XY,Injury,"(43.90463051, -72.15229282)"
10168,VTVSP1300,12B300091,01/12/2012,I 91 S,Fairlee,NO DATA,NO DATA,NO DATA,91,NO DATA,NO DATA,NO DATA,65,6 - Single Vehicle Crash,NO DATA,528010,156321,910,906,8945,State System (State Highways and Class I TH links),I-91,999.99,NO DATA,XY,Injury,"(43.90659860, -72.15131035)"
10169,VTVSP0200,12B101371,05/05/2012,Min. C 0750 Stannard Mountain Rd,Wheelock,9,NO DATA,NO DATA,NO DATA,647 Stannard Mountain Rd,0,Miles,35,6 - Single Vehicle Crash,West,528115,226849,NO DATA,NO DATA,NO DATA,Minor Collector - Non Fed Aid Rural TH,MinCollector,999.99,NO DATA,XY,Injury,"(44.54132595, -72.14622222)"
10170,VTVSP0800,12B203364,09/30/2012,TH-31,Derby,31,NO DATA,NO DATA,NO DATA,Joseph Street,0,Miles,25,6 - Single Vehicle Crash,East,528307,272261,NO DATA,NO DATA,NO DATA,"City, Village or Urban Compact Street not in FA Ur",TOWN ROAD 0031,999.99,NO DATA,XY,Property Damage Only,"(44.94997541, -72.14128785)"
10171,VTVSP0800,12B200105,01/13/2012,TH-11,Derby,11,NO DATA,NO DATA,NO DATA,Joseph St,0,Miles,35,6 - Single Vehicle Crash,South,528318,272329,NO DATA,NO DATA,NO DATA,"City, Village or Urban Compact Street not in FA Ur",TOWN ROAD 0011,999.99,NO DATA,XY,Property Damage Only,"(44.95058688, -72.14114465)"
10172,VTVSP0200,12B103875,11/24/2012,TH-14 Walden Hill Rd,Danville,NO DATA,NO DATA,NO DATA,NO DATA,US Route 2,15,Feet,35,4 - Opp Direction Sideswipe,North,528359,212481,NO DATA,NO DATA,NO DATA,"City, Village or Urban Compact Street not in FA Ur",TOWN ROAD 0014,999.99,NO DATA,XY,Property Damage Only,"(44.41201441, -72.14393913)"
10179,VTVSP1300,12B302570,11/25/2012,TH-6 Goshen Road,Bradford,6,NO DATA,NO DATA,NO DATA,Mink Hill Road,0,Miles,35,6 - Single Vehicle Crash,East,529421,166058,NO DATA,NO DATA,NO DATA,"City, Village or Urban Compact Street not in FA Ur",TOWN ROAD 0006,999.99,NO DATA,XY,Property Damage Only,"(43.99417787, -72.13320690)"
10180,VTVSP0800,12B200295,02/04/2012,309 VT RTE 111,Derby,NO DATA,111,NO DATA,NO DATA,Route 105,1,Miles,35,6 - Single Vehicle Crash,West,529472,271869,NO DATA,NO DATA,NO DATA,State System (State Highways and Class I TH links),VT-111,999.99,NO DATA,XY,Property Damage Only,"(44.94640066, -72.12654786)"
10181,VTVSP1300,12B302687,12/11/2012,I-91 NB,Fairlee,NO DATA,NO DATA,NO DATA,91,NO DATA,NO DATA,NO DATA,65,1 - Rear End,NO DATA,529490,159784,910,906,9440,State System (State Highways and Class I TH links),I-91,999.99,NO DATA,XY,Injury,"(43.93770848, -72.13269479)"
10182,VTVSP1300,12B302644,12/04/2012,I-91 SB,Thetford,NO DATA,NO DATA,NO DATA,91,Mm 86/25,3,Miles,65,6 - Single Vehicle Crash,North,529515,161419,910,911,8625,State System (State Highways and Class I TH links),I-91,999.99,NO DATA,XY,Property Damage Only,"(43.95242270, -72.13229272)"
10183,VTVSP1300,12B302494,11/13/2012,I-91 SB,Bradford,NO DATA,NO DATA,NO DATA,91,Near Parking Area,1,Miles,65,1 - Rear End,North,529718,166900,NO DATA,NO DATA,NO DATA,State System (State Highways and Class I TH links),I-91,999.99,NO DATA,XY,Property Damage Only,"(44.00174397, -72.12945709)"
10184,VTVSP1300,12B301276,06/20/2012,TH-67 Rogers Hill Road,Newbury,67,NO DATA,NO DATA,NO DATA,Tyler Farm Road,0,Miles,35,6 - Single Vehicle Crash,East,529985,173198,NO DATA,NO DATA,NO DATA,"City, Village or Urban Compact Street not in FA Ur",TOWN ROAD 0067,999.99,NO DATA,XY,Property Damage Only,"(44.05841507, -72.12577154)"
10185,VTVSP0200,12B103691,11/11/2012,TH-24 Thaddeus Stevens Lane,Peacham,NO DATA,NO DATA,NO DATA,NO DATA,Varnum Rd,1,Miles,40,6 - Single Vehicle Crash,East,530086,207684,NO DATA,NO DATA,NO DATA,"City, Village or Urban Compact Street not in FA Ur",TOWN ROAD 0024,999.99,NO DATA,XY,Property Damage Only,"(44.36877455, -72.12253376)"
10192,VTVSP0200,12B103943,11/30/2012,Min. C 0758 Berry Hill Rd,Sheffield,NO DATA,NO DATA,NO DATA,NO DATA,VT Route 122,4,Miles,30,6 - Single Vehicle Crash,North,530921,234340,NO DATA,NO DATA,NO DATA,Minor Collector - Non Fed Aid Rural TH,MinCollector,999.99,NO DATA,XY,Property Damage Only,"(44.60862349, -72.11046453)"
10287,VTVSP0200,12B101419,05/11/2012,TH-21 Brook Rd,Burke,21,NO DATA,NO DATA,NO DATA,Mt. Hunger Rd,1,Miles,99,6 - Single Vehicle Crash,West,544076,229365,NO DATA,NO DATA,NO DATA,"City, Village or Urban Compact Street not in FA Ur",TOWN ROAD 0021,999.99,NO DATA,XY,Fatal,"(44.56316861, -71.94517305)"
10193,VTVSP0800,12B203918,11/18/2012,TH-35 Derby Pond Rd,Derby,NO DATA,NO DATA,NO DATA,NO DATA,Nelson Hill Rd,0,Miles,35,6 - Single Vehicle Crash,West,531027,272634,NO DATA,NO DATA,NO DATA,"City, Village or Urban Compact Street not in FA Ur",TOWN ROAD 0035,999.99,NO DATA,XY,Property Damage Only,"(44.95321840, -72.10679719)"
10194,VTVSP1300,12B300098,01/13/2012,I 91 N,Newbury,NO DATA,NO DATA,NO DATA,91,NO DATA,NO DATA,NO DATA,65,6 - Single Vehicle Crash,NO DATA,531254,178129,910,907,1044,State System (State Highways and Class I TH links),I-91,999.99,NO DATA,XY,Injury,"(44.10274058, -72.10964239)"
10195,VTVSP0800,12B204105,12/04/2012,I-91 Rest Area,Derby,NO DATA,NO DATA,NO DATA,91,Welcome Center,NO DATA,NO DATA,99,6 - Single Vehicle Crash,NO DATA,531315,277366,NO DATA,NO DATA,NO DATA,"Other Public Roadway (Rest Areas, Shopping Center",I-91,999.99,NO DATA,XY,Property Damage Only,"(44.99578655, -72.10285367)"
10196,VTVSP0800,12B202395,07/28/2012,TH-54 (807 Bushey Hill),Derby,NO DATA,NO DATA,NO DATA,NO DATA,VT RT 105,1,Miles,35,6 - Single Vehicle Crash,West,531782,266463,NO DATA,NO DATA,NO DATA,"City, Village or Urban Compact Street not in FA Ur",TOWN ROAD 0054,999.99,NO DATA,XY,Injury,"(44.89765503, -72.09761718)"
10197,VTVSP1300,12B301042,05/19/2012,Min. C 700 Boltonville Road,Newbury,3,NO DATA,NO DATA,NO DATA,US Route 302,20,Feet,50,6 - Single Vehicle Crash,North,531919,185772,NO DATA,NO DATA,NO DATA,Minor Collector - Non Fed Aid Rural TH,MinCollector,999.99,NO DATA,XY,Property Damage Only,"(44.17149734, -72.10087374)"
10198,VTVSP0200,12B103959,12/01/2012,VT Route 122,Wheelock,NO DATA,122,NO DATA,NO DATA,Peak Rd,2,Miles,50,6 - Single Vehicle Crash,North,532000,232570,NO DATA,NO DATA,NO DATA,State System (State Highways and Class I TH links),VT-122,999.99,NO DATA,XY,Property Damage Only,"(44.59264798, -72.09698196)"
10205,VTVSP0200,12B103811,11/19/2012,Min. C 0752 Peak Rd,Wheelock,3,NO DATA,NO DATA,NO DATA,Buchler Rd,1,Miles,99,6 - Single Vehicle Crash,South,532741,229496,NO DATA,NO DATA,NO DATA,Minor Collector - Non Fed Aid Rural TH,MinCollector,999.99,NO DATA,XY,Injury,"(44.56495149, -72.08784526)"
10206,VTVSP0200,12B104039,12/08/2012,Min. C 0752 Peak Rd,Wheelock,3,NO DATA,NO DATA,NO DATA,Hudson Dr,500,Feet,35,6 - Single Vehicle Crash,South,532827,231683,NO DATA,NO DATA,NO DATA,Minor Collector - Non Fed Aid Rural TH,MinCollector,999.99,NO DATA,XY,Property Damage Only,"(44.58462859, -72.08662328)"
10207,VTVSP1300,12B300081,01/11/2012,B436 US RT 5,Newbury,NO DATA,NO DATA,5,NO DATA,Old Route 5,0,Miles,50,6 - Single Vehicle Crash,North,532997,170766,50,907,20,State System (State Highways and Class I TH links),US-5,999.99,NO DATA,XY,Property Damage Only,"(44.03639795, -72.08833263)"
10208,VTVSP1300,12B300280,02/12/2012,409 Moore Hill Road,Newbury,55,NO DATA,NO DATA,NO DATA,US Route 5,1,Miles,99,6 - Single Vehicle Crash,West,533185,174185,NO DATA,NO DATA,NO DATA,"City, Village or Urban Compact Street not in FA Ur",TOWN ROAD 0055,999.99,NO DATA,XY,Property Damage Only,"(44.06716018, -72.08577280)"
10209,VT0040200,12ES04657,08/10/2012,21 ESSX WAY,Essex,NO DATA,NO DATA,NO DATA,NO DATA,NO DATA,1200,Feet,25,"14 - Left Turn and Thru, Broadside v<--",South,533242,223025,NO DATA,NO DATA,NO DATA,"Other Public Roadway (Rest Areas, Shopping Center",Unknown,999.99,NO DATA,XY,Property Damage Only,"(44.50669510, -72.08195549)"
10210,VTVSP0200,12B102222,07/12/2012,TH-44 Stanton Rd,Danville,44,NO DATA,NO DATA,NO DATA,Tampico Rd,1,Miles,99,6 - Single Vehicle Crash,East,533252,218581,NO DATA,NO DATA,NO DATA,"City, Village or Urban Compact Street not in FA Ur",TOWN ROAD 0044,999.99,NO DATA,XY,Property Damage Only,"(44.46670210, -72.08211536)"
10211,VTVSP1300,12B300090,01/12/2012,TH-28 (Wallace Hill Road),Newbury,28,NO DATA,NO DATA,NO DATA,3282 Wallace Hill Road,5,Feet,50,6 - Single Vehicle Crash,North,533573,182169,NO DATA,NO DATA,NO DATA,"City, Village or Urban Compact Street not in FA Ur",TOWN ROAD 0028,999.99,NO DATA,XY,Property Damage Only,"(44.13899714, -72.08042185)"
10218,VTVSP0800,12B202585,08/08/2012,TH-3 (Old 5A Road),Westmore,NO DATA,NO DATA,NO DATA,NO DATA,Old Ford Lane,70,Feet,35,6 - Single Vehicle Crash,South,535346,250928,NO DATA,NO DATA,NO DATA,"City, Village or Urban Compact Street not in FA Ur",TOWN ROAD 0003,999.99,NO DATA,XY,Injury,"(44.75769315, -72.05357591)"
10219,VTVSP0200,12B103376,10/16/2012,TH-1 (1500 Underpass Rd),Sutton,1,NO DATA,NO DATA,NO DATA,US Route 5,4,Miles,50,6 - Single Vehicle Crash,South,535421,243300,NO DATA,NO DATA,NO DATA,"City, Village or Urban Compact Street not in FA Ur",TOWN ROAD 0001,999.99,NO DATA,XY,Injury,"(44.68904650, -72.05315739)"
10220,VTVSP0200,12B103897,11/26/2012,TH-9 Barnet Center Rd,Barnet,7,NO DATA,NO DATA,NO DATA,Joe's Brook Rd,0,Miles,50,6 - Single Vehicle Crash,North,535491,204661,NO DATA,NO DATA,NO DATA,"City, Village or Urban Compact Street not in FA Ur",TOWN ROAD 0009,999.99,NO DATA,XY,Property Damage Only,"(44.34132516, -72.05492895)"
10221,VTVSP0800,12B203895,11/15/2012,Susnset Dr,Charleston,NO DATA,NO DATA,NO DATA,NO DATA,Gore Rd,1,Miles,35,6 - Single Vehicle Crash,East,535659,267805,NO DATA,NO DATA,NO DATA,"City, Village or Urban Compact Street not in FA Ur",TOWN ROAD 0010,999.99,NO DATA,XY,Injury,"(44.90954756, -72.04843836)"
10222,VTVSP0200,12B100546,02/23/2012,I 91 NB,Barnet,NO DATA,NO DATA,NO DATA,91,Exit 18 Mm 121/10,1,Miles,65,6 - Single Vehicle Crash,North,535961,199720,910,301,1211,State System (State Highways and Class I TH links),I-91,999.99,NO DATA,XY,Property Damage Only,"(44.29683577, -72.04937560)"
10223,VTVSP0200,12B101252,04/23/2012,TH-9 Matthewson Hill Rd,Lyndon,NO DATA,NO DATA,NO DATA,NO DATA,I91 NB Bridge Over,0,Miles,99,6 - Single Vehicle Crash,East,536427,230501,NO DATA,NO DATA,NO DATA,"City, Village or Urban Compact Street not in FA Ur",TOWN ROAD 0009,999.99,NO DATA,XY,Property Damage Only,"(44.57381867, -72.04137485)"
10224,VTVSP0200,12B102568,08/07/2012,TH-59 Libby Rd,Lyndon,59,NO DATA,NO DATA,NO DATA,Diamond Hill Rd,300,Feet,50,6 - Single Vehicle Crash,West,536531,223174,NO DATA,NO DATA,NO DATA,"City, Village or Urban Compact Street not in FA Ur",TOWN ROAD 0059,999.99,NO DATA,XY,Injury,"(44.50787710, -72.04058432)"
10231,VTVSP0200,12B104238,12/22/2012,TH-38 Wheelock Rd,Sutton,39,NO DATA,NO DATA,NO DATA,Sutton Hollow Rd,200,Feet,30,6 - Single Vehicle Crash,South,537437,236454,NO DATA,NO DATA,NO DATA,"City, Village or Urban Compact Street not in FA Ur",TOWN ROAD 0038,999.99,NO DATA,XY,Injury,"(44.62733780, -72.02822576)"
10232,VTVSP0200,12B100322,01/31/2012,1001 College Road,Lyndon,NO DATA,NO DATA,NO DATA,NO DATA,Parking Lot Alexander Twight Theater,NO DATA,NO DATA,99,"8 - No Turns, Thru moves only, Broadside ^<",South,537642,226386,NO DATA,NO DATA,NO DATA,"Other Public Roadway (Rest Areas, Shopping Center",Unknown,999.99,NO DATA,XY,Injury,"(44.53672515, -72.02637863)"
10233,VTVSP0200,12B100304,01/29/2012,Min. C 0750 (1027 South Wheelock Rd),Lyndon,NO DATA,NO DATA,NO DATA,NO DATA,Old County Rd,400,Feet,35,6 - Single Vehicle Crash,South,537645,224692,NO DATA,NO DATA,NO DATA,Minor Collector - Non Fed Aid Rural TH,MinCollector,999.99,NO DATA,XY,Injury,"(44.52148054, -72.02646442)"
10234,VTVSP0200,12B103733,11/13/2012,Min. C 0754 College Rd,Lyndon,31,NO DATA,NO DATA,NO DATA,Mountain View Dr,200,Feet,30,6 - Single Vehicle Crash,West,537702,226644,NO DATA,NO DATA,NO DATA,Minor Collector - Non Fed Aid Rural TH,MinCollector,999.99,NO DATA,XY,Property Damage Only,"(44.53904377, -72.02560487)"
10235,VTVSP0200,12B103632,11/04/2012,857 Memorial Dr,St. Johnsbury,NO DATA,NO DATA,5,NO DATA,Price Chopper Parking Lot,NO DATA,NO DATA,99,5 - Rear-to-rear,NO DATA,537768,216426,NO DATA,NO DATA,NO DATA,"Other Public Roadway (Rest Areas, Shopping Center",Unknown,999.99,NO DATA,XY,Property Damage Only,"(44.44708709, -72.02552060)"
10236,VTVSP0200,12B100953,03/28/2012,1068 US Route 5,St. Johnsbury,NO DATA,NO DATA,5,NO DATA,Parking Lot State Police Barracks,NO DATA,NO DATA,99,3 - Same Direction Sideswipe,NO DATA,537805,211067,NO DATA,NO DATA,NO DATA,"Other Public Roadway (Rest Areas, Shopping Center",Unknown,999.99,NO DATA,XY,Property Damage Only,"(44.39885816, -72.02544609)"
10237,VTVSP0200,12B103877,11/24/2012,Min. C 0754 Lower Campus Dr,Lyndon,NO DATA,NO DATA,NO DATA,NO DATA,College Rd,NO DATA,NO DATA,35,6 - Single Vehicle Crash,NO DATA,537894,226556,NO DATA,NO DATA,NO DATA,Minor Collector - Non Fed Aid Rural TH,MinCollector,999.99,NO DATA,XY,Property Damage Only,"(44.53824180, -72.02319552)"
10243,VTVSP0200,12B103915,11/28/2012,TH-10 Hospital Dr,St. Johnsbury,NO DATA,NO DATA,NO DATA,NO DATA,Old Center Rd,200,Feet,50,6 - Single Vehicle Crash,East,538267,216231,NO DATA,NO DATA,NO DATA,"City, Village or Urban Compact Street not in FA Ur",TOWN ROAD 0010,999.99,NO DATA,XY,Property Damage Only,"(44.44530603, -72.01926626)"
10244,VTVSP0200,12B100020,01/02/2012,TH-14 Pudding Hill Rd,Lyndon,14,NO DATA,NO DATA,NO DATA,Vt Rt 122,1,Miles,35,6 - Single Vehicle Crash,North,538454,227966,NO DATA,NO DATA,NO DATA,"City, Village or Urban Compact Street not in FA Ur",TOWN ROAD 0014,999.99,NO DATA,XY,Property Damage Only,"(44.55090082, -72.01604438)"
10245,VT0030300,12SJ03178,08/09/2012,1640 Main St,St. Johnsbury,NO DATA,NO DATA,NO DATA,NO DATA,Spruce Street,50,Feet,30,7 - Other - Explain in Narrative,South,538458,213897,NO DATA,NO DATA,NO DATA,Street or Town Highways in FA Urban Area,Unknown,999.99,NO DATA,XY,Property Damage Only,"(44.42429172, -72.01703991)"
10246,VTVSP0200,12B101502,05/18/2012,Price Chopper Parking Lot,St. Johnsbury,NO DATA,NO DATA,NO DATA,NO DATA,Memorial Dr,300,Feet,99,3 - Same Direction Sideswipe,West,538535,216210,NO DATA,NO DATA,NO DATA,"Other Public Roadway (Rest Areas, Shopping Center",Unknown,999.99,NO DATA,XY,Property Damage Only,"(44.44510283, -72.01590115)"
10247,VT0030300,12SJ01563,04/26/2012,FAU 7012 Concord Ave,St. Johnsbury,NO DATA,NO DATA,NO DATA,NO DATA,Fred Mold Park,NO DATA,NO DATA,30,7 - Other - Explain in Narrative,East,538602,213442,NO DATA,NO DATA,NO DATA,Federal Aid Urban System (Class 2 TH's and 3 TH's,"CONCORD AVE., ST. JOHNSBURY",999.99,NO DATA,XY,Property Damage Only,"(44.42018941, -72.01526543)"