ID,Reporting Agency,Report Number,Date,Street Address,Town,Number,Number1,Number2,Number3,Intersection,Distance From Intersection,Distance Unit,Posted Speed,Direction of Collision,Direction from Intersection,Easting,Northing,Mile Marker,Mile Marker 1,Mile Marker 2,AOT Roadway,AOT Route,AOT Actual Mile,LRS Number,How Mapped,Crash Type,Location 1
10248,VTVSP0200,12B100061,01/06/2012,TH-14 Pudding Hill Rd,Lyndon,14,NO DATA,NO DATA,NO DATA,Airport Road,1,Miles,35,6 - Single Vehicle Crash,North,538668,231304,NO DATA,NO DATA,NO DATA,"City, Village or Urban Compact Street not in FA Ur",TOWN ROAD 0014,999.99,NO DATA,XY,Property Damage Only,"(44.58092808, -72.01310070)"
10249,VT0030200,12LV00024,01/19/2012,TH-14 (119 Puddinghill Rd),Lyndon,NO DATA,NO DATA,NO DATA,NO DATA,Gilman Rd.,0,Miles,35,1 - Rear End,East,538669,227300,NO DATA,NO DATA,NO DATA,"City, Village or Urban Compact Street not in FA Ur",TOWN ROAD 0014,999.99,NO DATA,XY,Injury,"(44.54489597, -72.01338857)"
10255,VTVSP0200,12B103391,10/17/2012,TH-13 (1198 Industrial Parkway),St. Johnsbury,13,NO DATA,NO DATA,NO DATA,NO DATA,NO DATA,NO DATA,35,"14 - Left Turn and Thru, Broadside v<--",NO DATA,538722,222679,NO DATA,NO DATA,NO DATA,"City, Village or Urban Compact Street not in FA Ur",TOWN ROAD 0013,999.99,NO DATA,XY,Property Damage Only,"(44.50330839, -72.01306817)"
10256,VTVSP0200,12B103259,10/05/2012,Min. C 0754 College Rd,Lyndon,NO DATA,NO DATA,NO DATA,NO DATA,Center St,NO DATA,NO DATA,25,6 - Single Vehicle Crash,NO DATA,538734,226472,NO DATA,NO DATA,NO DATA,Minor Collector - Non Fed Aid Rural TH,MinCollector,999.99,NO DATA,XY,Property Damage Only,"(44.53744127, -72.01263280)"
10257,VTVSP0200,12B100888,03/28/2012,TH-86 Mt. Pisgah Rd,St. Johnsbury,86,NO DATA,NO DATA,NO DATA,Memorial Dr,700,Feet,99,6 - Single Vehicle Crash,East,538935,218256,NO DATA,NO DATA,NO DATA,"City, Village or Urban Compact Street not in FA Ur",TOWN ROAD 0086,999.99,NO DATA,XY,Injury,"(44.46349375, -72.01072257)"
10258,VT0030300,12SJ01705,05/06/2012,Elm St,St. Johnsbury,NO DATA,NO DATA,NO DATA,NO DATA,Portladn St,20,Feet,30,3 - Same Direction Sideswipe,East,539011,213474,NO DATA,NO DATA,NO DATA,Street or Town Highways in FA Urban Area,Unknown,999.99,NO DATA,XY,Property Damage Only,"(44.42045547, -72.01012729)"
10259,VT0030300,12SJ00844,03/09/2012,716 Railroad St,St. Johnsbury,NO DATA,NO DATA,NO DATA,NO DATA,Parking Lot Family Dollar,NO DATA,NO DATA,99,7 - Other - Explain in Narrative,West,539013,214313,NO DATA,NO DATA,NO DATA,"Other Public Roadway (Rest Areas, Shopping Center",Unknown,999.99,NO DATA,XY,Property Damage Only,"(44.42800572, -72.01003912)"
10260,VTVSP0200,12B101236,04/22/2012,I91N,Lyndon,NO DATA,NO DATA,NO DATA,91,Exit 23,0,Miles,65,6 - Single Vehicle Crash,South,539059,223707,910,307,13655,State System (State Highways and Class I TH links),I-91,999.99,NO DATA,XY,Property Damage Only,"(44.51254132, -72.00875282)"
10261,VT0030300,12SJ05064,12/07/2012,115 Eastern Ave,St. Johnsbury,NO DATA,NO DATA,NO DATA,NO DATA,Catamount Arts Parking Lot,120,Feet,30,7 - Other - Explain in Narrative,South,539075,212221,NO DATA,NO DATA,NO DATA,"Other Public Roadway (Rest Areas, Shopping Center",Unknown,999.99,NO DATA,XY,Injury,"(44.40917597, -72.00941793)"
10268,VTVSP0200,12B100032,01/04/2012,Depot St,Lyndon,NO DATA,NO DATA,NO DATA,NO DATA,Williams St,NO DATA,NO DATA,35,6 - Single Vehicle Crash,NO DATA,539569,226147,NO DATA,NO DATA,NO DATA,"City, Village or Urban Compact Street not in FA Ur",Unknown,999.99,NO DATA,XY,Property Damage Only,"(44.53447126, -72.00215177)"
10269,VTVSP0200,12B100062,01/07/2012,553 Rocky Ridge Road,St. Johnsbury,451,NO DATA,NO DATA,NO DATA,Buxton Dr,300,Feet,30,6 - Single Vehicle Crash,East,539620,215117,NO DATA,NO DATA,NO DATA,Street or Town Highways in FA Urban Area,Unknown,999.99,NO DATA,XY,Property Damage Only,"(44.43520813, -72.00235473)"
10270,VTVSP0200,12B100507,02/18/2012,Broad St,Lyndon,NO DATA,NO DATA,NO DATA,NO DATA,The Pizza Man,5,Feet,99,7 - Other - Explain in Narrative,West,539627,225570,NO DATA,NO DATA,NO DATA,"Other Public Roadway (Rest Areas, Shopping Center",Unknown,999.99,NO DATA,XY,Property Damage Only,"(44.52927563, -72.00146635)"
10271,VTVSP0200,12B101587,05/25/2012,343 Charles St; Apt 1,Lyndon,NO DATA,NO DATA,NO DATA,NO DATA,Driveway Of 343 Charles St,50,Feet,25,3 - Same Direction Sideswipe,South,539663,225882,NO DATA,NO DATA,NO DATA,"City, Village or Urban Compact Street not in FA Ur",Unknown,999.99,NO DATA,XY,Property Damage Only,"(44.53208135, -72.00098949)"
10272,VTVSP0200,12B103571,11/01/2012,High Street,Lyndon,NO DATA,NO DATA,NO DATA,NO DATA,East St,NO DATA,NO DATA,30,7 - Other - Explain in Narrative,NO DATA,539777,226166,NO DATA,NO DATA,NO DATA,"City, Village or Urban Compact Street not in FA Ur",Unknown,999.99,NO DATA,XY,Property Damage Only,"(44.53463081, -71.99953339)"
10273,VTVSP0200,12B100906,03/29/2012,TH-14 New Boston Rd,St. Johnsbury,14,NO DATA,NO DATA,NO DATA,Pierce Road,0,NO DATA,35,6 - Single Vehicle Crash,South,539867,220568,NO DATA,NO DATA,NO DATA,"City, Village or Urban Compact Street not in FA Ur",TOWN ROAD 0014,999.99,NO DATA,XY,Injury,"(44.48424899, -71.99883295)"
10274,VTVSP0200,12B101014,04/06/2012,TH-37 (2946 Spaulding Rd),St. Johnsbury,37,NO DATA,NO DATA,NO DATA,2946 Spaulding Rd,300,Feet,30,6 - Single Vehicle Crash,East,540105,217598,NO DATA,NO DATA,NO DATA,"City, Village or Urban Compact Street not in FA Ur",TOWN ROAD 0037,999.99,NO DATA,XY,Injury,"(44.45750838, -71.99607120)"
10281,VTVSP0200,12B103792,11/17/2012,Bugbee Crossing Rd,Burke,44,NO DATA,NO DATA,NO DATA,West Darling Hill,NO DATA,NO DATA,35,6 - Single Vehicle Crash,NO DATA,542155,233816,NO DATA,NO DATA,NO DATA,"City, Village or Urban Compact Street not in FA Ur",TOWN ROAD 0044,999.99,NO DATA,XY,Injury,"(44.60333772, -71.96898902)"
10282,VTVSP0200,12B101154,04/15/2012,TH-44 Bugbee Crossing Rd,Burke,44,NO DATA,NO DATA,NO DATA,Bumps Rd,50,Feet,99,6 - Single Vehicle Crash,North,542821,234451,NO DATA,NO DATA,NO DATA,"City, Village or Urban Compact Street not in FA Ur",TOWN ROAD 0044,999.99,NO DATA,XY,Property Damage Only,"(44.60901269, -71.96054713)"
10283,VTVSP0200,12B104347,12/31/2012,Min. C 0778 Newark St,Burke,1,NO DATA,NO DATA,NO DATA,Sugar House Road,150,Feet,35,6 - Single Vehicle Crash,South,542898,239356,50,302,310,Minor Collector - Non Fed Aid Rural TH,MinCollector,999.99,NO DATA,XY,Property Damage Only,"(44.65314737, -71.95916737)"
10284,VTVSP0200,12B102191,07/10/2012,Min. C 0778 Newark St,Burke,1,NO DATA,NO DATA,NO DATA,Sugarhouse Rd,NO DATA,NO DATA,40,"8 - No Turns, Thru moves only, Broadside ^<",NO DATA,542910,239360,NO DATA,NO DATA,NO DATA,Minor Collector - Non Fed Aid Rural TH,MinCollector,999.99,NO DATA,XY,Property Damage Only,"(44.65318265, -71.95901575)"
10285,VTVSP0200,12B103929,11/29/2012,Min. C 0778 Newark Street,Newark,NO DATA,NO DATA,NO DATA,NO DATA,NO DATA,NO DATA,NO DATA,50,6 - Single Vehicle Crash,East,543182,246520,NO DATA,NO DATA,NO DATA,Minor Collector - Non Fed Aid Rural TH,MinCollector,999.99,NO DATA,XY,Property Damage Only,"(44.71759734, -71.95498286)"
10286,VTVSP0800,12B200374,02/12/2012,VT Rt 111,Morgan,NO DATA,111,NO DATA,NO DATA,NO DATA,NO DATA,NO DATA,50,6 - Single Vehicle Crash,West,543941,262527,NO DATA,NO DATA,NO DATA,State System (State Highways and Class I TH links),VT-111,999.99,NO DATA,XY,Property Damage Only,"(44.86159115, -71.94402254)"
10294,VTVSP0200,12B104083,12/12/2012,TH-1 Cross Rd,Waterford,1,18,NO DATA,NO DATA,Vt Route 18,2,Feet,50,6 - Single Vehicle Crash,North,546463,213843,NO DATA,NO DATA,NO DATA,"City, Village or Urban Compact Street not in FA Ur",TOWN ROAD 0001,999.99,NO DATA,XY,Injury,"(44.42333649, -71.91652150)"
10295,VTVSP0200,12B102372,07/22/2012,TH-2 Shadow Lake Rd,Waterford,NO DATA,NO DATA,NO DATA,NO DATA,Old County Rd,NO DATA,NO DATA,99,1 - Rear End,NO DATA,549325,206171,NO DATA,NO DATA,NO DATA,"City, Village or Urban Compact Street not in FA Ur",TOWN ROAD 0002,999.99,NO DATA,XY,Property Damage Only,"(44.35410622, -71.88131042)"
10296,VTVSP0200,12B103109,09/22/2012,TH-19 (762 Shadow Lake Rd),Waterford,19,NO DATA,NO DATA,NO DATA,Old County Road,75,Feet,35,6 - Single Vehicle Crash,North,549376,206202,NO DATA,NO DATA,NO DATA,"City, Village or Urban Compact Street not in FA Ur",TOWN ROAD 0019,999.99,NO DATA,XY,Property Damage Only,"(44.35438173, -71.88066781)"
10297,VTVSP0800,12B202321,07/24/2012,Hillside Acres,Brighton,NO DATA,NO DATA,NO DATA,NO DATA,Hillside Acres/Curran Avenue,NO DATA,NO DATA,35,4 - Opp Direction Sideswipe,West,550235,257108,NO DATA,NO DATA,NO DATA,"City, Village or Urban Compact Street not in FA Ur",Unknown,999.99,NO DATA,XY,Property Damage Only,"(44.81241363, -71.86492596)"
10298,VTVSP0200,12B100583,02/28/2012,TH-5 (Shadow Lake Rd),Concord,5,NO DATA,NO DATA,NO DATA,5585 Shadow Lake Rd,30,Feet,35,6 - Single Vehicle Crash,South,551384,207945,NO DATA,NO DATA,NO DATA,"City, Village or Urban Compact Street not in FA Ur",TOWN ROAD 0005,999.99,NO DATA,XY,Injury,"(44.36992780, -71.85531061)"
10299,VTVSP0200,12B103939,11/30/2012,TH-2 (1258 Victory Hill Rd),Victory,3,NO DATA,NO DATA,NO DATA,1258 Victory Hill Rd,500,Feet,99,4 - Opp Direction Sideswipe,South,551690,225379,NO DATA,NO DATA,NO DATA,"City, Village or Urban Compact Street not in FA Ur",TOWN ROAD 0002,999.99,NO DATA,XY,Property Damage Only,"(44.52679365, -71.84973325)"
10300,VTVSP0200,12B101592,05/25/2012,TH-3 (1258 Victory Hill Rd),Victory,NO DATA,NO DATA,NO DATA,NO DATA,At Driveway,NO DATA,NO DATA,35,4 - Opp Direction Sideswipe,NO DATA,551694,225411,NO DATA,NO DATA,NO DATA,"City, Village or Urban Compact Street not in FA Ur",TOWN ROAD 0003,999.99,NO DATA,XY,Injury,"(44.52708132, -71.84967973)"
10307,VTVSP0200,12B104086,12/12/2012,TH-22 Dance Hall Rd,Lunenburg,7,NO DATA,NO DATA,NO DATA,472 Dance Hall Rd,NO DATA,NO DATA,30,6 - Single Vehicle Crash,East,558282,217837,NO DATA,NO DATA,NO DATA,"City, Village or Urban Compact Street not in FA Ur",TOWN ROAD 0022,999.99,NO DATA,XY,Property Damage Only,"(44.45842311, -71.76766114)"
10308,VTVSP0200,12B100359,02/03/2012,TH-6 (324 Shore Hill Rd),Granby,NO DATA,NO DATA,NO DATA,NO DATA,Mt Tug Road,200,Feet,50,2 - Head On,South,559713,229747,NO DATA,NO DATA,NO DATA,"City, Village or Urban Compact Street not in FA Ur",TOWN ROAD 0006,999.99,NO DATA,XY,Property Damage Only,"(44.56548030, -71.74830508)"
10309,VTVSP0800,12B203094,09/09/2012,TH-4 Holland Pond Road,Holland,NO DATA,NO DATA,NO DATA,NO DATA,Prairie Road,300,Feet,50,6 - Single Vehicle Crash,South,560557,278285,NO DATA,NO DATA,NO DATA,"City, Village or Urban Compact Street not in FA Ur",TOWN ROAD 0004,999.99,NO DATA,XY,Injury,"(45.00216391, -71.73191143)"
10310,VTVSP0200,12B104178,12/18/2012,TH-15 Pond Hill Rd,Lunenburg,13,NO DATA,NO DATA,NO DATA,Boys Camp Rd,0,Miles,35,6 - Single Vehicle Crash,North,563224,221954,NO DATA,NO DATA,NO DATA,"City, Village or Urban Compact Street not in FA Ur",TOWN ROAD 0015,999.99,NO DATA,XY,Injury,"(44.49505537, -71.70506551)"
10311,VT0050000,12EXV0050,03/23/2012,VT-114,Warrens Gore,NO DATA,114,NO DATA,NO DATA,Jct Rt 111,5,Miles,50,6 - Single Vehicle Crash,West,571710,221760,1140,519,20,State System (State Highways and Class I TH links),VT-114,999.99,NO DATA,XY,Property Damage Only,"(44.49251731, -71.59840757)"
10312,VTVSP0200,12B102542,08/06/2012,US Route 2,Lunenburg,NO DATA,NO DATA,2,NO DATA,1928 US Route 2,200,Feet,50,6 - Single Vehicle Crash,East,571956,222914,NO DATA,NO DATA,NO DATA,State System (State Highways and Class I TH links),US-2,999.99,NO DATA,XY,Property Damage Only,"(44.50287691, -71.59515447)"
10313,VT0040100,2012BU027123,10/20/2012,1 Baird Street,Burlington,NO DATA,NO DATA,NO DATA,NO DATA,Pine Street,NO DATA,NO DATA,25,3 - Same Direction Sideswipe,NO DATA,,,NO DATA,NO DATA,NO DATA,Street or Town Highways in FA Urban Area,Unknown,999.99,NO DATA,GEOCODE,Property Damage Only,"(44.44887438, -73.21422125)"
10320,VT0040100,2012BU001510,01/17/2012,1 North Ave,Burlington,NO DATA,NO DATA,NO DATA,NO DATA,Parking Lot,NO DATA,NO DATA,99,1 - Rear End,NO DATA,,,NO DATA,NO DATA,NO DATA,"Other Public Roadway (Rest Areas, Shopping Center",Unknown,999.99,NO DATA,GEOCODE,Property Damage Only,"(44.48233473, -73.22110547)"
10321,VT0040100,2012BU003772,02/13/2012,1 North Ave,Burlington,NO DATA,NO DATA,NO DATA,NO DATA,Parking Lot,1,Feet,99,3 - Same Direction Sideswipe,North,,,NO DATA,NO DATA,NO DATA,"Other Public Roadway (Rest Areas, Shopping Center",Unknown,999.99,NO DATA,GEOCODE,Property Damage Only,"(44.48233473, -73.22110547)"
10322,VT0040100,2012BU004037,02/18/2012,1 North Ave,Burlington,NO DATA,NO DATA,NO DATA,NO DATA,Franklin Square,1,Miles,25,"10 - Left Turn and Thru, Angle Broadside -->v--",West,,,NO DATA,NO DATA,NO DATA,"Other Public Roadway (Rest Areas, Shopping Center",Unknown,999.99,NO DATA,GEOCODE,Property Damage Only,"(44.48233473, -73.22110547)"
10323,VT0040100,2012BU017731,07/18/2012,1 North Ave,Burlington,NO DATA,NO DATA,NO DATA,NO DATA,North Ave,NO DATA,NO DATA,99,1 - Rear End,NO DATA,,,NO DATA,NO DATA,NO DATA,"Other Public Roadway (Rest Areas, Shopping Center",Unknown,999.99,NO DATA,GEOCODE,Property Damage Only,"(44.48233473, -73.22110547)"
10324,VT0040100,2012BU018101,07/21/2012,1 North Ave,Burlington,NO DATA,NO DATA,NO DATA,NO DATA,Parking Lot,NO DATA,NO DATA,99,4 - Opp Direction Sideswipe,NO DATA,,,NO DATA,NO DATA,NO DATA,"Other Public Roadway (Rest Areas, Shopping Center",Unknown,999.99,NO DATA,GEOCODE,Property Damage Only,"(44.48233473, -73.22110547)"
10325,VT0040100,2012BU019415,08/04/2012,1 North Ave,Burlington,NO DATA,NO DATA,NO DATA,NO DATA,USB Lot,NO DATA,NO DATA,99,5 - Rear-to-rear,NO DATA,,,NO DATA,NO DATA,NO DATA,"Other Public Roadway (Rest Areas, Shopping Center",Unknown,999.99,NO DATA,GEOCODE,Property Damage Only,"(44.48233473, -73.22110547)"
10326,VT0040100,2012BU027104,10/20/2012,1 North Ave,Burlington,NO DATA,NO DATA,NO DATA,NO DATA,Police Station/Battery Park Side,NO DATA,NO DATA,99,3 - Same Direction Sideswipe,NO DATA,,,NO DATA,NO DATA,NO DATA,"Other Public Roadway (Rest Areas, Shopping Center",Unknown,999.99,NO DATA,GEOCODE,Property Damage Only,"(44.48233473, -73.22110547)"
10333,VT0060100,12SA03975,08/01/2012,10 Gricebrook Road,St. Albans Town,NO DATA,NO DATA,NO DATA,NO DATA,Gricebrook Rd,75,Feet,10,3 - Same Direction Sideswipe,North,,,NO DATA,NO DATA,NO DATA,Street or Town Highways in FA Urban Area,Unknown,999.99,NO DATA,GEOCODE,Property Damage Only,"(44.80107370, -73.07126284)"
10334,VT0040100,2012BU011472,05/15/2012,10 Pine St,Burlington,NO DATA,NO DATA,NO DATA,NO DATA,Pearl St,50,Feet,25,3 - Same Direction Sideswipe,North,,,NO DATA,NO DATA,NO DATA,Street or Town Highways in FA Urban Area,Unknown,999.99,NO DATA,GEOCODE,Property Damage Only,"(44.47636832, -73.21511991)"
10335,VT0120500,12BT00020,01/03/2012,10 Wilson St,Barre Town,NO DATA,NO DATA,NO DATA,NO DATA,Parkling Lot,NO DATA,NO DATA,99,7 - Other - Explain in Narrative,NO DATA,,,NO DATA,NO DATA,NO DATA,"Other Public Roadway (Rest Areas, Shopping Center",Unknown,999.99,NO DATA,GEOCODE,Property Damage Only,"(44.17474845, -72.50550218)"
10336,VTVSP0600,12C203640,11/23/2012,100 Hemenway Road,Bridport,NO DATA,NO DATA,NO DATA,NO DATA,Vt Rt 22A,0,Miles,50,6 - Single Vehicle Crash,East,434495,73579,NO DATA,NO DATA,NO DATA,"City, Village or Urban Compact Street not in FA Ur",TOWN ROAD 0031,999.99,NO DATA,GEOCODE,Injury,"(43.95954557, -73.30630868)"
10337,VT0060300,12SW00006,01/04/2012,100 Thunder Bird Drive,Swanton,NO DATA,NO DATA,NO DATA,NO DATA,VT RTE 78,NO DATA,NO DATA,10,1 - Rear End,North,,,NO DATA,NO DATA,NO DATA,"Other Public Roadway (Rest Areas, Shopping Center",Unknown,999.99,NO DATA,GEOCODE,Property Damage Only,"(44.92650476, -73.10027661)"
10338,VT0040100,2012BU029743,11/21/2012,101 Cherry Street,Burlington,NO DATA,NO DATA,NO DATA,NO DATA,N/A,NO DATA,NO DATA,99,3 - Same Direction Sideswipe,East,,,NO DATA,NO DATA,NO DATA,"Other Public Roadway (Rest Areas, Shopping Center",Unknown,999.99,NO DATA,GEOCODE,Property Damage Only,"(44.47895628, -73.21399991)"
10339,VT0130600,12VN01085,12/05/2012,101 Governor Hunt Rd.,Vernon,NO DATA,NO DATA,NO DATA,NO DATA,Parking Lot,NO DATA,NO DATA,35,7 - Other - Explain in Narrative,NO DATA,,,NO DATA,NO DATA,NO DATA,"Other Public Roadway (Rest Areas, Shopping Center",Unknown,999.99,NO DATA,GEOCODE,Property Damage Only,"(42.76951521, -72.51759805)"
10346,VT0040100,2012BU031738,12/16/2012,1024 North Avenue,Burlington,NO DATA,NO DATA,NO DATA,NO DATA,Rite Aid,NO DATA,NO DATA,30,3 - Same Direction Sideswipe,NO DATA,,,NO DATA,NO DATA,NO DATA,"Other Public Roadway (Rest Areas, Shopping Center",Unknown,999.99,NO DATA,GEOCODE,Property Damage Only,"(44.50503631, -73.24124904)"
10347,VT0040300,12SB012537,09/20/2012,1025 Shelburne Rd.,South Burlington,NO DATA,NO DATA,NO DATA,NO DATA,Olive Garden Shelburne Rd.,NO DATA,NO DATA,10,NO DATA,West,,,NO DATA,NO DATA,NO DATA,"Other Public Roadway (Rest Areas, Shopping Center",Unknown,999.99,NO DATA,GEOCODE,Property Damage Only,"(44.44069559, -73.21057113)"
10348,VT0040100,2012BU07797,04/01/2012,103 Centenniel Ct,Burlington,NO DATA,NO DATA,NO DATA,NO DATA,Carrigan Dr,100,Feet,25,7 - Other - Explain in Narrative,North,,,NO DATA,NO DATA,NO DATA,"Other Public Roadway (Rest Areas, Shopping Center",Unknown,999.99,NO DATA,GEOCODE,Property Damage Only,"(44.47540127, -73.18971522)"
10349,VT0080200,12ST00046,01/04/2012,103 Depot Street,Stowe,NO DATA,NO DATA,NO DATA,NO DATA,Parking Lot,NO DATA,NO DATA,99,NO DATA,NO DATA,,,NO DATA,NO DATA,NO DATA,"Other Public Roadway (Rest Areas, Shopping Center",Unknown,999.99,NO DATA,GEOCODE,Property Damage Only,"(44.46391365, -72.68652875)"
10350,VT0040100,2012BU013248,06/02/2012,103 Loomis St,Burlington,NO DATA,NO DATA,NO DATA,NO DATA,N Willard St,50,Feet,25,1 - Rear End,East,,,NO DATA,NO DATA,NO DATA,Street or Town Highways in FA Urban Area,Unknown,999.99,NO DATA,GEOCODE,Property Damage Only,"(44.48309100, -73.20519828)"
10351,VT0040100,2012BU031335,12/11/2012,105 N Prospect St,Burlington,NO DATA,NO DATA,NO DATA,NO DATA,North St,100,Feet,25,6 - Single Vehicle Crash,South,,,NO DATA,NO DATA,NO DATA,Street or Town Highways in FA Urban Area,Unknown,999.99,NO DATA,GEOCODE,Property Damage Only,"(44.48221744, -73.20108281)"
10352,VT0040100,12BU018344,07/24/2012,105 Saratoga Ave,Burlington,NO DATA,NO DATA,NO DATA,NO DATA,Plattsburg Ave,NO DATA,NO DATA,25,1 - Rear End,NO DATA,,,NO DATA,NO DATA,NO DATA,Street or Town Highways in FA Urban Area,Unknown,999.99,NO DATA,GEOCODE,Property Damage Only,"(44.50402891, -73.23553928)"
10370,VT0040100,2012BU014282,06/13/2012,111 Colchester Ave,Burlington,NO DATA,NO DATA,NO DATA,NO DATA,Fletcher Allen Health Care,NO DATA,NO DATA,99,5 - Rear-to-rear,NO DATA,,,NO DATA,NO DATA,NO DATA,"Other Public Roadway (Rest Areas, Shopping Center",Unknown,999.99,NO DATA,GEOCODE,Property Damage Only,"(44.47969000, -73.19453928)"
10371,VT0040100,2012BU015696,06/28/2012,111 Colchester Ave,Burlington,NO DATA,NO DATA,NO DATA,NO DATA,FAHC Entrance Parking Garage,NO DATA,NO DATA,99,1 - Rear End,NO DATA,,,NO DATA,NO DATA,NO DATA,"Other Public Roadway (Rest Areas, Shopping Center",Unknown,999.99,NO DATA,GEOCODE,Property Damage Only,"(44.47969000, -73.19453928)"
10372,VT0040100,2012BU017802,07/18/2012,111 Colchester Ave,Burlington,NO DATA,NO DATA,NO DATA,NO DATA,Fletcher Allen Parking Garage,NO DATA,NO DATA,99,7 - Other - Explain in Narrative,NO DATA,,,NO DATA,NO DATA,NO DATA,"Other Public Roadway (Rest Areas, Shopping Center",Unknown,999.99,NO DATA,GEOCODE,Property Damage Only,"(44.47969000, -73.19453928)"
10373,VT0040100,2012BU018472,07/26/2012,111 Colchester Ave,Burlington,NO DATA,NO DATA,NO DATA,NO DATA,Parking Garage Geen Level,NO DATA,NO DATA,99,3 - Same Direction Sideswipe,NO DATA,,,NO DATA,NO DATA,NO DATA,"Other Public Roadway (Rest Areas, Shopping Center",Unknown,999.99,NO DATA,GEOCODE,Property Damage Only,"(44.47969000, -73.19453928)"
10374,VT0040100,2012BU019551,08/06/2012,111 Colchester Ave,Burlington,NO DATA,NO DATA,NO DATA,NO DATA,FAHC,NO DATA,NO DATA,99,7 - Other - Explain in Narrative,NO DATA,,,NO DATA,NO DATA,NO DATA,"Other Public Roadway (Rest Areas, Shopping Center",Unknown,999.99,NO DATA,GEOCODE,Property Damage Only,"(44.47969000, -73.19453928)"
10375,VT0040100,2012BU02096,01/24/2012,111 Colchester Ave,Burlington,NO DATA,NO DATA,NO DATA,NO DATA,FAHC Loading Dock,500,Feet,15,"8 - No Turns, Thru moves only, Broadside ^<",South,,,NO DATA,NO DATA,NO DATA,"Other Public Roadway (Rest Areas, Shopping Center",Unknown,999.99,NO DATA,GEOCODE,Property Damage Only,"(44.47969000, -73.19453928)"
10376,VT0040100,2012BU022548,09/04/2012,111 Colchester Ave,Burlington,NO DATA,NO DATA,NO DATA,NO DATA,FAHC,NO DATA,NO DATA,99,7 - Other - Explain in Narrative,NO DATA,,,NO DATA,NO DATA,NO DATA,"Other Public Roadway (Rest Areas, Shopping Center",Unknown,999.99,NO DATA,GEOCODE,Property Damage Only,"(44.47969000, -73.19453928)"
10383,VT0040100,2012BU032768,12/31/2012,111 Main St,Burlington,NO DATA,NO DATA,NO DATA,NO DATA,St Paul St,300,Feet,25,7 - Other - Explain in Narrative,East,,,NO DATA,NO DATA,NO DATA,Private Property (Driveways),Unknown,999.99,NO DATA,GEOCODE,Property Damage Only,"(44.47566109, -73.21456630)"
10384,VT0040100,2012BU031249,12/07/2012,111 Main Street,Burlington,NO DATA,NO DATA,NO DATA,NO DATA,Parking Lot,NO DATA,NO DATA,99,7 - Other - Explain in Narrative,NO DATA,,,NO DATA,NO DATA,NO DATA,"Other Public Roadway (Rest Areas, Shopping Center",Unknown,999.99,NO DATA,GEOCODE,Property Damage Only,"(44.47566109, -73.21456630)"
10385,VT0040100,2012BU030127,11/26/2012,112 Ethan Allen Parkway,Burlington,NO DATA,NO DATA,NO DATA,NO DATA,,NO DATA,NO DATA,25,6 - Single Vehicle Crash,NO DATA,,,NO DATA,NO DATA,NO DATA,Street or Town Highways in FA Urban Area,Unknown,999.99,NO DATA,GEOCODE,Property Damage Only,"(44.50669921, -73.24135081)"
10386,VT0040100,2012BU011662,05/17/2012,112 Howard St,Burlington,NO DATA,NO DATA,NO DATA,NO DATA,St Paul St,NO DATA,NO DATA,25,3 - Same Direction Sideswipe,West,,,NO DATA,NO DATA,NO DATA,Street or Town Highways in FA Urban Area,Unknown,999.99,NO DATA,GEOCODE,Property Damage Only,"(44.46742698, -73.21067151)"
10387,VT0080200,12ST00518,02/24/2012,112 Mansfield Base,Stowe,NO DATA,NO DATA,NO DATA,NO DATA,Parking Lot,NO DATA,NO DATA,99,1 - Rear End,NO DATA,,,NO DATA,NO DATA,NO DATA,"Other Public Roadway (Rest Areas, Shopping Center",Unknown,999.99,NO DATA,GEOCODE,Property Damage Only,"(44.53117523, -72.78753767)"
10388,VT0080200,12ST02553,10/07/2012,112 Mansfield Base,Stowe,NO DATA,NO DATA,NO DATA,NO DATA,112 Mansfield Base,NO DATA,NO DATA,99,NO DATA,NO DATA,,,NO DATA,NO DATA,NO DATA,"Other Public Roadway (Rest Areas, Shopping Center",Unknown,999.99,NO DATA,GEOCODE,Property Damage Only,"(44.53117523, -72.78753767)"
10389,VT0040100,2012BU00477,01/06/2012,1127 Norht Ave,Burlington,NO DATA,NO DATA,NO DATA,NO DATA,Hannaford Parking Lot,NO DATA,NO DATA,99,"8 - No Turns, Thru moves only, Broadside ^<",NO DATA,,,NO DATA,NO DATA,NO DATA,"Other Public Roadway (Rest Areas, Shopping Center",Unknown,999.99,NO DATA,GEOCODE,Property Damage Only,"(44.50650749, -73.24553637)"
10395,VT0040100,2012BU008322,04/07/2012,1127 North Ave,Burlington,NO DATA,NO DATA,NO DATA,NO DATA,North Ave,NO DATA,NO DATA,99,3 - Same Direction Sideswipe,West,,,NO DATA,NO DATA,NO DATA,"Other Public Roadway (Rest Areas, Shopping Center",Unknown,999.99,NO DATA,GEOCODE,Property Damage Only,"(44.50650749, -73.24553637)"
10396,VT0040100,2012BU012261,05/23/2012,1127 North Ave,Burlington,NO DATA,NO DATA,NO DATA,NO DATA,Hannaford Parking Lot,NO DATA,NO DATA,99,7 - Other - Explain in Narrative,NO DATA,,,NO DATA,NO DATA,NO DATA,"Other Public Roadway (Rest Areas, Shopping Center",Unknown,999.99,NO DATA,GEOCODE,Property Damage Only,"(44.50650749, -73.24553637)"
10397,VT0040100,2012BU012469,05/25/2012,1127 North Ave,Burlington,NO DATA,NO DATA,NO DATA,NO DATA,Ethan Allen Plaza Lot,200,Feet,99,5 - Rear-to-rear,West,,,NO DATA,NO DATA,NO DATA,"Other Public Roadway (Rest Areas, Shopping Center",Unknown,999.99,NO DATA,GEOCODE,Property Damage Only,"(44.50650749, -73.24553637)"
10398,VT0040100,2012BU014381,06/14/2012,1127 North Ave,Burlington,NO DATA,NO DATA,NO DATA,NO DATA,North Ave,NO DATA,NO DATA,99,7 - Other - Explain in Narrative,NO DATA,,,NO DATA,NO DATA,NO DATA,"Other Public Roadway (Rest Areas, Shopping Center",Unknown,999.99,NO DATA,GEOCODE,Property Damage Only,"(44.50650749, -73.24553637)"