ID,Reporting Agency,Report Number,Date,Street Address,Town,Number,Number1,Number2,Number3,Intersection,Distance From Intersection,Distance Unit,Posted Speed,Direction of Collision,Direction from Intersection,Easting,Northing,Mile Marker,Mile Marker 1,Mile Marker 2,AOT Roadway,AOT Route,AOT Actual Mile,LRS Number,How Mapped,Crash Type,Location 1
10551,VT0040300,12SB014448,10/27/2012,210 Hannaford Dr,South Burlington,NO DATA,NO DATA,NO DATA,NO DATA,Hannaford,0,Miles,99,5 - Rear-to-rear,West,,,NO DATA,NO DATA,NO DATA,"Other Public Roadway (Rest Areas, Shopping Center",Unknown,999.99,NO DATA,GEOCODE,Property Damage Only,"(44.44187406, -73.21408192)"
10552,VT0130200,12BB03675,05/18/2012,213 Main St,Brattleboro,NO DATA,NO DATA,NO DATA,NO DATA,Parking Lot In Back,NO DATA,NO DATA,99,NO DATA,NO DATA,,,NO DATA,NO DATA,NO DATA,"Other Public Roadway (Rest Areas, Shopping Center",Unknown,999.99,NO DATA,GEOCODE,Property Damage Only,"(42.85484872, -72.55873115)"
10553,VT0120600,12BL01268,05/26/2012,213 Paine Turnpike North,Berlin,1,NO DATA,NO DATA,NO DATA,VT RT 62 & Paine Turnpike North,750,Feet,99,7 - Other - Explain in Narrative,South,,,NO DATA,NO DATA,NO DATA,"Other Public Roadway (Rest Areas, Shopping Center",Unknown,999.99,NO DATA,GEOCODE,Property Damage Only,"(44.21354542, -72.57632214)"
10554,VT0130200,12BB07079,08/19/2012,214 Elliot St,Brattleboro,NO DATA,NO DATA,NO DATA,NO DATA,214 Elliot St,NO DATA,NO DATA,25,NO DATA,NO DATA,,,NO DATA,NO DATA,NO DATA,Street or Town Highways in FA Urban Area,Unknown,999.99,NO DATA,GEOCODE,Property Damage Only,"(42.85015049, -72.56593414)"
10561,VT0040100,2012BU002117,01/24/2012,22 Drew St,Burlington,NO DATA,NO DATA,NO DATA,NO DATA,22 Drew St,NO DATA,NO DATA,25,7 - Other - Explain in Narrative,NO DATA,,,NO DATA,NO DATA,NO DATA,Street or Town Highways in FA Urban Area,Unknown,999.99,NO DATA,GEOCODE,Property Damage Only,"(44.48505877, -73.22147826)"
10562,VT0040100,12BU016064,07/01/2012,22 Johnson St,Burlington,NO DATA,NO DATA,NO DATA,NO DATA,22 Johnson St,NO DATA,NO DATA,99,2 - Head On,NO DATA,,,NO DATA,NO DATA,NO DATA,"Other Public Roadway (Rest Areas, Shopping Center",Unknown,999.99,NO DATA,GEOCODE,Property Damage Only,"(44.48213082, -73.21599218)"
10563,VT0040100,12BU020067,08/11/2012,22 King St,Burlington,NO DATA,NO DATA,NO DATA,NO DATA,King St,NO DATA,NO DATA,25,3 - Same Direction Sideswipe,NO DATA,,,NO DATA,NO DATA,NO DATA,Street or Town Highways in FA Urban Area,Unknown,999.99,NO DATA,GEOCODE,Property Damage Only,"(44.47475069, -73.21786039)"
10564,VT0130200,12BB07791,10/12/2012,220 Old Ferry Rd,Brattleboro,NO DATA,NO DATA,NO DATA,NO DATA,Pete's Tire Barn,NO DATA,NO DATA,99,7 - Other - Explain in Narrative,NO DATA,,,NO DATA,NO DATA,NO DATA,"Other Public Roadway (Rest Areas, Shopping Center",Unknown,999.99,NO DATA,GEOCODE,Property Damage Only,"(42.89447585, -72.54384131)"
10565,VTVSP0200,12B104289,12/26/2012,2220 Hale Rd,Waterford,38,NO DATA,NO DATA,NO DATA,2220 Hale Rd,50,Feet,50,6 - Single Vehicle Crash,West,622650,222531,NO DATA,NO DATA,NO DATA,"City, Village or Urban Compact Street not in FA Ur",TOWN ROAD 0038,999.99,NO DATA,GEOCODE,Property Damage Only,"(44.37105317, -71.99140270)"
10566,VT0040100,2012BU024232,09/19/2012,223 James Ave,Burlington,NO DATA,NO DATA,NO DATA,NO DATA,223 James,1,Feet,25,3 - Same Direction Sideswipe,West,,,NO DATA,NO DATA,NO DATA,Street or Town Highways in FA Urban Area,Unknown,999.99,NO DATA,GEOCODE,Property Damage Only,"(44.51800968, -73.24896568)"
10567,VT0080200,12ST01751,07/10/2012,2251 Mountain Road,Stowe,NO DATA,NO DATA,NO DATA,NO DATA,Parking Lot,NO DATA,NO DATA,99,1 - Rear End,NO DATA,,,NO DATA,NO DATA,NO DATA,"Other Public Roadway (Rest Areas, Shopping Center",Unknown,999.99,NO DATA,GEOCODE,Property Damage Only,"(44.47642271, -72.72071963)"
10574,VT0040100,2012BU19640,08/07/2012,234 Penny Lane,Burlington,NO DATA,NO DATA,NO DATA,NO DATA,Parking Lot,50,Feet,25,"8 - No Turns, Thru moves only, Broadside ^<",West,,,NO DATA,NO DATA,NO DATA,"Other Public Roadway (Rest Areas, Shopping Center",Unknown,999.99,NO DATA,GEOCODE,Property Damage Only,"(44.48118408, -73.22382984)"
10575,VT0040100,2012BU005547,03/08/2012,234 S Champlain St,Burlington,NO DATA,NO DATA,NO DATA,NO DATA,Parking Lot,NO DATA,NO DATA,99,6 - Single Vehicle Crash,NO DATA,,,NO DATA,NO DATA,NO DATA,"Other Public Roadway (Rest Areas, Shopping Center",Unknown,999.99,NO DATA,GEOCODE,Injury,"(44.47237189, -73.21661192)"
10576,VT0040100,2012BU017272,07/13/2012,234 S Champlain St,Burlington,NO DATA,NO DATA,NO DATA,NO DATA,Pine St/maple St,200,Feet,99,"8 - No Turns, Thru moves only, Broadside ^<",North,,,NO DATA,NO DATA,NO DATA,"Other Public Roadway (Rest Areas, Shopping Center",Unknown,999.99,NO DATA,GEOCODE,Property Damage Only,"(44.47237189, -73.21661192)"
10577,VT0040100,2012BU011382,05/14/2012,234 So Champlain St,Burlington,NO DATA,NO DATA,NO DATA,NO DATA,Mapel St,700,Feet,99,"8 - No Turns, Thru moves only, Broadside ^<",South,,,NO DATA,NO DATA,NO DATA,"Other Public Roadway (Rest Areas, Shopping Center",Unknown,999.99,NO DATA,GEOCODE,Property Damage Only,"(44.47237189, -73.21661192)"
10578,VT0040100,2012BU021058,08/21/2012,235 Pine St,Burlington,NO DATA,NO DATA,NO DATA,NO DATA,Parking Lot,NO DATA,NO DATA,99,3 - Same Direction Sideswipe,NO DATA,,,NO DATA,NO DATA,NO DATA,"Other Public Roadway (Rest Areas, Shopping Center",Unknown,999.99,NO DATA,GEOCODE,Property Damage Only,"(44.47252987, -73.21563812)"
10579,VT0040100,2012BU014633,06/16/2012,236 Prospect Pkwy,Burlington,NO DATA,NO DATA,NO DATA,NO DATA,Prospect Pkwy,NO DATA,NO DATA,25,NO DATA,North,,,NO DATA,NO DATA,NO DATA,Street or Town Highways in FA Urban Area,Unknown,999.99,NO DATA,GEOCODE,Injury,"(44.45858488, -73.20126518)"
10580,VT0040100,2012BU025842,10/07/2012,239 Maple St,Burlington,NO DATA,NO DATA,NO DATA,NO DATA,Maple St,NO DATA,NO DATA,25,3 - Same Direction Sideswipe,NO DATA,,,NO DATA,NO DATA,NO DATA,Street or Town Highways in FA Urban Area,Unknown,999.99,NO DATA,GEOCODE,Property Damage Only,"(44.47367195, -73.20955676)"
10587,VT0040100,12BU031505,12/13/2012,246 Crescent Rd,Burlington,NO DATA,NO DATA,NO DATA,NO DATA,Prospect Pkwy,NO DATA,NO DATA,25,1 - Rear End,East,,,NO DATA,NO DATA,NO DATA,Street or Town Highways in FA Urban Area,Unknown,999.99,NO DATA,GEOCODE,Property Damage Only,"(44.46032412, -73.20146067)"
10588,VT0040100,2012BU009610,04/23/2012,25 Intervale Ave,Burlington,NO DATA,NO DATA,NO DATA,NO DATA,North St,200,Feet,25,NO DATA,North,,,NO DATA,NO DATA,NO DATA,Street or Town Highways in FA Urban Area,Unknown,999.99,NO DATA,GEOCODE,Injury,"(44.48559343, -73.21339955)"
10589,VT0080000,12LC02547,09/07/2012,25 Lower Main Street,Johnson,NO DATA,15,NO DATA,NO DATA,NO DATA,50,Feet,99,4 - Opp Direction Sideswipe,West,,,NO DATA,NO DATA,NO DATA,"Other Public Roadway (Rest Areas, Shopping Center",Unknown,999.99,NO DATA,GEOCODE,Property Damage Only,"(44.63307233, -72.67529393)"
10590,VT0040100,2012BU030033,11/25/2012,25 S Willard St,Burlington,NO DATA,NO DATA,NO DATA,NO DATA,S Willard St,NO DATA,NO DATA,99,7 - Other - Explain in Narrative,NO DATA,,,NO DATA,NO DATA,NO DATA,"Other Public Roadway (Rest Areas, Shopping Center",Unknown,999.99,NO DATA,GEOCODE,Property Damage Only,"(44.48666216, -73.20621024)"
10591,VT0040100,2012BU005957,03/13/2012,25 Washington St,Burlington,NO DATA,NO DATA,NO DATA,NO DATA,Convent Sq,NO DATA,NO DATA,25,NO DATA,West,,,NO DATA,NO DATA,NO DATA,Street or Town Highways in FA Urban Area,Unknown,999.99,NO DATA,GEOCODE,Property Damage Only,"(44.48818914, -73.22415569)"
10592,VT0040100,2012BU008184,04/07/2012,255 S Champlain St,Burlington,NO DATA,NO DATA,NO DATA,NO DATA,S Champlain St,NO DATA,NO DATA,99,1 - Rear End,NO DATA,,,NO DATA,NO DATA,NO DATA,Street or Town Highways in FA Urban Area,Unknown,999.99,NO DATA,GEOCODE,Property Damage Only,"(44.47253243, -73.21711146)"
10593,VT0040100,2012BU029317,11/15/2012,258 S Willard St,Burlington,NO DATA,NO DATA,NO DATA,NO DATA,Parking Lot,NO DATA,NO DATA,99,5 - Rear-to-rear,NO DATA,,,NO DATA,NO DATA,NO DATA,"Other Public Roadway (Rest Areas, Shopping Center",Unknown,999.99,NO DATA,GEOCODE,Property Damage Only,"(44.47296687, -73.20471169)"
10600,VT0010200,12-75-AC,04/28/2012,260┬á COURT ST,Middlebury,NO DATA,NO DATA,NO DATA,NO DATA,HANNAFORDS,NO DATA,NO DATA,99,NO DATA,East,,,NO DATA,NO DATA,NO DATA,"Other Public Roadway (Rest Areas, Shopping Center",Unknown,999.99,NO DATA,GEOCODE,Property Damage Only,"(44.00123887, -73.15571956)"
10601,VT0010200,12-87-AC,05/19/2012,260┬á COURT ST,Middlebury,NO DATA,NO DATA,NO DATA,NO DATA,HANNAFORDS PARKING LOT,NO DATA,NO DATA,99,NO DATA,West,,,NO DATA,NO DATA,NO DATA,"Other Public Roadway (Rest Areas, Shopping Center",Unknown,999.99,NO DATA,GEOCODE,Property Damage Only,"(44.00123887, -73.15571956)"
10602,VT0010200,12-99-AC,06/02/2012,260┬á COURT ST,Middlebury,NO DATA,NO DATA,NO DATA,NO DATA,HANNAFORDS PARKING LOT,NO DATA,NO DATA,99,NO DATA,NO DATA,,,NO DATA,NO DATA,NO DATA,"Other Public Roadway (Rest Areas, Shopping Center",Unknown,999.99,NO DATA,GEOCODE,Property Damage Only,"(44.00123887, -73.15571956)"
10603,VT0010200,12-192-AC,11/20/2012,263┬á COURT ST,Middlebury,NO DATA,NO DATA,NO DATA,NO DATA,RITE-AID,25,Feet,99,NO DATA,East,,,NO DATA,NO DATA,NO DATA,"Other Public Roadway (Rest Areas, Shopping Center",Unknown,999.99,NO DATA,GEOCODE,Property Damage Only,"(44.00347875, -73.15398612)"
10604,VT0010200,12-9-AC,01/12/2012,263┬á COURT ST,Middlebury,NO DATA,NO DATA,NO DATA,NO DATA,RITE-AID PARKING LOT,NO DATA,NO DATA,99,NO DATA,East,,,NO DATA,NO DATA,NO DATA,"Other Public Roadway (Rest Areas, Shopping Center",Unknown,999.99,NO DATA,GEOCODE,Property Damage Only,"(44.00347875, -73.15398612)"
10605,VT0040100,2012BU007325,03/27/2012,264 No Winooski Ave,Burlington,NO DATA,NO DATA,NO DATA,NO DATA,Parking Lot,NO DATA,NO DATA,99,7 - Other - Explain in Narrative,NO DATA,,,NO DATA,NO DATA,NO DATA,"Other Public Roadway (Rest Areas, Shopping Center",Unknown,999.99,NO DATA,GEOCODE,Property Damage Only,"(44.48713356, -73.20842905)"
10606,VT0040100,2012BU017559,07/16/2012,266 College St,Burlington,NO DATA,NO DATA,NO DATA,NO DATA,College St,NO DATA,NO DATA,25,5 - Rear-to-rear,NO DATA,,,NO DATA,NO DATA,NO DATA,Street or Town Highways in FA Urban Area,Unknown,999.99,NO DATA,GEOCODE,Property Damage Only,"(44.47742930, -73.20941539)"
10613,VT0040100,2012BU020337,08/14/2012,27 Fletcher Pl,Burlington,NO DATA,NO DATA,NO DATA,NO DATA,Colchester Ave,NO DATA,NO DATA,25,7 - Other - Explain in Narrative,North,,,NO DATA,NO DATA,NO DATA,Street or Town Highways in FA Urban Area,Unknown,999.99,NO DATA,GEOCODE,Property Damage Only,"(44.48181269, -73.19591592)"
10614,VT0040100,2012BU005083,03/02/2012,27 N Prospect St,Burlington,NO DATA,NO DATA,NO DATA,NO DATA,Pearl St,150,Feet,25,3 - Same Direction Sideswipe,North,,,NO DATA,NO DATA,NO DATA,Street or Town Highways in FA Urban Area,Unknown,999.99,NO DATA,GEOCODE,Property Damage Only,"(44.48722465, -73.20221965)"
10615,VT0040100,2012BU019866,08/09/2012,27 N Willard St,Burlington,NO DATA,NO DATA,NO DATA,NO DATA,Adsit Ct,300,Feet,25,NO DATA,NO DATA,,,NO DATA,NO DATA,NO DATA,"Other Public Roadway (Rest Areas, Shopping Center",Unknown,999.99,NO DATA,GEOCODE,Property Damage Only,"(44.48147786, -73.20602994)"
10616,VT0040100,2012BU013583,06/06/2012,272 Church Street,Burlington,NO DATA,NO DATA,NO DATA,NO DATA,At Converse Home Lot,NO DATA,NO DATA,99,5 - Rear-to-rear,NO DATA,,,NO DATA,NO DATA,NO DATA,"Other Public Roadway (Rest Areas, Shopping Center",Unknown,999.99,NO DATA,GEOCODE,Property Damage Only,"(44.47251848, -73.21212567)"
10617,VT0140400,12WN00342,03/27/2012,2757 Us Route 5,Windsor,NO DATA,NO DATA,NO DATA,NO DATA,Parking Lot Of Dollar General,NO DATA,NO DATA,10,NO DATA,West,,,NO DATA,NO DATA,NO DATA,"Other Public Roadway (Rest Areas, Shopping Center",Unknown,999.99,NO DATA,GEOCODE,Property Damage Only,"(43.48585844, -72.38448210)"
10618,VT0080200,12ST01245,05/18/2012,276 Mountain Road,Stowe,NO DATA,NO DATA,NO DATA,NO DATA,Parking Lot,NO DATA,NO DATA,99,NO DATA,NO DATA,,,NO DATA,NO DATA,NO DATA,"Other Public Roadway (Rest Areas, Shopping Center",Unknown,999.99,NO DATA,GEOCODE,Property Damage Only,"(44.46904624, -72.68700414)"
10619,VT0040100,2012BU009145,04/17/2012,28 Drew St,Burlington,NO DATA,NO DATA,NO DATA,NO DATA,28 Drew St,NO DATA,NO DATA,99,3 - Same Direction Sideswipe,NO DATA,,,NO DATA,NO DATA,NO DATA,Street or Town Highways in FA Urban Area,Unknown,999.99,NO DATA,GEOCODE,Property Damage Only,"(44.48524472, -73.22158994)"
10626,VT0120600,12BL02794,11/10/2012,282 Berlin Mall Road,Berlin,NO DATA,NO DATA,NO DATA,NO DATA,Walmart Parking Lot,2000,Feet,99,7 - Other - Explain in Narrative,South,,,NO DATA,NO DATA,NO DATA,"Other Public Roadway (Rest Areas, Shopping Center",Unknown,999.99,NO DATA,GEOCODE,Property Damage Only,"(44.21693864, -72.56502370)"
10627,VT0140200,12SF05332,12/27/2012,284 RIVER STREET,Springfield,NO DATA,NO DATA,NO DATA,NO DATA,PARKING LOT OF BLACK ROCK STEAK HOUSE,1,Miles,99,5 - Rear-to-rear,North,,,NO DATA,NO DATA,NO DATA,"Other Public Roadway (Rest Areas, Shopping Center",Unknown,999.99,NO DATA,GEOCODE,Property Damage Only,"(43.31174345, -72.49966239)"
10628,VT0040100,2012BU007986,04/04/2012,285 Maple St,Burlington,NO DATA,NO DATA,NO DATA,NO DATA,285 Maple St,NO DATA,NO DATA,99,"8 - No Turns, Thru moves only, Broadside ^<",NO DATA,,,NO DATA,NO DATA,NO DATA,Street or Town Highways in FA Urban Area,Unknown,999.99,NO DATA,GEOCODE,Property Damage Only,"(44.47359843, -73.20779162)"
10629,VT0040100,2012BU019650,08/07/2012,286 College Street,Burlington,NO DATA,NO DATA,NO DATA,NO DATA,College/N Union,400,Feet,25,1 - Rear End,West,,,NO DATA,NO DATA,NO DATA,Street or Town Highways in FA Urban Area,Unknown,999.99,NO DATA,GEOCODE,Property Damage Only,"(44.47761771, -73.20830063)"
10630,VT0140400,12WN00108,02/02/2012,289 COUNTY ROAD,Windsor,NO DATA,NO DATA,NO DATA,NO DATA,MT ASCUTNEY HOSPITAL,NO DATA,NO DATA,10,NO DATA,East,,,NO DATA,NO DATA,NO DATA,"Other Public Roadway (Rest Areas, Shopping Center",Unknown,999.99,NO DATA,GEOCODE,Property Damage Only,"(43.48744705, -72.40287132)"
10631,VT0140400,12WN00518,04/19/2012,289 County Road,Windsor,NO DATA,NO DATA,NO DATA,NO DATA,Mt Ascutney Hospital,NO DATA,NO DATA,10,NO DATA,North,,,NO DATA,NO DATA,NO DATA,"Other Public Roadway (Rest Areas, Shopping Center",Unknown,999.99,NO DATA,GEOCODE,Property Damage Only,"(43.48744705, -72.40287132)"
10632,VT0040100,2012BU003154,02/04/2012,294 No Winooski Ave,Burlington,NO DATA,NO DATA,NO DATA,NO DATA,Archibald St,NO DATA,NO DATA,25,7 - Other - Explain in Narrative,NO DATA,,,NO DATA,NO DATA,NO DATA,"Other Public Roadway (Rest Areas, Shopping Center",Unknown,999.99,NO DATA,GEOCODE,Property Damage Only,"(44.48780849, -73.20762159)"
10639,VT0010200,12-184-AC,10/19/2012,30┬á MAIN ST,Middlebury,NO DATA,NO DATA,NO DATA,NO DATA,PRINTERS ALLEY,50,Feet,99,NO DATA,North,,,NO DATA,NO DATA,NO DATA,"Other Public Roadway (Rest Areas, Shopping Center",Unknown,999.99,NO DATA,GEOCODE,Property Damage Only,"(44.01427508, -73.16830970)"
10640,VT0040100,2012BU00926,01/11/2012,300 Flynn Ave,Burlington,NO DATA,NO DATA,NO DATA,NO DATA,Flynn Ave,75,Miles,25,7 - Other - Explain in Narrative,NO DATA,,,NO DATA,NO DATA,NO DATA,"Other Public Roadway (Rest Areas, Shopping Center",Unknown,999.99,NO DATA,GEOCODE,Property Damage Only,"(44.45580579, -73.21519232)"
10641,VT0040100,2012BU017667,07/17/2012,300 Pearl St,Burlington,NO DATA,NO DATA,NO DATA,NO DATA,Parking Lot,NO DATA,NO DATA,99,3 - Same Direction Sideswipe,NO DATA,,,NO DATA,NO DATA,NO DATA,"Other Public Roadway (Rest Areas, Shopping Center",Unknown,999.99,NO DATA,GEOCODE,Property Damage Only,"(44.48126376, -73.20673433)"
10642,VT0040700,12SH00905,04/21/2012,3002 Shelburne Rd,Shelburne,NO DATA,7,NO DATA,NO DATA,NO DATA,NO DATA,NO DATA,99,5 - Rear-to-rear,NO DATA,,,NO DATA,NO DATA,NO DATA,"Other Public Roadway (Rest Areas, Shopping Center",Unknown,999.99,NO DATA,GEOCODE,Property Damage Only,"(44.41210307, -73.21509693)"
10643,VT0040100,2012BU007211,03/25/2012,307 Pearl St,Burlington,NO DATA,NO DATA,NO DATA,NO DATA,South Parking Lot,NO DATA,NO DATA,99,4 - Opp Direction Sideswipe,NO DATA,,,NO DATA,NO DATA,NO DATA,"Other Public Roadway (Rest Areas, Shopping Center",Unknown,999.99,NO DATA,GEOCODE,Property Damage Only,"(44.48045514, -73.20638733)"
10644,VT0040100,2012BU030125,11/26/2012,308 Maple St,Burlington,NO DATA,NO DATA,NO DATA,NO DATA,S Willard St,NO DATA,NO DATA,99,1 - Rear End,West,,,NO DATA,NO DATA,NO DATA,Street or Town Highways in FA Urban Area,Unknown,999.99,NO DATA,GEOCODE,Property Damage Only,"(44.47414571, -73.20679143)"
10645,VT0040100,2012BU028971,11/11/2012,308 Shelburne Road,Burlington,NO DATA,NO DATA,NO DATA,NO DATA,Prospect Parkway,300,Feet,25,5 - Rear-to-rear,South,,,NO DATA,NO DATA,NO DATA,"Other Public Roadway (Rest Areas, Shopping Center",Unknown,999.99,NO DATA,GEOCODE,Property Damage Only,"(44.45669872, -73.20802325)"
10652,VT0040100,2012BU011504,05/16/2012,328 North Ave,Burlington,NO DATA,NO DATA,NO DATA,NO DATA,Champlain Farms,20,Feet,99,6 - Single Vehicle Crash,East,,,NO DATA,NO DATA,NO DATA,"Other Public Roadway (Rest Areas, Shopping Center",Unknown,999.99,NO DATA,GEOCODE,Property Damage Only,"(44.49015854, -73.22652278)"
10653,VT0040100,2012BU013354,06/03/2012,328 North Ave,Burlington,NO DATA,NO DATA,NO DATA,NO DATA,Parking Lot,NO DATA,NO DATA,99,7 - Other - Explain in Narrative,NO DATA,,,NO DATA,NO DATA,NO DATA,"Other Public Roadway (Rest Areas, Shopping Center",Unknown,999.99,NO DATA,GEOCODE,Property Damage Only,"(44.49015854, -73.22652278)"
10654,VT0040100,2012BU020568,08/16/2012,33 Hilside Terr,Burlington,NO DATA,NO DATA,NO DATA,NO DATA,33,NO DATA,NO DATA,25,2 - Head On,NO DATA,,,NO DATA,NO DATA,NO DATA,Street or Town Highways in FA Urban Area,Unknown,999.99,NO DATA,GEOCODE,Property Damage Only,"(44.48698911, -73.19742901)"
10655,VT0040100,2012BU029144,11/13/2012,332 Ethan Allen Parkway,Burlington,NO DATA,NO DATA,NO DATA,NO DATA,CP Smith School,NO DATA,NO DATA,30,3 - Same Direction Sideswipe,NO DATA,,,NO DATA,NO DATA,NO DATA,"Other Public Roadway (Rest Areas, Shopping Center",Unknown,999.99,NO DATA,GEOCODE,Property Damage Only,"(44.51311091, -73.24303651)"
10656,VT0080200,12ST00486,02/19/2012,3391 Mountain Road,Stowe,NO DATA,NO DATA,NO DATA,NO DATA,Parking Lot,NO DATA,NO DATA,99,NO DATA,NO DATA,,,NO DATA,NO DATA,NO DATA,"Other Public Roadway (Rest Areas, Shopping Center",Unknown,999.99,NO DATA,GEOCODE,Property Damage Only,"(44.48925535, -72.73201877)"
10657,VT0040100,2012BU021964,08/30/2012,34 Bradley St,Burlington,NO DATA,NO DATA,NO DATA,NO DATA,Hungerford Ter,NO DATA,NO DATA,25,7 - Other - Explain in Narrative,West,,,NO DATA,NO DATA,NO DATA,Street or Town Highways in FA Urban Area,Unknown,999.99,NO DATA,GEOCODE,Property Damage Only,"(44.47854654, -73.20784142)"
10658,VT0040100,2012BU015512,06/26/2012,34 No Prospect St,Burlington,NO DATA,NO DATA,NO DATA,NO DATA,No Prospect St,NO DATA,NO DATA,25,4 - Opp Direction Sideswipe,NO DATA,,,NO DATA,NO DATA,NO DATA,Street or Town Highways in FA Urban Area,Unknown,999.99,NO DATA,GEOCODE,Property Damage Only,"(44.48178512, -73.20072251)"
10665,VT0120200,418557,02/01/2012,352 River Street,Montpelier,NO DATA,NO DATA,NO DATA,NO DATA,NO DATA,NO DATA,NO DATA,99,1 - Rear End,NO DATA,,,NO DATA,NO DATA,NO DATA,"Other Public Roadway (Rest Areas, Shopping Center",Unknown,999.99,NO DATA,GEOCODE,Property Damage Only,"(44.24018045, -72.55192429)"
10666,VT0040100,2012BU018899,07/30/2012,355 St Paul St,Burlington,NO DATA,NO DATA,NO DATA,NO DATA,St Paul St,NO DATA,NO DATA,99,4 - Opp Direction Sideswipe,NO DATA,,,NO DATA,NO DATA,NO DATA,"Other Public Roadway (Rest Areas, Shopping Center",Unknown,999.99,NO DATA,GEOCODE,Property Damage Only,"(44.46993376, -73.21247664)"
10667,VT0040100,2012BU020221,08/13/2012,359 St Paul St,Burlington,NO DATA,NO DATA,NO DATA,NO DATA,Parking Lot,NO DATA,NO DATA,99,5 - Rear-to-rear,NO DATA,,,NO DATA,NO DATA,NO DATA,"Other Public Roadway (Rest Areas, Shopping Center",Unknown,999.99,NO DATA,GEOCODE,Property Damage Only,"(44.46966058, -73.21221930)"
10668,VT0040100,2012BU028070,10/30/2012,359 St Paul St,Burlington,NO DATA,NO DATA,NO DATA,NO DATA,Parking Lot,NO DATA,NO DATA,99,7 - Other - Explain in Narrative,NO DATA,,,NO DATA,NO DATA,NO DATA,"Other Public Roadway (Rest Areas, Shopping Center",Unknown,999.99,NO DATA,GEOCODE,Property Damage Only,"(44.46966058, -73.21221930)"
10669,VT0040100,2012BU001644,01/19/2012,36 Howard St,Burlington,NO DATA,NO DATA,NO DATA,NO DATA,36 Howard St,NO DATA,NO DATA,30,3 - Same Direction Sideswipe,East,,,NO DATA,NO DATA,NO DATA,Street or Town Highways in FA Urban Area,Unknown,999.99,NO DATA,GEOCODE,Property Damage Only,"(44.46731221, -73.21361057)"
10670,VT0040100,2012BU032757,12/31/2012,36 Hyde St,Burlington,NO DATA,NO DATA,NO DATA,NO DATA,School St,50,Feet,25,7 - Other - Explain in Narrative,North,,,NO DATA,NO DATA,NO DATA,Street or Town Highways in FA Urban Area,Unknown,999.99,NO DATA,GEOCODE,Property Damage Only,"(44.48569968, -73.20763603)"
10671,VT0130200,12BB03868,05/27/2012,36 Valgar St,Brattleboro,NO DATA,NO DATA,NO DATA,NO DATA,36 Valgar St,NO DATA,NO DATA,25,NO DATA,NO DATA,,,NO DATA,NO DATA,NO DATA,Street or Town Highways in FA Urban Area,Unknown,999.99,NO DATA,GEOCODE,Property Damage Only,"(42.83950476, -72.55366519)"
10678,VT0040100,2012BU009408,04/20/2012,37 S Williams St,Burlington,NO DATA,NO DATA,NO DATA,NO DATA,Peal St,125,Feet,25,"8 - No Turns, Thru moves only, Broadside ^<",South,,,NO DATA,NO DATA,NO DATA,Street or Town Highways in FA Urban Area,Unknown,999.99,NO DATA,GEOCODE,Injury,"(44.50764758, -73.24393340)"
10679,VT0040100,2012BU012736,05/28/2012,37 S Williams St,Burlington,NO DATA,NO DATA,NO DATA,NO DATA,Parking Lot,NO DATA,NO DATA,99,7 - Other - Explain in Narrative,NO DATA,,,NO DATA,NO DATA,NO DATA,"Other Public Roadway (Rest Areas, Shopping Center",Unknown,999.99,NO DATA,GEOCODE,Property Damage Only,"(44.50764758, -73.24393340)"
10680,VT0080100,12MR00974,04/21/2012,370 Munson Ave,Morristown,NO DATA,NO DATA,NO DATA,NO DATA,Price Chopper,NO DATA,NO DATA,99,7 - Other - Explain in Narrative,NO DATA,,,NO DATA,NO DATA,NO DATA,"Other Public Roadway (Rest Areas, Shopping Center",Unknown,999.99,NO DATA,GEOCODE,Property Damage Only,"(44.57293320, -72.58945098)"
10681,VT0120500,12BT00198,01/21/2012,370 S Barre Rd,Barre Town,NO DATA,NO DATA,NO DATA,NO DATA,M&M Beverage Parkling Lot,10,Feet,99,6 - Single Vehicle Crash,East,,,NO DATA,NO DATA,NO DATA,"Other Public Roadway (Rest Areas, Shopping Center",Unknown,999.99,NO DATA,GEOCODE,Property Damage Only,"(44.17733320, -72.50424299)"
10682,VT0040300,12SB012975,09/28/2012,370 Shelburne Rd,South Burlington,NO DATA,NO DATA,NO DATA,NO DATA,Proctor Ave.,NO DATA,NO DATA,10,"8 - No Turns, Thru moves only, Broadside ^<",East,,,NO DATA,NO DATA,NO DATA,"Other Public Roadway (Rest Areas, Shopping Center",Unknown,999.99,NO DATA,GEOCODE,Property Damage Only,"(44.45492960, -73.20784093)"
10683,VT0040100,2012BU025579,10/04/2012,371 College St,Burlington,NO DATA,NO DATA,NO DATA,NO DATA,College St,NO DATA,NO DATA,25,"8 - No Turns, Thru moves only, Broadside ^<",NO DATA,,,NO DATA,NO DATA,NO DATA,Street or Town Highways in FA Urban Area,Unknown,999.99,NO DATA,GEOCODE,Injury,"(44.47730538, -73.20472282)"
10684,VT0040100,2012BU003879,02/15/2012,38 Monroe St,Burlington,NO DATA,NO DATA,NO DATA,NO DATA,38 Monroe St,NO DATA,NO DATA,99,4 - Opp Direction Sideswipe,NO DATA,,,NO DATA,NO DATA,NO DATA,Street or Town Highways in FA Urban Area,Unknown,999.99,NO DATA,GEOCODE,Property Damage Only,"(44.48157857, -73.21726127)"
10691,VT0120400,12WB00454,05/27/2012,40 Stowe Street,Waterbury,NO DATA,NO DATA,NO DATA,NO DATA,Swazey Court,10,Feet,25,NO DATA,NO DATA,,,NO DATA,NO DATA,NO DATA,"City, Village or Urban Compact Street not in FA Ur",Unknown,999.99,NO DATA,GEOCODE,Property Damage Only,"(44.33918641, -72.75473217)"
10692,VT0010200,12-138-AC,08/22/2012,40┬á COURT ST,Middlebury,NO DATA,NO DATA,7,NO DATA,SUBWAY,150,Feet,25,NO DATA,West,,,NO DATA,NO DATA,NO DATA,"Other Public Roadway (Rest Areas, Shopping Center",Unknown,999.99,NO DATA,GEOCODE,Property Damage Only,"(44.01074456, -73.16450565)"