ID,Reporting Agency,Report Number,Date,Street Address,Town,Number,Number1,Number2,Number3,Intersection,Distance From Intersection,Distance Unit,Posted Speed,Direction of Collision,Direction from Intersection,Easting,Northing,Mile Marker,Mile Marker 1,Mile Marker 2,AOT Roadway,AOT Route,AOT Actual Mile,LRS Number,How Mapped,Crash Type,Location 1
10831,VT0040100,2012BU010345,05/03/2012,67 King St,Burlington,NO DATA,NO DATA,NO DATA,NO DATA,Pine St,50,Feet,25,NO DATA,West,,,NO DATA,NO DATA,NO DATA,Street or Town Highways in FA Urban Area,Unknown,999.99,NO DATA,GEOCODE,Property Damage Only,"(44.47451878, -73.21600380)"
10832,VT0040100,2012BU018923,07/30/2012,67 King St,Burlington,NO DATA,NO DATA,NO DATA,NO DATA,King St,NO DATA,NO DATA,25,3 - Same Direction Sideswipe,NO DATA,,,NO DATA,NO DATA,NO DATA,Street or Town Highways in FA Urban Area,Unknown,999.99,NO DATA,GEOCODE,Property Damage Only,"(44.47451878, -73.21600380)"
10833,VT0040100,2012BU014428,06/14/2012,67 N Union St,Burlington,NO DATA,NO DATA,NO DATA,NO DATA,Grant St,10,Feet,25,"13 - Left Turns, Same Direction, Rear End v--v--",North,,,NO DATA,NO DATA,NO DATA,Street or Town Highways in FA Urban Area,Unknown,999.99,NO DATA,GEOCODE,Injury,"(44.48254250, -73.20967083)"
10834,VT0120200,418445,01/30/2012,670 Gould Hill Rd,Montpelier,32,NO DATA,NO DATA,NO DATA,NO DATA,NO DATA,NO DATA,35,7 - Other - Explain in Narrative,NO DATA,,,NO DATA,NO DATA,NO DATA,Street or Town Highways in FA Urban Area,Unknown,999.99,NO DATA,GEOCODE,Property Damage Only,"(44.29268099, -72.56932793)"
10835,VT0040100,2012BU31320,12/11/2012,676 Pine Street,Burlington,NO DATA,NO DATA,NO DATA,NO DATA,Parking Lot,NO DATA,NO DATA,99,1 - Rear End,NO DATA,,,NO DATA,NO DATA,NO DATA,"Other Public Roadway (Rest Areas, Shopping Center",Unknown,999.99,NO DATA,GEOCODE,Property Damage Only,"(44.46062699, -73.21414105)"
10836,VT0040100,2012BU00504,01/06/2012,69 Front St,Burlington,NO DATA,NO DATA,NO DATA,NO DATA,North St,NO DATA,NO DATA,25,6 - Single Vehicle Crash,South,,,NO DATA,NO DATA,NO DATA,Street or Town Highways in FA Urban Area,Unknown,999.99,NO DATA,GEOCODE,Property Damage Only,"(44.48398848, -73.22086344)"
10843,VT0040100,2012BU022539,08/29/2012,72 Unversity Place,Burlington,NO DATA,NO DATA,NO DATA,NO DATA,Williams Hall,NO DATA,NO DATA,30,1 - Rear End,NO DATA,,,NO DATA,NO DATA,NO DATA,Street or Town Highways in FA Urban Area,Unknown,999.99,NO DATA,GEOCODE,Property Damage Only,"(44.47859641, -73.19890205)"
10844,VT0080200,12ST00799,03/25/2012,7231 Mountain Road,Stowe,NO DATA,NO DATA,NO DATA,NO DATA,Parking Lot Midway Lodge,NO DATA,NO DATA,99,NO DATA,NO DATA,,,NO DATA,NO DATA,NO DATA,"Other Public Roadway (Rest Areas, Shopping Center",Unknown,999.99,NO DATA,GEOCODE,Property Damage Only,"(44.52690576, -72.77964835)"
10845,VT0040100,2012BU031776,12/17/2012,73 Birch Cliff Pky,Burlington,NO DATA,NO DATA,NO DATA,NO DATA,Cherry Lane,NO DATA,NO DATA,25,2 - Head On,NO DATA,,,NO DATA,NO DATA,NO DATA,Street or Town Highways in FA Urban Area,Unknown,999.99,NO DATA,GEOCODE,Property Damage Only,"(44.45860161, -73.21200525)"
10846,VT0010200,12-53-AC,03/21/2012,73┬á CHARLES AVE,Middlebury,NO DATA,NO DATA,NO DATA,NO DATA,MIDDLEBURY UNION HIGH SCHOOL,12,Feet,10,NO DATA,West,,,NO DATA,NO DATA,NO DATA,"Other Public Roadway (Rest Areas, Shopping Center",Unknown,999.99,NO DATA,GEOCODE,Property Damage Only,"(44.00670303, -73.16313791)"
10847,VT0040100,2012BU018357,07/24/2012,74 Maple St,Burlington,NO DATA,NO DATA,NO DATA,NO DATA,S Champlain St,30,Feet,25,1 - Rear End,East,,,NO DATA,NO DATA,NO DATA,Street or Town Highways in FA Urban Area,Unknown,999.99,NO DATA,GEOCODE,Property Damage Only,"(44.47369168, -73.21676699)"
10848,VT0080100,12MR02861,10/26/2012,74 Morrisville Plaza,Morristown,NO DATA,NO DATA,NO DATA,NO DATA,Munson Ave.,100,Feet,25,6 - Single Vehicle Crash,NO DATA,,,NO DATA,NO DATA,NO DATA,"Other Public Roadway (Rest Areas, Shopping Center",Unknown,999.99,NO DATA,GEOCODE,Property Damage Only,"(44.57372422, -72.59208037)"
10849,VT0040100,2012BU020145,08/12/2012,740 North Ave,Burlington,NO DATA,NO DATA,NO DATA,NO DATA,Driveway,NO DATA,NO DATA,99,"8 - No Turns, Thru moves only, Broadside ^<",NO DATA,,,NO DATA,NO DATA,NO DATA,Private Property (Driveways),Unknown,999.99,NO DATA,GEOCODE,Injury,"(44.49989270, -73.23485402)"
10856,VT0040100,2012BU028540,11/05/2012,75 Maple Street,Burlington,NO DATA,NO DATA,NO DATA,NO DATA,Rear Of 75 Maple Street,75,Feet,99,5 - Rear-to-rear,South,,,NO DATA,NO DATA,NO DATA,"Other Public Roadway (Rest Areas, Shopping Center",Unknown,999.99,NO DATA,GEOCODE,Property Damage Only,"(44.47339819, -73.21668809)"
10857,VT0040100,2012BU027443,10/24/2012,750 Pine Street,Burlington,NO DATA,NO DATA,NO DATA,NO DATA,Parking Lot,NO DATA,NO DATA,99,5 - Rear-to-rear,NO DATA,,,NO DATA,NO DATA,NO DATA,"Other Public Roadway (Rest Areas, Shopping Center",Unknown,999.99,NO DATA,GEOCODE,Property Damage Only,"(44.45879603, -73.21387336)"
10858,VT0080200,12ST02896,11/19/2012,751 Maple Street,Stowe,NO DATA,NO DATA,NO DATA,NO DATA,Parking Lot Crash,NO DATA,NO DATA,40,5 - Rear-to-rear,NO DATA,,,NO DATA,NO DATA,NO DATA,"Other Public Roadway (Rest Areas, Shopping Center",Unknown,999.99,NO DATA,GEOCODE,Property Damage Only,"(44.47166961, -72.67401246)"
10859,VT0040100,2012BU014195,06/12/2012,76 Front St,Burlington,NO DATA,NO DATA,NO DATA,NO DATA,Parking Lot On East Side,NO DATA,NO DATA,99,3 - Same Direction Sideswipe,South,,,NO DATA,NO DATA,NO DATA,"Other Public Roadway (Rest Areas, Shopping Center",Unknown,999.99,NO DATA,GEOCODE,Property Damage Only,"(44.48413104, -73.22041405)"
10860,VT0040100,2012BU024064,09/17/2012,76 Greene,Burlington,NO DATA,NO DATA,NO DATA,NO DATA,Loomis,50,Feet,25,5 - Rear-to-rear,South,,,NO DATA,NO DATA,NO DATA,"Other Public Roadway (Rest Areas, Shopping Center",Unknown,999.99,NO DATA,GEOCODE,Property Damage Only,"(44.48284946, -73.20753288)"
10861,VT0040300,12SB01399,02/21/2012,760 Shelburne Road,South Burlington,NO DATA,NO DATA,NO DATA,NO DATA,Swift Street,25,Feet,99,7 - Other - Explain in Narrative,NO DATA,,,NO DATA,NO DATA,NO DATA,"Other Public Roadway (Rest Areas, Shopping Center",Unknown,999.99,NO DATA,GEOCODE,Property Damage Only,"(44.44557769, -73.20898005)"
10862,VT0130200,12BB06132,08/10/2012,77 Flat St,Brattleboro,NO DATA,NO DATA,NO DATA,NO DATA,Transportation Center,NO DATA,NO DATA,99,NO DATA,NO DATA,,,NO DATA,NO DATA,NO DATA,"Other Public Roadway (Rest Areas, Shopping Center",Unknown,999.99,NO DATA,GEOCODE,Property Damage Only,"(42.85132547, -72.55993353)"
10869,VT0120500,12BT01931,07/16/2012,80 Osborne Rd,Barre Town,NO DATA,NO DATA,NO DATA,NO DATA,Balsam Dr,0,Miles,40,6 - Single Vehicle Crash,East,,,NO DATA,NO DATA,NO DATA,"City, Village or Urban Compact Street not in FA Ur",TOWN ROAD 0028,999.99,NO DATA,GEOCODE,Property Damage Only,"(44.19613779, -72.46936917)"
10870,VT0130200,12BB01323,02/21/2012,801 Putney Rd,Brattleboro,NO DATA,NO DATA,5,NO DATA,Enterprise Parking Lot,NO DATA,NO DATA,99,NO DATA,NO DATA,,,NO DATA,NO DATA,NO DATA,"Other Public Roadway (Rest Areas, Shopping Center",Unknown,999.99,NO DATA,GEOCODE,Property Damage Only,"(42.87615873, -72.55977114)"
10871,VT0040300,12SB013375,10/06/2012,801 Williston Rd.,South Burlington,NO DATA,NO DATA,NO DATA,NO DATA,"Spillane's Gas Station, East Ave.",NO DATA,NO DATA,30,"8 - No Turns, Thru moves only, Broadside ^<",NO DATA,,,NO DATA,NO DATA,NO DATA,"Other Public Roadway (Rest Areas, Shopping Center",Unknown,999.99,NO DATA,GEOCODE,Property Damage Only,"(44.47184660, -73.18995742)"
10872,VT0140300,12HF00827,03/17/2012,812 V. A. Cutoff Road,Hartford,NO DATA,NO DATA,NO DATA,NO DATA,Hartford Police Department Parking Lot,NO DATA,NO DATA,10,"8 - No Turns, Thru moves only, Broadside ^<",NO DATA,,,NO DATA,NO DATA,NO DATA,"Other Public Roadway (Rest Areas, Shopping Center",Unknown,999.99,NO DATA,GEOCODE,Property Damage Only,"(43.65300719, -72.34546967)"
10873,VT0040100,12BU19032,07/31/2012,82 S Winooski Ave,Burlington,NO DATA,NO DATA,NO DATA,NO DATA,City Market Parking Lot,NO DATA,NO DATA,99,7 - Other - Explain in Narrative,East,,,NO DATA,NO DATA,NO DATA,"Other Public Roadway (Rest Areas, Shopping Center",Unknown,999.99,NO DATA,GEOCODE,Property Damage Only,"(44.47815597, -73.21078058)"
10874,VT0040100,2012BU004001,02/16/2012,82 S Winooski Ave,Burlington,NO DATA,NO DATA,NO DATA,NO DATA,82 S Winooski Ave,NO DATA,NO DATA,25,6 - Single Vehicle Crash,NO DATA,,,NO DATA,NO DATA,NO DATA,"Other Public Roadway (Rest Areas, Shopping Center",Unknown,999.99,NO DATA,GEOCODE,Injury,"(44.47815597, -73.21078058)"
10881,VT0040100,2012BU013056,05/31/2012,86 St Paul St,Burlington,NO DATA,NO DATA,NO DATA,NO DATA,Address,NO DATA,NO DATA,30,3 - Same Direction Sideswipe,NO DATA,,,NO DATA,NO DATA,NO DATA,Street or Town Highways in FA Urban Area,Unknown,999.99,NO DATA,GEOCODE,Property Damage Only,"(44.47739600, -73.21387645)"
10882,VT0040100,2012BU017262,07/13/2012,86 St Paul St,Burlington,NO DATA,NO DATA,NO DATA,NO DATA,St Paul St,NO DATA,NO DATA,99,7 - Other - Explain in Narrative,NO DATA,,,NO DATA,NO DATA,NO DATA,Street or Town Highways in FA Urban Area,Unknown,999.99,NO DATA,GEOCODE,Property Damage Only,"(44.47739600, -73.21387645)"
10883,VT0040300,12SB07735,06/25/2012,861 Williston Road,South Burlington,NO DATA,NO DATA,NO DATA,NO DATA,Staples Plaza,NO DATA,NO DATA,99,7 - Other - Explain in Narrative,NO DATA,,,NO DATA,NO DATA,NO DATA,"Other Public Roadway (Rest Areas, Shopping Center",Unknown,999.99,NO DATA,GEOCODE,Property Damage Only,"(44.47022992, -73.18771595)"
10884,VT0040100,2012BU027092,10/20/2012,861 Williston Road,South Burlington,NO DATA,NO DATA,NO DATA,NO DATA,N/A,NO DATA,NO DATA,35,7 - Other - Explain in Narrative,NO DATA,,,NO DATA,NO DATA,NO DATA,"Other Public Roadway (Rest Areas, Shopping Center",Unknown,999.99,NO DATA,GEOCODE,Property Damage Only,"(44.47022992, -73.18771595)"
10885,VT0041000,12WT01388,05/05/2012,863 Harvest Lane,Williston,NO DATA,NO DATA,NO DATA,NO DATA,Walmart Parking Lot,NO DATA,NO DATA,99,NO DATA,NO DATA,,,NO DATA,NO DATA,NO DATA,"Other Public Roadway (Rest Areas, Shopping Center",Unknown,999.99,NO DATA,GEOCODE,Property Damage Only,"(44.44164411, -73.12214799)"
10886,VT0010200,12-35-AC,02/06/2012,869┬á EXCHANGE ST,Middlebury,NO DATA,NO DATA,NO DATA,NO DATA,EXCHANGE ST,25,Miles,40,NO DATA,North,,,NO DATA,NO DATA,NO DATA,Street or Town Highways in FA Urban Area,Unknown,999.99,NO DATA,GEOCODE,Property Damage Only,"(44.03145415, -73.17260291)"
10887,VT0040100,2012BU014890,06/19/2012,87 Hungerford Terr,Burlington,NO DATA,NO DATA,NO DATA,NO DATA,College St,60,Feet,25,3 - Same Direction Sideswipe,North,,,NO DATA,NO DATA,NO DATA,Street or Town Highways in FA Urban Area,Unknown,999.99,NO DATA,GEOCODE,Property Damage Only,"(44.47789443, -73.20734038)"
10894,VT0130200,12BB07207,09/16/2012,896 Putney Rd,Brattleboro,NO DATA,NO DATA,NO DATA,NO DATA,Hannafords,NO DATA,NO DATA,99,NO DATA,NO DATA,,,NO DATA,NO DATA,NO DATA,"Other Public Roadway (Rest Areas, Shopping Center",Unknown,999.99,NO DATA,GEOCODE,Property Damage Only,"(42.87945198, -72.56115579)"
10895,VT0130200,12BB07798,10/12/2012,896 Putney Rd,Brattleboro,NO DATA,NO DATA,NO DATA,NO DATA,Hannafords Parking Lot,NO DATA,NO DATA,99,7 - Other - Explain in Narrative,NO DATA,,,NO DATA,NO DATA,NO DATA,"Other Public Roadway (Rest Areas, Shopping Center",Unknown,999.99,NO DATA,GEOCODE,Property Damage Only,"(42.87945198, -72.56115579)"
10896,VT0130200,12BB08035,10/21/2012,896 Putney Rd,Brattleboro,NO DATA,NO DATA,NO DATA,NO DATA,Hannafords Parking Lot,NO DATA,NO DATA,99,NO DATA,NO DATA,,,NO DATA,NO DATA,NO DATA,"Other Public Roadway (Rest Areas, Shopping Center",Unknown,999.99,NO DATA,GEOCODE,Property Damage Only,"(42.87945198, -72.56115579)"
10897,VT0130200,12BB09169,12/03/2012,896 Putney Rd,Brattleboro,NO DATA,NO DATA,NO DATA,NO DATA,Hannafords Lot,NO DATA,NO DATA,99,NO DATA,NO DATA,,,NO DATA,NO DATA,NO DATA,"Other Public Roadway (Rest Areas, Shopping Center",Unknown,999.99,NO DATA,GEOCODE,Property Damage Only,"(42.87945198, -72.56115579)"
10898,VT0110200,12RL04337,05/16/2012,9 Royce Street,Rutland City,NO DATA,NO DATA,NO DATA,NO DATA,10 Royce Street,NO DATA,NO DATA,30,4 - Opp Direction Sideswipe,West,431960,122582,NO DATA,NO DATA,NO DATA,Private Property (Driveways),Unknown,999.99,NO DATA,GEOCODE,Property Damage Only,"(43.60270432, -72.97226081)"
10899,VT0040100,2012BU023276,09/11/2012,9 Spring Street,Burlington,NO DATA,NO DATA,NO DATA,NO DATA,Intervale Avenue,200,Feet,25,7 - Other - Explain in Narrative,West,,,NO DATA,NO DATA,NO DATA,Street or Town Highways in FA Urban Area,Unknown,999.99,NO DATA,GEOCODE,Property Damage Only,"(44.48643528, -73.21297651)"
10900,VT0140400,12WN00064,01/19/2012,9 Union Street,Windsor,NO DATA,NO DATA,NO DATA,NO DATA,Parking Lot At 9 Union Street,NO DATA,NO DATA,10,NO DATA,East,,,NO DATA,NO DATA,NO DATA,"Other Public Roadway (Rest Areas, Shopping Center",Unknown,999.99,NO DATA,GEOCODE,Property Damage Only,"(43.47561387, -72.38951986)"
10907,VT0040100,2012BU027915,10/29/2012,98 South Willard Street,Burlington,NO DATA,NO DATA,NO DATA,NO DATA,College Street,NO DATA,NO DATA,99,7 - Other - Explain in Narrative,NO DATA,,,NO DATA,NO DATA,NO DATA,"Other Public Roadway (Rest Areas, Shopping Center",Unknown,999.99,NO DATA,GEOCODE,Property Damage Only,"(44.47791766, -73.20537679)"
10908,VT0040100,2012BU007019,03/23/2012,98 Starr Farm Rd,Burlington,NO DATA,NO DATA,NO DATA,NO DATA,Parking Lot,NO DATA,NO DATA,99,"8 - No Turns, Thru moves only, Broadside ^<",NO DATA,,,NO DATA,NO DATA,NO DATA,"Other Public Roadway (Rest Areas, Shopping Center",Unknown,999.99,NO DATA,GEOCODE,Property Damage Only,"(44.51725069, -73.26408161)"
10909,VT0040100,2012BU007579,03/30/2012,98 Starr Farm Rd,Burlington,NO DATA,NO DATA,NO DATA,NO DATA,North Ave,0,Miles,25,7 - Other - Explain in Narrative,West,,,NO DATA,NO DATA,NO DATA,"Other Public Roadway (Rest Areas, Shopping Center",Unknown,999.99,NO DATA,GEOCODE,Property Damage Only,"(44.51725069, -73.26408161)"
10910,VT0041100,12UV00002115,05/09/2012,98 University Rd,Burlington,NO DATA,NO DATA,NO DATA,NO DATA,Centennial Field,NO DATA,NO DATA,30,7 - Other - Explain in Narrative,North,,,NO DATA,NO DATA,NO DATA,"Other Public Roadway (Rest Areas, Shopping Center",Unknown,999.99,NO DATA,GEOCODE,Property Damage Only,"(44.48082582, -73.18838061)"
10911,VT0040100,2012BU000487,01/06/2012,99 King St,Burlington,NO DATA,NO DATA,NO DATA,NO DATA,St Paul St/King St,100,Feet,25,7 - Other - Explain in Narrative,West,,,NO DATA,NO DATA,NO DATA,Street or Town Highways in FA Urban Area,Unknown,999.99,NO DATA,GEOCODE,Property Damage Only,"(44.47459787, -73.21461006)"
10912,VT0070000,12GIC0416,03/23/2012,193 US Route 2,Grand Isle,NO DATA,NO DATA,2,NO DATA,,NO DATA,NO DATA,99,6 - Single Vehicle Crash,NO DATA,,,NO DATA,NO DATA,NO DATA,"Other Public Roadway (Rest Areas, Shopping Center",Unknown,999.99,NO DATA,GEOCODE,Property Damage Only,"(44.72040462, -73.29480016)"
10913,VT0130600,12VN01137,12/25/2012,234 Tyler Hill Road,Vernon,NO DATA,NO DATA,NO DATA,NO DATA,Fort Bridgman Road,1,Miles,35,NO DATA,West,,,NO DATA,NO DATA,NO DATA,Minor Collector - Non Fed Aid Rural TH,MinCollector,999.99,NO DATA,GEOCODE,Property Damage Only,"(42.78474713, -72.53543196)"
10920,VT0120500,12BT00183,01/20/2012,70 Websterville Rd,Barre Town,2,NO DATA,NO DATA,NO DATA,Websterville Rd,9,Feet,99,1 - Rear End,South,,,NO DATA,NO DATA,NO DATA,"City, Village or Urban Compact Street not in FA Ur",TOWN ROAD 0002,999.99,NO DATA,GEOCODE,Property Damage Only,"(44.16812185, -72.47875018)"
10921,VT0050000,12EXC0006,01/18/2012,223 Tobyne Rd,Lunenburg,NO DATA,NO DATA,NO DATA,NO DATA,Macie's Sugar House N44467778┬á W71687222,5,Miles,35,6 - Single Vehicle Crash,North,,,NO DATA,NO DATA,NO DATA,"City, Village or Urban Compact Street not in FA Ur",TOWN ROAD 0021,999.99,NO DATA,GEOCODE,Property Damage Only,"(44.46867026, -71.74257947)"
10922,VTVSP0900,12C303918,12/29/2012,1773 Nichols Hill Road,Dorset,24,NO DATA,NO DATA,NO DATA,Dorset West Road,0,Miles,25,6 - Single Vehicle Crash,West,,,NO DATA,NO DATA,NO DATA,"City, Village or Urban Compact Street not in FA Ur",TOWN ROAD 0024,999.99,NO DATA,GEOCODE,Property Damage Only,"(43.23640177, -73.10438668)"
10923,VT0070000,12GIC0867,06/25/2012,41 Lake St,Alburgh,NO DATA,NO DATA,NO DATA,NO DATA,Lake St,100,Feet,99,2 - Head On,South,,,NO DATA,NO DATA,NO DATA,"City, Village or Urban Compact Street not in FA Ur",TOWN ROAD 0024,999.99,NO DATA,GEOCODE,Property Damage Only,"(44.97459554, -73.30917506)"
10924,VT0080000,12LC00054,01/07/2012,3014 North Hyde Park Rd,Hyde Park,NO DATA,NO DATA,NO DATA,NO DATA,NO DATA,50,NO DATA,50,6 - Single Vehicle Crash,NO DATA,,,NO DATA,NO DATA,NO DATA,"City, Village or Urban Compact Street not in FA Ur",TOWN ROAD 0003,999.99,NO DATA,GEOCODE,Injury,"(44.66081691, -72.57622762)"
10925,VTVSP0600,12C202533,08/18/2012,626 Swamp Road,Cornwall,NO DATA,3,NO DATA,NO DATA,VT RT 30,1,Miles,35,NO DATA,East,,,NO DATA,NO DATA,NO DATA,"City, Village or Urban Compact Street not in FA Ur",TOWN ROAD 0003,999.99,NO DATA,GEOCODE,Property Damage Only,"(43.91586712, -73.19721998)"
10926,VT0110100,12BD00157,01/20/2012,1198 Country Club Road,Brandon,NO DATA,NO DATA,NO DATA,NO DATA,Franklin Street,1,Miles,35,6 - Single Vehicle Crash,East,,,NO DATA,NO DATA,NO DATA,"City, Village or Urban Compact Street not in FA Ur",TOWN ROAD 0031,999.99,NO DATA,GEOCODE,Property Damage Only,"(43.79551821, -73.06818521)"
10933,VT0120500,12BT03377,12/23/2012,77 Richardson Rd,Barre Town,NO DATA,NO DATA,NO DATA,NO DATA,Grandview Dr,444,Feet,25,6 - Single Vehicle Crash,West,,,NO DATA,NO DATA,NO DATA,"City, Village or Urban Compact Street not in FA Ur",TOWN ROAD 0043,999.99,NO DATA,GEOCODE,Injury,"(44.21550116, -72.52013521)"
10934,VT0080000,12LC01591,06/10/2012,1508 River Road East,Johnson,NO DATA,NO DATA,NO DATA,NO DATA,Waterman Road,500,Feet,35,7 - Other - Explain in Narrative,East,501997,23396,NO DATA,NO DATA,NO DATA,"City, Village or Urban Compact Street not in FA Ur",TOWN ROAD 0045,999.99,NO DATA,GEOCODE,Property Damage Only,"(44.61627195, -72.66943395)"
10935,VT0070000,12GIC0698,05/28/2012,131 Adams School Rd,Grand Isle,NO DATA,NO DATA,NO DATA,NO DATA,Moccasin Ave,NO DATA,NO DATA,35,2 - Head On,East,,,NO DATA,NO DATA,NO DATA,"City, Village or Urban Compact Street not in FA Ur",TOWN ROAD 0005,999.99,NO DATA,GEOCODE,Property Damage Only,"(44.73303796, -73.32540076)"
10936,VT0140400,12WN00206,02/26/2012,1340 Hunt Road,Windsor,NO DATA,NO DATA,NO DATA,NO DATA,Marton Road,0,Miles,35,NO DATA,East,,,NO DATA,NO DATA,NO DATA,"City, Village or Urban Compact Street not in FA Ur",TOWN ROAD 0005,999.99,NO DATA,GEOCODE,Property Damage Only,"(43.48752368, -72.42498005)"
10937,VT0070000,12GIC0309,03/01/2012,43 Adam School Rd,Grand Isle,NO DATA,NO DATA,NO DATA,NO DATA,Pole # 76c13,1,Miles,40,6 - Single Vehicle Crash,South,,,NO DATA,NO DATA,NO DATA,"City, Village or Urban Compact Street not in FA Ur",TOWN ROAD 0005,999.99,NO DATA,GEOCODE,Property Damage Only,"(44.70953902, -73.32793170)"
10938,VT0040700,12SH01712,07/17/2012,5476 Dorset St,Shelburne,NO DATA,NO DATA,NO DATA,NO DATA,Bishop Rd,1,Miles,40,2 - Head On,North,,,NO DATA,NO DATA,NO DATA,Street or Town Highways in FA Urban Area,Unknown,999.99,NO DATA,GEOCODE,Injury,"(44.39112986, -73.17675158)"
10939,VT0040600,12MT03729,09/14/2012,101 W Milton Road #36,Milton,NO DATA,NO DATA,NO DATA,NO DATA,W. Milton Road,NO DATA,NO DATA,35,5 - Rear-to-rear,East,,,NO DATA,NO DATA,NO DATA,"City, Village or Urban Compact Street not in FA Ur",TOWN ROAD 0006,999.99,NO DATA,GEOCODE,Property Damage Only,"(44.63718016, -73.15135394)"
10958,VT0041100,12UV002683,06/18/2012,147 Spear St.,Burlington,NO DATA,NO DATA,NO DATA,NO DATA,Davis Rd. Gutterson 2nd level,NO DATA,NO DATA,99,"20 - Right Turn and Thru, Angle Broadside -->^--",West,,,NO DATA,NO DATA,NO DATA,"Other Public Roadway (Rest Areas, Shopping Center",Unknown,999.99,NO DATA,GEOCODE,Property Damage Only,"(44.47093200, -73.19220502)"
10959,VT0041100,12UV04504,10/22/2012,147 Spear St.,South Burlington,NO DATA,NO DATA,NO DATA,NO DATA,"Gutterson Garage,in parking garage",NO DATA,NO DATA,99,7 - Other - Explain in Narrative,NO DATA,,,NO DATA,NO DATA,NO DATA,"Other Public Roadway (Rest Areas, Shopping Center",Unknown,999.99,NO DATA,GEOCODE,Unknown,"(44.47093200, -73.19220502)"
10960,VT0041100,12UV001868,04/24/2012,19 Gregory Dr.,South Burlington,NO DATA,NO DATA,NO DATA,NO DATA,Bay #3,NO DATA,NO DATA,99,6 - Single Vehicle Crash,West,,,NO DATA,NO DATA,NO DATA,"Other Public Roadway (Rest Areas, Shopping Center",Unknown,999.99,NO DATA,GEOCODE,Property Damage Only,"(44.45506750, -73.14172879)"
10961,VT0041100,12-00665,02/06/2012,230 Colchester Ave.,Burlington,NO DATA,NO DATA,NO DATA,NO DATA,Colchester Ave.,150,Feet,99,5 - Rear-to-rear,North,,,NO DATA,NO DATA,NO DATA,"Other Public Roadway (Rest Areas, Shopping Center",Unknown,999.99,NO DATA,GEOCODE,Property Damage Only,"(44.48083616, -73.19610496)"
10962,VT0041100,12UV001086,03/01/2012,230 Colchester Ave.,Burlington,NO DATA,NO DATA,NO DATA,NO DATA,,300,Feet,99,4 - Opp Direction Sideswipe,North,,,NO DATA,NO DATA,NO DATA,"Other Public Roadway (Rest Areas, Shopping Center",Unknown,999.99,NO DATA,GEOCODE,Property Damage Only,"(44.48083616, -73.19610496)"
10963,VT0041100,12UV04517,10/23/2012,26 University Pl.,Burlington,NO DATA,NO DATA,NO DATA,NO DATA,In parking lot,NO DATA,NO DATA,99,7 - Other - Explain in Narrative,NO DATA,,,NO DATA,NO DATA,NO DATA,"Other Public Roadway (Rest Areas, Shopping Center",Unknown,999.99,NO DATA,GEOCODE,Property Damage Only,"(44.47982470, -73.19910918)"
10964,VT0010200,12-152-AC,09/07/2012,260 Court St.,Middlebury,NO DATA,NO DATA,NO DATA,NO DATA,NO DATA,400,Feet,99,NO DATA,NO DATA,,,NO DATA,NO DATA,NO DATA,"Other Public Roadway (Rest Areas, Shopping Center",Unknown,999.99,NO DATA,GEOCODE,Property Damage Only,"(44.00123887, -73.15571956)"
10971,VT0041100,2012-4739,11/08/2012,489 Main St.,Burlington,NO DATA,NO DATA,NO DATA,NO DATA,Pomeroy Hall Pk. Lt.,NO DATA,NO DATA,99,3 - Same Direction Sideswipe,NO DATA,,,NO DATA,NO DATA,NO DATA,"Other Public Roadway (Rest Areas, Shopping Center",Unknown,999.99,NO DATA,GEOCODE,Property Damage Only,"(44.47617347, -73.19933845)"
10972,VT0041100,12UV003385,08/22/2012,489-491 Main St.,Burlington,NO DATA,NO DATA,NO DATA,NO DATA,Pomeroy Pk. Lt. Int. of S. Prospect/Main,500,Feet,99,7 - Other - Explain in Narrative,East,,,NO DATA,NO DATA,NO DATA,"Other Public Roadway (Rest Areas, Shopping Center",Unknown,999.99,NO DATA,GEOCODE,Property Damage Only,"(44.47599585, -73.20943481)"
10973,VT0041000,12WT03742,10/22/2012,500 Essex Rd.,Williston,NO DATA,NO DATA,NO DATA,NO DATA,Parking Lot,NO DATA,NO DATA,99,NO DATA,NO DATA,,,NO DATA,NO DATA,NO DATA,"Other Public Roadway (Rest Areas, Shopping Center",Unknown,999.99,NO DATA,GEOCODE,Unknown,"(44.47516767, -73.11380907)"
10974,VT0041100,12UV05111,12/03/2012,500 S. Prospect St.,Burlington,NO DATA,NO DATA,NO DATA,NO DATA,In Parking Lot,NO DATA,NO DATA,99,7 - Other - Explain in Narrative,NO DATA,,,NO DATA,NO DATA,NO DATA,"Other Public Roadway (Rest Areas, Shopping Center",Unknown,999.99,NO DATA,GEOCODE,Property Damage Only,"(44.46607422, -73.20088438)"
10975,VT0041100,12UV0004593,10/23/2012,63 Carrigan Dr.,Burlington,NO DATA,NO DATA,NO DATA,NO DATA,Carrigan St.,100,Feet,99,"8 - No Turns, Thru moves only, Broadside ^<",South,,,NO DATA,NO DATA,NO DATA,"Other Public Roadway (Rest Areas, Shopping Center",Unknown,999.99,NO DATA,GEOCODE,Injury,"(44.47544695, -73.19343926)"
10976,VT0041100,12UV003349,08/18/2012,63 Carrigan Dr.,Burlington,NO DATA,NO DATA,NO DATA,NO DATA,UVM Jeffords Hall Pk. Lt.,NO DATA,NO DATA,99,7 - Other - Explain in Narrative,NO DATA,,,NO DATA,NO DATA,NO DATA,"Other Public Roadway (Rest Areas, Shopping Center",Unknown,999.99,NO DATA,GEOCODE,Property Damage Only,"(44.47544695, -73.19343926)"
10977,VT0041100,12UV03299,08/15/2012,63 Carrigan Dr.,Burlington,NO DATA,NO DATA,NO DATA,NO DATA,Jeffords Parking Lot,NO DATA,NO DATA,99,NO DATA,NO DATA,,,NO DATA,NO DATA,NO DATA,"Other Public Roadway (Rest Areas, Shopping Center",Unknown,999.99,NO DATA,GEOCODE,Property Damage Only,"(44.47544695, -73.19343926)"